snapshot_id,pipeline,version_collecte,fenetre_debut,fenetre_fin,annonce_id,url,modele,annee,type_connexion,segment,source_taxonomie,energie,reservation_instantanee,prix_jour,prix_heure,note,nb_avis,commune_recherche,commune_annonce,communes_recherche,nb_communes_matchees,rang_resultat,livraison_disponible,mon_vehicule,compte_proprietaire,distance_recherche,nb_resultats_total,nb_clics_pagination
20260805T190259,A2,v3.4-search-json,2026-08-06T09:00,2026-08-06T20:00,1832158,https://fr.getaround.com/location-voiture/puteaux/renault-clio-1832158,Renault Clio (2015),2015,Getaround Connect,CITADINE,SEGMENT_RULES,THERMIQUE,True,64.0,,3.5,2,Puteaux,Puteaux,Puteaux|Asnières-sur-Seine|Paris 17e,3,2,False,True,C3,400,424,1
20260805T190259,A2,v3.4-search-json,2026-08-06T09:00,2026-08-06T20:00,1832157,https://fr.getaround.com/location-voiture/puteaux/renault-clio-1832157,Renault Clio (2019),2019,Getaround Connect,CITADINE,SEGMENT_RULES,THERMIQUE,True,72.0,,4.0,1,Puteaux,Puteaux,Puteaux|Asnières-sur-Seine|Paris 17e,3,4,False,True,C3,400,424,1
20260805T190259,A2,v3.4-search-json,2026-08-06T09:00,2026-08-06T20:00,1832159,https://fr.getaround.com/location-voiture/puteaux/toyota-aygo-ii-1832159,Toyota Aygo II (2021),2021,Getaround Connect,MICRO_CITADINE,SEGMENT_RULES,THERMIQUE,True,67.0,,4.0,2,Puteaux,Puteaux,Puteaux|Asnières-sur-Seine|Paris 17e,3,5,False,True,C3,400,424,1
20260805T190259,A2,v3.4-search-json,2026-08-06T09:00,2026-08-06T20:00,1743643,https://fr.getaround.com/location-voiture/puteaux/renault-clio-1743643,Renault Clio (2015),2015,Getaround Connect,CITADINE,SEGMENT_RULES,THERMIQUE,True,69.0,,5.0,3,Puteaux,Puteaux,Puteaux|Asnières-sur-Seine|Paris 17e,3,6,False,True,C3,480,424,1
20260805T190259,A2,v3.4-search-json,2026-08-06T09:00,2026-08-06T20:00,1719415,https://fr.getaround.com/location-voiture/puteaux/volkswagen-polo-1719415,Volkswagen Polo (2014),2014,Sur rendez-vous,CITADINE,SEGMENT_RULES,THERMIQUE,True,70.0,,4.44,9,Puteaux,Puteaux,Puteaux|Asnières-sur-Seine|Paris 17e,3,7,False,True,C3,400,424,1
20260805T190259,A2,v3.4-search-json,2026-08-06T09:00,2026-08-06T20:00,1701291,https://fr.getaround.com/location-voiture/puteaux/volkswagen-golf-1701291,Volkswagen Golf (2012),2012,Sur rendez-vous,COMPACTE,SEGMENT_RULES,THERMIQUE,True,76.0,,4.86,14,Puteaux,Puteaux,Puteaux|Asnières-sur-Seine|Paris 17e,3,10,False,True,C3,400,424,1
20260805T190259,A2,v3.4-search-json,2026-08-06T09:00,2026-08-06T20:00,1935546,https://fr.getaround.com/location-voiture/puteaux/renault-megane-iv-1935546,Renault Mégane IV (2018),2018,Getaround Connect,COMPACTE,SEGMENT_RULES,THERMIQUE,True,72.0,,,,Puteaux,Puteaux,Puteaux|Asnières-sur-Seine|Paris 17e,3,12,False,True,C3,480,424,1
20260805T190259,A2,v3.4-search-json,2026-08-06T09:00,2026-08-06T20:00,1878543,https://fr.getaround.com/location-voiture/puteaux/renault-clio-societe-1878543,Renault Clio Société (2018),2018,Getaround Connect,CITADINE,SEGMENT_RULES,THERMIQUE,True,55.0,,,,Puteaux,Puteaux,Puteaux|Asnières-sur-Seine|Paris 17e,3,14,False,True,C2,480,424,1
20260805T190259,A2,v3.4-search-json,2026-08-06T09:00,2026-08-06T20:00,1078506,https://fr.getaround.com/location-voiture/puteaux/renault-clio-1078506,Renault Clio (2011),2011,Sur rendez-vous,CITADINE,SEGMENT_RULES,THERMIQUE,False,64.0,,4.79,21,Puteaux,Puteaux,Puteaux|Paris 17e,2,15,False,True,C1,480,424,1
20260805T190259,A2,v3.4-search-json,2026-08-06T09:00,2026-08-06T20:00,1881481,https://fr.getaround.com/location-voiture/puteaux/citroen-c1-1881481,Citroen C1 (2016),2016,Getaround Connect,MICRO_CITADINE,SEGMENT_RULES,THERMIQUE,True,66.0,,5.0,2,Puteaux,Puteaux,Puteaux|Asnières-sur-Seine|Paris 17e,3,16,False,True,C2,480,424,1
20260805T190259,A2,v3.4-search-json,2026-08-06T09:00,2026-08-06T20:00,1881624,https://fr.getaround.com/location-voiture/puteaux/renault-twingo-iii-1881624,Renault Twingo III (2015),2015,Getaround Connect,CITADINE,SEGMENT_RULES,THERMIQUE,True,68.0,,5.0,1,Puteaux,Puteaux,Puteaux|Asnières-sur-Seine|Paris 17e,3,18,False,True,C2,480,424,1
20260805T190259,A2,v3.4-search-json,2026-08-06T09:00,2026-08-06T20:00,1881118,https://fr.getaround.com/location-voiture/puteaux/peugeot-208-1881118,Peugeot 208 (2019),2019,Getaround Connect,CITADINE,SEGMENT_RULES,THERMIQUE,True,72.0,,3.5,2,Puteaux,Puteaux,Puteaux|Asnières-sur-Seine|Paris 17e,3,19,False,True,C2,480,424,1
20260805T190259,A2,v3.4-search-json,2026-08-06T09:00,2026-08-06T20:00,1881606,https://fr.getaround.com/location-voiture/puteaux/volkswagen-up-1881606,Volkswagen Up! (2020),2020,Getaround Connect,MICRO_CITADINE,SEGMENT_RULES,THERMIQUE,True,67.0,,3.0,1,Puteaux,Puteaux,Puteaux|Asnières-sur-Seine|Paris 17e,3,20,False,True,C2,480,424,1
20260805T190259,A2,v3.4-search-json,2026-08-06T09:00,2026-08-06T20:00,1881691,https://fr.getaround.com/location-voiture/puteaux/opel-corsa-1881691,Opel Corsa (2017),2017,Getaround Connect,CITADINE,SEGMENT_RULES,THERMIQUE,True,72.0,,4.5,2,Puteaux,Puteaux,Puteaux|Asnières-sur-Seine|Paris 17e,3,21,False,True,C2,480,424,1
20260805T190259,A2,v3.4-search-json,2026-08-06T09:00,2026-08-06T20:00,1842730,https://fr.getaround.com/location-voiture/puteaux/peugeot-5008-1842730,Peugeot 5008 (2017),2017,Sur rendez-vous,MONOSPACE,SEGMENT_RULES,THERMIQUE,True,124.0,,5.0,1,Puteaux,Puteaux,Puteaux|Asnières-sur-Seine|Paris 17e,3,22,False,True,C3,400,424,1
20260805T190259,A2,v3.4-search-json,2026-08-06T09:00,2026-08-06T20:00,1832153,https://fr.getaround.com/location-voiture/puteaux/volkswagen-tiguan-1832153,Volkswagen Tiguan (2015),2015,Getaround Connect,SUV_FAMILIAL,SEGMENT_RULES,THERMIQUE,True,82.0,,1.0,1,Puteaux,Puteaux,Puteaux|Asnières-sur-Seine|Paris 17e,3,23,False,True,C3,400,424,1
20260805T190259,A2,v3.4-search-json,2026-08-06T09:00,2026-08-06T20:00,1881415,https://fr.getaround.com/location-voiture/puteaux/renault-twingo-1881415,Renault Twingo (2017),2017,Getaround Connect,CITADINE,SEGMENT_RULES,THERMIQUE,True,65.0,,,,Puteaux,Puteaux,Puteaux|Asnières-sur-Seine|Paris 17e,3,25,False,True,C2,480,424,1
20260805T190259,A2,v3.4-search-json,2026-08-06T09:00,2026-08-06T20:00,1718469,https://fr.getaround.com/location-voiture/puteaux/peugeot-5008-1718469,Peugeot 5008 (2014),2014,Sur rendez-vous,MONOSPACE,SEGMENT_RULES,THERMIQUE,True,114.0,,3.5,2,Puteaux,Puteaux,Puteaux|Asnières-sur-Seine|Paris 17e,3,28,False,True,C3,400,424,1
20260805T190259,A2,v3.4-search-json,2026-08-06T09:00,2026-08-06T20:00,1881636,https://fr.getaround.com/location-voiture/puteaux/peugeot-108-1881636,Peugeot 108 (2019),2019,Getaround Connect,MICRO_CITADINE,SEGMENT_RULES,THERMIQUE,True,69.0,,3.5,4,Puteaux,Puteaux,Puteaux|Asnières-sur-Seine|Paris 17e,3,32,False,True,C2,480,424,1
20260805T190259,A2,v3.4-search-json,2026-08-06T09:00,2026-08-06T20:00,1859070,https://fr.getaround.com/location-voiture/puteaux/audi-a1-1859070,Audi A1 (2011),2011,Sur rendez-vous,CITADINE,SEGMENT_RULES,THERMIQUE,False,76.0,,,,Puteaux,Puteaux,Puteaux|Asnières-sur-Seine|Paris 17e,3,65,False,True,C3,480,424,2
20260805T190259,A2,v3.4-search-json,2026-08-06T09:00,2026-08-06T20:00,1912582,https://fr.getaround.com/location-voiture/puteaux/fiat-500-1912582,Fiat 500 (2016),2016,Getaround Connect,CITADINE,SEGMENT_RULES,THERMIQUE,True,53.0,,5.0,2,Puteaux,Puteaux,Puteaux|Asnières-sur-Seine|Paris 17e,3,1,False,False,,630,424,1
20260805T190259,A2,v3.4-search-json,2026-08-06T09:00,2026-08-06T20:00,1628653,https://fr.getaround.com/location-voiture/asnieres-sur-seine/fiat-500-lounge-1628653,Fiat 500 Lounge (2018),2018,Getaround Connect,CITADINE,SEGMENT_RULES,THERMIQUE,True,72.0,,4.92,65,Puteaux,Asnieres Sur Seine,Puteaux|Asnières-sur-Seine|Paris 17e,3,1,False,False,,5030,424,5
20260805T190259,A2,v3.4-search-json,2026-08-06T09:00,2026-08-06T20:00,1241184,https://fr.getaround.com/location-voiture/paris/peugeot-208-1241184,Peugeot 208 (2023),2023,Getaround Connect,CITADINE,SEGMENT_RULES,THERMIQUE,True,77.0,,4.55,62,Puteaux,Paris,Puteaux|Asnières-sur-Seine|Paris 17e,3,1,False,False,,5420,424,5
20260805T190259,A2,v3.4-search-json,2026-08-06T09:00,2026-08-06T20:00,1527021,https://fr.getaround.com/location-voiture/asnieres-sur-seine/renault-clio-1527021,Renault Clio (2012),2012,Getaround Connect,CITADINE,SEGMENT_RULES,THERMIQUE,True,48.0,,4.82,92,Puteaux,Asnieres Sur Seine,Puteaux|Asnières-sur-Seine|Paris 17e,3,2,False,False,,5300,424,2
20260805T190259,A2,v3.4-search-json,2026-08-06T09:00,2026-08-06T20:00,733694,https://fr.getaround.com/location-voiture/paris/fiat-500-733694,Fiat 500 (2017),2017,Getaround Connect,CITADINE,SEGMENT_RULES,THERMIQUE,True,58.0,,4.51,54,Puteaux,Paris,Puteaux|Asnières-sur-Seine|Paris 17e,3,2,False,False,,4880,424,3
20260805T190259,A2,v3.4-search-json,2026-08-06T09:00,2026-08-06T20:00,1899919,https://fr.getaround.com/location-voiture/puteaux/peugeot-208-1899919,Peugeot 208 (2013),2013,Getaround Connect,CITADINE,SEGMENT_RULES,THERMIQUE,True,64.0,,5.0,2,Puteaux,Puteaux,Puteaux|Asnières-sur-Seine|Paris 17e,3,3,False,False,,680,424,1
20260805T190259,A2,v3.4-search-json,2026-08-06T09:00,2026-08-06T20:00,1167029,https://fr.getaround.com/location-voiture/paris/renault-clio-1167029,Renault Clio (2021),2021,Getaround Connect,CITADINE,SEGMENT_RULES,THERMIQUE,True,49.0,,4.54,81,Puteaux,Paris,Puteaux|Asnières-sur-Seine|Paris 17e,3,3,False,False,,4870,424,1
20260805T190259,A2,v3.4-search-json,2026-08-06T09:00,2026-08-06T20:00,1007410,https://fr.getaround.com/location-voiture/asnieres-sur-seine/citroen-c3-1007410,Citroen C3 (2022),2022,Getaround Connect,CITADINE,SEGMENT_RULES,THERMIQUE,True,45.0,,4.26,141,Puteaux,Asnieres Sur Seine,Puteaux|Asnières-sur-Seine|Paris 17e,3,3,False,False,,5370,424,3
20260805T190259,A2,v3.4-search-json,2026-08-06T09:00,2026-08-06T20:00,990292,https://fr.getaround.com/location-voiture/paris/peugeot-208-990292,Peugeot 208 (2022),2022,Getaround Connect,CITADINE,SEGMENT_RULES,THERMIQUE,True,49.0,,4.63,146,Puteaux,Paris,Puteaux|Asnières-sur-Seine|Paris 17e,3,4,False,False,,5810,424,2
20260805T190259,A2,v3.4-search-json,2026-08-06T09:00,2026-08-06T20:00,1625635,https://fr.getaround.com/location-voiture/asnieres-sur-seine/citroen-c1-ii-1625635,Citroen C1 II (2015),2015,Getaround Connect,MICRO_CITADINE,SEGMENT_RULES,THERMIQUE,True,64.0,,5.0,51,Puteaux,Asnieres Sur Seine,Puteaux|Asnières-sur-Seine|Paris 17e,3,4,False,False,,5160,424,5
20260805T190259,A2,v3.4-search-json,2026-08-06T09:00,2026-08-06T20:00,575126,https://fr.getaround.com/location-voiture/asnieres-sur-seine/renault-clio-575126,Renault Clio (2011),2011,Getaround Connect,CITADINE,SEGMENT_RULES,THERMIQUE,True,49.0,,4.88,126,Puteaux,Asnieres Sur Seine,Puteaux|Asnières-sur-Seine|Paris 17e,3,5,False,False,,3880,424,2
20260805T190259,A2,v3.4-search-json,2026-08-06T09:00,2026-08-06T20:00,1442853,https://fr.getaround.com/location-voiture/paris/citroen-c3-1442853,Citroen C3 (2023),2023,Getaround Connect,CITADINE,SEGMENT_RULES,THERMIQUE,True,77.0,,4.19,45,Puteaux,Paris,Puteaux|Asnières-sur-Seine|Paris 17e,3,5,False,False,,4900,424,5
20260805T190259,A2,v3.4-search-json,2026-08-06T09:00,2026-08-06T20:00,1769820,https://fr.getaround.com/location-voiture/paris/renault-clio-e-tech-1769820,Renault Clio E-tech (2022),2022,Getaround Connect,CITADINE,SEGMENT_RULES,ELECTRIQUE,True,58.0,,4.5,10,Puteaux,Paris,Puteaux|Asnières-sur-Seine|Paris 17e,3,6,False,False,,5810,424,2
20260805T190259,A2,v3.4-search-json,2026-08-06T09:00,2026-08-06T20:00,816897,https://fr.getaround.com/location-voiture/asnieres-sur-seine/opel-agila-816897,Opel Agila (2011),2011,Getaround Connect,CITADINE,SEGMENT_RULES,THERMIQUE,True,45.0,,4.72,206,Puteaux,Asnieres Sur Seine,Puteaux|Asnières-sur-Seine|Paris 17e,3,6,False,False,,5520,424,3
20260805T190259,A2,v3.4-search-json,2026-08-06T09:00,2026-08-06T20:00,1766493,https://fr.getaround.com/location-voiture/paris/citroen-c3-1766493,Citroen C3 (2019),2019,Getaround Connect,CITADINE,SEGMENT_RULES,THERMIQUE,True,57.0,,4.67,15,Puteaux,Paris,Puteaux|Asnières-sur-Seine|Paris 17e,3,7,False,False,,4010,424,2
20260805T190259,A2,v3.4-search-json,2026-08-06T09:00,2026-08-06T20:00,1201133,https://fr.getaround.com/location-voiture/asnieres-sur-seine/renault-clio-1201133,Renault Clio (2012),2012,Getaround Connect,CITADINE,SEGMENT_RULES,THERMIQUE,True,51.0,,4.62,120,Puteaux,Asnieres Sur Seine,Puteaux|Asnières-sur-Seine|Paris 17e,3,7,False,False,,5520,424,4
20260805T190259,A2,v3.4-search-json,2026-08-06T09:00,2026-08-06T20:00,1007376,https://fr.getaround.com/location-voiture/suresnes/citroen-c3-1007376,Citroen C3 (2022),2022,Getaround Connect,CITADINE,SEGMENT_RULES,THERMIQUE,True,45.0,,4.0,102,Puteaux,Suresnes,Puteaux|Asnières-sur-Seine|Paris 17e,3,8,False,False,,1080,424,1
20260805T190259,A2,v3.4-search-json,2026-08-06T09:00,2026-08-06T20:00,1009470,https://fr.getaround.com/location-voiture/bois-colombes/citroen-c3-1009470,Citroen C3 (2022),2022,Getaround Connect,CITADINE,SEGMENT_RULES,THERMIQUE,True,44.0,,4.58,116,Puteaux,Bois Colombes,Puteaux|Asnières-sur-Seine|Paris 17e,3,8,False,False,,4800,424,3
20260805T190259,A2,v3.4-search-json,2026-08-06T09:00,2026-08-06T20:00,872370,https://fr.getaround.com/location-voiture/paris/peugeot-e-208-style-872370,Peugeot e-208 Style (2021),2021,Getaround Connect,CITADINE,SEGMENT_RULES,THERMIQUE,True,64.0,,4.75,48,Puteaux,Paris,Puteaux|Asnières-sur-Seine|Paris 17e,3,8,False,False,,4330,424,3
20260805T190259,A2,v3.4-search-json,2026-08-06T09:00,2026-08-06T20:00,1722701,https://fr.getaround.com/location-voiture/courbevoie/peugeot-208-1722701,Peugeot 208 (2023),2023,Getaround Connect,CITADINE,SEGMENT_RULES,THERMIQUE,True,50.0,,3.89,9,Puteaux,Courbevoie,Puteaux|Asnières-sur-Seine|Paris 17e,3,9,False,False,,1160,424,1
20260805T190259,A2,v3.4-search-json,2026-08-06T09:00,2026-08-06T20:00,1527654,https://fr.getaround.com/location-voiture/asnieres-sur-seine/volkswagen-up-1527654,Volkswagen Up! (2014),2014,Getaround Connect,MICRO_CITADINE,SEGMENT_RULES,THERMIQUE,True,43.0,,4.92,71,Puteaux,Asnieres Sur Seine,Puteaux|Asnières-sur-Seine|Paris 17e,3,9,False,False,,3850,424,1
20260805T190259,A2,v3.4-search-json,2026-08-06T09:00,2026-08-06T20:00,1759610,https://fr.getaround.com/location-voiture/paris/audi-a3-sportback-e-tron-1759610,Audi A3 Sportback e-tron (2014),2014,Getaround Connect,COMPACTE,SEGMENT_RULES,THERMIQUE,True,86.0,,4.98,43,Puteaux,Paris,Puteaux|Asnières-sur-Seine|Paris 17e,3,9,False,False,,4520,424,3
20260805T190259,A2,v3.4-search-json,2026-08-06T09:00,2026-08-06T20:00,825859,https://fr.getaround.com/location-voiture/paris/renault-clio-825859,Renault Clio (2018),2018,Getaround Connect,CITADINE,SEGMENT_RULES,THERMIQUE,True,52.0,,3.99,148,Puteaux,Paris,Puteaux|Asnières-sur-Seine|Paris 17e,3,10,False,False,,4790,424,3
20260805T190259,A2,v3.4-search-json,2026-08-06T09:00,2026-08-06T20:00,1090537,https://fr.getaround.com/location-voiture/asnieres-sur-seine/smart-fortwo-coupe-1090537,Smart Fortwo Coupé (2012),2012,Getaround Connect,MICRO_CITADINE,SEGMENT_RULES,THERMIQUE,True,58.0,,4.89,35,Puteaux,Asnieres Sur Seine,Puteaux|Asnières-sur-Seine|Paris 17e,3,10,False,False,,4670,424,4
20260805T190259,A2,v3.4-search-json,2026-08-06T09:00,2026-08-06T20:00,899374,https://fr.getaround.com/location-voiture/neuilly-sur-seine/renault-zoe-899374,Renault ZOE (2020),2020,Getaround Connect,CITADINE,SEGMENT_RULES,ELECTRIQUE,True,28.0,,4.77,160,Puteaux,Neuilly Sur Seine,Puteaux|Asnières-sur-Seine|Paris 17e,3,11,False,False,,1990,424,1
20260805T190259,A2,v3.4-search-json,2026-08-06T09:00,2026-08-06T20:00,1441535,https://fr.getaround.com/location-voiture/paris/peugeot-208-1441535,Peugeot 208 (2023),2023,Getaround Connect,CITADINE,SEGMENT_RULES,THERMIQUE,True,77.0,,4.43,51,Puteaux,Paris,Puteaux|Asnières-sur-Seine|Paris 17e,3,11,False,False,,4200,424,4
20260805T190259,A2,v3.4-search-json,2026-08-06T09:00,2026-08-06T20:00,1906513,https://fr.getaround.com/location-voiture/gennevilliers/fiat-500-c-1906513,Fiat 500 C (2017),2017,Getaround Connect,CABRIOLET,SEGMENT_RULES,THERMIQUE,True,74.0,,5.0,7,Puteaux,Gennevilliers,Puteaux|Asnières-sur-Seine|Paris 17e,3,11,False,False,,5920,424,6
20260805T190259,A2,v3.4-search-json,2026-08-06T09:00,2026-08-06T20:00,760134,https://fr.getaround.com/location-voiture/paris/citroen-c3-760134,Citroen C3 (2019),2019,Getaround Connect,CITADINE,SEGMENT_RULES,THERMIQUE,True,58.0,,4.76,173,Puteaux,Paris,Puteaux|Asnières-sur-Seine|Paris 17e,3,12,False,False,,6390,424,4
20260805T190259,A2,v3.4-search-json,2026-08-06T09:00,2026-08-06T20:00,1314568,https://fr.getaround.com/location-voiture/asnieres-sur-seine/peugeot-208-1314568,Peugeot 208 (2016),2016,Getaround Connect,CITADINE,SEGMENT_RULES,THERMIQUE,True,69.0,,4.77,65,Puteaux,Asnieres Sur Seine,Puteaux|Asnières-sur-Seine|Paris 17e,3,12,False,False,,4710,424,4
20260805T190259,A2,v3.4-search-json,2026-08-06T09:00,2026-08-06T20:00,1095170,https://fr.getaround.com/location-voiture/courbevoie/volkswagen-polo-1095170,Volkswagen Polo (2014),2014,Getaround Connect,CITADINE,SEGMENT_RULES,THERMIQUE,True,64.0,,4.85,93,Puteaux,Courbevoie,Puteaux|Asnières-sur-Seine|Paris 17e,3,13,False,False,,1630,424,1
20260805T190259,A2,v3.4-search-json,2026-08-06T09:00,2026-08-06T20:00,894064,https://fr.getaround.com/location-voiture/asnieres-sur-seine/renault-clio-894064,Renault Clio (2017),2017,Getaround Connect,CITADINE,SEGMENT_RULES,THERMIQUE,True,54.0,,4.59,93,Puteaux,Asnieres Sur Seine,Puteaux|Asnières-sur-Seine|Paris 17e,3,13,False,False,,6490,424,3
20260805T190259,A2,v3.4-search-json,2026-08-06T09:00,2026-08-06T20:00,1666439,https://fr.getaround.com/location-voiture/paris/peugeot-208-1666439,Peugeot 208 (2025),2025,Getaround Connect,CITADINE,SEGMENT_RULES,THERMIQUE,True,81.0,,4.35,23,Puteaux,Paris,Puteaux|Asnières-sur-Seine|Paris 17e,3,13,False,False,,5680,424,6
20260805T190259,A2,v3.4-search-json,2026-08-06T09:00,2026-08-06T20:00,1609353,https://fr.getaround.com/location-voiture/asnieres-sur-seine/nissan-micra-1609353,Nissan Micra (2014),2014,Getaround Connect,CITADINE,SEGMENT_RULES,THERMIQUE,True,47.0,,4.84,61,Puteaux,Asnieres Sur Seine,Puteaux|Asnières-sur-Seine|Paris 17e,3,14,False,False,,3680,424,2
20260805T190259,A2,v3.4-search-json,2026-08-06T09:00,2026-08-06T20:00,1253191,https://fr.getaround.com/location-voiture/paris/peugeot-208-1253191,Peugeot 208 (2023),2023,Getaround Connect,CITADINE,SEGMENT_RULES,THERMIQUE,True,77.0,,3.78,46,Puteaux,Paris,Puteaux|Asnières-sur-Seine|Paris 17e,3,14,False,False,,4430,424,5
20260805T190259,A2,v3.4-search-json,2026-08-06T09:00,2026-08-06T20:00,1205539,https://fr.getaround.com/location-voiture/courbevoie/renault-twingo-ii-1205539,Renault Twingo II (2013),2013,Getaround Connect,CITADINE,SEGMENT_RULES,THERMIQUE,True,54.0,,4.96,81,Puteaux,Courbevoie,Puteaux|Asnières-sur-Seine|Paris 17e,3,15,False,False,,3460,424,2
20260805T190259,A2,v3.4-search-json,2026-08-06T09:00,2026-08-06T20:00,1931434,https://fr.getaround.com/location-voiture/paris/fiat-500-c-1931434,Fiat 500 C (2019),2019,Getaround Connect,CABRIOLET,SEGMENT_RULES,THERMIQUE,True,72.0,,,,Puteaux,Paris,Puteaux|Asnières-sur-Seine|Paris 17e,3,15,False,False,,5020,424,5
20260805T190259,A2,v3.4-search-json,2026-08-06T09:00,2026-08-06T20:00,1756325,https://fr.getaround.com/location-voiture/paris/audi-a3-sportback-1756325,Audi A3 Sportback (2015),2015,Getaround Connect,COMPACTE,SEGMENT_RULES,THERMIQUE,True,94.0,,5.0,29,Puteaux,Paris,Puteaux|Asnières-sur-Seine|Paris 17e,3,16,False,False,,5880,424,4
20260805T190259,A2,v3.4-search-json,2026-08-06T09:00,2026-08-06T20:00,1604848,https://fr.getaround.com/location-voiture/asnieres-sur-seine/fiat-500-1604848,Fiat 500 (2017),2017,Getaround Connect,CITADINE,SEGMENT_RULES,THERMIQUE,True,67.0,,4.46,24,Puteaux,Asnieres Sur Seine,Puteaux|Asnières-sur-Seine|Paris 17e,3,16,False,False,,4150,424,4
20260805T190259,A2,v3.4-search-json,2026-08-06T09:00,2026-08-06T20:00,1910845,https://fr.getaround.com/location-voiture/suresnes/renault-clio-1910845,Renault Clio (2016),2016,Getaround Connect,CITADINE,SEGMENT_RULES,THERMIQUE,True,60.0,,,,Puteaux,Suresnes,Puteaux|Asnières-sur-Seine|Paris 17e,3,17,False,False,,1160,424,1
20260805T190259,A2,v3.4-search-json,2026-08-06T09:00,2026-08-06T20:00,941338,https://fr.getaround.com/location-voiture/levallois-perret/renault-twingo-941338,Renault Twingo (2011),2011,Getaround Connect,CITADINE,SEGMENT_RULES,THERMIQUE,True,49.0,,4.56,68,Puteaux,Levallois Perret,Puteaux|Asnières-sur-Seine|Paris 17e,3,17,False,False,,4280,424,2
20260805T190259,A2,v3.4-search-json,2026-08-06T09:00,2026-08-06T20:00,1589180,https://fr.getaround.com/location-voiture/bois-colombes/peugeot-2008-1589180,Peugeot 2008 (2023),2023,Getaround Connect,SUV_COMPACT,SEGMENT_RULES,THERMIQUE,True,67.0,,4.34,47,Puteaux,Bois Colombes,Puteaux|Asnières-sur-Seine|Paris 17e,3,17,False,False,,4800,424,3
20260805T190259,A2,v3.4-search-json,2026-08-06T09:00,2026-08-06T20:00,1682064,https://fr.getaround.com/location-voiture/colombes/renault-clio-1682064,Renault Clio (2020),2020,Getaround Connect,CITADINE,SEGMENT_RULES,THERMIQUE,True,52.0,,4.84,38,Puteaux,Colombes,Puteaux|Asnières-sur-Seine|Paris 17e,3,18,False,False,,4380,424,2
20260805T190259,A2,v3.4-search-json,2026-08-06T09:00,2026-08-06T20:00,1696570,https://fr.getaround.com/location-voiture/paris/peugeot-208-1696570,Peugeot 208 (2025),2025,Getaround Connect,CITADINE,SEGMENT_RULES,THERMIQUE,True,91.0,,5.0,4,Puteaux,Paris,Puteaux|Asnières-sur-Seine|Paris 17e,3,18,False,False,,5950,424,6
20260805T190259,A2,v3.4-search-json,2026-08-06T09:00,2026-08-06T20:00,753962,https://fr.getaround.com/location-voiture/clichy/ford-fiesta-753962,Ford Fiesta (2018),2018,Getaround Connect,CITADINE,SEGMENT_RULES,THERMIQUE,True,45.0,,4.37,187,Puteaux,Clichy,Puteaux|Asnières-sur-Seine|Paris 17e,3,19,False,False,,5540,424,2
20260805T190259,A2,v3.4-search-json,2026-08-06T09:00,2026-08-06T20:00,1518486,https://fr.getaround.com/location-voiture/levallois-perret/fiat-500-1518486,Fiat 500 (2015),2015,Getaround Connect,CITADINE,SEGMENT_RULES,THERMIQUE,True,58.0,,4.59,39,Puteaux,Levallois Perret,Puteaux|Asnières-sur-Seine|Paris 17e,3,19,False,False,,4370,424,3
20260805T190259,A2,v3.4-search-json,2026-08-06T09:00,2026-08-06T20:00,1010342,https://fr.getaround.com/location-voiture/asnieres-sur-seine/ford-fiesta-1010342,Ford Fiesta (2017),2017,Getaround Connect,CITADINE,SEGMENT_RULES,THERMIQUE,True,55.0,,4.41,40,Puteaux,Asnieres Sur Seine,Puteaux|Asnières-sur-Seine|Paris 17e,3,20,False,False,,6680,424,4
20260805T190259,A2,v3.4-search-json,2026-08-06T09:00,2026-08-06T20:00,846345,https://fr.getaround.com/location-voiture/paris/dacia-sandero-846345,Dacia Sandero (2021),2021,Getaround Connect,CITADINE,SEGMENT_RULES,THERMIQUE,True,32.0,,4.18,109,Asnières-sur-Seine,Paris,Asnières-sur-Seine|Paris 17e,2,20,False,False,,5980,1001,3
20260805T190259,A2,v3.4-search-json,2026-08-06T09:00,2026-08-06T20:00,661151,https://fr.getaround.com/location-voiture/asnieres-sur-seine/renault-clio-661151,Renault Clio (2017),2017,Getaround Connect,CITADINE,SEGMENT_RULES,THERMIQUE,True,45.0,,4.22,183,Puteaux,Asnieres Sur Seine,Puteaux|Asnières-sur-Seine|Paris 17e,3,21,False,False,,6900,424,3
20260805T190259,A2,v3.4-search-json,2026-08-06T09:00,2026-08-06T20:00,1790194,https://fr.getaround.com/location-voiture/paris/peugeot-107-1790194,Peugeot 107 (2012),2012,Sur rendez-vous,MICRO_CITADINE,SEGMENT_RULES,THERMIQUE,False,60.0,,4.92,13,Puteaux,Paris,Puteaux|Asnières-sur-Seine|Paris 17e,3,21,False,False,,5300,424,8
20260805T190259,A2,v3.4-search-json,2026-08-06T09:00,2026-08-06T20:00,1030151,https://fr.getaround.com/location-voiture/paris/peugeot-2008-1030151,Peugeot 2008 (2016),2016,Getaround Connect,SUV_COMPACT,SEGMENT_RULES,THERMIQUE,True,34.0,,3.84,104,Asnières-sur-Seine,Paris,Asnières-sur-Seine|Paris 17e,2,22,False,False,,5990,1001,2
20260805T190259,A2,v3.4-search-json,2026-08-06T09:00,2026-08-06T20:00,1133337,https://fr.getaround.com/location-voiture/courbevoie/renault-twingo-iii-1133337,Renault Twingo III (2015),2015,Getaround Connect,CITADINE,SEGMENT_RULES,THERMIQUE,True,64.0,,4.92,59,Puteaux,Courbevoie,Puteaux|Asnières-sur-Seine|Paris 17e,3,23,False,False,,3330,424,2
20260805T190259,A2,v3.4-search-json,2026-08-06T09:00,2026-08-06T20:00,1763402,https://fr.getaround.com/location-voiture/neuilly-sur-seine/peugeot-208-1763402,Peugeot 208 (2020),2020,Getaround Connect,CITADINE,SEGMENT_RULES,THERMIQUE,True,72.0,,5.0,38,Puteaux,Neuilly Sur Seine,Puteaux|Asnières-sur-Seine|Paris 17e,3,24,False,False,,1590,424,1
20260805T190259,A2,v3.4-search-json,2026-08-06T09:00,2026-08-06T20:00,1931171,https://fr.getaround.com/location-voiture/paris/peugeot-208-1931171,Peugeot 208 (2020),2020,Getaround Connect,CITADINE,SEGMENT_RULES,THERMIQUE,True,70.0,,5.0,1,Puteaux,Paris,Puteaux|Asnières-sur-Seine|Paris 17e,3,24,False,False,,3580,424,2
20260805T190259,A2,v3.4-search-json,2026-08-06T09:00,2026-08-06T20:00,1110449,https://fr.getaround.com/location-voiture/colombes/ford-ka-1110449,Ford Ka (2013),2013,Getaround Connect,CITADINE,SEGMENT_RULES,THERMIQUE,True,50.0,,4.83,77,Puteaux,Colombes,Puteaux|Asnières-sur-Seine|Paris 17e,3,24,False,False,,4970,424,3
20260805T190259,A2,v3.4-search-json,2026-08-06T09:00,2026-08-06T20:00,1774108,https://fr.getaround.com/location-voiture/levallois-perret/renault-clio-e-tech-1774108,Renault Clio E-tech (2021),2021,Getaround Connect,CITADINE,SEGMENT_RULES,ELECTRIQUE,True,67.0,,4.7,10,Puteaux,Levallois Perret,Puteaux|Asnières-sur-Seine|Paris 17e,3,25,False,False,,3680,424,2
20260805T190259,A2,v3.4-search-json,2026-08-06T09:00,2026-08-06T20:00,975881,https://fr.getaround.com/location-voiture/clichy/renault-clio-975881,Renault Clio (2014),2014,Sur rendez-vous,CITADINE,SEGMENT_RULES,THERMIQUE,True,52.0,,4.8,57,Puteaux,Clichy,Puteaux|Asnières-sur-Seine|Paris 17e,3,25,False,False,,4760,424,4
20260805T190259,A2,v3.4-search-json,2026-08-06T09:00,2026-08-06T20:00,399972,https://fr.getaround.com/location-voiture/nanterre/renault-clio-399972,Renault Clio (2015),2015,Getaround Connect,CITADINE,SEGMENT_RULES,THERMIQUE,True,69.0,,4.71,188,Puteaux,Nanterre,Puteaux|Asnières-sur-Seine|Paris 17e,3,26,False,False,,1650,424,1
20260805T190259,A2,v3.4-search-json,2026-08-06T09:00,2026-08-06T20:00,958966,https://fr.getaround.com/location-voiture/levallois-perret/renault-twingo-958966,Renault Twingo (2013),2013,Getaround Connect,CITADINE,SEGMENT_RULES,THERMIQUE,True,49.0,,4.57,98,Puteaux,Levallois Perret,Puteaux|Asnières-sur-Seine|Paris 17e,3,26,False,False,,4200,424,2
20260805T190259,A2,v3.4-search-json,2026-08-06T09:00,2026-08-06T20:00,1495610,https://fr.getaround.com/location-voiture/courbevoie/peugeot-208-1495610,Peugeot 208 (2024),2024,Getaround Connect,CITADINE,SEGMENT_RULES,THERMIQUE,True,83.0,,4.94,57,Puteaux,Courbevoie,Puteaux|Asnières-sur-Seine|Paris 17e,3,27,False,False,,1620,424,1
20260805T190259,A2,v3.4-search-json,2026-08-06T09:00,2026-08-06T20:00,1876233,https://fr.getaround.com/location-voiture/paris/renault-clio-1876233,Renault Clio (2020),2020,Getaround Connect,CITADINE,SEGMENT_RULES,THERMIQUE,True,76.0,,5.0,5,Puteaux,Paris,Puteaux|Asnières-sur-Seine|Paris 17e,3,27,False,False,,5690,424,6
20260805T190259,A2,v3.4-search-json,2026-08-06T09:00,2026-08-06T20:00,1792383,https://fr.getaround.com/location-voiture/asnieres-sur-seine/renault-clio-1792383,Renault Clio (2021),2021,Getaround Connect,CITADINE,SEGMENT_RULES,THERMIQUE,True,114.0,,5.0,14,Puteaux,Asnieres Sur Seine,Puteaux|Asnières-sur-Seine|Paris 17e,3,27,False,False,,4310,424,7
20260805T190259,A2,v3.4-search-json,2026-08-06T09:00,2026-08-06T20:00,1553292,https://fr.getaround.com/location-voiture/saint-ouen-sur-seine/volkswagen-polo-1553292,Volkswagen Polo (2016),2016,Getaround Connect,CITADINE,SEGMENT_RULES,THERMIQUE,True,55.0,,4.83,33,Puteaux,Saint Ouen Sur Seine,Puteaux|Asnières-sur-Seine|Paris 17e,3,28,False,False,,7120,424,3
20260805T190259,A2,v3.4-search-json,2026-08-06T09:00,2026-08-06T20:00,1478188,https://fr.getaround.com/location-voiture/paris/renault-clio-e-tech-1478188,Renault Clio E-tech (2020),2020,Getaround Connect,CITADINE,SEGMENT_RULES,ELECTRIQUE,True,52.0,,3.17,18,Puteaux,Paris,Puteaux|Asnières-sur-Seine|Paris 17e,3,28,False,False,,6500,424,5
20260805T190259,A2,v3.4-search-json,2026-08-06T09:00,2026-08-06T20:00,1658823,https://fr.getaround.com/location-voiture/suresnes/toyota-auris-1658823,Toyota Auris (2019),2019,Getaround Connect,COMPACTE,SEGMENT_RULES,THERMIQUE,True,81.0,,4.7,27,Puteaux,Suresnes,Puteaux|Asnières-sur-Seine|Paris 17e,3,29,False,False,,1150,424,1
20260805T190259,A2,v3.4-search-json,2026-08-06T09:00,2026-08-06T20:00,1215389,https://fr.getaround.com/location-voiture/paris/renault-megane-estate-1215389,Renault Mégane Estate (2022),2022,Getaround Connect,BREAK,SEGMENT_RULES,THERMIQUE,True,78.0,,4.81,40,Puteaux,Paris,Puteaux|Asnières-sur-Seine|Paris 17e,3,29,False,False,,4040,424,4
20260805T190259,A2,v3.4-search-json,2026-08-06T09:00,2026-08-06T20:00,1875884,https://fr.getaround.com/location-voiture/neuilly-sur-seine/fiat-tipo-1875884,Fiat Tipo (2016),2016,Getaround Connect,COMPACTE,SEGMENT_RULES,THERMIQUE,True,51.0,,5.0,5,Puteaux,Neuilly Sur Seine,Puteaux|Asnières-sur-Seine|Paris 17e,3,30,False,False,,2520,424,1
20260805T190259,A2,v3.4-search-json,2026-08-06T09:00,2026-08-06T20:00,1589804,https://fr.getaround.com/location-voiture/clichy/citroen-c3-societe-1589804,Citroen C3 Société (2018),2018,Getaround Connect,CITADINE,SEGMENT_RULES,THERMIQUE,True,57.0,,4.64,44,Puteaux,Clichy,Puteaux|Asnières-sur-Seine|Paris 17e,3,30,False,False,,5400,424,4
20260805T190259,A2,v3.4-search-json,2026-08-06T09:00,2026-08-06T20:00,1253598,https://fr.getaround.com/location-voiture/neuilly-sur-seine/nissan-pixo-1253598,Nissan Pixo (2013),2013,Getaround Connect,MICRO_CITADINE,SEGMENT_RULES,THERMIQUE,True,49.0,,4.77,86,Puteaux,Neuilly Sur Seine,Puteaux|Asnières-sur-Seine|Paris 17e,3,31,False,False,,2430,424,1
20260805T190259,A2,v3.4-search-json,2026-08-06T09:00,2026-08-06T20:00,1479656,https://fr.getaround.com/location-voiture/clichy/renault-clio-1479656,Renault Clio (2023),2023,Getaround Connect,CITADINE,SEGMENT_RULES,THERMIQUE,True,77.0,,4.78,56,Puteaux,Clichy,Puteaux|Asnières-sur-Seine|Paris 17e,3,31,False,False,,5200,424,5
20260805T190259,A2,v3.4-search-json,2026-08-06T09:00,2026-08-06T20:00,1815534,https://fr.getaround.com/location-voiture/epinay-sur-seine/volkswagen-up-1815534,Volkswagen Up! (2017),2017,Getaround Connect,MICRO_CITADINE,SEGMENT_RULES,THERMIQUE,True,39.0,,5.0,21,Asnières-sur-Seine,Epinay Sur Seine,Asnières-sur-Seine,1,31,False,False,,4840,1001,1
20260805T190259,A2,v3.4-search-json,2026-08-06T09:00,2026-08-06T20:00,1636942,https://fr.getaround.com/location-voiture/asnieres-sur-seine/renault-clio-1636942,Renault Clio (2019),2019,Getaround Connect,CITADINE,SEGMENT_RULES,THERMIQUE,True,72.0,,4.35,36,Puteaux,Asnieres Sur Seine,Puteaux|Asnières-sur-Seine|Paris 17e,3,32,False,False,,3760,424,5
20260805T190259,A2,v3.4-search-json,2026-08-06T09:00,2026-08-06T20:00,1713378,https://fr.getaround.com/location-voiture/paris/volkswagen-polo-1713378,Volkswagen Polo (2025),2025,Getaround Connect,CITADINE,SEGMENT_RULES,THERMIQUE,True,85.0,,4.91,11,Puteaux,Paris,Puteaux|Asnières-sur-Seine|Paris 17e,3,32,False,False,,5610,424,5
20260805T190259,A2,v3.4-search-json,2026-08-06T09:00,2026-08-06T20:00,1784089,https://fr.getaround.com/location-voiture/courbevoie/renault-austral-e-tech-full-hybrid-1784089,Renault Austral E-Tech full hybrid (2024),2024,Sur rendez-vous,SUV_FAMILIAL,SEGMENT_RULES,ELECTRIQUE,False,129.0,,5.0,1,Puteaux,Courbevoie,Puteaux|Asnières-sur-Seine|Paris 17e,3,33,False,False,,880,424,1
20260805T190259,A2,v3.4-search-json,2026-08-06T09:00,2026-08-06T20:00,1584797,https://fr.getaround.com/location-voiture/paris/volkswagen-polo-1584797,Volkswagen Polo (2016),2016,Getaround Connect,CITADINE,SEGMENT_RULES,THERMIQUE,True,85.0,,4.43,28,Puteaux,Paris,Puteaux|Asnières-sur-Seine|Paris 17e,3,33,False,False,,6080,424,7
20260805T190259,A2,v3.4-search-json,2026-08-06T09:00,2026-08-06T20:00,1840526,https://fr.getaround.com/location-voiture/paris/mini-cooper-3-portes-1840526,Mini Cooper 3 portes (2014),2014,Getaround Connect,CITADINE,SEGMENT_RULES,THERMIQUE,True,53.0,,4.71,31,Puteaux,Paris,Puteaux|Asnières-sur-Seine|Paris 17e,3,34,False,False,,4300,424,1
20260805T190259,A2,v3.4-search-json,2026-08-06T09:00,2026-08-06T20:00,1002074,https://fr.getaround.com/location-voiture/paris/peugeot-208-1002074,Peugeot 208 (2021),2021,Getaround Connect,CITADINE,SEGMENT_RULES,THERMIQUE,True,44.0,,4.17,114,Puteaux,Paris,Puteaux|Asnières-sur-Seine|Paris 17e,3,34,False,False,,3990,424,2
20260805T190259,A2,v3.4-search-json,2026-08-06T09:00,2026-08-06T20:00,1860337,https://fr.getaround.com/location-voiture/courbevoie/peugeot-308-1860337,Peugeot 308 (2017),2017,Getaround Connect,COMPACTE,SEGMENT_RULES,THERMIQUE,True,80.0,,4.0,2,Puteaux,Courbevoie,Puteaux|Asnières-sur-Seine|Paris 17e,3,35,False,False,,1200,424,1
20260805T190259,A2,v3.4-search-json,2026-08-06T09:00,2026-08-06T20:00,1326860,https://fr.getaround.com/location-voiture/neuilly-sur-seine/renault-megane-1326860,Renault Mégane (2020),2020,Getaround Connect,COMPACTE,SEGMENT_RULES,THERMIQUE,True,76.0,,4.82,48,Puteaux,Neuilly Sur Seine,Puteaux|Asnières-sur-Seine|Paris 17e,3,35,False,False,,3100,424,2
20260805T190259,A2,v3.4-search-json,2026-08-06T09:00,2026-08-06T20:00,985204,https://fr.getaround.com/location-voiture/paris/renault-clio-985204,Renault Clio (2021),2021,Getaround Connect,CITADINE,SEGMENT_RULES,THERMIQUE,True,45.0,,4.36,105,Asnières-sur-Seine,Paris,Asnières-sur-Seine|Paris 17e,2,36,False,False,,6840,1001,3
20260805T190259,A2,v3.4-search-json,2026-08-06T09:00,2026-08-06T20:00,1915481,https://fr.getaround.com/location-voiture/nanterre/peugeot-308-1915481,Peugeot 308 (2018),2018,Getaround Connect,COMPACTE,SEGMENT_RULES,THERMIQUE,True,83.0,,5.0,2,Puteaux,Nanterre,Puteaux|Asnières-sur-Seine|Paris 17e,3,37,False,False,,1550,424,1
20260805T190259,A2,v3.4-search-json,2026-08-06T09:00,2026-08-06T20:00,674162,https://fr.getaround.com/location-voiture/paris/renault-clio-674162,Renault Clio (2017),2017,Getaround Connect,CITADINE,SEGMENT_RULES,THERMIQUE,True,45.0,,4.48,238,Asnières-sur-Seine,Paris,Asnières-sur-Seine|Paris 17e,2,37,False,False,,6840,1001,3
20260805T190259,A2,v3.4-search-json,2026-08-06T09:00,2026-08-06T20:00,1414796,https://fr.getaround.com/location-voiture/la-garenne-colombes/peugeot-2008-1414796,Peugeot 2008 (2020),2020,Getaround Connect,SUV_COMPACT,SEGMENT_RULES,THERMIQUE,True,79.0,,4.93,14,Puteaux,La Garenne Colombes,Puteaux|Asnières-sur-Seine|Paris 17e,3,38,False,False,,2090,424,1
20260805T190259,A2,v3.4-search-json,2026-08-06T09:00,2026-08-06T20:00,1857931,https://fr.getaround.com/location-voiture/saint-denis/renault-clio-societe-1857931,Renault Clio Société (2019),2019,Getaround Connect,CITADINE,SEGMENT_RULES,THERMIQUE,True,43.0,,4.93,30,Asnières-sur-Seine,Saint Denis,Asnières-sur-Seine|Paris 17e,2,38,False,False,,5080,1001,1
20260805T190259,A2,v3.4-search-json,2026-08-06T09:00,2026-08-06T20:00,782396,https://fr.getaround.com/location-voiture/levallois-perret/renault-clio-782396,Renault Clio (2011),2011,Getaround Connect,CITADINE,SEGMENT_RULES,THERMIQUE,True,64.0,,4.75,152,Puteaux,Levallois Perret,Puteaux|Asnières-sur-Seine|Paris 17e,3,39,False,False,,3450,424,3
20260805T190259,A2,v3.4-search-json,2026-08-06T09:00,2026-08-06T20:00,1553938,https://fr.getaround.com/location-voiture/asnieres-sur-seine/fiat-500-lounge-1553938,Fiat 500 Lounge (2013),2013,Sur rendez-vous,CITADINE,SEGMENT_RULES,THERMIQUE,False,81.0,,5.0,3,Asnières-sur-Seine,Asnieres Sur Seine,Asnières-sur-Seine|Paris 17e,2,39,False,False,,280,1001,1
20260805T190259,A2,v3.4-search-json,2026-08-06T09:00,2026-08-06T20:00,1770446,https://fr.getaround.com/location-voiture/rueil-malmaison/renault-5-e-tech-1770446,Renault 5 E-Tech (2025),2025,Getaround Connect,CITADINE,SEGMENT_RULES,ELECTRIQUE,True,68.0,,3.9,10,Puteaux,Rueil Malmaison,Puteaux|Asnières-sur-Seine,2,40,False,False,,2880,424,1
20260805T190259,A2,v3.4-search-json,2026-08-06T09:00,2026-08-06T20:00,1822032,https://fr.getaround.com/location-voiture/gennevilliers/renault-clio-1822032,Renault Clio (2016),2016,Getaround Connect,CITADINE,SEGMENT_RULES,THERMIQUE,True,69.0,,4.8,5,Puteaux,Gennevilliers,Puteaux|Asnières-sur-Seine|Paris 17e,3,40,False,False,,7400,424,6
20260805T190259,A2,v3.4-search-json,2026-08-06T09:00,2026-08-06T20:00,1619882,https://fr.getaround.com/location-voiture/la-garenne-colombes/fiat-500-1619882,Fiat 500 (2014),2014,Getaround Connect,CITADINE,SEGMENT_RULES,THERMIQUE,True,64.0,,4.89,66,Puteaux,La Garenne Colombes,Puteaux|Asnières-sur-Seine|Paris 17e,3,41,False,False,,2870,424,2
20260805T190259,A2,v3.4-search-json,2026-08-06T09:00,2026-08-06T20:00,1650471,https://fr.getaround.com/location-voiture/paris/volkswagen-t-cross-1650471,Volkswagen T-Cross (2024),2024,Getaround Connect,SUV_COMPACT,SEGMENT_RULES,THERMIQUE,True,61.0,,4.76,34,Puteaux,Paris,Puteaux|Asnières-sur-Seine|Paris 17e,3,41,False,False,,5190,424,2
20260805T190259,A2,v3.4-search-json,2026-08-06T09:00,2026-08-06T20:00,960847,https://fr.getaround.com/location-voiture/levallois-perret/renault-clio-960847,Renault Clio (2014),2014,Getaround Connect,CITADINE,SEGMENT_RULES,THERMIQUE,True,69.0,,4.85,116,Puteaux,Levallois Perret,Puteaux|Asnières-sur-Seine|Paris 17e,3,42,False,False,,3470,424,3
20260805T190259,A2,v3.4-search-json,2026-08-06T09:00,2026-08-06T20:00,1605695,https://fr.getaround.com/location-voiture/clichy/volkswagen-golf-sportsvan-1605695,Volkswagen Golf Sportsvan (2014),2014,Getaround Connect,COMPACTE,SEGMENT_RULES,THERMIQUE,True,79.0,,4.89,28,Puteaux,Clichy,Puteaux|Asnières-sur-Seine|Paris 17e,3,42,False,False,,5520,424,5
20260805T190259,A2,v3.4-search-json,2026-08-06T09:00,2026-08-06T20:00,1619485,https://fr.getaround.com/location-voiture/la-garenne-colombes/peugeot-208-1619485,Peugeot 208 (2014),2014,Getaround Connect,CITADINE,SEGMENT_RULES,THERMIQUE,True,69.0,,4.54,42,Puteaux,La Garenne Colombes,Puteaux|Asnières-sur-Seine|Paris 17e,3,43,False,False,,2620,424,2
20260805T190259,A2,v3.4-search-json,2026-08-06T09:00,2026-08-06T20:00,1631659,https://fr.getaround.com/location-voiture/levallois-perret/opel-corsa-1631659,Opel Corsa (2024),2024,Getaround Connect,CITADINE,SEGMENT_RULES,THERMIQUE,True,81.0,,4.66,29,Puteaux,Levallois Perret,Puteaux|Asnières-sur-Seine|Paris 17e,3,43,False,False,,4420,424,5
20260805T190259,A2,v3.4-search-json,2026-08-06T09:00,2026-08-06T20:00,788177,https://fr.getaround.com/location-voiture/nanterre/volkswagen-polo-788177,Volkswagen Polo (2015),2015,Sur rendez-vous,CITADINE,SEGMENT_RULES,THERMIQUE,False,71.0,,4.99,36,Puteaux,Nanterre,Puteaux|Asnières-sur-Seine|Paris 17e,3,44,False,False,,1970,424,2
20260805T190259,A2,v3.4-search-json,2026-08-06T09:00,2026-08-06T20:00,1795000,https://fr.getaround.com/location-voiture/paris/renault-clio-e-tech-1795000,Renault Clio E-tech (2021),2021,Getaround Connect,CITADINE,SEGMENT_RULES,ELECTRIQUE,True,58.0,,4.47,17,Puteaux,Paris,Puteaux|Asnières-sur-Seine|Paris 17e,3,45,False,False,,5420,424,2
20260805T190259,A2,v3.4-search-json,2026-08-06T09:00,2026-08-06T20:00,1687044,https://fr.getaround.com/location-voiture/clichy/peugeot-208-1687044,Peugeot 208 (2015),2015,Getaround Connect,CITADINE,SEGMENT_RULES,THERMIQUE,True,60.0,,3.0,3,Puteaux,Clichy,Puteaux|Asnières-sur-Seine|Paris 17e,3,45,False,False,,5430,424,5
20260805T190259,A2,v3.4-search-json,2026-08-06T09:00,2026-08-06T20:00,1879290,https://fr.getaround.com/location-voiture/puteaux/mercedes-benz-classe-a-1879290,Mercedes-Benz Classe A (2016),2016,Sur rendez-vous,COMPACTE,SEGMENT_RULES,THERMIQUE,False,98.0,,5.0,6,Puteaux,Puteaux,Puteaux|Asnières-sur-Seine|Paris 17e,3,46,False,False,,440,424,2
20260805T190259,A2,v3.4-search-json,2026-08-06T09:00,2026-08-06T20:00,1650445,https://fr.getaround.com/location-voiture/paris/volkswagen-t-cross-1650445,Volkswagen T-Cross (2024),2024,Getaround Connect,SUV_COMPACT,SEGMENT_RULES,THERMIQUE,True,80.0,,4.0,32,Puteaux,Paris,Puteaux|Asnières-sur-Seine|Paris 17e,3,46,False,False,,5720,424,6
20260805T190259,A2,v3.4-search-json,2026-08-06T09:00,2026-08-06T20:00,1885791,https://fr.getaround.com/location-voiture/soisy-sous-montmorency/volkswagen-golf-1885791,Volkswagen Golf (2018),2018,Getaround Connect,COMPACTE,SEGMENT_RULES,THERMIQUE,True,52.0,,,,Asnières-sur-Seine,Soisy Sous Montmorency,Asnières-sur-Seine,1,46,False,False,,6930,1001,2
20260805T190259,A2,v3.4-search-json,2026-08-06T09:00,2026-08-06T20:00,1831570,https://fr.getaround.com/location-voiture/asnieres-sur-seine/citroen-c4-1831570,Citroen C4 (2016),2016,Getaround Connect,COMPACTE,SEGMENT_RULES,THERMIQUE,True,85.0,,4.83,6,Puteaux,Asnieres Sur Seine,Puteaux|Asnières-sur-Seine|Paris 17e,3,47,False,False,,6410,424,6
20260805T190259,A2,v3.4-search-json,2026-08-06T09:00,2026-08-06T20:00,1660563,https://fr.getaround.com/location-voiture/suresnes/peugeot-208-1660563,Peugeot 208 (2018),2018,Getaround Connect,CITADINE,SEGMENT_RULES,THERMIQUE,True,76.0,,4.84,37,Puteaux,Suresnes,Puteaux|Asnières-sur-Seine|Paris 17e,3,48,False,False,,2190,424,2
20260805T190259,A2,v3.4-search-json,2026-08-06T09:00,2026-08-06T20:00,1675488,https://fr.getaround.com/location-voiture/paris/peugeot-208-1675488,Peugeot 208 (2025),2025,Getaround Connect,CITADINE,SEGMENT_RULES,THERMIQUE,True,86.0,,4.59,34,Puteaux,Paris,Puteaux|Asnières-sur-Seine|Paris 17e,3,48,False,False,,3580,424,3
20260805T190259,A2,v3.4-search-json,2026-08-06T09:00,2026-08-06T20:00,658168,https://fr.getaround.com/location-voiture/argenteuil/renault-clio-658168,Renault Clio (2018),2018,Getaround Connect,CITADINE,SEGMENT_RULES,THERMIQUE,True,52.0,,4.37,106,Asnières-sur-Seine,Argenteuil,Asnières-sur-Seine,1,48,False,False,,4600,1001,2
20260805T190259,A2,v3.4-search-json,2026-08-06T09:00,2026-08-06T20:00,730131,https://fr.getaround.com/location-voiture/boulogne-billancourt/renault-clio-730131,Renault Clio (2018),2018,Getaround Connect,CITADINE,SEGMENT_RULES,THERMIQUE,True,45.0,,4.12,176,Puteaux,Boulogne Billancourt,Puteaux|Asnières-sur-Seine|Paris 17e,3,49,False,False,,4530,424,2
20260805T190259,A2,v3.4-search-json,2026-08-06T09:00,2026-08-06T20:00,1285703,https://fr.getaround.com/location-voiture/paris/renault-megane-1285703,Renault Mégane (2018),2018,Getaround Connect,COMPACTE,SEGMENT_RULES,THERMIQUE,True,75.0,,4.81,63,Puteaux,Paris,Puteaux|Asnières-sur-Seine|Paris 17e,3,49,False,False,,3010,424,2
20260805T190259,A2,v3.4-search-json,2026-08-06T09:00,2026-08-06T20:00,610168,https://fr.getaround.com/location-voiture/argenteuil/renault-clio-610168,Renault Clio (2019),2019,Getaround Connect,CITADINE,SEGMENT_RULES,THERMIQUE,True,52.0,,4.5,135,Asnières-sur-Seine,Argenteuil,Asnières-sur-Seine,1,49,False,False,,4600,1001,2
20260805T190259,A2,v3.4-search-json,2026-08-06T09:00,2026-08-06T20:00,1215324,https://fr.getaround.com/location-voiture/la-garenne-colombes/seat-arona-1215324,Seat Arona (2020),2020,Getaround Connect,SUV_COMPACT,SEGMENT_RULES,THERMIQUE,True,74.0,,4.95,74,Puteaux,La Garenne Colombes,Puteaux|Asnières-sur-Seine|Paris 17e,3,50,False,False,,2730,424,2
20260805T190259,A2,v3.4-search-json,2026-08-06T09:00,2026-08-06T20:00,1274902,https://fr.getaround.com/location-voiture/paris/renault-clio-1274902,Renault Clio (2023),2023,Getaround Connect,CITADINE,SEGMENT_RULES,THERMIQUE,True,77.0,,4.02,26,Puteaux,Paris,Puteaux|Asnières-sur-Seine|Paris 17e,3,50,False,False,,5130,424,6
20260805T190259,A2,v3.4-search-json,2026-08-06T09:00,2026-08-06T20:00,1056821,https://fr.getaround.com/location-voiture/la-garenne-colombes/fiat-500-c-1056821,Fiat 500 C (2016),2016,Getaround Connect,CABRIOLET,SEGMENT_RULES,THERMIQUE,True,71.0,,4.89,82,Puteaux,La Garenne Colombes,Puteaux|Asnières-sur-Seine|Paris 17e,3,51,False,False,,2730,424,2
20260805T190259,A2,v3.4-search-json,2026-08-06T09:00,2026-08-06T20:00,1105416,https://fr.getaround.com/location-voiture/paris/renault-zoe-1105416,Renault ZOE (2020),2020,Getaround Connect,CITADINE,SEGMENT_RULES,ELECTRIQUE,True,78.0,,4.65,57,Puteaux,Paris,Puteaux|Asnières-sur-Seine|Paris 17e,3,51,False,False,,6170,424,8
20260805T190259,A2,v3.4-search-json,2026-08-06T09:00,2026-08-06T20:00,1583961,https://fr.getaround.com/location-voiture/la-courneuve/peugeot-208-1583961,Peugeot 208 (2019),2019,Getaround Connect,CITADINE,SEGMENT_RULES,THERMIQUE,True,38.0,,4.72,53,Asnières-sur-Seine,La Courneuve,Asnières-sur-Seine|Paris 17e,2,51,False,False,,7120,1001,2
20260805T190259,A2,v3.4-search-json,2026-08-06T09:00,2026-08-06T20:00,1948309,https://fr.getaround.com/location-voiture/nanterre/citroen-ds4-1948309,Citroen DS4 (2014),2014,Sur rendez-vous,BERLINE,SEGMENT_RULES,THERMIQUE,False,43.0,,,,Puteaux,Nanterre,Puteaux|Asnières-sur-Seine,2,53,False,False,,2510,424,2
20260805T190259,A2,v3.4-search-json,2026-08-06T09:00,2026-08-06T20:00,1631676,https://fr.getaround.com/location-voiture/levallois-perret/opel-corsa-1631676,Opel Corsa (2024),2024,Getaround Connect,CITADINE,SEGMENT_RULES,THERMIQUE,True,86.0,,4.77,45,Puteaux,Levallois Perret,Puteaux|Asnières-sur-Seine|Paris 17e,3,54,False,False,,4540,424,5
20260805T190259,A2,v3.4-search-json,2026-08-06T09:00,2026-08-06T20:00,1897276,https://fr.getaround.com/location-voiture/saint-denis/renault-clio-societe-1897276,Renault Clio Société (2017),2017,Getaround Connect,CITADINE,SEGMENT_RULES,THERMIQUE,True,52.0,,5.0,4,Asnières-sur-Seine,Saint Denis,Asnières-sur-Seine|Paris 17e,2,54,False,False,,5080,1001,2
20260805T190259,A2,v3.4-search-json,2026-08-06T09:00,2026-08-06T20:00,1631664,https://fr.getaround.com/location-voiture/levallois-perret/opel-corsa-1631664,Opel Corsa (2024),2024,Getaround Connect,CITADINE,SEGMENT_RULES,THERMIQUE,True,86.0,,4.88,32,Puteaux,Levallois Perret,Puteaux|Asnières-sur-Seine|Paris 17e,3,57,False,False,,4540,424,6
20260805T190259,A2,v3.4-search-json,2026-08-06T09:00,2026-08-06T20:00,1419604,https://fr.getaround.com/location-voiture/nanterre/renault-clio-1419604,Renault Clio (2019),2019,Getaround Connect,CITADINE,SEGMENT_RULES,THERMIQUE,True,76.0,,4.7,37,Puteaux,Nanterre,Puteaux|Asnières-sur-Seine|Paris 17e,3,58,False,False,,2160,424,2
20260805T190259,A2,v3.4-search-json,2026-08-06T09:00,2026-08-06T20:00,1920931,https://fr.getaround.com/location-voiture/courbevoie/toyota-yaris-1920931,Toyota Yaris (2022),2022,Getaround Connect,CITADINE,SEGMENT_RULES,THERMIQUE,True,89.0,,5.0,2,Puteaux,Courbevoie,Puteaux|Asnières-sur-Seine|Paris 17e,3,59,False,False,,1770,424,2
20260805T190259,A2,v3.4-search-json,2026-08-06T09:00,2026-08-06T20:00,1907868,https://fr.getaround.com/location-voiture/neuilly-sur-seine/renault-arkana-evolution-1907868,Renault Arkana Evolution (2022),2022,Getaround Connect,COMPACTE,SEGMENT_RULES,THERMIQUE,True,89.0,,,,Puteaux,Neuilly Sur Seine,Puteaux|Asnières-sur-Seine|Paris 17e,3,59,False,False,,3170,424,2
20260805T190259,A2,v3.4-search-json,2026-08-06T09:00,2026-08-06T20:00,1204492,https://fr.getaround.com/location-voiture/la-garenne-colombes/dacia-spring-1204492,Dacia Spring (2021),2021,Getaround Connect,COMPACTE,SEGMENT_RULES,THERMIQUE,True,60.0,,4.42,78,Puteaux,La Garenne Colombes,Puteaux|Asnières-sur-Seine|Paris 17e,3,60,False,False,,2730,424,2
20260805T190259,A2,v3.4-search-json,2026-08-06T09:00,2026-08-06T20:00,1691386,https://fr.getaround.com/location-voiture/paris/peugeot-208-1691386,Peugeot 208 (2025),2025,Getaround Connect,CITADINE,SEGMENT_RULES,THERMIQUE,True,81.0,,3.14,7,Puteaux,Paris,Puteaux|Asnières-sur-Seine|Paris 17e,3,60,False,False,,3480,424,4
20260805T190259,A2,v3.4-search-json,2026-08-06T09:00,2026-08-06T20:00,1006441,https://fr.getaround.com/location-voiture/bezons/ford-fiesta-1006441,Ford Fiesta (2012),2012,Getaround Connect,CITADINE,SEGMENT_RULES,THERMIQUE,True,54.0,,4.9,105,Puteaux,Bezons,Puteaux|Asnières-sur-Seine|Paris 17e,3,61,False,False,,4710,424,2
20260805T190259,A2,v3.4-search-json,2026-08-06T09:00,2026-08-06T20:00,1631080,https://fr.getaround.com/location-voiture/levallois-perret/renault-twingo-iii-1631080,Renault Twingo III (2017),2017,Getaround Connect,CITADINE,SEGMENT_RULES,THERMIQUE,True,72.0,,4.97,30,Puteaux,Levallois Perret,Puteaux|Asnières-sur-Seine|Paris 17e,3,61,False,False,,3150,424,3
20260805T190259,A2,v3.4-search-json,2026-08-06T09:00,2026-08-06T20:00,1442857,https://fr.getaround.com/location-voiture/paris/citroen-c3-1442857,Citroen C3 (2023),2023,Getaround Connect,CITADINE,SEGMENT_RULES,THERMIQUE,True,77.0,,3.82,22,Puteaux,Paris,Puteaux|Asnières-sur-Seine|Paris 17e,3,61,False,False,,5130,424,7
20260805T190259,A2,v3.4-search-json,2026-08-06T09:00,2026-08-06T20:00,1911418,https://fr.getaround.com/location-voiture/sannois/renault-twingo-iii-1911418,Renault Twingo III (2018),2018,Getaround Connect,CITADINE,SEGMENT_RULES,THERMIQUE,True,42.0,,5.0,3,Asnières-sur-Seine,Sannois,Asnières-sur-Seine,1,62,False,False,,7940,1001,2
20260805T190259,A2,v3.4-search-json,2026-08-06T09:00,2026-08-06T20:00,1219231,https://fr.getaround.com/location-voiture/paris/peugeot-208-1219231,Peugeot 208 (2023),2023,Getaround Connect,CITADINE,SEGMENT_RULES,THERMIQUE,True,77.0,,3.82,42,Puteaux,Paris,Puteaux|Asnières-sur-Seine|Paris 17e,3,63,False,False,,3860,424,3
20260805T190259,A2,v3.4-search-json,2026-08-06T09:00,2026-08-06T20:00,1757230,https://fr.getaround.com/location-voiture/saint-ouen-sur-seine/renault-clio-1757230,Renault Clio (2018),2018,Getaround Connect,CITADINE,SEGMENT_RULES,THERMIQUE,True,79.0,,4.97,36,Puteaux,Saint Ouen Sur Seine,Puteaux|Asnières-sur-Seine|Paris 17e,3,63,False,False,,7140,424,6
20260805T190259,A2,v3.4-search-json,2026-08-06T09:00,2026-08-06T20:00,1009324,https://fr.getaround.com/location-voiture/paris/citroen-c3-1009324,Citroen C3 (2022),2022,Getaround Connect,CITADINE,SEGMENT_RULES,THERMIQUE,True,45.0,,4.35,97,Asnières-sur-Seine,Paris,Asnières-sur-Seine|Paris 17e,2,65,False,False,,6840,1001,5
20260805T190259,A2,v3.4-search-json,2026-08-06T09:00,2026-08-06T20:00,666328,https://fr.getaround.com/location-voiture/rueil-malmaison/fiat-500-666328,Fiat 500 (2012),2012,Getaround Connect,CITADINE,SEGMENT_RULES,THERMIQUE,True,57.0,,4.66,208,Puteaux,Rueil Malmaison,Puteaux|Asnières-sur-Seine,2,66,False,False,,3910,424,2
20260805T190259,A2,v3.4-search-json,2026-08-06T09:00,2026-08-06T20:00,1845844,https://fr.getaround.com/location-voiture/suresnes/hyundai-kona-electric-1845844,Hyundai Kona Electric (2020),2020,Getaround Connect,SUV_COMPACT,SEGMENT_RULES,ELECTRIQUE,True,67.0,,4.5,8,Puteaux,Suresnes,Puteaux|Asnières-sur-Seine|Paris 17e,3,68,False,False,,2560,424,2
20260805T190259,A2,v3.4-search-json,2026-08-06T09:00,2026-08-06T20:00,714807,https://fr.getaround.com/location-voiture/paris/renault-clio-714807,Renault Clio (2020),2020,Getaround Connect,CITADINE,SEGMENT_RULES,THERMIQUE,True,47.0,,4.25,179,Puteaux,Paris,Puteaux|Asnières-sur-Seine|Paris 17e,3,69,False,False,,7370,424,3
20260805T190259,A2,v3.4-search-json,2026-08-06T09:00,2026-08-06T20:00,1041838,https://fr.getaround.com/location-voiture/paris/fiat-panda-1041838,Fiat Panda (2017),2017,Getaround Connect,MICRO_CITADINE,SEGMENT_RULES,THERMIQUE,True,29.0,,4.62,20,Puteaux,Paris,Puteaux|Asnières-sur-Seine|Paris 17e,3,70,False,False,,5190,424,2
20260805T190259,A2,v3.4-search-json,2026-08-06T09:00,2026-08-06T20:00,851212,https://fr.getaround.com/location-voiture/paris/peugeot-208-851212,Peugeot 208 (2021),2021,Getaround Connect,CITADINE,SEGMENT_RULES,THERMIQUE,True,37.0,,4.06,115,Puteaux,Paris,Puteaux|Asnières-sur-Seine|Paris 17e,3,70,False,False,,7460,424,3
20260805T190259,A2,v3.4-search-json,2026-08-06T09:00,2026-08-06T20:00,1931910,https://fr.getaround.com/location-voiture/la-garenne-colombes/volkswagen-tiguan-1931910,Volkswagen Tiguan (2024),2024,Sur rendez-vous,SUV_FAMILIAL,SEGMENT_RULES,THERMIQUE,False,119.0,,5.0,1,Puteaux,La Garenne Colombes,Puteaux|Asnières-sur-Seine|Paris 17e,3,70,False,False,,3100,424,3
20260805T190259,A2,v3.4-search-json,2026-08-06T09:00,2026-08-06T20:00,653362,https://fr.getaround.com/location-voiture/paris/renault-clio-653362,Renault Clio (2017),2017,Getaround Connect,CITADINE,SEGMENT_RULES,THERMIQUE,True,33.0,,4.82,203,Paris 17e,Paris,Paris 17e,1,71,False,False,,7480,871,2
20260805T190259,A2,v3.4-search-json,2026-08-06T09:00,2026-08-06T20:00,1816173,https://fr.getaround.com/location-voiture/puteaux/suzuki-ignis-1816173,Suzuki Ignis (2018),2018,Sur rendez-vous,MICRO_CITADINE,SEGMENT_RULES,THERMIQUE,False,72.0,,,,Puteaux,Puteaux,Puteaux|Asnières-sur-Seine|Paris 17e,3,72,False,False,,550,424,2
20260805T190259,A2,v3.4-search-json,2026-08-06T09:00,2026-08-06T20:00,1772268,https://fr.getaround.com/location-voiture/paris/peugeot-e-208-gt-1772268,Peugeot e-208 GT (2023),2023,Getaround Connect,CITADINE,SEGMENT_RULES,THERMIQUE,True,80.0,,5.0,9,Puteaux,Paris,Puteaux|Asnières-sur-Seine|Paris 17e,3,74,False,False,,6900,424,4
20260805T190259,A2,v3.4-search-json,2026-08-06T09:00,2026-08-06T20:00,1650452,https://fr.getaround.com/location-voiture/paris/volkswagen-t-cross-1650452,Volkswagen T-Cross (2024),2024,Getaround Connect,SUV_COMPACT,SEGMENT_RULES,THERMIQUE,True,80.0,,3.3,23,Puteaux,Paris,Puteaux|Asnières-sur-Seine|Paris 17e,3,75,False,False,,5720,424,7
20260805T190259,A2,v3.4-search-json,2026-08-06T09:00,2026-08-06T20:00,1589883,https://fr.getaround.com/location-voiture/neuilly-sur-seine/peugeot-2008-1589883,Peugeot 2008 (2023),2023,Getaround Connect,SUV_COMPACT,SEGMENT_RULES,THERMIQUE,True,69.0,,3.83,44,Puteaux,Neuilly Sur Seine,Puteaux|Asnières-sur-Seine|Paris 17e,3,76,False,False,,2920,424,2
20260805T190259,A2,v3.4-search-json,2026-08-06T09:00,2026-08-06T20:00,1215739,https://fr.getaround.com/location-voiture/paris/peugeot-208-1215739,Peugeot 208 (2023),2023,Getaround Connect,CITADINE,SEGMENT_RULES,THERMIQUE,True,50.0,,4.07,76,Asnières-sur-Seine,Paris,Asnières-sur-Seine|Paris 17e,2,76,False,False,,6850,1001,5
20260805T190259,A2,v3.4-search-json,2026-08-06T09:00,2026-08-06T20:00,828091,https://fr.getaround.com/location-voiture/paris/toyota-yaris-hybride-828091,Toyota Yaris Hybride (2021),2021,Getaround Connect,CITADINE,SEGMENT_RULES,HYBRIDE,True,42.0,,4.34,51,Puteaux,Paris,Puteaux|Asnières-sur-Seine|Paris 17e,3,77,False,False,,7370,424,3
20260805T190259,A2,v3.4-search-json,2026-08-06T09:00,2026-08-06T20:00,1804181,https://fr.getaround.com/location-voiture/asnieres-sur-seine/skoda-fabia-1804181,Skoda Fabia (2016),2016,Sur rendez-vous,CITADINE,SEGMENT_RULES,THERMIQUE,False,65.0,,4.0,1,Puteaux,Asnieres Sur Seine,Puteaux|Asnières-sur-Seine|Paris 17e,3,77,False,False,,4870,424,10
20260805T190259,A2,v3.4-search-json,2026-08-06T09:00,2026-08-06T20:00,1195460,https://fr.getaround.com/location-voiture/paris/renault-grand-scenic-1195460,Renault Grand Scenic (2018),2018,Getaround Connect,MONOSPACE,SEGMENT_RULES,THERMIQUE,True,108.0,,4.59,48,Puteaux,Paris,Puteaux|Asnières-sur-Seine|Paris 17e,3,78,False,False,,5220,424,7
20260805T190259,A2,v3.4-search-json,2026-08-06T09:00,2026-08-06T20:00,1338627,https://fr.getaround.com/location-voiture/puteaux/toyota-auris-touring-sports-1338627,Toyota Auris Touring Sports (2018),2018,Sur rendez-vous,BREAK,SEGMENT_RULES,THERMIQUE,False,75.0,,,,Puteaux,Puteaux,Puteaux|Asnières-sur-Seine|Paris 17e,3,79,False,False,,660,424,2
20260805T190259,A2,v3.4-search-json,2026-08-06T09:00,2026-08-06T20:00,1871183,https://fr.getaround.com/location-voiture/paris/dacia-sandero-stepway-1871183,Dacia Sandero Stepway (2016),2016,Sur rendez-vous,CITADINE,SEGMENT_RULES,THERMIQUE,False,62.0,,5.0,1,Puteaux,Paris,Puteaux|Asnières-sur-Seine|Paris 17e,3,80,False,False,,6530,424,8
20260805T190259,A2,v3.4-search-json,2026-08-06T09:00,2026-08-06T20:00,1383571,https://fr.getaround.com/location-voiture/neuilly-sur-seine/renault-megane-1383571,Renault Mégane (2020),2020,Getaround Connect,COMPACTE,SEGMENT_RULES,THERMIQUE,True,101.0,,4.78,72,Puteaux,Neuilly Sur Seine,Puteaux|Asnières-sur-Seine|Paris 17e,3,81,False,False,,2530,424,3
20260805T190259,A2,v3.4-search-json,2026-08-06T09:00,2026-08-06T20:00,1238361,https://fr.getaround.com/location-voiture/paris/opel-corsa-1238361,Opel Corsa (2012),2012,Getaround Connect,CITADINE,SEGMENT_RULES,THERMIQUE,True,39.0,,4.26,71,Puteaux,Paris,Puteaux|Asnières-sur-Seine|Paris 17e,3,81,False,False,,7450,424,3
20260805T190259,A2,v3.4-search-json,2026-08-06T09:00,2026-08-06T20:00,1763978,https://fr.getaround.com/location-voiture/colombes/toyota-yaris-hybride-1763978,Toyota Yaris Hybride (2019),2019,Getaround Connect,CITADINE,SEGMENT_RULES,HYBRIDE,True,83.0,,5.0,32,Puteaux,Colombes,Puteaux|Asnières-sur-Seine|Paris 17e,3,82,False,False,,2810,424,3
20260805T190259,A2,v3.4-search-json,2026-08-06T09:00,2026-08-06T20:00,828088,https://fr.getaround.com/location-voiture/paris/toyota-yaris-hybride-828088,Toyota Yaris Hybride (2021),2021,Getaround Connect,CITADINE,SEGMENT_RULES,HYBRIDE,True,49.0,,4.32,90,Puteaux,Paris,Puteaux|Asnières-sur-Seine|Paris 17e,3,82,False,False,,6870,424,3
20260805T190259,A2,v3.4-search-json,2026-08-06T09:00,2026-08-06T20:00,1718489,https://fr.getaround.com/location-voiture/suresnes/citroen-c3-1718489,Citroen C3 (2017),2017,Getaround Connect,CITADINE,SEGMENT_RULES,THERMIQUE,True,72.0,,4.64,22,Puteaux,Suresnes,Puteaux|Asnières-sur-Seine|Paris 17e,3,83,False,False,,2680,424,3
20260805T190259,A2,v3.4-search-json,2026-08-06T09:00,2026-08-06T20:00,558456,https://fr.getaround.com/location-voiture/nanterre/citroen-c3-558456,Citroen C3 (2015),2015,Sur rendez-vous,CITADINE,SEGMENT_RULES,THERMIQUE,False,60.0,,4.72,100,Puteaux,Nanterre,Puteaux|Asnières-sur-Seine,2,84,False,False,,2100,424,3
20260805T190259,A2,v3.4-search-json,2026-08-06T09:00,2026-08-06T20:00,1608525,https://fr.getaround.com/location-voiture/paris/citroen-c3-1608525,Citroen C3 (2024),2024,Getaround Connect,CITADINE,SEGMENT_RULES,THERMIQUE,True,74.0,,4.32,25,Puteaux,Paris,Puteaux|Asnières-sur-Seine|Paris 17e,3,84,False,False,,3840,424,4
20260805T190259,A2,v3.4-search-json,2026-08-06T09:00,2026-08-06T20:00,1829999,https://fr.getaround.com/location-voiture/paris/renault-clio-1829999,Renault Clio (2025),2025,Getaround Connect,CITADINE,SEGMENT_RULES,THERMIQUE,True,48.0,,4.71,31,Asnières-sur-Seine,Paris,Asnières-sur-Seine|Paris 17e,2,85,False,False,,10180,1001,3
20260805T190259,A2,v3.4-search-json,2026-08-06T09:00,2026-08-06T20:00,1921213,https://fr.getaround.com/location-voiture/paris/peugeot-208-1921213,Peugeot 208 (2026),2026,Getaround Connect,CITADINE,SEGMENT_RULES,THERMIQUE,True,70.0,,,,Puteaux,Paris,Puteaux|Asnières-sur-Seine|Paris 17e,3,86,False,False,,7210,424,6
20260805T190259,A2,v3.4-search-json,2026-08-06T09:00,2026-08-06T20:00,1139133,https://fr.getaround.com/location-voiture/paris/citroen-c3-1139133,Citroen C3 (2021),2021,Getaround Connect,CITADINE,SEGMENT_RULES,THERMIQUE,True,45.0,,3.96,64,Puteaux,Paris,Puteaux|Asnières-sur-Seine|Paris 17e,3,87,False,False,,4220,424,3
20260805T190259,A2,v3.4-search-json,2026-08-06T09:00,2026-08-06T20:00,940735,https://fr.getaround.com/location-voiture/paris/dacia-spring-940735,Dacia Spring (2020),2020,Getaround Connect,COMPACTE,SEGMENT_RULES,THERMIQUE,True,39.0,,3.69,131,Asnières-sur-Seine,Paris,Asnières-sur-Seine|Paris 17e,2,87,False,False,,5910,1001,7
20260805T190259,A2,v3.4-search-json,2026-08-06T09:00,2026-08-06T20:00,1584217,https://fr.getaround.com/location-voiture/neuilly-sur-seine/renault-grand-scenic-1584217,Renault Grand Scenic (2018),2018,Getaround Connect,MONOSPACE,SEGMENT_RULES,THERMIQUE,True,106.0,,4.94,32,Puteaux,Neuilly Sur Seine,Puteaux|Asnières-sur-Seine|Paris 17e,3,88,False,False,,3100,424,4
20260805T190259,A2,v3.4-search-json,2026-08-06T09:00,2026-08-06T20:00,641035,https://fr.getaround.com/location-voiture/paris/fiat-500-641035,Fiat 500 (2016),2016,Getaround Connect,CITADINE,SEGMENT_RULES,THERMIQUE,True,28.0,,4.82,129,Paris 17e,Paris,Paris 17e,1,89,False,False,,7480,871,3
20260805T190259,A2,v3.4-search-json,2026-08-06T09:00,2026-08-06T20:00,1823084,https://fr.getaround.com/location-voiture/rueil-malmaison/peugeot-208-1823084,Peugeot 208 (2016),2016,Getaround Connect,CITADINE,SEGMENT_RULES,THERMIQUE,True,68.0,,5.0,15,Puteaux,Rueil Malmaison,Puteaux|Asnières-sur-Seine,2,90,False,False,,4200,424,3
20260805T190259,A2,v3.4-search-json,2026-08-06T09:00,2026-08-06T20:00,846347,https://fr.getaround.com/location-voiture/paris/dacia-sandero-846347,Dacia Sandero (2021),2021,Getaround Connect,CITADINE,SEGMENT_RULES,THERMIQUE,True,34.0,,4.27,128,Puteaux,Paris,Puteaux|Asnières-sur-Seine|Paris 17e,3,90,False,False,,6860,424,3
20260805T190259,A2,v3.4-search-json,2026-08-06T09:00,2026-08-06T20:00,1766443,https://fr.getaround.com/location-voiture/sannois/renault-twingo-iii-1766443,Renault Twingo III (2016),2016,Getaround Connect,CITADINE,SEGMENT_RULES,THERMIQUE,True,47.0,,4.95,22,Asnières-sur-Seine,Sannois,Asnières-sur-Seine,1,90,False,False,,7950,1001,3
20260805T190259,A2,v3.4-search-json,2026-08-06T09:00,2026-08-06T20:00,833696,https://fr.getaround.com/location-voiture/paris/renault-clio-833696,Renault Clio (2017),2017,Getaround Connect,CITADINE,SEGMENT_RULES,THERMIQUE,True,45.0,,4.11,135,Asnières-sur-Seine,Paris,Asnières-sur-Seine|Paris 17e,2,91,False,False,,9420,1001,4
20260805T190259,A2,v3.4-search-json,2026-08-06T09:00,2026-08-06T20:00,1888150,https://fr.getaround.com/location-voiture/clichy/renault-arkana-evolution-1888150,Renault Arkana Evolution (2022),2022,Getaround Connect,COMPACTE,SEGMENT_RULES,THERMIQUE,True,113.0,,5.0,3,Puteaux,Clichy,Puteaux|Asnières-sur-Seine|Paris 17e,3,92,False,False,,6060,424,6
20260805T190259,A2,v3.4-search-json,2026-08-06T09:00,2026-08-06T20:00,753965,https://fr.getaround.com/location-voiture/paris/opel-corsa-753965,Opel Corsa (2016),2016,Getaround Connect,CITADINE,SEGMENT_RULES,THERMIQUE,True,43.0,,4.28,156,Asnières-sur-Seine,Paris,Asnières-sur-Seine|Paris 17e,2,92,False,False,,7920,1001,4
20260805T190259,A2,v3.4-search-json,2026-08-06T09:00,2026-08-06T20:00,1902942,https://fr.getaround.com/location-voiture/rueil-malmaison/peugeot-208-1902942,Peugeot 208 (2015),2015,Getaround Connect,CITADINE,SEGMENT_RULES,THERMIQUE,True,68.0,,5.0,3,Puteaux,Rueil Malmaison,Puteaux|Asnières-sur-Seine,2,93,False,False,,4200,424,3
20260805T190259,A2,v3.4-search-json,2026-08-06T09:00,2026-08-06T20:00,1881888,https://fr.getaround.com/location-voiture/paris/peugeot-2008-1881888,Peugeot 2008 (2026),2026,Getaround Connect,SUV_COMPACT,SEGMENT_RULES,THERMIQUE,True,96.0,,3.0,2,Puteaux,Paris,Puteaux|Asnières-sur-Seine|Paris 17e,3,93,False,False,,6800,424,9
20260805T190259,A2,v3.4-search-json,2026-08-06T09:00,2026-08-06T20:00,509497,https://fr.getaround.com/location-voiture/saint-ouen-sur-seine/nissan-micra-509497,Nissan Micra (2019),2019,Getaround Connect,CITADINE,SEGMENT_RULES,THERMIQUE,True,70.0,,4.94,144,Asnières-sur-Seine,Saint Ouen Sur Seine,Asnières-sur-Seine|Paris 17e,2,94,False,False,,3700,1001,3
20260805T190259,A2,v3.4-search-json,2026-08-06T09:00,2026-08-06T20:00,1918285,https://fr.getaround.com/location-voiture/la-garenne-colombes/dacia-spring-1918285,Dacia Spring (2022),2022,Getaround Connect,COMPACTE,SEGMENT_RULES,THERMIQUE,True,58.0,,,,Puteaux,La Garenne Colombes,Puteaux|Asnières-sur-Seine|Paris 17e,3,95,False,False,,2910,424,3
20260805T190259,A2,v3.4-search-json,2026-08-06T09:00,2026-08-06T20:00,554073,https://fr.getaround.com/location-voiture/paris/renault-clio-554073,Renault Clio (2016),2016,Getaround Connect,CITADINE,SEGMENT_RULES,THERMIQUE,True,43.0,,4.2,190,Asnières-sur-Seine,Paris,Asnières-sur-Seine|Paris 17e,2,96,False,False,,8189,1001,3
20260805T190259,A2,v3.4-search-json,2026-08-06T09:00,2026-08-06T20:00,1665189,https://fr.getaround.com/location-voiture/paris/peugeot-208-1665189,Peugeot 208 (2019),2019,Getaround Connect,CITADINE,SEGMENT_RULES,THERMIQUE,True,45.0,,4.05,43,Asnières-sur-Seine,Paris,Asnières-sur-Seine|Paris 17e,2,96,False,False,,7160,1001,3
20260805T190259,A2,v3.4-search-json,2026-08-06T09:00,2026-08-06T20:00,1556444,https://fr.getaround.com/location-voiture/paris/toyota-corolla-break-hybride-1556444,Toyota Corolla Break Hybride (2021),2021,Getaround Connect,BREAK,SEGMENT_RULES,HYBRIDE,True,83.0,,4.53,37,Asnières-sur-Seine,Paris,Asnières-sur-Seine|Paris 17e,2,98,False,False,,6110,1001,4
20260805T190259,A2,v3.4-search-json,2026-08-06T09:00,2026-08-06T20:00,1721439,https://fr.getaround.com/location-voiture/paris/renault-megane-1721439,Renault Mégane (2019),2019,Getaround Connect,COMPACTE,SEGMENT_RULES,THERMIQUE,True,81.0,,4.68,19,Puteaux,Paris,Puteaux|Asnières-sur-Seine|Paris 17e,3,99,False,False,,3390,424,3
20260805T190259,A2,v3.4-search-json,2026-08-06T09:00,2026-08-06T20:00,1226020,https://fr.getaround.com/location-voiture/paris/citroen-c3-1226020,Citroen C3 (2023),2023,Getaround Connect,CITADINE,SEGMENT_RULES,THERMIQUE,True,48.0,,3.92,76,Puteaux,Paris,Puteaux|Asnières-sur-Seine|Paris 17e,3,99,False,False,,3990,424,4
20260805T190259,A2,v3.4-search-json,2026-08-06T09:00,2026-08-06T20:00,1508332,https://fr.getaround.com/location-voiture/paris/peugeot-3008-1508332,Peugeot 3008 (2024),2024,Getaround Connect,SUV_FAMILIAL,SEGMENT_RULES,THERMIQUE,True,119.0,,4.77,22,Puteaux,Paris,Puteaux|Asnières-sur-Seine|Paris 17e,3,100,False,False,,7010,424,6
20260805T190259,A2,v3.4-search-json,2026-08-06T09:00,2026-08-06T20:00,1666420,https://fr.getaround.com/location-voiture/montesson/peugeot-208-1666420,Peugeot 208 (2025),2025,Getaround Connect,CITADINE,SEGMENT_RULES,THERMIQUE,True,60.0,,4.33,33,Puteaux,Montesson,Puteaux,1,101,False,False,,7150,424,3
20260805T190259,A2,v3.4-search-json,2026-08-06T09:00,2026-08-06T20:00,1885350,https://fr.getaround.com/location-voiture/paris/renault-clio-1885350,Renault Clio (2019),2019,Getaround Connect,CITADINE,SEGMENT_RULES,THERMIQUE,True,49.0,,5.0,1,Asnières-sur-Seine,Paris,Asnières-sur-Seine|Paris 17e,2,102,False,False,,8990,1001,4
20260805T190259,A2,v3.4-search-json,2026-08-06T09:00,2026-08-06T20:00,1934280,https://fr.getaround.com/location-voiture/paris/peugeot-208-1934280,Peugeot 208 (2026),2026,Getaround Connect,CITADINE,SEGMENT_RULES,THERMIQUE,True,78.0,,,,Asnières-sur-Seine,Paris,Asnières-sur-Seine|Paris 17e,2,103,False,False,,6090,1001,5
20260805T190259,A2,v3.4-search-json,2026-08-06T09:00,2026-08-06T20:00,1728863,https://fr.getaround.com/location-voiture/paris/citroen-c4-1728863,Citroen C4 (2015),2015,Getaround Connect,COMPACTE,SEGMENT_RULES,THERMIQUE,True,64.0,,4.83,30,Puteaux,Paris,Puteaux|Asnières-sur-Seine|Paris 17e,3,104,False,False,,4190,424,3
20260805T190259,A2,v3.4-search-json,2026-08-06T09:00,2026-08-06T20:00,1416040,https://fr.getaround.com/location-voiture/les-lilas/peugeot-208-1416040,Peugeot 208 (2020),2020,Getaround Connect,CITADINE,SEGMENT_RULES,THERMIQUE,True,49.0,,4.7,104,Asnières-sur-Seine,Les Lilas,Asnières-sur-Seine,1,104,False,False,,10070,1001,3
20260805T190259,A2,v3.4-search-json,2026-08-06T09:00,2026-08-06T20:00,359982,https://fr.getaround.com/location-voiture/boulogne-billancourt/peugeot-2008-359982,Peugeot 2008 (2018),2018,Getaround Connect,SUV_COMPACT,SEGMENT_RULES,THERMIQUE,True,49.0,,4.34,230,Puteaux,Boulogne Billancourt,Puteaux|Asnières-sur-Seine|Paris 17e,3,105,False,False,,5880,424,3
20260805T190259,A2,v3.4-search-json,2026-08-06T09:00,2026-08-06T20:00,1857069,https://fr.getaround.com/location-voiture/paris/renault-grand-scenic-1857069,Renault Grand Scenic (2020),2020,Getaround Connect,MONOSPACE,SEGMENT_RULES,THERMIQUE,True,110.0,,5.0,7,Puteaux,Paris,Puteaux|Asnières-sur-Seine|Paris 17e,3,106,False,False,,3050,424,4
20260805T190259,A2,v3.4-search-json,2026-08-06T09:00,2026-08-06T20:00,1691377,https://fr.getaround.com/location-voiture/paris/peugeot-208-1691377,Peugeot 208 (2025),2025,Getaround Connect,CITADINE,SEGMENT_RULES,THERMIQUE,True,96.0,,4.8,30,Asnières-sur-Seine,Paris,Asnières-sur-Seine|Paris 17e,2,107,False,False,,4830,1001,5
20260805T190259,A2,v3.4-search-json,2026-08-06T09:00,2026-08-06T20:00,1871096,https://fr.getaround.com/location-voiture/chatou/citroen-c1-ii-1871096,Citroen C1 II (2016),2016,Getaround Connect,MICRO_CITADINE,SEGMENT_RULES,THERMIQUE,True,46.0,,5.0,3,Puteaux,Chatou,Puteaux|Asnières-sur-Seine,2,108,False,False,,6380,424,3
20260805T190259,A2,v3.4-search-json,2026-08-06T09:00,2026-08-06T20:00,1881937,https://fr.getaround.com/location-voiture/paris/peugeot-2008-1881937,Peugeot 2008 (2026),2026,Getaround Connect,SUV_COMPACT,SEGMENT_RULES,THERMIQUE,True,89.0,,4.86,7,Puteaux,Paris,Puteaux|Asnières-sur-Seine|Paris 17e,3,108,False,False,,4260,424,4
20260805T190259,A2,v3.4-search-json,2026-08-06T09:00,2026-08-06T20:00,1438150,https://fr.getaround.com/location-voiture/paris/renault-clio-1438150,Renault Clio (2024),2024,Getaround Connect,CITADINE,SEGMENT_RULES,THERMIQUE,True,85.0,,4.0,21,Puteaux,Paris,Puteaux|Asnières-sur-Seine|Paris 17e,3,112,False,False,,7060,424,9
20260805T190259,A2,v3.4-search-json,2026-08-06T09:00,2026-08-06T20:00,1553158,https://fr.getaround.com/location-voiture/colombes/citroen-c3-1553158,Citroen C3 (2019),2019,Getaround Connect,CITADINE,SEGMENT_RULES,THERMIQUE,True,76.0,,5.0,34,Puteaux,Colombes,Puteaux|Asnières-sur-Seine|Paris 17e,3,114,False,False,,3620,424,3
20260805T190259,A2,v3.4-search-json,2026-08-06T09:00,2026-08-06T20:00,1608631,https://fr.getaround.com/location-voiture/cormeilles-en-parisis/peugeot-208-1608631,Peugeot 208 (2019),2019,Getaround Connect,CITADINE,SEGMENT_RULES,THERMIQUE,True,50.0,,4.95,21,Asnières-sur-Seine,Cormeilles En Parisis,Asnières-sur-Seine,1,115,False,False,,8610,1001,3
20260805T190259,A2,v3.4-search-json,2026-08-06T09:00,2026-08-06T20:00,1694498,https://fr.getaround.com/location-voiture/paris/peugeot-308-sw-1694498,Peugeot 308 SW (2021),2021,Getaround Connect,BREAK,SEGMENT_RULES,THERMIQUE,True,52.0,,3.76,17,Asnières-sur-Seine,Paris,Asnières-sur-Seine|Paris 17e,2,115,False,False,,5560,1001,5
20260805T190259,A2,v3.4-search-json,2026-08-06T09:00,2026-08-06T20:00,1573156,https://fr.getaround.com/location-voiture/nanterre/ford-fiesta-1573156,Ford Fiesta (2014),2014,Getaround Connect,CITADINE,SEGMENT_RULES,THERMIQUE,True,74.0,,4.86,77,Puteaux,Nanterre,Puteaux|Asnières-sur-Seine|Paris 17e,3,116,False,False,,4040,424,3
20260805T190259,A2,v3.4-search-json,2026-08-06T09:00,2026-08-06T20:00,623886,https://fr.getaround.com/location-voiture/paris/renault-twingo-623886,Renault Twingo (2011),2011,Getaround Connect,CITADINE,SEGMENT_RULES,THERMIQUE,True,49.0,,4.14,86,Asnières-sur-Seine,Paris,Asnières-sur-Seine|Paris 17e,2,116,False,False,,7040,1001,4
20260805T190259,A2,v3.4-search-json,2026-08-06T09:00,2026-08-06T20:00,1454233,https://fr.getaround.com/location-voiture/enghien-les-bains/citroen-c3-1454233,Citroen C3 (2016),2016,Getaround Connect,CITADINE,SEGMENT_RULES,THERMIQUE,True,60.0,,4.91,33,Asnières-sur-Seine,Enghien Les Bains,Asnières-sur-Seine,1,117,False,False,,5420,1001,3
20260805T190259,A2,v3.4-search-json,2026-08-06T09:00,2026-08-06T20:00,1565166,https://fr.getaround.com/location-voiture/saint-gratien/renault-modus-1565166,Renault Modus (2013),2013,Getaround Connect,MONOSPACE,SEGMENT_RULES,THERMIQUE,True,49.0,,4.84,29,Asnières-sur-Seine,Saint Gratien,Asnières-sur-Seine,1,118,False,False,,5810,1001,3
20260805T190259,A2,v3.4-search-json,2026-08-06T09:00,2026-08-06T20:00,733239,https://fr.getaround.com/location-voiture/sartrouville/fiat-500-733239,Fiat 500 (2016),2016,Getaround Connect,CITADINE,SEGMENT_RULES,THERMIQUE,True,53.0,,4.86,60,Puteaux,Sartrouville,Puteaux|Asnières-sur-Seine,2,119,False,False,,8020,424,4
20260805T190259,A2,v3.4-search-json,2026-08-06T09:00,2026-08-06T20:00,1881169,https://fr.getaround.com/location-voiture/soisy-sous-montmorency/renault-clio-1881169,Renault Clio (2018),2018,Getaround Connect,CITADINE,SEGMENT_RULES,THERMIQUE,True,58.0,,5.0,4,Asnières-sur-Seine,Soisy Sous Montmorency,Asnières-sur-Seine,1,120,False,False,,6920,1001,3
20260805T190259,A2,v3.4-search-json,2026-08-06T09:00,2026-08-06T20:00,1843000,https://fr.getaround.com/location-voiture/paris/peugeot-2008-1843000,Peugeot 2008 (2024),2024,Getaround Connect,SUV_COMPACT,SEGMENT_RULES,THERMIQUE,True,93.0,,5.0,12,Asnières-sur-Seine,Paris,Asnières-sur-Seine|Paris 17e,2,120,False,False,,5000,1001,5
20260805T190259,A2,v3.4-search-json,2026-08-06T09:00,2026-08-06T20:00,1745070,https://fr.getaround.com/location-voiture/paris/renault-clio-1745070,Renault Clio (2024),2024,Getaround Connect,CITADINE,SEGMENT_RULES,THERMIQUE,True,85.0,,4.91,33,Asnières-sur-Seine,Paris,Asnières-sur-Seine|Paris 17e,2,121,False,False,,4660,1001,6
20260805T190259,A2,v3.4-search-json,2026-08-06T09:00,2026-08-06T20:00,1938832,https://fr.getaround.com/location-voiture/paris/toyota-c-hr-hybrid-1938832,Toyota C-HR Hybrid (2024),2024,Getaround Connect,SUV_COMPACT,SEGMENT_RULES,HYBRIDE,True,89.0,,4.5,2,Asnières-sur-Seine,Paris,Asnières-sur-Seine|Paris 17e,2,122,False,False,,6040,1001,7
20260805T190259,A2,v3.4-search-json,2026-08-06T09:00,2026-08-06T20:00,830960,https://fr.getaround.com/location-voiture/paris/renault-twingo-830960,Renault Twingo (2011),2011,Getaround Connect,CITADINE,SEGMENT_RULES,THERMIQUE,True,49.0,,4.19,95,Asnières-sur-Seine,Paris,Asnières-sur-Seine|Paris 17e,2,123,False,False,,7040,1001,5
20260805T190259,A2,v3.4-search-json,2026-08-06T09:00,2026-08-06T20:00,1914172,https://fr.getaround.com/location-voiture/saint-cloud/renault-clio-1914172,Renault Clio (2016),2016,Getaround Connect,CITADINE,SEGMENT_RULES,THERMIQUE,True,68.0,,5.0,7,Puteaux,Saint Cloud,Puteaux|Asnières-sur-Seine|Paris 17e,3,124,False,False,,4330,424,4
20260805T190259,A2,v3.4-search-json,2026-08-06T09:00,2026-08-06T20:00,1895501,https://fr.getaround.com/location-voiture/soisy-sous-montmorency/audi-a3-1895501,Audi A3 (2020),2020,Getaround Connect,COMPACTE,SEGMENT_RULES,THERMIQUE,True,89.0,,5.0,2,Asnières-sur-Seine,Soisy Sous Montmorency,Asnières-sur-Seine,1,124,False,False,,6930,1001,4
20260805T190259,A2,v3.4-search-json,2026-08-06T09:00,2026-08-06T20:00,1934851,https://fr.getaround.com/location-voiture/neuilly-sur-seine/renault-captur-1934851,Renault Captur (2018),2018,Getaround Connect,SUV_COMPACT,SEGMENT_RULES,THERMIQUE,True,78.0,,,,Puteaux,Neuilly Sur Seine,Puteaux|Asnières-sur-Seine|Paris 17e,3,126,False,False,,1670,424,4
20260805T190259,A2,v3.4-search-json,2026-08-06T09:00,2026-08-06T20:00,1839703,https://fr.getaround.com/location-voiture/paris/renault-zoe-1839703,Renault ZOE (2020),2020,Getaround Connect,CITADINE,SEGMENT_RULES,ELECTRIQUE,True,63.0,,4.79,14,Puteaux,Paris,Puteaux|Asnières-sur-Seine|Paris 17e,3,126,False,False,,5510,424,4
20260805T190259,A2,v3.4-search-json,2026-08-06T09:00,2026-08-06T20:00,1745226,https://fr.getaround.com/location-voiture/paris/peugeot-3008-1745226,Peugeot 3008 (2019),2019,Getaround Connect,SUV_FAMILIAL,SEGMENT_RULES,THERMIQUE,True,67.0,,3.75,8,Puteaux,Paris,Puteaux|Asnières-sur-Seine|Paris 17e,3,127,False,False,,7370,424,5
20260805T190259,A2,v3.4-search-json,2026-08-06T09:00,2026-08-06T20:00,1682359,https://fr.getaround.com/location-voiture/gennevilliers/citroen-c4-picasso-1682359,Citroen C4 Picasso (2017),2017,Getaround Connect,MONOSPACE,SEGMENT_RULES,THERMIQUE,True,68.0,,3.67,3,Puteaux,Gennevilliers,Puteaux|Asnières-sur-Seine|Paris 17e,3,127,False,False,,7370,424,9
20260805T190259,A2,v3.4-search-json,2026-08-06T09:00,2026-08-06T20:00,275988,https://fr.getaround.com/location-voiture/courbevoie/toyota-prius-275988,Toyota Prius (2012),2012,Sur rendez-vous,COMPACTE,SEGMENT_RULES,HYBRIDE,False,102.0,,4.83,12,Puteaux,Courbevoie,Puteaux|Asnières-sur-Seine|Paris 17e,3,128,False,False,,1080,424,4
20260805T190259,A2,v3.4-search-json,2026-08-06T09:00,2026-08-06T20:00,1442843,https://fr.getaround.com/location-voiture/paris/citroen-c3-1442843,Citroen C3 (2023),2023,Getaround Connect,CITADINE,SEGMENT_RULES,THERMIQUE,True,77.0,,4.78,41,Puteaux,Paris,Puteaux|Asnières-sur-Seine|Paris 17e,3,128,False,False,,4059,424,4
20260805T190259,A2,v3.4-search-json,2026-08-06T09:00,2026-08-06T20:00,1556430,https://fr.getaround.com/location-voiture/paris/toyota-corolla-break-hybride-1556430,Toyota Corolla Break Hybride (2021),2021,Getaround Connect,BREAK,SEGMENT_RULES,HYBRIDE,True,86.0,,4.79,35,Asnières-sur-Seine,Paris,Asnières-sur-Seine|Paris 17e,2,129,False,False,,6890,1001,6
20260805T190259,A2,v3.4-search-json,2026-08-06T09:00,2026-08-06T20:00,1934966,https://fr.getaround.com/location-voiture/courbevoie/renault-arkana-business-1934966,Renault Arkana Business (2021),2021,Sur rendez-vous,COMPACTE,SEGMENT_RULES,THERMIQUE,False,70.0,,5.0,1,Puteaux,Courbevoie,Puteaux|Asnières-sur-Seine|Paris 17e,3,130,False,False,,1910,424,4
20260805T190259,A2,v3.4-search-json,2026-08-06T09:00,2026-08-06T20:00,1065708,https://fr.getaround.com/location-voiture/paris/peugeot-208-1065708,Peugeot 208 (2015),2015,Getaround Connect,CITADINE,SEGMENT_RULES,THERMIQUE,True,78.0,,4.48,85,Asnières-sur-Seine,Paris,Asnières-sur-Seine|Paris 17e,2,130,False,False,,5100,1001,8
20260805T190259,A2,v3.4-search-json,2026-08-06T09:00,2026-08-06T20:00,1031523,https://fr.getaround.com/location-voiture/paris/fiat-500-1031523,Fiat 500 (2019),2019,Getaround Connect,CITADINE,SEGMENT_RULES,THERMIQUE,True,72.0,,4.98,209,Puteaux,Paris,Puteaux|Asnières-sur-Seine|Paris 17e,3,131,False,False,,4700,424,4
20260805T190259,A2,v3.4-search-json,2026-08-06T09:00,2026-08-06T20:00,1911653,https://fr.getaround.com/location-voiture/asnieres-sur-seine/fiat-500-x-1911653,Fiat 500 X (2018),2018,Sur rendez-vous,CITADINE,SEGMENT_RULES,THERMIQUE,False,78.0,,,,Asnières-sur-Seine,Asnieres Sur Seine,Asnières-sur-Seine|Paris 17e,2,131,False,False,,1510,1001,4
20260805T190259,A2,v3.4-search-json,2026-08-06T09:00,2026-08-06T20:00,1763409,https://fr.getaround.com/location-voiture/paris/volkswagen-polo-1763409,Volkswagen Polo (2018),2018,Getaround Connect,CITADINE,SEGMENT_RULES,THERMIQUE,True,76.0,,5.0,19,Puteaux,Paris,Puteaux|Asnières-sur-Seine|Paris 17e,3,133,False,False,,7840,424,6
20260805T190259,A2,v3.4-search-json,2026-08-06T09:00,2026-08-06T20:00,1670807,https://fr.getaround.com/location-voiture/paris/peugeot-208-1670807,Peugeot 208 (2025),2025,Getaround Connect,CITADINE,SEGMENT_RULES,THERMIQUE,True,81.0,,3.82,17,Puteaux,Paris,Puteaux|Asnières-sur-Seine|Paris 17e,3,134,False,False,,4980,424,5
20260805T190259,A2,v3.4-search-json,2026-08-06T09:00,2026-08-06T20:00,1866470,https://fr.getaround.com/location-voiture/saint-gratien/renault-clio-e-tech-1866470,Renault Clio E-tech (2022),2022,Getaround Connect,CITADINE,SEGMENT_RULES,ELECTRIQUE,True,86.0,,4.95,20,Asnières-sur-Seine,Saint Gratien,Asnières-sur-Seine,1,134,False,False,,4900,1001,4
20260805T190259,A2,v3.4-search-json,2026-08-06T09:00,2026-08-06T20:00,1450226,https://fr.getaround.com/location-voiture/levallois-perret/citroen-c3-picasso-1450226,Citroen C3 Picasso (2013),2013,Sur rendez-vous,MONOSPACE,SEGMENT_RULES,THERMIQUE,False,78.0,,5.0,9,Puteaux,Levallois Perret,Puteaux|Asnières-sur-Seine|Paris 17e,3,136,False,False,,4240,424,8
20260805T190259,A2,v3.4-search-json,2026-08-06T09:00,2026-08-06T20:00,1257542,https://fr.getaround.com/location-voiture/paris/peugeot-208-1257542,Peugeot 208 (2023),2023,Getaround Connect,CITADINE,SEGMENT_RULES,THERMIQUE,True,85.0,,4.43,61,Asnières-sur-Seine,Paris,Asnières-sur-Seine|Paris 17e,2,137,False,False,,5640,1001,8
20260805T190259,A2,v3.4-search-json,2026-08-06T09:00,2026-08-06T20:00,1421288,https://fr.getaround.com/location-voiture/rueil-malmaison/dacia-sandero-1421288,Dacia Sandero (2018),2018,Getaround Connect,CITADINE,SEGMENT_RULES,THERMIQUE,True,57.0,,4.74,42,Puteaux,Rueil Malmaison,Puteaux|Asnières-sur-Seine,2,138,False,False,,5340,424,4
20260805T190259,A2,v3.4-search-json,2026-08-06T09:00,2026-08-06T20:00,1556498,https://fr.getaround.com/location-voiture/paris/toyota-yaris-cross-hybrid-1556498,Toyota Yaris Cross Hybrid (2022),2022,Getaround Connect,SUV_COMPACT,SEGMENT_RULES,HYBRIDE,True,70.0,,4.31,43,Puteaux,Paris,Puteaux|Asnières-sur-Seine|Paris 17e,3,138,False,False,,7460,424,4
20260805T190259,A2,v3.4-search-json,2026-08-06T09:00,2026-08-06T20:00,845066,https://fr.getaround.com/location-voiture/paris/renault-clio-845066,Renault Clio (2018),2018,Getaround Connect,CITADINE,SEGMENT_RULES,THERMIQUE,True,45.0,,4.06,140,Asnières-sur-Seine,Paris,Asnières-sur-Seine|Paris 17e,2,139,False,False,,10220,1001,6
20260805T190259,A2,v3.4-search-json,2026-08-06T09:00,2026-08-06T20:00,1474093,https://fr.getaround.com/location-voiture/la-celle-saint-cloud/toyota-yaris-1474093,Toyota Yaris (2017),2017,Getaround Connect,CITADINE,SEGMENT_RULES,THERMIQUE,True,60.0,,4.71,73,Puteaux,La Celle Saint Cloud,Puteaux|Asnières-sur-Seine,2,140,False,False,,7380,424,4
20260805T190259,A2,v3.4-search-json,2026-08-06T09:00,2026-08-06T20:00,1540709,https://fr.getaround.com/location-voiture/paris/kia-niro-hybride-1540709,Kia Niro Hybride (2024),2024,Sur rendez-vous,SUV_COMPACT,SEGMENT_RULES,HYBRIDE,False,107.0,,5.0,5,Asnières-sur-Seine,Paris,Asnières-sur-Seine|Paris 17e,2,140,False,False,,4490,1001,6
20260805T190259,A2,v3.4-search-json,2026-08-06T09:00,2026-08-06T20:00,1882597,https://fr.getaround.com/location-voiture/paris/peugeot-208-1882597,Peugeot 208 (2025),2025,Getaround Connect,CITADINE,SEGMENT_RULES,THERMIQUE,True,86.0,,5.0,3,Puteaux,Paris,Puteaux|Asnières-sur-Seine|Paris 17e,3,142,False,False,,4730,424,4
20260805T190259,A2,v3.4-search-json,2026-08-06T09:00,2026-08-06T20:00,1867917,https://fr.getaround.com/location-voiture/paris/toyota-yaris-5-door-l-1867917,Toyota Yaris 5-Door L (2020),2020,Getaround Connect,CITADINE,SEGMENT_RULES,THERMIQUE,True,76.0,,4.8,5,Asnières-sur-Seine,Paris,Asnières-sur-Seine|Paris 17e,2,142,False,False,,7420,1001,5
20260805T190259,A2,v3.4-search-json,2026-08-06T09:00,2026-08-06T20:00,1224557,https://fr.getaround.com/location-voiture/issy-les-moulineaux/peugeot-208-1224557,Peugeot 208 (2023),2023,Getaround Connect,CITADINE,SEGMENT_RULES,THERMIQUE,True,50.0,,4.39,81,Puteaux,Issy Les Moulineaux,Puteaux|Asnières-sur-Seine|Paris 17e,3,143,False,False,,7150,424,4
20260805T190259,A2,v3.4-search-json,2026-08-06T09:00,2026-08-06T20:00,1401206,https://fr.getaround.com/location-voiture/paris/dacia-sandero-expression-1401206,Dacia Sandero Expression (2023),2023,Getaround Connect,CITADINE,SEGMENT_RULES,THERMIQUE,True,77.0,,5.0,42,Puteaux,Paris,Puteaux|Asnières-sur-Seine|Paris 17e,3,143,False,False,,5330,424,5
20260805T190259,A2,v3.4-search-json,2026-08-06T09:00,2026-08-06T20:00,1752944,https://fr.getaround.com/location-voiture/saint-gratien/renault-clio-e-tech-1752944,Renault Clio E-tech (2022),2022,Getaround Connect,CITADINE,SEGMENT_RULES,ELECTRIQUE,True,86.0,,4.94,31,Asnières-sur-Seine,Saint Gratien,Asnières-sur-Seine,1,143,False,False,,4900,1001,4
20260805T190259,A2,v3.4-search-json,2026-08-06T09:00,2026-08-06T20:00,1433801,https://fr.getaround.com/location-voiture/montmagny/renault-clio-1433801,Renault Clio (2013),2013,Getaround Connect,CITADINE,SEGMENT_RULES,THERMIQUE,True,54.0,,4.95,40,Asnières-sur-Seine,Montmagny,Asnières-sur-Seine,1,144,False,False,,7710,1001,4
20260805T190259,A2,v3.4-search-json,2026-08-06T09:00,2026-08-06T20:00,820941,https://fr.getaround.com/location-voiture/paris/renault-clio-820941,Renault Clio (2017),2017,Getaround Connect,CITADINE,SEGMENT_RULES,THERMIQUE,True,72.0,,4.71,158,Asnières-sur-Seine,Paris,Asnières-sur-Seine|Paris 17e,2,144,False,False,,7500,1001,6
20260805T190259,A2,v3.4-search-json,2026-08-06T09:00,2026-08-06T20:00,1432561,https://fr.getaround.com/location-voiture/paris/citroen-c3-1432561,Citroen C3 (2023),2023,Getaround Connect,CITADINE,SEGMENT_RULES,THERMIQUE,True,77.0,,4.42,39,Puteaux,Paris,Puteaux|Asnières-sur-Seine|Paris 17e,3,145,False,False,,4240,424,4
20260805T190259,A2,v3.4-search-json,2026-08-06T09:00,2026-08-06T20:00,958409,https://fr.getaround.com/location-voiture/gennevilliers/renault-twingo-958409,Renault Twingo (2021),2021,Sur rendez-vous,CITADINE,SEGMENT_RULES,THERMIQUE,False,52.0,,,,Asnières-sur-Seine,Gennevilliers,Asnières-sur-Seine|Paris 17e,2,145,False,False,,1140,1001,4
20260805T190259,A2,v3.4-search-json,2026-08-06T09:00,2026-08-06T20:00,1851245,https://fr.getaround.com/location-voiture/paris/renault-clio-1851245,Renault Clio (2018),2018,Getaround Connect,CITADINE,SEGMENT_RULES,THERMIQUE,True,44.0,,3.86,7,Asnières-sur-Seine,Paris,Asnières-sur-Seine|Paris 17e,2,145,False,False,,9510,1001,4
20260805T190259,A2,v3.4-search-json,2026-08-06T09:00,2026-08-06T20:00,680037,https://fr.getaround.com/location-voiture/saint-cloud/peugeot-5008-680037,Peugeot 5008 (2020),2020,Sur rendez-vous,MONOSPACE,SEGMENT_RULES,THERMIQUE,False,134.0,,4.96,51,Puteaux,Saint Cloud,Puteaux|Asnières-sur-Seine,2,146,False,False,,5510,424,4
20260805T190259,A2,v3.4-search-json,2026-08-06T09:00,2026-08-06T20:00,1787695,https://fr.getaround.com/location-voiture/paris/peugeot-208-1787695,Peugeot 208 (2025),2025,Getaround Connect,CITADINE,SEGMENT_RULES,THERMIQUE,True,81.0,,3.5,14,Puteaux,Paris,Puteaux|Asnières-sur-Seine|Paris 17e,3,146,False,False,,5330,424,6
20260805T190259,A2,v3.4-search-json,2026-08-06T09:00,2026-08-06T20:00,839114,https://fr.getaround.com/location-voiture/paris/dacia-sandero-839114,Dacia Sandero (2014),2014,Getaround Connect,CITADINE,SEGMENT_RULES,THERMIQUE,True,50.0,,3.92,91,Asnières-sur-Seine,Paris,Asnières-sur-Seine|Paris 17e,2,147,False,False,,7040,1001,5
20260805T190259,A2,v3.4-search-json,2026-08-06T09:00,2026-08-06T20:00,1655119,https://fr.getaround.com/location-voiture/saint-gratien/renault-clio-e-tech-1655119,Renault Clio E-tech (2022),2022,Getaround Connect,CITADINE,SEGMENT_RULES,ELECTRIQUE,True,86.0,,4.75,20,Asnières-sur-Seine,Saint Gratien,Asnières-sur-Seine,1,148,False,False,,4900,1001,4
20260805T190259,A2,v3.4-search-json,2026-08-06T09:00,2026-08-06T20:00,1323651,https://fr.getaround.com/location-voiture/paris/renault-twingo-1323651,Renault Twingo (2020),2020,Getaround Connect,CITADINE,SEGMENT_RULES,THERMIQUE,True,45.0,,4.58,75,Asnières-sur-Seine,Paris,Asnières-sur-Seine|Paris 17e,2,148,False,False,,11370,1001,5
20260805T190259,A2,v3.4-search-json,2026-08-06T09:00,2026-08-06T20:00,1829324,https://fr.getaround.com/location-voiture/boulogne-billancourt/fiat-panda-1829324,Fiat Panda (2016),2016,Getaround Connect,MICRO_CITADINE,SEGMENT_RULES,THERMIQUE,True,69.0,,4.97,30,Puteaux,Boulogne Billancourt,Puteaux|Asnières-sur-Seine|Paris 17e,3,149,False,False,,4720,424,4
20260805T190259,A2,v3.4-search-json,2026-08-06T09:00,2026-08-06T20:00,820937,https://fr.getaround.com/location-voiture/paris/renault-clio-820937,Renault Clio (2017),2017,Getaround Connect,CITADINE,SEGMENT_RULES,THERMIQUE,True,72.0,,4.54,128,Puteaux,Paris,Puteaux|Asnières-sur-Seine|Paris 17e,3,150,False,False,,5790,424,4
20260805T190259,A2,v3.4-search-json,2026-08-06T09:00,2026-08-06T20:00,1938974,https://fr.getaround.com/location-voiture/asnieres-sur-seine/volkswagen-t-cross-1938974,Volkswagen T-Cross (2019),2019,Sur rendez-vous,SUV_COMPACT,SEGMENT_RULES,THERMIQUE,False,119.0,,,,Asnières-sur-Seine,Asnieres Sur Seine,Asnières-sur-Seine|Paris 17e,2,150,False,False,,110,1001,4
20260805T190259,A2,v3.4-search-json,2026-08-06T09:00,2026-08-06T20:00,663094,https://fr.getaround.com/location-voiture/saint-ouen-sur-seine/skoda-fabia-663094,Skoda Fabia (2020),2020,Getaround Connect,CITADINE,SEGMENT_RULES,THERMIQUE,True,86.0,,4.93,232,Asnières-sur-Seine,Saint Ouen Sur Seine,Asnières-sur-Seine|Paris 17e,2,151,False,False,,3680,1001,4
20260805T190259,A2,v3.4-search-json,2026-08-06T09:00,2026-08-06T20:00,1600714,https://fr.getaround.com/location-voiture/boulogne-billancourt/peugeot-2008-1600714,Peugeot 2008 (2023),2023,Getaround Connect,SUV_COMPACT,SEGMENT_RULES,THERMIQUE,True,69.0,,4.27,37,Puteaux,Boulogne Billancourt,Puteaux|Asnières-sur-Seine|Paris 17e,3,152,False,False,,5480,424,4
20260805T190259,A2,v3.4-search-json,2026-08-06T09:00,2026-08-06T20:00,1293678,https://fr.getaround.com/location-voiture/paris/toyota-yaris-cross-hybrid-1293678,Toyota Yaris Cross Hybrid (2021),2021,Getaround Connect,SUV_COMPACT,SEGMENT_RULES,HYBRIDE,True,88.0,,4.69,67,Asnières-sur-Seine,Paris,Asnières-sur-Seine|Paris 17e,2,152,False,False,,6890,1001,8
20260805T190259,A2,v3.4-search-json,2026-08-06T09:00,2026-08-06T20:00,985160,https://fr.getaround.com/location-voiture/paris/peugeot-208-985160,Peugeot 208 (2021),2021,Getaround Connect,CITADINE,SEGMENT_RULES,THERMIQUE,True,45.0,,3.82,61,Asnières-sur-Seine,Paris,Asnières-sur-Seine|Paris 17e,2,153,False,False,,8750,1001,5
20260805T190259,A2,v3.4-search-json,2026-08-06T09:00,2026-08-06T20:00,1820985,https://fr.getaround.com/location-voiture/issy-les-moulineaux/peugeot-208-1820985,Peugeot 208 (2017),2017,Getaround Connect,CITADINE,SEGMENT_RULES,THERMIQUE,True,52.0,,4.73,30,Puteaux,Issy Les Moulineaux,Puteaux|Paris 17e,2,154,False,False,,6760,424,4
20260805T190259,A2,v3.4-search-json,2026-08-06T09:00,2026-08-06T20:00,1572123,https://fr.getaround.com/location-voiture/clichy/mini-clubman-cooper-1572123,Mini Clubman Cooper (2019),2019,Sur rendez-vous,BREAK,SEGMENT_RULES,THERMIQUE,False,88.0,,4.77,31,Puteaux,Clichy,Puteaux|Asnières-sur-Seine|Paris 17e,3,154,False,False,,5230,424,8
20260805T190259,A2,v3.4-search-json,2026-08-06T09:00,2026-08-06T20:00,722942,https://fr.getaround.com/location-voiture/paris/renault-clio-722942,Renault Clio (2018),2018,Getaround Connect,CITADINE,SEGMENT_RULES,THERMIQUE,True,72.0,,4.68,149,Asnières-sur-Seine,Paris,Asnières-sur-Seine|Paris 17e,2,154,False,False,,7500,1001,6
20260805T190259,A2,v3.4-search-json,2026-08-06T09:00,2026-08-06T20:00,1764530,https://fr.getaround.com/location-voiture/bois-colombes/renault-clio-1764530,Renault Clio (2016),2016,Sur rendez-vous,CITADINE,SEGMENT_RULES,THERMIQUE,False,63.0,,,,Asnières-sur-Seine,Bois Colombes,Asnières-sur-Seine|Paris 17e,2,155,False,False,,1050,1001,4
20260805T190259,A2,v3.4-search-json,2026-08-06T09:00,2026-08-06T20:00,1896824,https://fr.getaround.com/location-voiture/paris/peugeot-208-1896824,Peugeot 208 (2019),2019,Getaround Connect,CITADINE,SEGMENT_RULES,THERMIQUE,True,76.0,,4.71,7,Asnières-sur-Seine,Paris,Asnières-sur-Seine|Paris 17e,2,155,False,False,,6570,1001,6
20260805T190259,A2,v3.4-search-json,2026-08-06T09:00,2026-08-06T20:00,1820987,https://fr.getaround.com/location-voiture/boulogne-billancourt/peugeot-208-1820987,Peugeot 208 (2015),2015,Getaround Connect,CITADINE,SEGMENT_RULES,THERMIQUE,True,55.0,,4.47,17,Puteaux,Boulogne Billancourt,Puteaux|Asnières-sur-Seine|Paris 17e,3,156,False,False,,5930,424,4
20260805T190259,A2,v3.4-search-json,2026-08-06T09:00,2026-08-06T20:00,1465545,https://fr.getaround.com/location-voiture/boulogne-billancourt/toyota-c-hr-1465545,Toyota C-HR (2022),2022,Getaround Connect,SUV_COMPACT,SEGMENT_RULES,THERMIQUE,True,84.0,,4.9,10,Puteaux,Boulogne Billancourt,Puteaux|Asnières-sur-Seine|Paris 17e,3,158,False,False,,5390,424,4
20260805T190259,A2,v3.4-search-json,2026-08-06T09:00,2026-08-06T20:00,1388274,https://fr.getaround.com/location-voiture/boulogne-billancourt/toyota-yaris-hybride-1388274,Toyota Yaris Hybride (2021),2021,Getaround Connect,CITADINE,SEGMENT_RULES,HYBRIDE,True,70.0,,4.8,48,Puteaux,Boulogne Billancourt,Puteaux|Asnières-sur-Seine|Paris 17e,3,159,False,False,,5390,424,4
20260805T190259,A2,v3.4-search-json,2026-08-06T09:00,2026-08-06T20:00,1784194,https://fr.getaround.com/location-voiture/gennevilliers/tesla-model-y-performance-1784194,Tesla Model Y Performance (2023),2023,Sur rendez-vous,SUV_FAMILIAL,SEGMENT_RULES,ELECTRIQUE,False,171.0,,,,Puteaux,Gennevilliers,Puteaux|Asnières-sur-Seine|Paris 17e,3,159,False,False,,5490,424,10
20260805T190259,A2,v3.4-search-json,2026-08-06T09:00,2026-08-06T20:00,1795325,https://fr.getaround.com/location-voiture/paris/renault-megane-e-tech-electrique-1795325,Renault Mégane E-tech Électrique (2022),2022,Getaround Connect,COMPACTE,SEGMENT_RULES,ELECTRIQUE,True,94.0,,5.0,2,Puteaux,Paris,Puteaux|Asnières-sur-Seine|Paris 17e,3,160,False,False,,6700,424,6
20260805T190259,A2,v3.4-search-json,2026-08-06T09:00,2026-08-06T20:00,1934283,https://fr.getaround.com/location-voiture/paris/peugeot-208-1934283,Peugeot 208 (2026),2026,Getaround Connect,CITADINE,SEGMENT_RULES,THERMIQUE,True,70.0,,,,Puteaux,Paris,Puteaux|Asnières-sur-Seine|Paris 17e,3,161,False,False,,6450,424,5
20260805T190259,A2,v3.4-search-json,2026-08-06T09:00,2026-08-06T20:00,1675050,https://fr.getaround.com/location-voiture/argenteuil/toyota-aygo-x-1675050,Toyota Aygo X (2025),2025,Getaround Connect,MICRO_CITADINE,SEGMENT_RULES,THERMIQUE,True,72.0,,5.0,1,Asnières-sur-Seine,Argenteuil,Asnières-sur-Seine,1,161,False,False,,4380,1001,5
20260805T190259,A2,v3.4-search-json,2026-08-06T09:00,2026-08-06T20:00,1415561,https://fr.getaround.com/location-voiture/paris/fiat-500-1415561,Fiat 500 (2016),2016,Getaround Connect,CITADINE,SEGMENT_RULES,THERMIQUE,True,64.0,,4.41,17,Asnières-sur-Seine,Paris,Asnières-sur-Seine|Paris 17e,2,161,False,False,,7270,1001,6
20260805T190259,A2,v3.4-search-json,2026-08-06T09:00,2026-08-06T20:00,1272663,https://fr.getaround.com/location-voiture/paris/toyota-corolla-hybride-1272663,Toyota Corolla Hybride (2022),2022,Getaround Connect,COMPACTE,SEGMENT_RULES,HYBRIDE,True,103.0,,4.55,57,Asnières-sur-Seine,Paris,Asnières-sur-Seine|Paris 17e,2,162,False,False,,6340,1001,8
20260805T190259,A2,v3.4-search-json,2026-08-06T09:00,2026-08-06T20:00,1846026,https://fr.getaround.com/location-voiture/boulogne-billancourt/nissan-micra-1846026,Nissan Micra (2014),2014,Getaround Connect,CITADINE,SEGMENT_RULES,THERMIQUE,True,64.0,,5.0,9,Puteaux,Boulogne Billancourt,Puteaux|Asnières-sur-Seine|Paris 17e,3,163,False,False,,5080,424,5
20260805T190259,A2,v3.4-search-json,2026-08-06T09:00,2026-08-06T20:00,1007447,https://fr.getaround.com/location-voiture/paris/fiat-500-1007447,Fiat 500 (2012),2012,Getaround Connect,CITADINE,SEGMENT_RULES,THERMIQUE,True,53.0,,3.87,56,Asnières-sur-Seine,Paris,Asnières-sur-Seine|Paris 17e,2,163,False,False,,7040,1001,5
20260805T190259,A2,v3.4-search-json,2026-08-06T09:00,2026-08-06T20:00,1734856,https://fr.getaround.com/location-voiture/paris/renault-clio-e-tech-1734856,Renault Clio E-tech (2021),2021,Sur rendez-vous,CITADINE,SEGMENT_RULES,ELECTRIQUE,False,78.0,,5.0,17,Puteaux,Paris,Puteaux|Asnières-sur-Seine|Paris 17e,3,164,False,False,,5600,424,5
20260805T190259,A2,v3.4-search-json,2026-08-06T09:00,2026-08-06T20:00,1536756,https://fr.getaround.com/location-voiture/rueil-malmaison/citroen-c4-cactus-1536756,Citroen C4 Cactus (2017),2017,Getaround Connect,COMPACTE,SEGMENT_RULES,THERMIQUE,True,64.0,,4.41,39,Puteaux,Rueil Malmaison,Puteaux|Asnières-sur-Seine,2,165,False,False,,5410,424,5
20260805T190259,A2,v3.4-search-json,2026-08-06T09:00,2026-08-06T20:00,1681647,https://fr.getaround.com/location-voiture/paris/peugeot-3008-1681647,Peugeot 3008 (2020),2020,Getaround Connect,SUV_FAMILIAL,SEGMENT_RULES,THERMIQUE,True,73.0,,3.86,21,Puteaux,Paris,Puteaux|Asnières-sur-Seine|Paris 17e,3,165,False,False,,5420,424,5
20260805T190259,A2,v3.4-search-json,2026-08-06T09:00,2026-08-06T20:00,1887176,https://fr.getaround.com/location-voiture/paris/renault-5-e-tech-1887176,Renault 5 E-Tech (2025),2025,Getaround Connect,CITADINE,SEGMENT_RULES,ELECTRIQUE,True,67.0,,5.0,2,Asnières-sur-Seine,Paris,Asnières-sur-Seine|Paris 17e,2,165,False,False,,11530,1001,5
20260805T190259,A2,v3.4-search-json,2026-08-06T09:00,2026-08-06T20:00,1612903,https://fr.getaround.com/location-voiture/rueil-malmaison/toyota-aygo-1612903,Toyota Aygo (2018),2018,Sur rendez-vous,MICRO_CITADINE,SEGMENT_RULES,THERMIQUE,False,61.0,,4.8,15,Puteaux,Rueil Malmaison,Puteaux|Asnières-sur-Seine,2,166,False,False,,4810,424,5
20260805T190259,A2,v3.4-search-json,2026-08-06T09:00,2026-08-06T20:00,1570956,https://fr.getaround.com/location-voiture/bois-colombes/citroen-c4-1570956,Citroen C4 (2018),2018,Sur rendez-vous,COMPACTE,SEGMENT_RULES,THERMIQUE,False,75.0,,,,Asnières-sur-Seine,Bois Colombes,Asnières-sur-Seine|Paris 17e,2,166,False,False,,1200,1001,5
20260805T190259,A2,v3.4-search-json,2026-08-06T09:00,2026-08-06T20:00,667320,https://fr.getaround.com/location-voiture/paris/renault-clio-667320,Renault Clio (2017),2017,Getaround Connect,CITADINE,SEGMENT_RULES,THERMIQUE,True,45.0,,4.5,166,Paris 17e,Paris,Paris 17e,1,166,False,False,,7890,871,5
20260805T190259,A2,v3.4-search-json,2026-08-06T09:00,2026-08-06T20:00,1220297,https://fr.getaround.com/location-voiture/paris/fiat-500-1220297,Fiat 500 (2012),2012,Getaround Connect,CITADINE,SEGMENT_RULES,THERMIQUE,True,53.0,,3.76,38,Asnières-sur-Seine,Paris,Asnières-sur-Seine|Paris 17e,2,167,False,False,,7040,1001,6
20260805T190259,A2,v3.4-search-json,2026-08-06T09:00,2026-08-06T20:00,1343877,https://fr.getaround.com/location-voiture/sartrouville/renault-clio-1343877,Renault Clio (2015),2015,Getaround Connect,CITADINE,SEGMENT_RULES,THERMIQUE,True,54.0,,5.0,23,Puteaux,Sartrouville,Puteaux,1,168,False,False,,8460,424,5
20260805T190259,A2,v3.4-search-json,2026-08-06T09:00,2026-08-06T20:00,1701259,https://fr.getaround.com/location-voiture/saint-gratien/renault-clio-e-tech-1701259,Renault Clio E-tech (2021),2021,Getaround Connect,CITADINE,SEGMENT_RULES,ELECTRIQUE,True,86.0,,4.56,16,Asnières-sur-Seine,Saint Gratien,Asnières-sur-Seine,1,168,False,False,,4900,1001,5
20260805T190259,A2,v3.4-search-json,2026-08-06T09:00,2026-08-06T20:00,1219241,https://fr.getaround.com/location-voiture/paris/peugeot-208-1219241,Peugeot 208 (2023),2023,Getaround Connect,CITADINE,SEGMENT_RULES,THERMIQUE,True,85.0,,3.89,48,Asnières-sur-Seine,Paris,Asnières-sur-Seine|Paris 17e,2,168,False,False,,6220,1001,11
20260805T190259,A2,v3.4-search-json,2026-08-06T09:00,2026-08-06T20:00,1935150,https://fr.getaround.com/location-voiture/bezons/renault-clio-1935150,Renault Clio (2012),2012,Sur rendez-vous,CITADINE,SEGMENT_RULES,THERMIQUE,False,56.0,,5.0,1,Puteaux,Bezons,Puteaux|Asnières-sur-Seine|Paris 17e,3,169,False,False,,4580,424,5
20260805T190259,A2,v3.4-search-json,2026-08-06T09:00,2026-08-06T20:00,1078159,https://fr.getaround.com/location-voiture/paris/renault-twingo-1078159,Renault Twingo (2015),2015,Getaround Connect,CITADINE,SEGMENT_RULES,THERMIQUE,True,50.0,,4.07,38,Asnières-sur-Seine,Paris,Asnières-sur-Seine|Paris 17e,2,169,False,False,,7040,1001,8
20260805T190259,A2,v3.4-search-json,2026-08-06T09:00,2026-08-06T20:00,1298895,https://fr.getaround.com/location-voiture/paris/peugeot-208-1298895,Peugeot 208 (2023),2023,Getaround Connect,CITADINE,SEGMENT_RULES,THERMIQUE,True,77.0,,4.41,59,Puteaux,Paris,Puteaux|Asnières-sur-Seine|Paris 17e,3,171,False,False,,6030,424,5
20260805T190259,A2,v3.4-search-json,2026-08-06T09:00,2026-08-06T20:00,1895424,https://fr.getaround.com/location-voiture/paris/peugeot-208-1895424,Peugeot 208 (2025),2025,Getaround Connect,CITADINE,SEGMENT_RULES,THERMIQUE,True,91.0,,4.8,5,Asnières-sur-Seine,Paris,Asnières-sur-Seine|Paris 17e,2,171,False,False,,6090,1001,7
20260805T190259,A2,v3.4-search-json,2026-08-06T09:00,2026-08-06T20:00,685736,https://fr.getaround.com/location-voiture/saint-cloud/nissan-qashqai-2-685736,Nissan Qashqai+2 (2014),2014,Sur rendez-vous,SUV_COMPACT,SEGMENT_RULES,THERMIQUE,False,58.0,,4.99,112,Puteaux,Saint Cloud,Puteaux|Asnières-sur-Seine,2,172,False,False,,4390,424,5
20260805T190259,A2,v3.4-search-json,2026-08-06T09:00,2026-08-06T20:00,1894949,https://fr.getaround.com/location-voiture/asnieres-sur-seine/citroen-c1-ii-1894949,Citroen C1 II (2017),2017,Sur rendez-vous,MICRO_CITADINE,SEGMENT_RULES,THERMIQUE,False,73.0,,5.0,1,Puteaux,Asnieres Sur Seine,Puteaux|Asnières-sur-Seine|Paris 17e,3,172,False,False,,6360,424,10
20260805T190259,A2,v3.4-search-json,2026-08-06T09:00,2026-08-06T20:00,1944362,https://fr.getaround.com/location-voiture/colombes/renault-clio-1944362,Renault Clio (2011),2011,Sur rendez-vous,CITADINE,SEGMENT_RULES,THERMIQUE,False,62.0,,,,Puteaux,Colombes,Puteaux|Asnières-sur-Seine|Paris 17e,3,173,False,False,,5820,424,9
20260805T190259,A2,v3.4-search-json,2026-08-06T09:00,2026-08-06T20:00,776791,https://fr.getaround.com/location-voiture/paris/dacia-sandero-776791,Dacia Sandero (2017),2017,Getaround Connect,CITADINE,SEGMENT_RULES,THERMIQUE,True,55.0,,4.09,71,Asnières-sur-Seine,Paris,Asnières-sur-Seine|Paris 17e,2,173,False,False,,7040,1001,7
20260805T190259,A2,v3.4-search-json,2026-08-06T09:00,2026-08-06T20:00,1931412,https://fr.getaround.com/location-voiture/suresnes/toyota-yaris-5-door-l-1931412,Toyota Yaris 5-Door L (2019),2019,Getaround Connect,CITADINE,SEGMENT_RULES,THERMIQUE,True,72.0,,,,Puteaux,Suresnes,Puteaux|Asnières-sur-Seine|Paris 17e,3,174,False,False,,2240,424,5
20260805T190259,A2,v3.4-search-json,2026-08-06T09:00,2026-08-06T20:00,820511,https://fr.getaround.com/location-voiture/paris/citroen-c4-cactus-820511,Citroen C4 Cactus (2016),2016,Getaround Connect,COMPACTE,SEGMENT_RULES,THERMIQUE,True,55.0,,4.28,137,Asnières-sur-Seine,Paris,Asnières-sur-Seine|Paris 17e,2,174,False,False,,7150,1001,8
20260805T190259,A2,v3.4-search-json,2026-08-06T09:00,2026-08-06T20:00,213631,https://fr.getaround.com/location-voiture/clichy/audi-a1-213631,Audi A1 (2011),2011,Sur rendez-vous,CITADINE,SEGMENT_RULES,THERMIQUE,False,69.0,,4.75,10,Asnières-sur-Seine,Clichy,Asnières-sur-Seine|Paris 17e,2,175,False,False,,1790,1001,5
20260805T190259,A2,v3.4-search-json,2026-08-06T09:00,2026-08-06T20:00,1589894,https://fr.getaround.com/location-voiture/paris/peugeot-2008-1589894,Peugeot 2008 (2023),2023,Getaround Connect,SUV_COMPACT,SEGMENT_RULES,THERMIQUE,True,69.0,,3.89,33,Asnières-sur-Seine,Paris,Asnières-sur-Seine|Paris 17e,2,175,False,False,,7920,1001,7
20260805T190259,A2,v3.4-search-json,2026-08-06T09:00,2026-08-06T20:00,1356035,https://fr.getaround.com/location-voiture/paris/renault-clio-1356035,Renault Clio (2021),2021,Getaround Connect,CITADINE,SEGMENT_RULES,THERMIQUE,True,76.0,,4.78,82,Puteaux,Paris,Puteaux|Asnières-sur-Seine|Paris 17e,3,176,False,False,,5380,424,5
20260805T190259,A2,v3.4-search-json,2026-08-06T09:00,2026-08-06T20:00,1808710,https://fr.getaround.com/location-voiture/courbevoie/peugeot-2008-1808710,Peugeot 2008 (2020),2020,Sur rendez-vous,SUV_COMPACT,SEGMENT_RULES,THERMIQUE,True,154.0,,4.25,4,Puteaux,Courbevoie,Puteaux|Asnières-sur-Seine|Paris 17e,3,177,False,False,,1440,424,5
20260805T190259,A2,v3.4-search-json,2026-08-06T09:00,2026-08-06T20:00,1650447,https://fr.getaround.com/location-voiture/paris/volkswagen-t-cross-1650447,Volkswagen T-Cross (2024),2024,Getaround Connect,SUV_COMPACT,SEGMENT_RULES,THERMIQUE,True,73.0,,4.86,37,Asnières-sur-Seine,Paris,Asnières-sur-Seine|Paris 17e,2,177,False,False,,7470,1001,5
20260805T190259,A2,v3.4-search-json,2026-08-06T09:00,2026-08-06T20:00,1806943,https://fr.getaround.com/location-voiture/paris/fiat-500-hybride-1806943,Fiat 500 Hybride (2022),2022,Getaround Connect,CITADINE,SEGMENT_RULES,HYBRIDE,True,49.0,,4.42,12,Asnières-sur-Seine,Paris,Asnières-sur-Seine|Paris 17e,2,177,False,False,,8990,1001,7
20260805T190259,A2,v3.4-search-json,2026-08-06T09:00,2026-08-06T20:00,1780182,https://fr.getaround.com/location-voiture/paris/citroen-c4-grand-spacetourer-1780182,Citroen C4 Grand Spacetourer (2020),2020,Getaround Connect,COMPACTE,SEGMENT_RULES,THERMIQUE,True,85.0,,4.71,17,Puteaux,Paris,Puteaux|Asnières-sur-Seine|Paris 17e,3,178,False,False,,7370,424,6
20260805T190259,A2,v3.4-search-json,2026-08-06T09:00,2026-08-06T20:00,1835792,https://fr.getaround.com/location-voiture/boulogne-billancourt/toyota-aygo-ii-1835792,Toyota Aygo II (2019),2019,Getaround Connect,MICRO_CITADINE,SEGMENT_RULES,THERMIQUE,True,70.0,,4.92,13,Puteaux,Boulogne Billancourt,Puteaux|Asnières-sur-Seine|Paris 17e,3,179,False,False,,4490,424,5
20260805T190259,A2,v3.4-search-json,2026-08-06T09:00,2026-08-06T20:00,1007375,https://fr.getaround.com/location-voiture/paris/citroen-c3-1007375,Citroen C3 (2022),2022,Getaround Connect,CITADINE,SEGMENT_RULES,THERMIQUE,True,45.0,,4.23,84,Asnières-sur-Seine,Paris,Asnières-sur-Seine|Paris 17e,2,179,False,False,,8750,1001,5
20260805T190259,A2,v3.4-search-json,2026-08-06T09:00,2026-08-06T20:00,1806475,https://fr.getaround.com/location-voiture/paris/dacia-lodgy-1806475,Dacia Lodgy (2018),2018,Getaround Connect,MONOSPACE,SEGMENT_RULES,THERMIQUE,True,64.0,,4.21,14,Puteaux,Paris,Puteaux|Asnières-sur-Seine|Paris 17e,3,180,False,False,,7460,424,5
20260805T190259,A2,v3.4-search-json,2026-08-06T09:00,2026-08-06T20:00,994695,https://fr.getaround.com/location-voiture/paris/renault-twingo-994695,Renault Twingo (2017),2017,Getaround Connect,CITADINE,SEGMENT_RULES,THERMIQUE,True,60.0,,4.77,90,Puteaux,Paris,Puteaux|Asnières-sur-Seine|Paris 17e,3,181,False,False,,7860,424,6
20260805T190259,A2,v3.4-search-json,2026-08-06T09:00,2026-08-06T20:00,1442840,https://fr.getaround.com/location-voiture/paris/citroen-c3-1442840,Citroen C3 (2023),2023,Getaround Connect,CITADINE,SEGMENT_RULES,THERMIQUE,True,77.0,,4.62,53,Puteaux,Paris,Puteaux|Asnières-sur-Seine|Paris 17e,3,182,False,False,,4880,424,5
20260805T190259,A2,v3.4-search-json,2026-08-06T09:00,2026-08-06T20:00,1902907,https://fr.getaround.com/location-voiture/colombes/peugeot-108-1902907,Peugeot 108 (2016),2016,Sur rendez-vous,MICRO_CITADINE,SEGMENT_RULES,THERMIQUE,False,61.0,,,,Puteaux,Colombes,Puteaux|Asnières-sur-Seine|Paris 17e,3,182,False,False,,4330,424,8
20260805T190259,A2,v3.4-search-json,2026-08-06T09:00,2026-08-06T20:00,1323004,https://fr.getaround.com/location-voiture/paris/toyota-corolla-hybride-1323004,Toyota Corolla Hybride (2020),2020,Getaround Connect,COMPACTE,SEGMENT_RULES,HYBRIDE,True,98.0,,4.22,39,Asnières-sur-Seine,Paris,Asnières-sur-Seine|Paris 17e,2,182,False,False,,6780,1001,10
20260805T190259,A2,v3.4-search-json,2026-08-06T09:00,2026-08-06T20:00,1296795,https://fr.getaround.com/location-voiture/nanterre/suzuki-baleno-1296795,Suzuki Baleno (2017),2017,Sur rendez-vous,COMPACTE,SEGMENT_RULES,THERMIQUE,False,81.0,,,,Puteaux,Nanterre,Puteaux|Asnières-sur-Seine|Paris 17e,3,184,False,False,,1420,424,5
20260805T190259,A2,v3.4-search-json,2026-08-06T09:00,2026-08-06T20:00,1356052,https://fr.getaround.com/location-voiture/paris/renault-clio-1356052,Renault Clio (2021),2021,Getaround Connect,CITADINE,SEGMENT_RULES,THERMIQUE,True,76.0,,4.59,58,Asnières-sur-Seine,Paris,Asnières-sur-Seine|Paris 17e,2,184,False,False,,6780,1001,7
20260805T190259,A2,v3.4-search-json,2026-08-06T09:00,2026-08-06T20:00,1787205,https://fr.getaround.com/location-voiture/paris/smart-fortwo-passion-1787205,Smart Fortwo Passion (2016),2016,Sur rendez-vous,MICRO_CITADINE,SEGMENT_RULES,THERMIQUE,False,73.0,,5.0,4,Puteaux,Paris,Puteaux|Asnières-sur-Seine|Paris 17e,3,185,False,False,,4200,424,9
20260805T190259,A2,v3.4-search-json,2026-08-06T09:00,2026-08-06T20:00,1855714,https://fr.getaround.com/location-voiture/eaubonne/ford-fiesta-1855714,Ford Fiesta (2016),2016,Sur rendez-vous,CITADINE,SEGMENT_RULES,THERMIQUE,True,46.0,,5.0,2,Asnières-sur-Seine,Eaubonne,Asnières-sur-Seine,1,185,False,False,,8690,1001,5
20260805T190259,A2,v3.4-search-json,2026-08-06T09:00,2026-08-06T20:00,1400423,https://fr.getaround.com/location-voiture/argenteuil/peugeot-208-1400423,Peugeot 208 (2020),2020,Getaround Connect,CITADINE,SEGMENT_RULES,THERMIQUE,True,76.0,,4.59,37,Puteaux,Argenteuil,Puteaux|Asnières-sur-Seine,2,186,False,False,,7270,424,6
20260805T190259,A2,v3.4-search-json,2026-08-06T09:00,2026-08-06T20:00,1680745,https://fr.getaround.com/location-voiture/paris/citroen-c3-1680745,Citroen C3 (2024),2024,Sur rendez-vous,CITADINE,SEGMENT_RULES,THERMIQUE,False,89.0,,5.0,1,Asnières-sur-Seine,Paris,Asnières-sur-Seine|Paris 17e,2,186,False,False,,3040,1001,14
20260805T190259,A2,v3.4-search-json,2026-08-06T09:00,2026-08-06T20:00,1751232,https://fr.getaround.com/location-voiture/argenteuil/peugeot-208-1751232,Peugeot 208 (2013),2013,Sur rendez-vous,CITADINE,SEGMENT_RULES,THERMIQUE,False,67.0,,5.0,13,Puteaux,Argenteuil,Puteaux|Asnières-sur-Seine,2,187,False,False,,7070,424,8
20260805T190259,A2,v3.4-search-json,2026-08-06T09:00,2026-08-06T20:00,1613972,https://fr.getaround.com/location-voiture/paris/peugeot-208-1613972,Peugeot 208 (2024),2024,Getaround Connect,CITADINE,SEGMENT_RULES,THERMIQUE,True,86.0,,4.44,40,Asnières-sur-Seine,Paris,Asnières-sur-Seine|Paris 17e,2,187,False,False,,7090,1001,7
20260805T190259,A2,v3.4-search-json,2026-08-06T09:00,2026-08-06T20:00,1881711,https://fr.getaround.com/location-voiture/rueil-malmaison/renault-clio-1881711,Renault Clio (2026),2026,Getaround Connect,CITADINE,SEGMENT_RULES,THERMIQUE,True,84.0,,5.0,4,Puteaux,Rueil Malmaison,Puteaux|Asnières-sur-Seine,2,188,False,False,,5060,424,5
20260805T190259,A2,v3.4-search-json,2026-08-06T09:00,2026-08-06T20:00,1787693,https://fr.getaround.com/location-voiture/paris/peugeot-208-1787693,Peugeot 208 (2025),2025,Getaround Connect,CITADINE,SEGMENT_RULES,THERMIQUE,True,86.0,,3.4,5,Puteaux,Paris,Puteaux|Asnières-sur-Seine|Paris 17e,3,189,False,False,,4980,424,6
20260805T190259,A2,v3.4-search-json,2026-08-06T09:00,2026-08-06T20:00,941077,https://fr.getaround.com/location-voiture/boulogne-billancourt/dacia-spring-941077,Dacia Spring (2021),2021,Getaround Connect,COMPACTE,SEGMENT_RULES,THERMIQUE,True,47.0,,3.74,29,Puteaux,Boulogne Billancourt,Puteaux|Asnières-sur-Seine|Paris 17e,3,190,False,False,,5640,424,5
20260805T190259,A2,v3.4-search-json,2026-08-06T09:00,2026-08-06T20:00,771186,https://fr.getaround.com/location-voiture/sartrouville/citroen-c3-aircross-771186,Citroen C3 Aircross (2018),2018,Getaround Connect,CITADINE,SEGMENT_RULES,THERMIQUE,True,64.0,,4.9,101,Puteaux,Sartrouville,Puteaux|Asnières-sur-Seine,2,191,False,False,,8119,424,5
20260805T190259,A2,v3.4-search-json,2026-08-06T09:00,2026-08-06T20:00,1922215,https://fr.getaround.com/location-voiture/paris/toyota-yaris-hybride-1922215,Toyota Yaris Hybride (2026),2026,Sur rendez-vous,CITADINE,SEGMENT_RULES,HYBRIDE,False,74.0,,,,Puteaux,Paris,Puteaux|Asnières-sur-Seine|Paris 17e,3,191,False,False,,3720,424,8
20260805T190259,A2,v3.4-search-json,2026-08-06T09:00,2026-08-06T20:00,1211982,https://fr.getaround.com/location-voiture/paris/peugeot-208-1211982,Peugeot 208 (2017),2017,Sur rendez-vous,CITADINE,SEGMENT_RULES,THERMIQUE,False,80.0,,5.0,39,Asnières-sur-Seine,Paris,Asnières-sur-Seine|Paris 17e,2,192,False,False,,4700,1001,11
20260805T190259,A2,v3.4-search-json,2026-08-06T09:00,2026-08-06T20:00,1121806,https://fr.getaround.com/location-voiture/saint-ouen-sur-seine/renault-clio-1121806,Renault Clio (2019),2019,Getaround Connect,CITADINE,SEGMENT_RULES,THERMIQUE,True,80.0,,4.22,71,Asnières-sur-Seine,Saint Ouen Sur Seine,Asnières-sur-Seine|Paris 17e,2,193,False,False,,4210,1001,5
20260805T190259,A2,v3.4-search-json,2026-08-06T09:00,2026-08-06T20:00,1541399,https://fr.getaround.com/location-voiture/paris/toyota-yaris-cross-hybrid-1541399,Toyota Yaris Cross Hybrid (2021),2021,Getaround Connect,SUV_COMPACT,SEGMENT_RULES,HYBRIDE,True,70.0,,4.39,42,Asnières-sur-Seine,Paris,Asnières-sur-Seine|Paris 17e,2,193,False,False,,10390,1001,7
20260805T190259,A2,v3.4-search-json,2026-08-06T09:00,2026-08-06T20:00,1535149,https://fr.getaround.com/location-voiture/boulogne-billancourt/toyota-auris-1535149,Toyota Auris (2017),2017,Getaround Connect,COMPACTE,SEGMENT_RULES,THERMIQUE,True,89.0,,4.93,76,Puteaux,Boulogne Billancourt,Puteaux|Asnières-sur-Seine|Paris 17e,3,194,False,False,,5470,424,5
20260805T190259,A2,v3.4-search-json,2026-08-06T09:00,2026-08-06T20:00,1173353,https://fr.getaround.com/location-voiture/boulogne-billancourt/renault-twingo-iii-1173353,Renault Twingo III (2018),2018,Getaround Connect,CITADINE,SEGMENT_RULES,THERMIQUE,True,67.0,,4.96,114,Puteaux,Boulogne Billancourt,Puteaux|Asnières-sur-Seine|Paris 17e,3,195,False,False,,5680,424,5
20260805T190259,A2,v3.4-search-json,2026-08-06T09:00,2026-08-06T20:00,1897213,https://fr.getaround.com/location-voiture/saint-denis/renault-clio-1897213,Renault Clio (2017),2017,Getaround Connect,CITADINE,SEGMENT_RULES,THERMIQUE,True,72.0,,5.0,3,Asnières-sur-Seine,Saint Denis,Asnières-sur-Seine|Paris 17e,2,195,False,False,,7090,1001,5
20260805T190259,A2,v3.4-search-json,2026-08-06T09:00,2026-08-06T20:00,1374847,https://fr.getaround.com/location-voiture/boulogne-billancourt/renault-clio-1374847,Renault Clio (2012),2012,Getaround Connect,CITADINE,SEGMENT_RULES,THERMIQUE,True,58.0,,4.41,92,Puteaux,Boulogne Billancourt,Puteaux|Asnières-sur-Seine|Paris 17e,3,198,False,False,,5550,424,5
20260805T190259,A2,v3.4-search-json,2026-08-06T09:00,2026-08-06T20:00,1787775,https://fr.getaround.com/location-voiture/paris/peugeot-208-1787775,Peugeot 208 (2025),2025,Getaround Connect,CITADINE,SEGMENT_RULES,THERMIQUE,True,86.0,,4.33,12,Asnières-sur-Seine,Paris,Asnières-sur-Seine|Paris 17e,2,199,False,False,,8290,1001,7
20260805T190259,A2,v3.4-search-json,2026-08-06T09:00,2026-08-06T20:00,813514,https://fr.getaround.com/location-voiture/paris/renault-clio-813514,Renault Clio (2013),2013,Getaround Connect,CITADINE,SEGMENT_RULES,THERMIQUE,True,58.0,,4.3,72,Asnières-sur-Seine,Paris,Asnières-sur-Seine|Paris 17e,2,200,False,False,,7040,1001,9
20260805T190259,A2,v3.4-search-json,2026-08-06T09:00,2026-08-06T20:00,1443395,https://fr.getaround.com/location-voiture/issy-les-moulineaux/renault-clio-1443395,Renault Clio (2021),2021,Getaround Connect,CITADINE,SEGMENT_RULES,THERMIQUE,True,52.0,,4.7,61,Paris 17e,Issy Les Moulineaux,Paris 17e,1,201,False,False,,8330,871,6
20260805T190259,A2,v3.4-search-json,2026-08-06T09:00,2026-08-06T20:00,1196070,https://fr.getaround.com/location-voiture/courbevoie/honda-cr-v-1196070,Honda CR-V (2015),2015,Sur rendez-vous,SUV_FAMILIAL,SEGMENT_RULES,THERMIQUE,False,122.0,,,,Puteaux,Courbevoie,Puteaux|Asnières-sur-Seine|Paris 17e,3,202,False,False,,1330,424,6
20260805T190259,A2,v3.4-search-json,2026-08-06T09:00,2026-08-06T20:00,1684302,https://fr.getaround.com/location-voiture/courbevoie/peugeot-208-1684302,Peugeot 208 (2013),2013,Sur rendez-vous,CITADINE,SEGMENT_RULES,THERMIQUE,False,65.0,,5.0,8,Asnières-sur-Seine,Courbevoie,Asnières-sur-Seine|Paris 17e,2,202,False,False,,2900,1001,6
20260805T190259,A2,v3.4-search-json,2026-08-06T09:00,2026-08-06T20:00,1759940,https://fr.getaround.com/location-voiture/rueil-malmaison/fiat-500-1759940,Fiat 500 (2011),2011,Sur rendez-vous,CITADINE,SEGMENT_RULES,THERMIQUE,False,60.0,,5.0,6,Puteaux,Rueil Malmaison,Puteaux|Asnières-sur-Seine,2,203,False,False,,3750,424,6
20260805T190259,A2,v3.4-search-json,2026-08-06T09:00,2026-08-06T20:00,1424176,https://fr.getaround.com/location-voiture/paris/fiat-500-1424176,Fiat 500 (2013),2013,Getaround Connect,CITADINE,SEGMENT_RULES,THERMIQUE,True,64.0,,4.95,104,Asnières-sur-Seine,Paris,Asnières-sur-Seine|Paris 17e,2,203,False,False,,8010,1001,6
20260805T190259,A2,v3.4-search-json,2026-08-06T09:00,2026-08-06T20:00,1349900,https://fr.getaround.com/location-voiture/paris/toyota-corolla-hybride-1349900,Toyota Corolla Hybride (2021),2021,Getaround Connect,COMPACTE,SEGMENT_RULES,HYBRIDE,True,105.0,,4.84,40,Asnières-sur-Seine,Paris,Asnières-sur-Seine|Paris 17e,2,204,False,False,,4790,1001,7
20260805T190259,A2,v3.4-search-json,2026-08-06T09:00,2026-08-06T20:00,1454575,https://fr.getaround.com/location-voiture/paris/fiat-500-1454575,Fiat 500 (2014),2014,Getaround Connect,CITADINE,SEGMENT_RULES,THERMIQUE,True,64.0,,4.98,94,Asnières-sur-Seine,Paris,Asnières-sur-Seine|Paris 17e,2,205,False,False,,8000,1001,6
20260805T190259,A2,v3.4-search-json,2026-08-06T09:00,2026-08-06T20:00,1756735,https://fr.getaround.com/location-voiture/paris/renault-clio-1756735,Renault Clio (2024),2024,Getaround Connect,CITADINE,SEGMENT_RULES,THERMIQUE,True,85.0,,4.55,29,Asnières-sur-Seine,Paris,Asnières-sur-Seine|Paris 17e,2,206,False,False,,5310,1001,8
20260805T190259,A2,v3.4-search-json,2026-08-06T09:00,2026-08-06T20:00,1707222,https://fr.getaround.com/location-voiture/paris/peugeot-208-1707222,Peugeot 208 (2025),2025,Getaround Connect,CITADINE,SEGMENT_RULES,THERMIQUE,True,86.0,,4.26,23,Puteaux,Paris,Puteaux|Asnières-sur-Seine|Paris 17e,3,207,False,False,,5390,424,6
20260805T190259,A2,v3.4-search-json,2026-08-06T09:00,2026-08-06T20:00,1701804,https://fr.getaround.com/location-voiture/aubervilliers/fiat-500-lounge-1701804,Fiat 500 Lounge (2014),2014,Getaround Connect,CITADINE,SEGMENT_RULES,THERMIQUE,True,64.0,,4.89,9,Asnières-sur-Seine,Aubervilliers,Asnières-sur-Seine|Paris 17e,2,207,False,False,,7690,1001,6
20260805T190259,A2,v3.4-search-json,2026-08-06T09:00,2026-08-06T20:00,1853404,https://fr.getaround.com/location-voiture/paris/toyota-corolla-break-hybride-1853404,Toyota Corolla Break Hybride (2024),2024,Getaround Connect,BREAK,SEGMENT_RULES,HYBRIDE,True,91.0,,5.0,4,Puteaux,Paris,Puteaux|Asnières-sur-Seine|Paris 17e,3,209,False,False,,7510,424,6
20260805T190259,A2,v3.4-search-json,2026-08-06T09:00,2026-08-06T20:00,1629801,https://fr.getaround.com/location-voiture/paris/renault-clio-1629801,Renault Clio (2024),2024,Getaround Connect,CITADINE,SEGMENT_RULES,THERMIQUE,True,77.0,,4.58,49,Puteaux,Paris,Puteaux|Asnières-sur-Seine|Paris 17e,3,211,False,False,,5790,424,6
20260805T190259,A2,v3.4-search-json,2026-08-06T09:00,2026-08-06T20:00,1666433,https://fr.getaround.com/location-voiture/paris/peugeot-208-1666433,Peugeot 208 (2025),2025,Getaround Connect,CITADINE,SEGMENT_RULES,THERMIQUE,True,91.0,,4.65,30,Asnières-sur-Seine,Paris,Asnières-sur-Seine|Paris 17e,2,212,False,False,,7090,1001,7
20260805T190259,A2,v3.4-search-json,2026-08-06T09:00,2026-08-06T20:00,1837675,https://fr.getaround.com/location-voiture/puteaux/volkswagen-polo-1837675,Volkswagen Polo (2025),2025,Sur rendez-vous,CITADINE,SEGMENT_RULES,THERMIQUE,False,136.0,,,,Puteaux,Puteaux,Puteaux|Asnières-sur-Seine|Paris 17e,3,213,False,False,,560,424,6
20260805T190259,A2,v3.4-search-json,2026-08-06T09:00,2026-08-06T20:00,1216442,https://fr.getaround.com/location-voiture/paris/peugeot-208-1216442,Peugeot 208 (2023),2023,Getaround Connect,CITADINE,SEGMENT_RULES,THERMIQUE,True,77.0,,4.7,77,Puteaux,Paris,Puteaux|Asnières-sur-Seine|Paris 17e,3,214,False,False,,6740,424,6
20260805T190259,A2,v3.4-search-json,2026-08-06T09:00,2026-08-06T20:00,1878628,https://fr.getaround.com/location-voiture/paris/peugeot-2008-1878628,Peugeot 2008 (2026),2026,Getaround Connect,SUV_COMPACT,SEGMENT_RULES,THERMIQUE,True,91.0,,5.0,4,Puteaux,Paris,Puteaux|Asnières-sur-Seine|Paris 17e,3,214,False,False,,6890,424,7
20260805T190259,A2,v3.4-search-json,2026-08-06T09:00,2026-08-06T20:00,1631651,https://fr.getaround.com/location-voiture/boulogne-billancourt/opel-corsa-1631651,Opel Corsa (2024),2024,Getaround Connect,CITADINE,SEGMENT_RULES,THERMIQUE,True,86.0,,4.93,55,Puteaux,Boulogne Billancourt,Puteaux|Asnières-sur-Seine|Paris 17e,3,215,False,False,,5030,424,6
20260805T190259,A2,v3.4-search-json,2026-08-06T09:00,2026-08-06T20:00,1544514,https://fr.getaround.com/location-voiture/paris/dacia-sandero-1544514,Dacia Sandero (2020),2020,Sur rendez-vous,CITADINE,SEGMENT_RULES,THERMIQUE,False,62.0,,,,Asnières-sur-Seine,Paris,Asnières-sur-Seine|Paris 17e,2,216,False,False,,3820,1001,16
20260805T190259,A2,v3.4-search-json,2026-08-06T09:00,2026-08-06T20:00,1945584,https://fr.getaround.com/location-voiture/paris/renault-zoe-1945584,Renault ZOE (2015),2015,Sur rendez-vous,CITADINE,SEGMENT_RULES,ELECTRIQUE,False,71.0,,,,Puteaux,Paris,Puteaux|Asnières-sur-Seine|Paris 17e,3,217,False,False,,4760,424,9
20260805T190259,A2,v3.4-search-json,2026-08-06T09:00,2026-08-06T20:00,1744387,https://fr.getaround.com/location-voiture/saint-denis/renault-clio-1744387,Renault Clio (2025),2025,Getaround Connect,CITADINE,SEGMENT_RULES,THERMIQUE,True,81.0,,4.98,44,Asnières-sur-Seine,Saint Denis,Asnières-sur-Seine|Paris 17e,2,217,False,False,,7090,1001,6
20260805T190259,A2,v3.4-search-json,2026-08-06T09:00,2026-08-06T20:00,1940209,https://fr.getaround.com/location-voiture/neuilly-sur-seine/peugeot-2008-1940209,Peugeot 2008 (2023),2023,Sur rendez-vous,SUV_COMPACT,SEGMENT_RULES,THERMIQUE,False,83.0,,,,Puteaux,Neuilly Sur Seine,Puteaux|Asnières-sur-Seine|Paris 17e,3,218,False,False,,2320,424,6
20260805T190259,A2,v3.4-search-json,2026-08-06T09:00,2026-08-06T20:00,1026180,https://fr.getaround.com/location-voiture/paris/nissan-pixo-1026180,Nissan Pixo (2012),2012,Sur rendez-vous,MICRO_CITADINE,SEGMENT_RULES,THERMIQUE,False,65.0,,4.94,18,Puteaux,Paris,Puteaux|Asnières-sur-Seine|Paris 17e,3,218,False,False,,5780,424,10
20260805T190259,A2,v3.4-search-json,2026-08-06T09:00,2026-08-06T20:00,1681926,https://fr.getaround.com/location-voiture/clichy/toyota-verso-1681926,Toyota Verso (2014),2014,Sur rendez-vous,MONOSPACE,SEGMENT_RULES,THERMIQUE,False,76.0,,,,Asnières-sur-Seine,Clichy,Asnières-sur-Seine|Paris 17e,2,218,False,False,,1770,1001,6
20260805T190259,A2,v3.4-search-json,2026-08-06T09:00,2026-08-06T20:00,1834680,https://fr.getaround.com/location-voiture/boulogne-billancourt/peugeot-208-1834680,Peugeot 208 (2016),2016,Sur rendez-vous,CITADINE,SEGMENT_RULES,THERMIQUE,False,67.0,,5.0,8,Puteaux,Boulogne Billancourt,Puteaux|Asnières-sur-Seine|Paris 17e,3,219,False,False,,4990,424,6
20260805T190259,A2,v3.4-search-json,2026-08-06T09:00,2026-08-06T20:00,1591649,https://fr.getaround.com/location-voiture/gennevilliers/renault-clio-1591649,Renault Clio (2020),2020,Sur rendez-vous,CITADINE,SEGMENT_RULES,THERMIQUE,False,86.0,,,,Asnières-sur-Seine,Gennevilliers,Asnières-sur-Seine|Paris 17e,2,219,False,False,,560,1001,6
20260805T190259,A2,v3.4-search-json,2026-08-06T09:00,2026-08-06T20:00,1797370,https://fr.getaround.com/location-voiture/paris/toyota-auris-1797370,Toyota Auris (2018),2018,Getaround Connect,COMPACTE,SEGMENT_RULES,THERMIQUE,True,89.0,,4.33,3,Puteaux,Paris,Puteaux|Asnières-sur-Seine|Paris 17e,3,220,False,False,,5350,424,6
20260805T190259,A2,v3.4-search-json,2026-08-06T09:00,2026-08-06T20:00,1942583,https://fr.getaround.com/location-voiture/paris/renault-twingo-iii-1942583,Renault Twingo III (2016),2016,Sur rendez-vous,CITADINE,SEGMENT_RULES,THERMIQUE,False,47.0,,,,Asnières-sur-Seine,Paris,Asnières-sur-Seine|Paris 17e,2,220,False,False,,8730,1001,7
20260805T190259,A2,v3.4-search-json,2026-08-06T09:00,2026-08-06T20:00,1042974,https://fr.getaround.com/location-voiture/malakoff/dacia-lodgy-1042974,Dacia Lodgy (2015),2015,Getaround Connect,MONOSPACE,SEGMENT_RULES,THERMIQUE,True,74.0,,4.39,72,Puteaux,Malakoff,Puteaux|Paris 17e,2,221,False,False,,8100,424,6
20260805T190259,A2,v3.4-search-json,2026-08-06T09:00,2026-08-06T20:00,1701429,https://fr.getaround.com/location-voiture/neuilly-sur-seine/nissan-juke-1701429,Nissan Juke (2014),2014,Sur rendez-vous,SUV_COMPACT,SEGMENT_RULES,THERMIQUE,False,79.0,,5.0,5,Asnières-sur-Seine,Neuilly Sur Seine,Asnières-sur-Seine|Paris 17e,2,221,False,False,,3980,1001,10
20260805T190259,A2,v3.4-search-json,2026-08-06T09:00,2026-08-06T20:00,1808709,https://fr.getaround.com/location-voiture/soisy-sous-montmorency/peugeot-208-gt-line-1808709,Peugeot 208 GT Line (2024),2024,Getaround Connect,CITADINE,SEGMENT_RULES,THERMIQUE,True,82.0,,4.57,14,Asnières-sur-Seine,Soisy Sous Montmorency,Asnières-sur-Seine,1,222,False,False,,6890,1001,6
20260805T190259,A2,v3.4-search-json,2026-08-06T09:00,2026-08-06T20:00,762727,https://fr.getaround.com/location-voiture/paris/opel-agila-762727,Opel Agila (2012),2012,Getaround Connect,CITADINE,SEGMENT_RULES,THERMIQUE,True,53.0,,4.43,88,Asnières-sur-Seine,Paris,Asnières-sur-Seine|Paris 17e,2,223,False,False,,7040,1001,9
20260805T190259,A2,v3.4-search-json,2026-08-06T09:00,2026-08-06T20:00,1675505,https://fr.getaround.com/location-voiture/paris/peugeot-208-1675505,Peugeot 208 (2025),2025,Getaround Connect,CITADINE,SEGMENT_RULES,THERMIQUE,True,81.0,,3.0,11,Puteaux,Paris,Puteaux|Asnières-sur-Seine|Paris 17e,3,224,False,False,,4730,424,6
20260805T190259,A2,v3.4-search-json,2026-08-06T09:00,2026-08-06T20:00,1314301,https://fr.getaround.com/location-voiture/paris/fiat-500-1314301,Fiat 500 (2012),2012,Getaround Connect,CITADINE,SEGMENT_RULES,THERMIQUE,True,53.0,,3.63,31,Asnières-sur-Seine,Paris,Asnières-sur-Seine|Paris 17e,2,224,False,False,,7040,1001,8
20260805T190259,A2,v3.4-search-json,2026-08-06T09:00,2026-08-06T20:00,1608621,https://fr.getaround.com/location-voiture/paris/toyota-yaris-hybride-1608621,Toyota Yaris Hybride (2024),2024,Getaround Connect,CITADINE,SEGMENT_RULES,HYBRIDE,True,82.0,,4.28,25,Puteaux,Paris,Puteaux|Asnières-sur-Seine|Paris 17e,3,225,False,False,,4390,424,6
20260805T190259,A2,v3.4-search-json,2026-08-06T09:00,2026-08-06T20:00,1853405,https://fr.getaround.com/location-voiture/vaucresson/toyota-corolla-break-hybride-1853405,Toyota Corolla Break Hybride (2024),2024,Getaround Connect,BREAK,SEGMENT_RULES,HYBRIDE,True,82.0,,4.0,2,Puteaux,Vaucresson,Puteaux|Asnières-sur-Seine,2,226,False,False,,7700,424,6
20260805T190259,A2,v3.4-search-json,2026-08-06T09:00,2026-08-06T20:00,1824711,https://fr.getaround.com/location-voiture/paris/peugeot-208-1824711,Peugeot 208 (2015),2015,Getaround Connect,CITADINE,SEGMENT_RULES,THERMIQUE,True,56.0,,5.0,9,Asnières-sur-Seine,Paris,Asnières-sur-Seine,1,227,False,False,,11950,1001,6
20260805T190259,A2,v3.4-search-json,2026-08-06T09:00,2026-08-06T20:00,835614,https://fr.getaround.com/location-voiture/paris/renault-zoe-835614,Renault ZOE (2017),2017,Getaround Connect,CITADINE,SEGMENT_RULES,ELECTRIQUE,True,39.0,,4.44,216,Asnières-sur-Seine,Paris,Asnières-sur-Seine|Paris 17e,2,227,False,False,,10180,1001,8
20260805T190259,A2,v3.4-search-json,2026-08-06T09:00,2026-08-06T20:00,1637857,https://fr.getaround.com/location-voiture/argenteuil/peugeot-208-1637857,Peugeot 208 (2019),2019,Getaround Connect,CITADINE,SEGMENT_RULES,THERMIQUE,True,76.0,,5.0,15,Puteaux,Argenteuil,Puteaux|Asnières-sur-Seine,2,228,False,False,,7270,424,7
20260805T190259,A2,v3.4-search-json,2026-08-06T09:00,2026-08-06T20:00,890107,https://fr.getaround.com/location-voiture/paris/fiat-500-890107,Fiat 500 (2013),2013,Getaround Connect,CITADINE,SEGMENT_RULES,THERMIQUE,True,53.0,,3.67,78,Asnières-sur-Seine,Paris,Asnières-sur-Seine|Paris 17e,2,229,False,False,,7040,1001,8
20260805T190259,A2,v3.4-search-json,2026-08-06T09:00,2026-08-06T20:00,945215,https://fr.getaround.com/location-voiture/paris/renault-grand-scenic-945215,Renault Grand Scenic (2016),2016,Getaround Connect,MONOSPACE,SEGMENT_RULES,THERMIQUE,True,104.0,,4.48,85,Puteaux,Paris,Puteaux|Asnières-sur-Seine|Paris 17e,3,230,False,False,,5770,424,6
20260805T190259,A2,v3.4-search-json,2026-08-06T09:00,2026-08-06T20:00,1916392,https://fr.getaround.com/location-voiture/paris/peugeot-208-1916392,Peugeot 208 (2026),2026,Getaround Connect,CITADINE,SEGMENT_RULES,THERMIQUE,True,81.0,,5.0,1,Asnières-sur-Seine,Paris,Asnières-sur-Seine|Paris 17e,2,230,False,False,,7500,1001,7
20260805T190259,A2,v3.4-search-json,2026-08-06T09:00,2026-08-06T20:00,1295964,https://fr.getaround.com/location-voiture/pierrefitte-sur-seine/peugeot-2008-1295964,Peugeot 2008 (2023),2023,Getaround Connect,SUV_COMPACT,SEGMENT_RULES,THERMIQUE,True,87.0,,4.69,36,Asnières-sur-Seine,Pierrefitte Sur Seine,Asnières-sur-Seine,1,231,False,False,,8039,1001,6
20260805T190259,A2,v3.4-search-json,2026-08-06T09:00,2026-08-06T20:00,1827934,https://fr.getaround.com/location-voiture/malakoff/citroen-c3-1827934,Citroen C3 (2021),2021,Getaround Connect,CITADINE,SEGMENT_RULES,THERMIQUE,True,52.0,,4.86,14,Paris 17e,Malakoff,Paris 17e,1,231,False,False,,6900,871,6
20260805T190259,A2,v3.4-search-json,2026-08-06T09:00,2026-08-06T20:00,1304860,https://fr.getaround.com/location-voiture/malakoff/dacia-jogger-1304860,Dacia Jogger (2023),2023,Getaround Connect,MONOSPACE,SEGMENT_RULES,THERMIQUE,True,88.0,,4.68,68,Puteaux,Malakoff,Puteaux|Paris 17e,2,233,False,False,,8220,424,6
20260805T190259,A2,v3.4-search-json,2026-08-06T09:00,2026-08-06T20:00,1904429,https://fr.getaround.com/location-voiture/paris/renault-zoe-1904429,Renault ZOE (2018),2018,Getaround Connect,CITADINE,SEGMENT_RULES,ELECTRIQUE,True,63.0,,5.0,2,Asnières-sur-Seine,Paris,Asnières-sur-Seine|Paris 17e,2,233,False,False,,9430,1001,9
20260805T190259,A2,v3.4-search-json,2026-08-06T09:00,2026-08-06T20:00,1077086,https://fr.getaround.com/location-voiture/paris/opel-corsa-1077086,Opel Corsa (2013),2013,Getaround Connect,CITADINE,SEGMENT_RULES,THERMIQUE,True,58.0,,4.31,40,Asnières-sur-Seine,Paris,Asnières-sur-Seine|Paris 17e,2,234,False,False,,7040,1001,10
20260805T190259,A2,v3.4-search-json,2026-08-06T09:00,2026-08-06T20:00,1851073,https://fr.getaround.com/location-voiture/paris/peugeot-208-1851073,Peugeot 208 (2023),2023,Sur rendez-vous,CITADINE,SEGMENT_RULES,THERMIQUE,False,72.0,,5.0,5,Puteaux,Paris,Puteaux|Asnières-sur-Seine|Paris 17e,3,235,False,False,,6400,424,7
20260805T190259,A2,v3.4-search-json,2026-08-06T09:00,2026-08-06T20:00,1060060,https://fr.getaround.com/location-voiture/malakoff/dacia-lodgy-1060060,Dacia Lodgy (2017),2017,Getaround Connect,MONOSPACE,SEGMENT_RULES,THERMIQUE,True,76.0,,4.48,65,Puteaux,Malakoff,Puteaux|Paris 17e,2,236,False,False,,8100,424,6
20260805T190259,A2,v3.4-search-json,2026-08-06T09:00,2026-08-06T20:00,689358,https://fr.getaround.com/location-voiture/paris/renault-clio-estate-689358,Renault Clio Estate (2018),2018,Getaround Connect,BREAK,SEGMENT_RULES,THERMIQUE,True,32.0,,3.91,158,Asnières-sur-Seine,Paris,Asnières-sur-Seine|Paris 17e,2,236,False,False,,10670,1001,8
20260805T190259,A2,v3.4-search-json,2026-08-06T09:00,2026-08-06T20:00,1921217,https://fr.getaround.com/location-voiture/paris/peugeot-208-1921217,Peugeot 208 (2026),2026,Getaround Connect,CITADINE,SEGMENT_RULES,THERMIQUE,True,81.0,,5.0,1,Asnières-sur-Seine,Paris,Asnières-sur-Seine|Paris 17e,2,238,False,False,,7500,1001,8
20260805T190259,A2,v3.4-search-json,2026-08-06T09:00,2026-08-06T20:00,1555760,https://fr.getaround.com/location-voiture/issy-les-moulineaux/toyota-corolla-hybride-1555760,Toyota Corolla Hybride (2021),2021,Getaround Connect,COMPACTE,SEGMENT_RULES,HYBRIDE,True,86.0,,4.68,74,Puteaux,Issy Les Moulineaux,Puteaux|Paris 17e,2,239,False,False,,6840,424,6
20260805T190259,A2,v3.4-search-json,2026-08-06T09:00,2026-08-06T20:00,1326909,https://fr.getaround.com/location-voiture/paris/bmw-serie-1-1326909,BMW Série 1 (2023),2023,Getaround Connect,COMPACTE,SEGMENT_RULES,THERMIQUE,True,101.0,,4.83,20,Puteaux,Paris,Puteaux|Asnières-sur-Seine|Paris 17e,3,240,False,False,,7460,424,6
20260805T190259,A2,v3.4-search-json,2026-08-06T09:00,2026-08-06T20:00,1893660,https://fr.getaround.com/location-voiture/herblay-sur-seine/nissan-pulsar-1893660,Nissan Pulsar (2014),2014,Getaround Connect,SUV_COMPACT,SEGMENT_RULES,THERMIQUE,True,53.0,,,,Asnières-sur-Seine,Herblay Sur Seine,Asnières-sur-Seine,1,240,False,False,,11430,1001,6
20260805T190259,A2,v3.4-search-json,2026-08-06T09:00,2026-08-06T20:00,1027987,https://fr.getaround.com/location-voiture/clichy/renault-megane-1027987,Renault Mégane (2018),2018,Sur rendez-vous,COMPACTE,SEGMENT_RULES,THERMIQUE,False,73.0,,5.0,1,Asnières-sur-Seine,Clichy,Asnières-sur-Seine|Paris 17e,2,240,False,False,,2780,1001,8
20260805T190259,A2,v3.4-search-json,2026-08-06T09:00,2026-08-06T20:00,1945778,https://fr.getaround.com/location-voiture/nanterre/volkswagen-golf-gte-1945778,Volkswagen Golf GTE (2015),2015,Sur rendez-vous,COMPACTE,SEGMENT_RULES,THERMIQUE,False,100.0,,,,Puteaux,Nanterre,Puteaux|Asnières-sur-Seine,2,241,False,False,,3520,424,7
20260805T190259,A2,v3.4-search-json,2026-08-06T09:00,2026-08-06T20:00,1756736,https://fr.getaround.com/location-voiture/paris/renault-clio-1756736,Renault Clio (2024),2024,Getaround Connect,CITADINE,SEGMENT_RULES,THERMIQUE,True,77.0,,4.69,26,Puteaux,Paris,Puteaux|Asnières-sur-Seine|Paris 17e,3,241,False,False,,6910,424,8
20260805T190259,A2,v3.4-search-json,2026-08-06T09:00,2026-08-06T20:00,1216196,https://fr.getaround.com/location-voiture/paris/renault-clio-1216196,Renault Clio (2018),2018,Getaround Connect,CITADINE,SEGMENT_RULES,THERMIQUE,True,72.0,,4.84,69,Puteaux,Paris,Puteaux|Asnières-sur-Seine|Paris 17e,3,242,False,False,,7860,424,7
20260805T190259,A2,v3.4-search-json,2026-08-06T09:00,2026-08-06T20:00,1780427,https://fr.getaround.com/location-voiture/epinay-sur-seine/citroen-c3-1780427,Citroen C3 (2022),2022,Getaround Connect,CITADINE,SEGMENT_RULES,THERMIQUE,True,74.0,,4.77,22,Asnières-sur-Seine,Epinay Sur Seine,Asnières-sur-Seine,1,242,False,False,,5500,1001,7
20260805T190259,A2,v3.4-search-json,2026-08-06T09:00,2026-08-06T20:00,1915993,https://fr.getaround.com/location-voiture/issy-les-moulineaux/citroen-c3-1915993,Citroen C3 (2020),2020,Getaround Connect,CITADINE,SEGMENT_RULES,THERMIQUE,True,63.0,,5.0,3,Puteaux,Issy Les Moulineaux,Puteaux|Paris 17e,2,243,False,False,,7050,424,7
20260805T190259,A2,v3.4-search-json,2026-08-06T09:00,2026-08-06T20:00,1219230,https://fr.getaround.com/location-voiture/paris/peugeot-208-1219230,Peugeot 208 (2023),2023,Getaround Connect,CITADINE,SEGMENT_RULES,THERMIQUE,True,77.0,,4.78,56,Puteaux,Paris,Puteaux|Asnières-sur-Seine|Paris 17e,3,244,False,False,,7870,424,7
20260805T190259,A2,v3.4-search-json,2026-08-06T09:00,2026-08-06T20:00,1442837,https://fr.getaround.com/location-voiture/paris/citroen-c3-1442837,Citroen C3 (2023),2023,Getaround Connect,CITADINE,SEGMENT_RULES,THERMIQUE,True,77.0,,4.61,50,Puteaux,Paris,Puteaux|Asnières-sur-Seine|Paris 17e,3,245,False,False,,6090,424,7
20260805T190259,A2,v3.4-search-json,2026-08-06T09:00,2026-08-06T20:00,1483800,https://fr.getaround.com/location-voiture/paris/renault-twingo-iii-1483800,Renault Twingo III (2020),2020,Getaround Connect,CITADINE,SEGMENT_RULES,THERMIQUE,True,72.0,,4.81,54,Puteaux,Paris,Puteaux|Asnières-sur-Seine|Paris 17e,3,246,False,False,,6350,424,7
20260805T190259,A2,v3.4-search-json,2026-08-06T09:00,2026-08-06T20:00,1880601,https://fr.getaround.com/location-voiture/paris/peugeot-2008-1880601,Peugeot 2008 (2026),2026,Getaround Connect,SUV_COMPACT,SEGMENT_RULES,THERMIQUE,True,92.0,,5.0,3,Puteaux,Paris,Puteaux|Asnières-sur-Seine|Paris 17e,3,246,False,False,,7790,424,8
20260805T190259,A2,v3.4-search-json,2026-08-06T09:00,2026-08-06T20:00,1629787,https://fr.getaround.com/location-voiture/paris/renault-clio-1629787,Renault Clio (2024),2024,Getaround Connect,CITADINE,SEGMENT_RULES,THERMIQUE,True,77.0,,4.8,46,Puteaux,Paris,Puteaux|Asnières-sur-Seine|Paris 17e,3,247,False,False,,7100,424,7
20260805T190259,A2,v3.4-search-json,2026-08-06T09:00,2026-08-06T20:00,1722616,https://fr.getaround.com/location-voiture/paris/peugeot-3008-1722616,Peugeot 3008 (2020),2020,Getaround Connect,SUV_FAMILIAL,SEGMENT_RULES,THERMIQUE,True,73.0,,4.07,14,Asnières-sur-Seine,Paris,Asnières-sur-Seine|Paris 17e,2,247,False,False,,9990,1001,9
20260805T190259,A2,v3.4-search-json,2026-08-06T09:00,2026-08-06T20:00,1286312,https://fr.getaround.com/location-voiture/houilles/peugeot-508-1286312,Peugeot 508 (2011),2011,Sur rendez-vous,BERLINE,SEGMENT_RULES,THERMIQUE,False,95.0,,5.0,11,Puteaux,Houilles,Puteaux|Asnières-sur-Seine,2,248,False,False,,6280,424,7
20260805T190259,A2,v3.4-search-json,2026-08-06T09:00,2026-08-06T20:00,1272839,https://fr.getaround.com/location-voiture/paris/toyota-yaris-cross-hybrid-1272839,Toyota Yaris Cross Hybrid (2022),2022,Getaround Connect,SUV_COMPACT,SEGMENT_RULES,HYBRIDE,True,73.0,,4.41,56,Paris 17e,Paris,Paris 17e,1,248,False,False,,7400,871,7
20260805T190259,A2,v3.4-search-json,2026-08-06T09:00,2026-08-06T20:00,1274540,https://fr.getaround.com/location-voiture/paris/peugeot-208-1274540,Peugeot 208 (2023),2023,Getaround Connect,CITADINE,SEGMENT_RULES,THERMIQUE,True,77.0,,4.13,51,Puteaux,Paris,Puteaux|Paris 17e,2,249,False,False,,9150,424,7
20260805T190259,A2,v3.4-search-json,2026-08-06T09:00,2026-08-06T20:00,1743764,https://fr.getaround.com/location-voiture/paris/peugeot-208-1743764,Peugeot 208 (2015),2015,Getaround Connect,CITADINE,SEGMENT_RULES,THERMIQUE,True,69.0,,4.71,17,Asnières-sur-Seine,Paris,Asnières-sur-Seine|Paris 17e,2,249,False,False,,8039,1001,9
20260805T190259,A2,v3.4-search-json,2026-08-06T09:00,2026-08-06T20:00,1275063,https://fr.getaround.com/location-voiture/paris/renault-twingo-iii-1275063,Renault Twingo III (2016),2016,Getaround Connect,CITADINE,SEGMENT_RULES,THERMIQUE,True,58.0,,4.45,28,Asnières-sur-Seine,Paris,Asnières-sur-Seine|Paris 17e,2,250,False,False,,7040,1001,10
20260805T190259,A2,v3.4-search-json,2026-08-06T09:00,2026-08-06T20:00,1711079,https://fr.getaround.com/location-voiture/paris/peugeot-308-sw-1711079,Peugeot 308 SW (2020),2020,Getaround Connect,BREAK,SEGMENT_RULES,THERMIQUE,True,76.0,,4.69,16,Puteaux,Paris,Puteaux|Asnières-sur-Seine|Paris 17e,3,251,False,False,,7890,424,7
20260805T190259,A2,v3.4-search-json,2026-08-06T09:00,2026-08-06T20:00,1892221,https://fr.getaround.com/location-voiture/paris/toyota-corolla-hybride-1892221,Toyota Corolla Hybride (2020),2020,Getaround Connect,COMPACTE,SEGMENT_RULES,HYBRIDE,True,94.0,,5.0,3,Puteaux,Paris,Puteaux|Asnières-sur-Seine|Paris 17e,3,252,False,False,,7510,424,7
20260805T190259,A2,v3.4-search-json,2026-08-06T09:00,2026-08-06T20:00,1920362,https://fr.getaround.com/location-voiture/asnieres-sur-seine/ford-fiesta-1920362,Ford Fiesta (2015),2015,Sur rendez-vous,CITADINE,SEGMENT_RULES,THERMIQUE,False,69.0,,,,Puteaux,Asnieres Sur Seine,Puteaux|Asnières-sur-Seine|Paris 17e,3,252,False,False,,6360,424,10
20260805T190259,A2,v3.4-search-json,2026-08-06T09:00,2026-08-06T20:00,1813056,https://fr.getaround.com/location-voiture/paris/volkswagen-polo-1813056,Volkswagen Polo (2011),2011,Sur rendez-vous,CITADINE,SEGMENT_RULES,THERMIQUE,True,84.0,,4.9,10,Puteaux,Paris,Puteaux|Asnières-sur-Seine|Paris 17e,3,253,False,False,,4440,424,7
20260805T190259,A2,v3.4-search-json,2026-08-06T09:00,2026-08-06T20:00,1814059,https://fr.getaround.com/location-voiture/colombes/mazda-cx-3-1814059,Mazda CX-3 (2016),2016,Sur rendez-vous,SUV_COMPACT,SEGMENT_RULES,THERMIQUE,False,81.0,,5.0,2,Puteaux,Colombes,Puteaux|Asnières-sur-Seine|Paris 17e,3,253,False,False,,5450,424,9
20260805T190259,A2,v3.4-search-json,2026-08-06T09:00,2026-08-06T20:00,1832293,https://fr.getaround.com/location-voiture/malakoff/citroen-c3-1832293,Citroen C3 (2021),2021,Getaround Connect,CITADINE,SEGMENT_RULES,THERMIQUE,True,52.0,,4.13,15,Paris 17e,Malakoff,Paris 17e,1,253,False,False,,6900,871,7
20260805T190259,A2,v3.4-search-json,2026-08-06T09:00,2026-08-06T20:00,1868615,https://fr.getaround.com/location-voiture/paris/nissan-micra-1868615,Nissan Micra (2022),2022,Getaround Connect,CITADINE,SEGMENT_RULES,THERMIQUE,True,76.0,,4.92,12,Puteaux,Paris,Puteaux|Asnières-sur-Seine|Paris 17e,3,255,False,False,,6300,424,7
20260805T190259,A2,v3.4-search-json,2026-08-06T09:00,2026-08-06T20:00,1502587,https://fr.getaround.com/location-voiture/clichy/mini-cooper-r56-1502587,Mini Cooper R56 (2012),2012,Sur rendez-vous,CITADINE,SEGMENT_RULES,THERMIQUE,False,75.0,,5.0,1,Asnières-sur-Seine,Clichy,Asnières-sur-Seine|Paris 17e,2,255,False,False,,2350,1001,7
20260805T190259,A2,v3.4-search-json,2026-08-06T09:00,2026-08-06T20:00,1681055,https://fr.getaround.com/location-voiture/paris/peugeot-208-1681055,Peugeot 208 (2023),2023,Getaround Connect,CITADINE,SEGMENT_RULES,THERMIQUE,True,81.0,,4.28,25,Asnières-sur-Seine,Paris,Asnières-sur-Seine|Paris 17e,2,255,False,False,,9720,1001,8
20260805T190259,A2,v3.4-search-json,2026-08-06T09:00,2026-08-06T20:00,1453671,https://fr.getaround.com/location-voiture/issy-les-moulineaux/renault-clio-1453671,Renault Clio (2020),2020,Getaround Connect,CITADINE,SEGMENT_RULES,THERMIQUE,True,76.0,,4.72,67,Puteaux,Issy Les Moulineaux,Puteaux|Asnières-sur-Seine|Paris 17e,3,256,False,False,,7080,424,7
20260805T190259,A2,v3.4-search-json,2026-08-06T09:00,2026-08-06T20:00,1692718,https://fr.getaround.com/location-voiture/paris/peugeot-208-1692718,Peugeot 208 (2016),2016,Getaround Connect,CITADINE,SEGMENT_RULES,THERMIQUE,True,61.0,,4.2,30,Puteaux,Paris,Puteaux|Asnières-sur-Seine|Paris 17e,3,256,False,False,,7920,424,7
20260805T190259,A2,v3.4-search-json,2026-08-06T09:00,2026-08-06T20:00,1694521,https://fr.getaround.com/location-voiture/paris/peugeot-308-1694521,Peugeot 308 (2019),2019,Getaround Connect,COMPACTE,SEGMENT_RULES,THERMIQUE,True,52.0,,3.72,25,Puteaux,Paris,Puteaux|Asnières-sur-Seine|Paris 17e,3,257,False,False,,8730,424,7
20260805T190259,A2,v3.4-search-json,2026-08-06T09:00,2026-08-06T20:00,1629806,https://fr.getaround.com/location-voiture/paris/renault-clio-1629806,Renault Clio (2024),2024,Getaround Connect,CITADINE,SEGMENT_RULES,THERMIQUE,True,77.0,,4.75,40,Puteaux,Paris,Puteaux|Asnières-sur-Seine|Paris 17e,3,258,False,False,,7100,424,7
20260805T190259,A2,v3.4-search-json,2026-08-06T09:00,2026-08-06T20:00,1879658,https://fr.getaround.com/location-voiture/paris/peugeot-2008-1879658,Peugeot 2008 (2026),2026,Getaround Connect,SUV_COMPACT,SEGMENT_RULES,THERMIQUE,True,92.0,,5.0,4,Asnières-sur-Seine,Paris,Asnières-sur-Seine|Paris 17e,2,258,False,False,,7500,1001,9
20260805T190259,A2,v3.4-search-json,2026-08-06T09:00,2026-08-06T20:00,1306892,https://fr.getaround.com/location-voiture/paris/peugeot-208-1306892,Peugeot 208 (2023),2023,Getaround Connect,CITADINE,SEGMENT_RULES,THERMIQUE,True,77.0,,4.52,46,Puteaux,Paris,Puteaux|Paris 17e,2,260,False,False,,9150,424,7
20260805T190259,A2,v3.4-search-json,2026-08-06T09:00,2026-08-06T20:00,1608624,https://fr.getaround.com/location-voiture/paris/toyota-yaris-hybride-1608624,Toyota Yaris Hybride (2024),2024,Getaround Connect,CITADINE,SEGMENT_RULES,HYBRIDE,True,85.0,,4.41,27,Puteaux,Paris,Puteaux|Asnières-sur-Seine|Paris 17e,3,260,False,False,,7170,424,9
20260805T190259,A2,v3.4-search-json,2026-08-06T09:00,2026-08-06T20:00,1883872,https://fr.getaround.com/location-voiture/paris/fiat-500-c-1883872,Fiat 500 C (2014),2014,Getaround Connect,CABRIOLET,SEGMENT_RULES,THERMIQUE,True,66.0,,,,Puteaux,Paris,Puteaux|Asnières-sur-Seine|Paris 17e,3,261,False,False,,8020,424,7
20260805T190259,A2,v3.4-search-json,2026-08-06T09:00,2026-08-06T20:00,1216198,https://fr.getaround.com/location-voiture/boulogne-billancourt/renault-clio-1216198,Renault Clio (2019),2019,Getaround Connect,CITADINE,SEGMENT_RULES,THERMIQUE,True,76.0,,4.67,67,Puteaux,Boulogne Billancourt,Puteaux|Asnières-sur-Seine|Paris 17e,3,262,False,False,,6320,424,7
20260805T190259,A2,v3.4-search-json,2026-08-06T09:00,2026-08-06T20:00,1666424,https://fr.getaround.com/location-voiture/paris/peugeot-208-1666424,Peugeot 208 (2025),2025,Getaround Connect,CITADINE,SEGMENT_RULES,THERMIQUE,True,86.0,,4.19,21,Puteaux,Paris,Puteaux|Asnières-sur-Seine|Paris 17e,3,262,False,False,,7790,424,8
20260805T190259,A2,v3.4-search-json,2026-08-06T09:00,2026-08-06T20:00,1155983,https://fr.getaround.com/location-voiture/paris/peugeot-108-1155983,Peugeot 108 (2018),2018,Getaround Connect,MICRO_CITADINE,SEGMENT_RULES,THERMIQUE,True,67.0,,4.58,46,Asnières-sur-Seine,Paris,Asnières-sur-Seine|Paris 17e,2,263,False,False,,7590,1001,11
20260805T190259,A2,v3.4-search-json,2026-08-06T09:00,2026-08-06T20:00,1787777,https://fr.getaround.com/location-voiture/paris/peugeot-208-1787777,Peugeot 208 (2025),2025,Getaround Connect,CITADINE,SEGMENT_RULES,THERMIQUE,True,86.0,,4.11,9,Puteaux,Paris,Puteaux|Asnières-sur-Seine|Paris 17e,3,264,False,False,,6030,424,7
20260805T190259,A2,v3.4-search-json,2026-08-06T09:00,2026-08-06T20:00,1814789,https://fr.getaround.com/location-voiture/paris/citroen-c3-1814789,Citroen C3 (2022),2022,Sur rendez-vous,CITADINE,SEGMENT_RULES,THERMIQUE,False,135.0,,5.0,3,Puteaux,Paris,Puteaux|Asnières-sur-Seine|Paris 17e,3,264,False,False,,5880,424,11
20260805T190259,A2,v3.4-search-json,2026-08-06T09:00,2026-08-06T20:00,1458233,https://fr.getaround.com/location-voiture/issy-les-moulineaux/peugeot-308-sw-1458233,Peugeot 308 SW (2017),2017,Getaround Connect,BREAK,SEGMENT_RULES,THERMIQUE,True,83.0,,4.73,41,Puteaux,Issy Les Moulineaux,Puteaux|Paris 17e,2,265,False,False,,6750,424,7
20260805T190259,A2,v3.4-search-json,2026-08-06T09:00,2026-08-06T20:00,1608526,https://fr.getaround.com/location-voiture/paris/citroen-c3-1608526,Citroen C3 (2024),2024,Getaround Connect,CITADINE,SEGMENT_RULES,THERMIQUE,True,77.0,,4.55,57,Asnières-sur-Seine,Paris,Asnières-sur-Seine|Paris 17e,2,265,False,False,,8900,1001,12
20260805T190259,A2,v3.4-search-json,2026-08-06T09:00,2026-08-06T20:00,1855159,https://fr.getaround.com/location-voiture/issy-les-moulineaux/mini-cooper-3-portes-1855159,Mini Cooper 3 portes (2013),2013,Sur rendez-vous,CITADINE,SEGMENT_RULES,THERMIQUE,False,69.0,,5.0,3,Puteaux,Issy Les Moulineaux,Puteaux|Paris 17e,2,266,False,False,,6810,424,7
20260805T190259,A2,v3.4-search-json,2026-08-06T09:00,2026-08-06T20:00,1737386,https://fr.getaround.com/location-voiture/stains/renault-clio-1737386,Renault Clio (2014),2014,Getaround Connect,CITADINE,SEGMENT_RULES,THERMIQUE,True,68.0,,4.75,4,Asnières-sur-Seine,Stains,Asnières-sur-Seine,1,267,False,False,,7390,1001,7
20260805T190259,A2,v3.4-search-json,2026-08-06T09:00,2026-08-06T20:00,1650440,https://fr.getaround.com/location-voiture/issy-les-moulineaux/volkswagen-t-cross-1650440,Volkswagen T-Cross (2024),2024,Getaround Connect,SUV_COMPACT,SEGMENT_RULES,THERMIQUE,True,73.0,,3.35,17,Puteaux,Issy Les Moulineaux,Puteaux|Paris 17e,2,268,False,False,,7150,424,7
20260805T190259,A2,v3.4-search-json,2026-08-06T09:00,2026-08-06T20:00,1498661,https://fr.getaround.com/location-voiture/paris/renault-clio-1498661,Renault Clio (2022),2022,Getaround Connect,CITADINE,SEGMENT_RULES,THERMIQUE,True,77.0,,4.92,51,Puteaux,Paris,Puteaux|Asnières-sur-Seine|Paris 17e,3,269,False,False,,8000,424,7
20260805T190259,A2,v3.4-search-json,2026-08-06T09:00,2026-08-06T20:00,1738351,https://fr.getaround.com/location-voiture/chatou/toyota-corolla-1738351,Toyota Corolla (2020),2020,Sur rendez-vous,COMPACTE,SEGMENT_RULES,THERMIQUE,False,76.0,,5.0,8,Puteaux,Chatou,Puteaux|Asnières-sur-Seine,2,270,False,False,,6520,424,7
20260805T190259,A2,v3.4-search-json,2026-08-06T09:00,2026-08-06T20:00,1326257,https://fr.getaround.com/location-voiture/saint-denis/renault-clio-1326257,Renault Clio (2012),2012,Getaround Connect,CITADINE,SEGMENT_RULES,THERMIQUE,True,64.0,,4.88,17,Asnières-sur-Seine,Saint Denis,Asnières-sur-Seine|Paris 17e,2,270,False,False,,7770,1001,7
20260805T190259,A2,v3.4-search-json,2026-08-06T09:00,2026-08-06T20:00,1812855,https://fr.getaround.com/location-voiture/paris/volkswagen-polo-1812855,Volkswagen Polo (2011),2011,Sur rendez-vous,CITADINE,SEGMENT_RULES,THERMIQUE,True,75.0,,4.29,7,Puteaux,Paris,Puteaux|Asnières-sur-Seine|Paris 17e,3,272,False,False,,4460,424,7
20260805T190259,A2,v3.4-search-json,2026-08-06T09:00,2026-08-06T20:00,1890607,https://fr.getaround.com/location-voiture/sartrouville/fiat-doblo-1890607,Fiat Doblo (2022),2022,Getaround Connect,UTILITAIRE,SEGMENT_RULES,THERMIQUE,True,68.0,,5.0,1,Asnières-sur-Seine,Sartrouville,Asnières-sur-Seine,1,272,False,False,,8710,1001,7
20260805T190259,A2,v3.4-search-json,2026-08-06T09:00,2026-08-06T20:00,1631669,https://fr.getaround.com/location-voiture/boulogne-billancourt/opel-corsa-1631669,Opel Corsa (2024),2024,Getaround Connect,CITADINE,SEGMENT_RULES,THERMIQUE,True,86.0,,4.92,64,Puteaux,Boulogne Billancourt,Puteaux|Asnières-sur-Seine|Paris 17e,3,273,False,False,,6320,424,7
20260805T190259,A2,v3.4-search-json,2026-08-06T09:00,2026-08-06T20:00,1506950,https://fr.getaround.com/location-voiture/paris/peugeot-208-1506950,Peugeot 208 (2024),2024,Getaround Connect,CITADINE,SEGMENT_RULES,THERMIQUE,True,104.0,,4.87,43,Asnières-sur-Seine,Paris,Asnières-sur-Seine|Paris 17e,2,273,False,False,,8150,1001,10
20260805T190259,A2,v3.4-search-json,2026-08-06T09:00,2026-08-06T20:00,1528491,https://fr.getaround.com/location-voiture/paris/citroen-c3-1528491,Citroen C3 (2024),2024,Getaround Connect,CITADINE,SEGMENT_RULES,THERMIQUE,True,86.0,,4.78,32,Puteaux,Paris,Puteaux|Asnières-sur-Seine|Paris 17e,3,274,False,False,,6000,424,7
20260805T190259,A2,v3.4-search-json,2026-08-06T09:00,2026-08-06T20:00,1879734,https://fr.getaround.com/location-voiture/paris/renault-captur-1879734,Renault Captur (2021),2021,Sur rendez-vous,SUV_COMPACT,SEGMENT_RULES,THERMIQUE,False,81.0,,,,Asnières-sur-Seine,Paris,Asnières-sur-Seine|Paris 17e,2,274,False,False,,5430,1001,18
20260805T190259,A2,v3.4-search-json,2026-08-06T09:00,2026-08-06T20:00,1916417,https://fr.getaround.com/location-voiture/paris/peugeot-208-1916417,Peugeot 208 (2026),2026,Getaround Connect,CITADINE,SEGMENT_RULES,THERMIQUE,True,70.0,,,,Asnières-sur-Seine,Paris,Asnières-sur-Seine|Paris 17e,2,275,False,False,,11060,1001,8
20260805T190259,A2,v3.4-search-json,2026-08-06T09:00,2026-08-06T20:00,1634381,https://fr.getaround.com/location-voiture/boulogne-billancourt/opel-corsa-1634381,Opel Corsa (2024),2024,Getaround Connect,CITADINE,SEGMENT_RULES,THERMIQUE,True,86.0,,4.82,42,Puteaux,Boulogne Billancourt,Puteaux|Asnières-sur-Seine|Paris 17e,3,276,False,False,,6320,424,7
20260805T190259,A2,v3.4-search-json,2026-08-06T09:00,2026-08-06T20:00,1881105,https://fr.getaround.com/location-voiture/ermont/peugeot-208-1881105,Peugeot 208 (2019),2019,Getaround Connect,CITADINE,SEGMENT_RULES,THERMIQUE,True,58.0,,,,Asnières-sur-Seine,Ermont,Asnières-sur-Seine,1,277,False,False,,8220,1001,7
20260805T190259,A2,v3.4-search-json,2026-08-06T09:00,2026-08-06T20:00,1895765,https://fr.getaround.com/location-voiture/paris/bmw-serie-1-1895765,BMW Série 1 (2012),2012,Getaround Connect,COMPACTE,SEGMENT_RULES,THERMIQUE,True,65.0,,4.5,4,Asnières-sur-Seine,Paris,Asnières-sur-Seine|Paris 17e,2,277,False,False,,8730,1001,8
20260805T190259,A2,v3.4-search-json,2026-08-06T09:00,2026-08-06T20:00,1833543,https://fr.getaround.com/location-voiture/argenteuil/citroen-c3-1833543,Citroen C3 (2019),2019,Getaround Connect,CITADINE,SEGMENT_RULES,THERMIQUE,True,72.0,,5.0,2,Puteaux,Argenteuil,Puteaux|Asnières-sur-Seine,2,279,False,False,,7250,424,7
20260805T190259,A2,v3.4-search-json,2026-08-06T09:00,2026-08-06T20:00,1742823,https://fr.getaround.com/location-voiture/paris/dacia-spring-1742823,Dacia Spring (2021),2021,Getaround Connect,COMPACTE,SEGMENT_RULES,THERMIQUE,True,60.0,,4.31,13,Puteaux,Paris,Puteaux|Asnières-sur-Seine|Paris 17e,3,280,False,False,,6730,424,7
20260805T190259,A2,v3.4-search-json,2026-08-06T09:00,2026-08-06T20:00,1418638,https://fr.getaround.com/location-voiture/paris/renault-megane-1418638,Renault Mégane (2022),2022,Getaround Connect,COMPACTE,SEGMENT_RULES,THERMIQUE,True,93.0,,4.91,70,Asnières-sur-Seine,Paris,Asnières-sur-Seine|Paris 17e,2,280,False,False,,10340,1001,10
20260805T190259,A2,v3.4-search-json,2026-08-06T09:00,2026-08-06T20:00,1438820,https://fr.getaround.com/location-voiture/courbevoie/fiat-500-sport-1438820,Fiat 500 Sport (2014),2014,Sur rendez-vous,CITADINE,SEGMENT_RULES,THERMIQUE,False,64.0,,5.0,3,Asnières-sur-Seine,Courbevoie,Asnières-sur-Seine|Paris 17e,2,281,False,False,,4420,1001,8
20260805T190259,A2,v3.4-search-json,2026-08-06T09:00,2026-08-06T20:00,1691396,https://fr.getaround.com/location-voiture/paris/peugeot-208-1691396,Peugeot 208 (2025),2025,Getaround Connect,CITADINE,SEGMENT_RULES,THERMIQUE,True,104.0,,4.79,34,Asnières-sur-Seine,Paris,Asnières-sur-Seine|Paris 17e,2,281,False,False,,7220,1001,12
20260805T190259,A2,v3.4-search-json,2026-08-06T09:00,2026-08-06T20:00,1695612,https://fr.getaround.com/location-voiture/nanterre/renault-twingo-iii-1695612,Renault Twingo III (2020),2020,Sur rendez-vous,CITADINE,SEGMENT_RULES,THERMIQUE,False,73.0,,,,Puteaux,Nanterre,Puteaux|Asnières-sur-Seine,2,283,False,False,,2220,424,8
20260805T190259,A2,v3.4-search-json,2026-08-06T09:00,2026-08-06T20:00,1670817,https://fr.getaround.com/location-voiture/paris/peugeot-208-1670817,Peugeot 208 (2025),2025,Getaround Connect,CITADINE,SEGMENT_RULES,THERMIQUE,True,86.0,,4.46,39,Puteaux,Paris,Puteaux|Asnières-sur-Seine|Paris 17e,3,284,False,False,,7940,424,8
20260805T190259,A2,v3.4-search-json,2026-08-06T09:00,2026-08-06T20:00,1889838,https://fr.getaround.com/location-voiture/sevres/renault-twingo-iii-1889838,Renault Twingo III (2020),2020,Getaround Connect,CITADINE,SEGMENT_RULES,THERMIQUE,True,69.0,,5.0,8,Puteaux,Sevres,Puteaux|Asnières-sur-Seine,2,285,False,False,,6790,424,8
20260805T190259,A2,v3.4-search-json,2026-08-06T09:00,2026-08-06T20:00,1564818,https://fr.getaround.com/location-voiture/boulogne-billancourt/renault-twingo-iii-1564818,Renault Twingo III (2021),2021,Getaround Connect,CITADINE,SEGMENT_RULES,THERMIQUE,True,72.0,,4.7,41,Puteaux,Boulogne Billancourt,Puteaux|Asnières-sur-Seine|Paris 17e,3,286,False,False,,6320,424,8
20260805T190259,A2,v3.4-search-json,2026-08-06T09:00,2026-08-06T20:00,1190533,https://fr.getaround.com/location-voiture/paris/toyota-yaris-hybride-1190533,Toyota Yaris Hybride (2020),2020,Getaround Connect,CITADINE,SEGMENT_RULES,HYBRIDE,True,90.0,,4.48,68,Asnières-sur-Seine,Paris,Asnières-sur-Seine|Paris 17e,2,286,False,False,,6110,1001,10
20260805T190259,A2,v3.4-search-json,2026-08-06T09:00,2026-08-06T20:00,945216,https://fr.getaround.com/location-voiture/paris/renault-grand-scenic-945216,Renault Grand Scenic (2015),2015,Getaround Connect,MONOSPACE,SEGMENT_RULES,THERMIQUE,True,100.0,,4.73,116,Puteaux,Paris,Puteaux|Asnières-sur-Seine|Paris 17e,3,288,False,False,,8800,424,8
20260805T190259,A2,v3.4-search-json,2026-08-06T09:00,2026-08-06T20:00,1708959,https://fr.getaround.com/location-voiture/paris/peugeot-208-1708959,Peugeot 208 (2017),2017,Getaround Connect,CITADINE,SEGMENT_RULES,THERMIQUE,True,64.0,,4.4,10,Puteaux,Paris,Puteaux|Asnières-sur-Seine|Paris 17e,3,289,False,False,,7610,424,8
20260805T190259,A2,v3.4-search-json,2026-08-06T09:00,2026-08-06T20:00,1299635,https://fr.getaround.com/location-voiture/saint-denis/renault-clio-1299635,Renault Clio (2012),2012,Getaround Connect,CITADINE,SEGMENT_RULES,THERMIQUE,True,58.0,,4.5,18,Asnières-sur-Seine,Saint Denis,Asnières-sur-Seine|Paris 17e,2,289,False,False,,7770,1001,8
20260805T190259,A2,v3.4-search-json,2026-08-06T09:00,2026-08-06T20:00,1226029,https://fr.getaround.com/location-voiture/paris/citroen-c3-1226029,Citroen C3 (2023),2023,Getaround Connect,CITADINE,SEGMENT_RULES,THERMIQUE,True,50.0,,4.22,86,Asnières-sur-Seine,Paris,Asnières-sur-Seine|Paris 17e,2,289,False,False,,7470,1001,8
20260805T190259,A2,v3.4-search-json,2026-08-06T09:00,2026-08-06T20:00,1540409,https://fr.getaround.com/location-voiture/suresnes/renault-laguna-estate-1540409,Renault Laguna Estate (2015),2015,Sur rendez-vous,BREAK,SEGMENT_RULES,THERMIQUE,False,59.0,,,,Puteaux,Suresnes,Puteaux|Asnières-sur-Seine|Paris 17e,3,290,False,False,,1670,424,8
20260805T190259,A2,v3.4-search-json,2026-08-06T09:00,2026-08-06T20:00,1895320,https://fr.getaround.com/location-voiture/paris/volkswagen-polo-1895320,Volkswagen Polo (2024),2024,Getaround Connect,CITADINE,SEGMENT_RULES,THERMIQUE,True,99.0,,4.5,2,Asnières-sur-Seine,Paris,Asnières-sur-Seine|Paris 17e,2,290,False,False,,9790,1001,8
20260805T190259,A2,v3.4-search-json,2026-08-06T09:00,2026-08-06T20:00,1700296,https://fr.getaround.com/location-voiture/chatou/hyundai-ioniq-1700296,Hyundai Ioniq (2020),2020,Sur rendez-vous,COMPACTE,SEGMENT_RULES,ELECTRIQUE,False,85.0,,5.0,8,Puteaux,Chatou,Puteaux|Asnières-sur-Seine,2,291,False,False,,6520,424,8
20260805T190259,A2,v3.4-search-json,2026-08-06T09:00,2026-08-06T20:00,1533270,https://fr.getaround.com/location-voiture/colombes/renault-clio-1533270,Renault Clio (2014),2014,Sur rendez-vous,CITADINE,SEGMENT_RULES,THERMIQUE,False,65.0,,4.57,7,Asnières-sur-Seine,Colombes,Asnières-sur-Seine|Paris 17e,2,291,False,False,,1940,1001,8
20260805T190259,A2,v3.4-search-json,2026-08-06T09:00,2026-08-06T20:00,1697007,https://fr.getaround.com/location-voiture/nanterre/volkswagen-golf-1697007,Volkswagen Golf (2014),2014,Sur rendez-vous,COMPACTE,SEGMENT_RULES,THERMIQUE,False,90.0,,5.0,1,Puteaux,Nanterre,Puteaux|Asnières-sur-Seine|Paris 17e,3,292,False,False,,2380,424,8
20260805T190259,A2,v3.4-search-json,2026-08-06T09:00,2026-08-06T20:00,851259,https://fr.getaround.com/location-voiture/paris/skoda-fabia-851259,Skoda Fabia (2021),2021,Getaround Connect,CITADINE,SEGMENT_RULES,THERMIQUE,True,86.0,,4.9,104,Asnières-sur-Seine,Paris,Asnières-sur-Seine|Paris 17e,2,292,False,False,,6150,1001,9
20260805T190259,A2,v3.4-search-json,2026-08-06T09:00,2026-08-06T20:00,1618557,https://fr.getaround.com/location-voiture/levallois-perret/tesla-model-y-1618557,Tesla Model Y (2024),2024,Sur rendez-vous,SUV_FAMILIAL,SEGMENT_RULES,ELECTRIQUE,False,132.0,,,,Puteaux,Levallois Perret,Puteaux|Asnières-sur-Seine|Paris 17e,3,293,False,False,,3490,424,8
20260805T190259,A2,v3.4-search-json,2026-08-06T09:00,2026-08-06T20:00,1153936,https://fr.getaround.com/location-voiture/paris/smart-fortwo-coupe-1153936,Smart Fortwo Coupé (2017),2017,Getaround Connect,MICRO_CITADINE,SEGMENT_RULES,THERMIQUE,True,60.0,,4.49,37,Asnières-sur-Seine,Paris,Asnières-sur-Seine|Paris 17e,2,293,False,False,,7590,1001,11
20260805T190259,A2,v3.4-search-json,2026-08-06T09:00,2026-08-06T20:00,1638499,https://fr.getaround.com/location-voiture/issy-les-moulineaux/renault-clio-1638499,Renault Clio (2019),2019,Getaround Connect,CITADINE,SEGMENT_RULES,THERMIQUE,True,76.0,,4.86,21,Puteaux,Issy Les Moulineaux,Puteaux|Paris 17e,2,294,False,False,,7000,424,8
20260805T190259,A2,v3.4-search-json,2026-08-06T09:00,2026-08-06T20:00,1718217,https://fr.getaround.com/location-voiture/suresnes/mercedes-benz-classe-e-e-300-1718217,Mercedes-Benz Classe E E 300 (2024),2024,Sur rendez-vous,BERLINE,SEGMENT_RULES,THERMIQUE,False,230.0,,,,Puteaux,Suresnes,Puteaux|Asnières-sur-Seine|Paris 17e,3,295,False,False,,1410,424,8
20260805T190259,A2,v3.4-search-json,2026-08-06T09:00,2026-08-06T20:00,1232078,https://fr.getaround.com/location-voiture/paris/peugeot-208-1232078,Peugeot 208 (2023),2023,Getaround Connect,CITADINE,SEGMENT_RULES,THERMIQUE,True,77.0,,4.74,42,Asnières-sur-Seine,Paris,Asnières-sur-Seine|Paris 17e,2,295,False,False,,9820,1001,10
20260805T190259,A2,v3.4-search-json,2026-08-06T09:00,2026-08-06T20:00,1610891,https://fr.getaround.com/location-voiture/issy-les-moulineaux/audi-a5-sportback-1610891,Audi A5 Sportback (2013),2013,Sur rendez-vous,BERLINE,SEGMENT_RULES,THERMIQUE,False,112.0,,5.0,4,Puteaux,Issy Les Moulineaux,Puteaux|Asnières-sur-Seine|Paris 17e,3,296,False,False,,6280,424,8
20260805T190259,A2,v3.4-search-json,2026-08-06T09:00,2026-08-06T20:00,1948929,https://fr.getaround.com/location-voiture/paris/volkswagen-golf-sw-1948929,Volkswagen Golf SW (2024),2024,Sur rendez-vous,BREAK,SEGMENT_RULES,THERMIQUE,False,87.0,,,,Puteaux,Paris,Puteaux|Asnières-sur-Seine|Paris 17e,3,297,False,False,,4990,424,8
20260805T190259,A2,v3.4-search-json,2026-08-06T09:00,2026-08-06T20:00,1917406,https://fr.getaround.com/location-voiture/paris/peugeot-208-1917406,Peugeot 208 (2026),2026,Getaround Connect,CITADINE,SEGMENT_RULES,THERMIQUE,True,83.0,,,,Asnières-sur-Seine,Paris,Asnières-sur-Seine|Paris 17e,2,297,False,False,,8160,1001,13
20260805T190259,A2,v3.4-search-json,2026-08-06T09:00,2026-08-06T20:00,1936585,https://fr.getaround.com/location-voiture/neuilly-sur-seine/volkswagen-golf-1936585,Volkswagen Golf (2020),2020,Sur rendez-vous,COMPACTE,SEGMENT_RULES,THERMIQUE,False,131.0,,,,Puteaux,Neuilly Sur Seine,Puteaux|Asnières-sur-Seine|Paris 17e,3,298,False,False,,1850,424,8
20260805T190259,A2,v3.4-search-json,2026-08-06T09:00,2026-08-06T20:00,1829731,https://fr.getaround.com/location-voiture/paris/fiat-500-c-1829731,Fiat 500 C (2018),2018,Getaround Connect,CABRIOLET,SEGMENT_RULES,THERMIQUE,True,70.0,,5.0,26,Asnières-sur-Seine,Paris,Asnières-sur-Seine|Paris 17e,2,298,False,False,,11170,1001,11
20260805T190259,A2,v3.4-search-json,2026-08-06T09:00,2026-08-06T20:00,1863331,https://fr.getaround.com/location-voiture/gennevilliers/mercedes-benz-classe-a-250-e-1863331,Mercedes-Benz Classe A 250 e (2020),2020,Sur rendez-vous,COMPACTE,SEGMENT_RULES,THERMIQUE,False,103.0,,,,Asnières-sur-Seine,Gennevilliers,Asnières-sur-Seine|Paris 17e,2,300,False,False,,960,1001,8
20260805T190259,A2,v3.4-search-json,2026-08-06T09:00,2026-08-06T20:00,1949348,https://fr.getaround.com/location-voiture/issy-les-moulineaux/citroen-c3-aircross-1949348,Citroen C3 Aircross (2019),2019,Sur rendez-vous,CITADINE,SEGMENT_RULES,THERMIQUE,False,75.0,,,,Puteaux,Issy Les Moulineaux,Puteaux|Paris 17e,2,301,False,False,,7040,424,8
20260805T190259,A2,v3.4-search-json,2026-08-06T09:00,2026-08-06T20:00,1760599,https://fr.getaround.com/location-voiture/saint-denis/kia-rio-1760599,Kia Rio (2018),2018,Sur rendez-vous,CITADINE,SEGMENT_RULES,THERMIQUE,False,67.0,,5.0,9,Asnières-sur-Seine,Saint Denis,Asnières-sur-Seine,1,301,False,False,,7190,1001,8
20260805T190259,A2,v3.4-search-json,2026-08-06T09:00,2026-08-06T20:00,1440909,https://fr.getaround.com/location-voiture/paris/renault-clio-1440909,Renault Clio (2024),2024,Getaround Connect,CITADINE,SEGMENT_RULES,THERMIQUE,True,77.0,,4.81,53,Puteaux,Paris,Puteaux|Asnières-sur-Seine|Paris 17e,3,303,False,False,,8600,424,8
20260805T190259,A2,v3.4-search-json,2026-08-06T09:00,2026-08-06T20:00,1622264,https://fr.getaround.com/location-voiture/paris/renault-twingo-iii-1622264,Renault Twingo III (2016),2016,Getaround Connect,CITADINE,SEGMENT_RULES,THERMIQUE,True,64.0,,4.79,58,Asnières-sur-Seine,Paris,Asnières-sur-Seine|Paris 17e,2,303,False,False,,10720,1001,10
20260805T190259,A2,v3.4-search-json,2026-08-06T09:00,2026-08-06T20:00,1629791,https://fr.getaround.com/location-voiture/paris/renault-clio-1629791,Renault Clio (2024),2024,Getaround Connect,CITADINE,SEGMENT_RULES,THERMIQUE,True,77.0,,4.86,58,Puteaux,Paris,Puteaux|Paris 17e,2,304,False,False,,9210,424,8
20260805T190259,A2,v3.4-search-json,2026-08-06T09:00,2026-08-06T20:00,824592,https://fr.getaround.com/location-voiture/bagnolet/renault-clio-824592,Renault Clio (2017),2017,Getaround Connect,CITADINE,SEGMENT_RULES,THERMIQUE,True,45.0,,3.74,110,Asnières-sur-Seine,Bagnolet,Asnières-sur-Seine,1,304,False,False,,10810,1001,8
20260805T190259,A2,v3.4-search-json,2026-08-06T09:00,2026-08-06T20:00,1944772,https://fr.getaround.com/location-voiture/houilles/peugeot-208-1944772,Peugeot 208 (2021),2021,Sur rendez-vous,CITADINE,SEGMENT_RULES,THERMIQUE,False,70.0,,,,Puteaux,Houilles,Puteaux|Asnières-sur-Seine,2,305,False,False,,6150,424,8
20260805T190259,A2,v3.4-search-json,2026-08-06T09:00,2026-08-06T20:00,1632665,https://fr.getaround.com/location-voiture/paris/renault-twingo-iii-1632665,Renault Twingo III (2018),2018,Getaround Connect,CITADINE,SEGMENT_RULES,THERMIQUE,True,70.0,,4.76,46,Puteaux,Paris,Puteaux|Asnières-sur-Seine|Paris 17e,3,306,False,False,,7940,424,8
20260805T190259,A2,v3.4-search-json,2026-08-06T09:00,2026-08-06T20:00,1322999,https://fr.getaround.com/location-voiture/paris/toyota-yaris-hybride-1322999,Toyota Yaris Hybride (2021),2021,Getaround Connect,CITADINE,SEGMENT_RULES,HYBRIDE,True,75.0,,4.67,45,Asnières-sur-Seine,Paris,Asnières-sur-Seine|Paris 17e,2,306,False,False,,10660,1001,11
20260805T190259,A2,v3.4-search-json,2026-08-06T09:00,2026-08-06T20:00,1848158,https://fr.getaround.com/location-voiture/boulogne-billancourt/peugeot-e-2008-1848158,Peugeot e-2008 (2022),2022,Sur rendez-vous,SUV_COMPACT,SEGMENT_RULES,THERMIQUE,False,75.0,,5.0,2,Puteaux,Boulogne Billancourt,Puteaux|Asnières-sur-Seine|Paris 17e,3,307,False,False,,6190,424,8
20260805T190259,A2,v3.4-search-json,2026-08-06T09:00,2026-08-06T20:00,1788487,https://fr.getaround.com/location-voiture/asnieres-sur-seine/tesla-model-y-standard-range-1788487,Tesla Model Y Standard Range (2023),2023,Sur rendez-vous,SUV_FAMILIAL,SEGMENT_RULES,ELECTRIQUE,False,112.0,,,,Asnières-sur-Seine,Asnieres Sur Seine,Asnières-sur-Seine|Paris 17e,2,307,False,False,,1020,1001,8
20260805T190259,A2,v3.4-search-json,2026-08-06T09:00,2026-08-06T20:00,1432564,https://fr.getaround.com/location-voiture/paris/citroen-c3-1432564,Citroen C3 (2023),2023,Getaround Connect,CITADINE,SEGMENT_RULES,THERMIQUE,True,85.0,,3.69,26,Asnières-sur-Seine,Paris,Asnières-sur-Seine|Paris 17e,2,307,False,False,,5030,1001,11
20260805T190259,A2,v3.4-search-json,2026-08-06T09:00,2026-08-06T20:00,854615,https://fr.getaround.com/location-voiture/courbevoie/mg-zs-ev-854615,Mg ZS EV (2020),2020,Sur rendez-vous,SUV_COMPACT,SEGMENT_RULES,ELECTRIQUE,False,150.0,,5.0,8,Puteaux,Courbevoie,Puteaux|Asnières-sur-Seine|Paris 17e,3,308,False,False,,1620,424,8
20260805T190259,A2,v3.4-search-json,2026-08-06T09:00,2026-08-06T20:00,941924,https://fr.getaround.com/location-voiture/paris/volkswagen-up-941924,Volkswagen Up! (2012),2012,Getaround Connect,MICRO_CITADINE,SEGMENT_RULES,THERMIQUE,True,59.0,,4.8,60,Asnières-sur-Seine,Paris,Asnières-sur-Seine|Paris 17e,2,309,False,False,,10680,1001,12
20260805T190259,A2,v3.4-search-json,2026-08-06T09:00,2026-08-06T20:00,1370309,https://fr.getaround.com/location-voiture/issy-les-moulineaux/citroen-c3-1370309,Citroen C3 (2020),2020,Getaround Connect,CITADINE,SEGMENT_RULES,THERMIQUE,True,72.0,,4.2,67,Puteaux,Issy Les Moulineaux,Puteaux|Paris 17e,2,310,False,False,,7050,424,8
20260805T190259,A2,v3.4-search-json,2026-08-06T09:00,2026-08-06T20:00,1272657,https://fr.getaround.com/location-voiture/paris/toyota-yaris-hybride-1272657,Toyota Yaris Hybride (2020),2020,Getaround Connect,CITADINE,SEGMENT_RULES,HYBRIDE,True,75.0,,4.84,73,Asnières-sur-Seine,Paris,Asnières-sur-Seine|Paris 17e,2,310,False,False,,10390,1001,13
20260805T190259,A2,v3.4-search-json,2026-08-06T09:00,2026-08-06T20:00,1082207,https://fr.getaround.com/location-voiture/bezons/opel-corsa-1082207,Opel Corsa (2016),2016,Sur rendez-vous,CITADINE,SEGMENT_RULES,THERMIQUE,False,62.0,,4.96,13,Puteaux,Bezons,Puteaux|Asnières-sur-Seine,2,311,False,False,,5450,424,8
20260805T190259,A2,v3.4-search-json,2026-08-06T09:00,2026-08-06T20:00,1706202,https://fr.getaround.com/location-voiture/levallois-perret/peugeot-2008-1706202,Peugeot 2008 (2018),2018,Sur rendez-vous,SUV_COMPACT,SEGMENT_RULES,THERMIQUE,False,70.0,,5.0,5,Asnières-sur-Seine,Levallois Perret,Asnières-sur-Seine|Paris 17e,2,311,False,False,,2070,1001,8
20260805T190259,A2,v3.4-search-json,2026-08-06T09:00,2026-08-06T20:00,1555703,https://fr.getaround.com/location-voiture/paris/toyota-corolla-hybride-1555703,Toyota Corolla Hybride (2021),2021,Getaround Connect,COMPACTE,SEGMENT_RULES,HYBRIDE,True,85.0,,4.6,35,Asnières-sur-Seine,Paris,Asnières-sur-Seine|Paris 17e,2,311,False,False,,10390,1001,11
20260805T190259,A2,v3.4-search-json,2026-08-06T09:00,2026-08-06T20:00,641057,https://fr.getaround.com/location-voiture/paris/fiat-500-641057,Fiat 500 (2016),2016,Getaround Connect,CITADINE,SEGMENT_RULES,THERMIQUE,True,64.0,,4.85,176,Paris 17e,Paris,Paris 17e,1,312,False,False,,7480,871,8
20260805T190259,A2,v3.4-search-json,2026-08-06T09:00,2026-08-06T20:00,1712083,https://fr.getaround.com/location-voiture/sartrouville/mercedes-benz-classe-e-coupe-1712083,Mercedes-Benz Classe E Coupé (2014),2014,Sur rendez-vous,BERLINE,SEGMENT_RULES,THERMIQUE,False,172.0,,5.0,1,Puteaux,Sartrouville,Puteaux|Asnières-sur-Seine,2,313,False,False,,8610,424,8
20260805T190259,A2,v3.4-search-json,2026-08-06T09:00,2026-08-06T20:00,1226214,https://fr.getaround.com/location-voiture/argenteuil/renault-twingo-ii-1226214,Renault Twingo II (2013),2013,Sur rendez-vous,CITADINE,SEGMENT_RULES,THERMIQUE,False,60.0,,5.0,7,Asnières-sur-Seine,Argenteuil,Asnières-sur-Seine,1,313,False,False,,4400,1001,8
20260805T190259,A2,v3.4-search-json,2026-08-06T09:00,2026-08-06T20:00,1937431,https://fr.getaround.com/location-voiture/paris/smart-fortwo-coupe-1937431,Smart Fortwo Coupé (2013),2013,Sur rendez-vous,MICRO_CITADINE,SEGMENT_RULES,THERMIQUE,True,70.0,,,,Puteaux,Paris,Puteaux|Asnières-sur-Seine|Paris 17e,3,314,False,False,,4660,424,8
20260805T190259,A2,v3.4-search-json,2026-08-06T09:00,2026-08-06T20:00,820942,https://fr.getaround.com/location-voiture/paris/renault-clio-820942,Renault Clio (2017),2017,Getaround Connect,CITADINE,SEGMENT_RULES,THERMIQUE,True,86.0,,4.5,119,Asnières-sur-Seine,Paris,Asnières-sur-Seine|Paris 17e,2,314,False,False,,8760,1001,12
20260805T190259,A2,v3.4-search-json,2026-08-06T09:00,2026-08-06T20:00,1442859,https://fr.getaround.com/location-voiture/paris/citroen-c3-1442859,Citroen C3 (2023),2023,Getaround Connect,CITADINE,SEGMENT_RULES,THERMIQUE,True,77.0,,4.71,45,Puteaux,Paris,Puteaux|Asnières-sur-Seine|Paris 17e,3,315,False,False,,7870,424,8
20260805T190259,A2,v3.4-search-json,2026-08-06T09:00,2026-08-06T20:00,1505027,https://fr.getaround.com/location-voiture/cormeilles-en-parisis/renault-clio-1505027,Renault Clio (2020),2020,Getaround Connect,CITADINE,SEGMENT_RULES,THERMIQUE,True,76.0,,5.0,32,Asnières-sur-Seine,Cormeilles En Parisis,Asnières-sur-Seine,1,315,False,False,,8270,1001,8
20260805T190259,A2,v3.4-search-json,2026-08-06T09:00,2026-08-06T20:00,1198362,https://fr.getaround.com/location-voiture/paris/opel-corsa-1198362,Opel Corsa (2014),2014,Getaround Connect,CITADINE,SEGMENT_RULES,THERMIQUE,True,64.0,,4.67,36,Asnières-sur-Seine,Paris,Asnières-sur-Seine|Paris 17e,2,315,False,False,,7040,1001,12
20260805T190259,A2,v3.4-search-json,2026-08-06T09:00,2026-08-06T20:00,1753493,https://fr.getaround.com/location-voiture/paris/tesla-model-y-long-range-1753493,Tesla Model Y Long Range (2023),2023,Sur rendez-vous,SUV_FAMILIAL,SEGMENT_RULES,ELECTRIQUE,False,154.0,,,,Paris 17e,Paris,Paris 17e,1,316,False,False,,1690,871,8
20260805T190259,A2,v3.4-search-json,2026-08-06T09:00,2026-08-06T20:00,1557780,https://fr.getaround.com/location-voiture/paris/renault-clio-campus-1557780,Renault Clio Campus (2011),2011,Sur rendez-vous,CITADINE,SEGMENT_RULES,THERMIQUE,False,62.0,,5.0,10,Puteaux,Paris,Puteaux|Asnières-sur-Seine|Paris 17e,3,317,False,False,,5480,424,8
20260805T190259,A2,v3.4-search-json,2026-08-06T09:00,2026-08-06T20:00,1650430,https://fr.getaround.com/location-voiture/paris/volkswagen-t-cross-1650430,Volkswagen T-Cross (2024),2024,Getaround Connect,SUV_COMPACT,SEGMENT_RULES,THERMIQUE,True,73.0,,4.82,38,Paris 17e,Paris,Paris 17e,1,317,False,False,,7870,871,8
20260805T190259,A2,v3.4-search-json,2026-08-06T09:00,2026-08-06T20:00,1629808,https://fr.getaround.com/location-voiture/paris/renault-clio-1629808,Renault Clio (2024),2024,Getaround Connect,CITADINE,SEGMENT_RULES,THERMIQUE,True,77.0,,4.7,46,Puteaux,Paris,Puteaux|Paris 17e,2,320,False,False,,9210,424,8
20260805T190259,A2,v3.4-search-json,2026-08-06T09:00,2026-08-06T20:00,1117220,https://fr.getaround.com/location-voiture/paris/renault-clio-1117220,Renault Clio (2014),2014,Getaround Connect,CITADINE,SEGMENT_RULES,THERMIQUE,True,74.0,,4.74,19,Puteaux,Paris,Puteaux|Asnières-sur-Seine|Paris 17e,3,321,False,False,,7610,424,9
20260805T190259,A2,v3.4-search-json,2026-08-06T09:00,2026-08-06T20:00,1715596,https://fr.getaround.com/location-voiture/paris/citroen-c4-1715596,Citroen C4 (2019),2019,Getaround Connect,COMPACTE,SEGMENT_RULES,THERMIQUE,True,58.0,,3.92,12,Asnières-sur-Seine,Paris,Asnières-sur-Seine|Paris 17e,2,322,False,False,,8400,1001,12
20260805T190259,A2,v3.4-search-json,2026-08-06T09:00,2026-08-06T20:00,1533981,https://fr.getaround.com/location-voiture/paris/toyota-yaris-hybride-1533981,Toyota Yaris Hybride (2021),2021,Getaround Connect,CITADINE,SEGMENT_RULES,HYBRIDE,True,89.0,,4.47,44,Asnières-sur-Seine,Paris,Asnières-sur-Seine|Paris 17e,2,323,False,False,,7330,1001,13
20260805T190259,A2,v3.4-search-json,2026-08-06T09:00,2026-08-06T20:00,1584195,https://fr.getaround.com/location-voiture/bezons/lynk-co-01-1584195,Lynk & Co 01 (2021),2021,Sur rendez-vous,SUV_FAMILIAL,SEGMENT_RULES,THERMIQUE,False,117.0,,5.0,2,Puteaux,Bezons,Puteaux|Asnières-sur-Seine|Paris 17e,3,324,False,False,,5260,424,9
20260805T190259,A2,v3.4-search-json,2026-08-06T09:00,2026-08-06T20:00,1830627,https://fr.getaround.com/location-voiture/paris/bmw-serie-1-1830627,BMW Série 1 (2019),2019,Sur rendez-vous,COMPACTE,SEGMENT_RULES,THERMIQUE,False,55.0,,5.0,1,Asnières-sur-Seine,Paris,Asnières-sur-Seine|Paris 17e,2,324,False,False,,4590,1001,12
20260805T190259,A2,v3.4-search-json,2026-08-06T09:00,2026-08-06T20:00,1506970,https://fr.getaround.com/location-voiture/levallois-perret/smart-forfour-1506970,Smart Forfour (2015),2015,Sur rendez-vous,MICRO_CITADINE,SEGMENT_RULES,THERMIQUE,False,53.0,,,,Paris 17e,Levallois Perret,Paris 17e,1,325,False,False,,1520,871,9
20260805T190259,A2,v3.4-search-json,2026-08-06T09:00,2026-08-06T20:00,1545704,https://fr.getaround.com/location-voiture/boulogne-billancourt/land-rover-range-rover-evoque-1545704,Land-Rover Range Rover Evoque (2014),2014,Sur rendez-vous,SUV_FAMILIAL,SEGMENT_RULES,THERMIQUE,False,130.0,,4.88,4,Puteaux,Boulogne Billancourt,Puteaux|Asnières-sur-Seine|Paris 17e,3,326,False,False,,6310,424,9
20260805T190259,A2,v3.4-search-json,2026-08-06T09:00,2026-08-06T20:00,1556483,https://fr.getaround.com/location-voiture/paris/toyota-yaris-cross-hybrid-1556483,Toyota Yaris Cross Hybrid (2021),2021,Getaround Connect,SUV_COMPACT,SEGMENT_RULES,HYBRIDE,True,81.0,,4.53,54,Asnières-sur-Seine,Paris,Asnières-sur-Seine|Paris 17e,2,326,False,False,,12070,1001,9
20260805T190259,A2,v3.4-search-json,2026-08-06T09:00,2026-08-06T20:00,1736287,https://fr.getaround.com/location-voiture/chatou/toyota-corolla-break-hybride-1736287,Toyota Corolla Break Hybride (2020),2020,Sur rendez-vous,BREAK,SEGMENT_RULES,HYBRIDE,False,86.0,,,,Puteaux,Chatou,Puteaux|Asnières-sur-Seine,2,327,False,False,,6520,424,9
20260805T190259,A2,v3.4-search-json,2026-08-06T09:00,2026-08-06T20:00,1790478,https://fr.getaround.com/location-voiture/saint-gratien/smart-fortwo-cabriolet-1790478,Smart Fortwo Cabriolet (2019),2019,Getaround Connect,CABRIOLET,SEGMENT_RULES,THERMIQUE,True,86.0,,5.0,5,Asnières-sur-Seine,Saint Gratien,Asnières-sur-Seine,1,327,False,False,,5510,1001,9
20260805T190259,A2,v3.4-search-json,2026-08-06T09:00,2026-08-06T20:00,1218015,https://fr.getaround.com/location-voiture/paris/opel-corsa-1218015,Opel Corsa (2012),2012,Getaround Connect,CITADINE,SEGMENT_RULES,THERMIQUE,True,58.0,,3.53,15,Asnières-sur-Seine,Paris,Asnières-sur-Seine|Paris 17e,2,328,False,False,,7040,1001,13
20260805T190259,A2,v3.4-search-json,2026-08-06T09:00,2026-08-06T20:00,1851732,https://fr.getaround.com/location-voiture/la-celle-saint-cloud/fiat-600e-1851732,Fiat 600e (2024),2024,Sur rendez-vous,CITADINE,SEGMENT_RULES,THERMIQUE,False,61.0,,5.0,1,Puteaux,La Celle Saint Cloud,Puteaux,1,329,False,False,,7710,424,9
20260805T190259,A2,v3.4-search-json,2026-08-06T09:00,2026-08-06T20:00,1736314,https://fr.getaround.com/location-voiture/boulogne-billancourt/smart-fortwo-passion-1736314,Smart Fortwo Passion (2015),2015,Sur rendez-vous,MICRO_CITADINE,SEGMENT_RULES,THERMIQUE,False,71.0,,5.0,2,Puteaux,Boulogne Billancourt,Puteaux|Asnières-sur-Seine|Paris 17e,3,330,False,False,,4920,424,9
20260805T190259,A2,v3.4-search-json,2026-08-06T09:00,2026-08-06T20:00,1849526,https://fr.getaround.com/location-voiture/boulogne-billancourt/ds-3-1849526,DS 3 (2019),2019,Sur rendez-vous,CITADINE,SEGMENT_RULES,THERMIQUE,False,91.0,,5.0,1,Puteaux,Boulogne Billancourt,Puteaux|Asnières-sur-Seine|Paris 17e,3,331,False,False,,5810,424,9
20260805T190259,A2,v3.4-search-json,2026-08-06T09:00,2026-08-06T20:00,1921535,https://fr.getaround.com/location-voiture/paris/nissan-juke-n-connecta-1921535,Nissan Juke N-Connecta (2026),2026,Getaround Connect,SUV_COMPACT,SEGMENT_RULES,THERMIQUE,True,101.0,,,,Puteaux,Paris,Puteaux|Asnières-sur-Seine|Paris 17e,3,332,False,False,,7860,424,9
20260805T190259,A2,v3.4-search-json,2026-08-06T09:00,2026-08-06T20:00,1503075,https://fr.getaround.com/location-voiture/carrieres-sur-seine/renault-zoe-1503075,Renault ZOE (2021),2021,Sur rendez-vous,CITADINE,SEGMENT_RULES,ELECTRIQUE,False,62.0,,5.0,8,Puteaux,Carrieres Sur Seine,Puteaux|Asnières-sur-Seine,2,334,False,False,,5460,424,9
20260805T190259,A2,v3.4-search-json,2026-08-06T09:00,2026-08-06T20:00,1342226,https://fr.getaround.com/location-voiture/paris/renault-clio-1342226,Renault Clio (2014),2014,Getaround Connect,CITADINE,SEGMENT_RULES,THERMIQUE,True,58.0,,3.62,29,Asnières-sur-Seine,Paris,Asnières-sur-Seine|Paris 17e,2,334,False,False,,7050,1001,13
20260805T190259,A2,v3.4-search-json,2026-08-06T09:00,2026-08-06T20:00,1920999,https://fr.getaround.com/location-voiture/garches/citroen-c1-ii-1920999,Citroen C1 II (2019),2019,Getaround Connect,MICRO_CITADINE,SEGMENT_RULES,THERMIQUE,True,69.0,,,,Puteaux,Garches,Puteaux|Asnières-sur-Seine,2,335,False,False,,6510,424,9
20260805T190259,A2,v3.4-search-json,2026-08-06T09:00,2026-08-06T20:00,1841274,https://fr.getaround.com/location-voiture/herblay-sur-seine/volkswagen-golf-1841274,Volkswagen Golf (2012),2012,Sur rendez-vous,COMPACTE,SEGMENT_RULES,THERMIQUE,False,75.0,,5.0,6,Asnières-sur-Seine,Herblay Sur Seine,Asnières-sur-Seine,1,335,False,False,,11520,1001,9
20260805T190259,A2,v3.4-search-json,2026-08-06T09:00,2026-08-06T20:00,1867943,https://fr.getaround.com/location-voiture/suresnes/skoda-kamiq-1867943,Skoda Kamiq (2025),2025,Sur rendez-vous,SUV_COMPACT,SEGMENT_RULES,THERMIQUE,False,111.0,,,,Puteaux,Suresnes,Puteaux|Asnières-sur-Seine,2,336,False,False,,3200,424,9
20260805T190259,A2,v3.4-search-json,2026-08-06T09:00,2026-08-06T20:00,1946223,https://fr.getaround.com/location-voiture/paris/renault-clio-1946223,Renault Clio (2016),2016,Sur rendez-vous,CITADINE,SEGMENT_RULES,THERMIQUE,False,36.0,,,,Asnières-sur-Seine,Paris,Asnières-sur-Seine|Paris 17e,2,336,False,False,,7010,1001,12
20260805T190259,A2,v3.4-search-json,2026-08-06T09:00,2026-08-06T20:00,1932446,https://fr.getaround.com/location-voiture/chatou/ford-fiesta-1932446,Ford Fiesta (2014),2014,Sur rendez-vous,CITADINE,SEGMENT_RULES,THERMIQUE,False,65.0,,,,Puteaux,Chatou,Puteaux|Asnières-sur-Seine,2,337,False,False,,6450,424,9
20260805T190259,A2,v3.4-search-json,2026-08-06T09:00,2026-08-06T20:00,1732861,https://fr.getaround.com/location-voiture/paris/citroen-c3-picasso-1732861,Citroen C3 Picasso (2017),2017,Getaround Connect,MONOSPACE,SEGMENT_RULES,THERMIQUE,True,79.0,,4.93,15,Asnières-sur-Seine,Paris,Asnières-sur-Seine|Paris 17e,2,337,False,False,,7540,1001,13
20260805T190259,A2,v3.4-search-json,2026-08-06T09:00,2026-08-06T20:00,1933549,https://fr.getaround.com/location-voiture/argenteuil/citroen-c3-1933549,Citroen C3 (2018),2018,Sur rendez-vous,CITADINE,SEGMENT_RULES,THERMIQUE,False,67.0,,,,Puteaux,Argenteuil,Puteaux|Asnières-sur-Seine|Paris 17e,3,338,False,False,,6710,424,9
20260805T190259,A2,v3.4-search-json,2026-08-06T09:00,2026-08-06T20:00,653396,https://fr.getaround.com/location-voiture/paris/renault-clio-653396,Renault Clio (2017),2017,Getaround Connect,CITADINE,SEGMENT_RULES,THERMIQUE,True,67.0,,4.7,113,Paris 17e,Paris,Paris 17e,1,338,False,False,,7480,871,9
20260805T190259,A2,v3.4-search-json,2026-08-06T09:00,2026-08-06T20:00,1895330,https://fr.getaround.com/location-voiture/boulogne-billancourt/mini-cooper-s-5-portes-1895330,Mini Cooper S 5 Portes (2020),2020,Sur rendez-vous,CITADINE,SEGMENT_RULES,THERMIQUE,False,97.0,,,,Puteaux,Boulogne Billancourt,Puteaux|Asnières-sur-Seine|Paris 17e,3,339,False,False,,5290,424,9
20260805T190259,A2,v3.4-search-json,2026-08-06T09:00,2026-08-06T20:00,1938839,https://fr.getaround.com/location-voiture/cormeilles-en-parisis/peugeot-208-1938839,Peugeot 208 (2018),2018,Getaround Connect,CITADINE,SEGMENT_RULES,THERMIQUE,True,73.0,,,,Asnières-sur-Seine,Cormeilles En Parisis,Asnières-sur-Seine,1,339,False,False,,7940,1001,9
20260805T190259,A2,v3.4-search-json,2026-08-06T09:00,2026-08-06T20:00,1139784,https://fr.getaround.com/location-voiture/courbevoie/peugeot-208-1139784,Peugeot 208 (2015),2015,Sur rendez-vous,CITADINE,SEGMENT_RULES,THERMIQUE,False,96.0,,,,Puteaux,Courbevoie,Puteaux|Asnières-sur-Seine|Paris 17e,3,340,False,False,,1640,424,9
20260805T190259,A2,v3.4-search-json,2026-08-06T09:00,2026-08-06T20:00,1236915,https://fr.getaround.com/location-voiture/asnieres-sur-seine/toyota-c-hr-1236915,Toyota C-HR (2018),2018,Sur rendez-vous,SUV_COMPACT,SEGMENT_RULES,THERMIQUE,False,131.0,,,,Asnières-sur-Seine,Asnieres Sur Seine,Asnières-sur-Seine|Paris 17e,2,340,False,False,,640,1001,9
20260805T190259,A2,v3.4-search-json,2026-08-06T09:00,2026-08-06T20:00,1067334,https://fr.getaround.com/location-voiture/nanterre/citroen-c5-cross-tourer-1067334,Citroen C5 Cross Tourer (2022),2022,Sur rendez-vous,BREAK,SEGMENT_RULES,THERMIQUE,False,119.0,,,,Puteaux,Nanterre,Puteaux|Asnières-sur-Seine|Paris 17e,3,341,False,False,,3140,424,9
20260805T190259,A2,v3.4-search-json,2026-08-06T09:00,2026-08-06T20:00,847824,https://fr.getaround.com/location-voiture/neuilly-sur-seine/toyota-yaris-hybride-847824,Toyota Yaris Hybride (2020),2020,Sur rendez-vous,CITADINE,SEGMENT_RULES,HYBRIDE,False,63.0,,4.97,45,Asnières-sur-Seine,Neuilly Sur Seine,Asnières-sur-Seine|Paris 17e,2,341,False,False,,4490,1001,10
20260805T190259,A2,v3.4-search-json,2026-08-06T09:00,2026-08-06T20:00,1828643,https://fr.getaround.com/location-voiture/paris/smart-fortwo-cabriolet-1828643,Smart Fortwo Cabriolet (2012),2012,Sur rendez-vous,CABRIOLET,SEGMENT_RULES,THERMIQUE,False,79.0,,,,Puteaux,Paris,Puteaux|Paris 17e,2,342,False,False,,3620,424,9
20260805T190259,A2,v3.4-search-json,2026-08-06T09:00,2026-08-06T20:00,671162,https://fr.getaround.com/location-voiture/paris/renault-clio-671162,Renault Clio (2018),2018,Getaround Connect,CITADINE,SEGMENT_RULES,THERMIQUE,True,72.0,,4.83,136,Paris 17e,Paris,Paris 17e,1,342,False,False,,7480,871,9
20260805T190259,A2,v3.4-search-json,2026-08-06T09:00,2026-08-06T20:00,1117375,https://fr.getaround.com/location-voiture/boulogne-billancourt/peugeot-308-sw-1117375,Peugeot 308 SW (2018),2018,Sur rendez-vous,BREAK,SEGMENT_RULES,THERMIQUE,False,106.0,,4.77,24,Puteaux,Boulogne Billancourt,Puteaux|Asnières-sur-Seine|Paris 17e,3,343,False,False,,4440,424,9
20260805T190259,A2,v3.4-search-json,2026-08-06T09:00,2026-08-06T20:00,1815362,https://fr.getaround.com/location-voiture/aubervilliers/renault-clio-1815362,Renault Clio (2023),2023,Getaround Connect,CITADINE,SEGMENT_RULES,THERMIQUE,True,77.0,,5.0,4,Asnières-sur-Seine,Aubervilliers,Asnières-sur-Seine,1,343,False,False,,8720,1001,9
20260805T190259,A2,v3.4-search-json,2026-08-06T09:00,2026-08-06T20:00,1739577,https://fr.getaround.com/location-voiture/paris/renault-clio-1739577,Renault Clio (2017),2017,Getaround Connect,CITADINE,SEGMENT_RULES,THERMIQUE,True,72.0,,4.96,23,Asnières-sur-Seine,Paris,Asnières-sur-Seine|Paris 17e,2,343,False,False,,11180,1001,12
20260805T190259,A2,v3.4-search-json,2026-08-06T09:00,2026-08-06T20:00,1614145,https://fr.getaround.com/location-voiture/courbevoie/peugeot-208-1614145,Peugeot 208 (2024),2024,Sur rendez-vous,CITADINE,SEGMENT_RULES,THERMIQUE,False,157.0,,,,Puteaux,Courbevoie,Puteaux|Asnières-sur-Seine|Paris 17e,3,345,False,False,,1830,424,9
20260805T190259,A2,v3.4-search-json,2026-08-06T09:00,2026-08-06T20:00,1658540,https://fr.getaround.com/location-voiture/courbevoie/citroen-c3-1658540,Citroen C3 (2015),2015,Sur rendez-vous,CITADINE,SEGMENT_RULES,THERMIQUE,False,63.0,,,,Asnières-sur-Seine,Courbevoie,Asnières-sur-Seine|Paris 17e,2,345,False,False,,2310,1001,9
20260805T190259,A2,v3.4-search-json,2026-08-06T09:00,2026-08-06T20:00,653354,https://fr.getaround.com/location-voiture/paris/fiat-500-653354,Fiat 500 (2016),2016,Getaround Connect,CITADINE,SEGMENT_RULES,THERMIQUE,True,68.0,,4.73,118,Paris 17e,Paris,Paris 17e,1,345,False,False,,7480,871,9
20260805T190259,A2,v3.4-search-json,2026-08-06T09:00,2026-08-06T20:00,1731967,https://fr.getaround.com/location-voiture/houilles/bmw-ix1-1731967,BMW iX1 (2021),2021,Sur rendez-vous,SUV_FAMILIAL,SEGMENT_RULES,THERMIQUE,False,139.0,,,,Puteaux,Houilles,Puteaux|Asnières-sur-Seine,2,346,False,False,,6240,424,9
20260805T190259,A2,v3.4-search-json,2026-08-06T09:00,2026-08-06T20:00,1306893,https://fr.getaround.com/location-voiture/paris/peugeot-208-1306893,Peugeot 208 (2023),2023,Getaround Connect,CITADINE,SEGMENT_RULES,THERMIQUE,True,91.0,,4.47,46,Asnières-sur-Seine,Paris,Asnières-sur-Seine|Paris 17e,2,346,False,False,,8810,1001,14
20260805T190259,A2,v3.4-search-json,2026-08-06T09:00,2026-08-06T20:00,1885630,https://fr.getaround.com/location-voiture/sevres/ford-puma-1885630,Ford Puma (2022),2022,Sur rendez-vous,SUV_COMPACT,SEGMENT_RULES,THERMIQUE,False,74.0,,5.0,1,Puteaux,Sevres,Puteaux,1,348,False,False,,6910,424,9
20260805T190259,A2,v3.4-search-json,2026-08-06T09:00,2026-08-06T20:00,660000,https://fr.getaround.com/location-voiture/paris/opel-agila-660000,Opel Agila (2011),2011,Getaround Connect,CITADINE,SEGMENT_RULES,THERMIQUE,True,50.0,,3.77,65,Asnières-sur-Seine,Paris,Asnières-sur-Seine|Paris 17e,2,349,False,False,,7040,1001,13
20260805T190259,A2,v3.4-search-json,2026-08-06T09:00,2026-08-06T20:00,1230139,https://fr.getaround.com/location-voiture/paris/peugeot-108-cabriolet-1230139,Peugeot 108 Cabriolet (2014),2014,Sur rendez-vous,CABRIOLET,SEGMENT_RULES,THERMIQUE,False,102.0,,5.0,5,Puteaux,Paris,Puteaux|Asnières-sur-Seine|Paris 17e,3,350,False,False,,3610,424,9
20260805T190259,A2,v3.4-search-json,2026-08-06T09:00,2026-08-06T20:00,1143282,https://fr.getaround.com/location-voiture/paris/smart-fortwo-coupe-1143282,Smart Fortwo Coupé (2017),2017,Getaround Connect,MICRO_CITADINE,SEGMENT_RULES,THERMIQUE,True,60.0,,4.31,36,Asnières-sur-Seine,Paris,Asnières-sur-Seine|Paris 17e,2,350,False,False,,7590,1001,13
20260805T190259,A2,v3.4-search-json,2026-08-06T09:00,2026-08-06T20:00,1939019,https://fr.getaround.com/location-voiture/issy-les-moulineaux/chevrolet-aveo-1939019,Chevrolet Aveo (2012),2012,Sur rendez-vous,CITADINE,SEGMENT_RULES,THERMIQUE,False,60.0,,,,Puteaux,Issy Les Moulineaux,Puteaux|Paris 17e,2,351,False,False,,7160,424,9
20260805T190259,A2,v3.4-search-json,2026-08-06T09:00,2026-08-06T20:00,1706164,https://fr.getaround.com/location-voiture/paris/renault-clio-1706164,Renault Clio (2016),2016,Getaround Connect,CITADINE,SEGMENT_RULES,THERMIQUE,True,76.0,,4.82,22,Asnières-sur-Seine,Paris,Asnières-sur-Seine|Paris 17e,2,351,False,False,,8770,1001,12
20260805T190259,A2,v3.4-search-json,2026-08-06T09:00,2026-08-06T20:00,1940728,https://fr.getaround.com/location-voiture/paris/audi-q4-sportback-35-e-tron-1940728,Audi Q4 Sportback 35 e-tron (2022),2022,Sur rendez-vous,SUV_FAMILIAL,SEGMENT_RULES,THERMIQUE,False,165.0,,,,Puteaux,Paris,Puteaux|Asnières-sur-Seine|Paris 17e,3,352,False,False,,4430,424,9
20260805T190259,A2,v3.4-search-json,2026-08-06T09:00,2026-08-06T20:00,1818315,https://fr.getaround.com/location-voiture/paris/opel-corsa-f-1818315,Opel Corsa F (2019),2019,Getaround Connect,CITADINE,SEGMENT_RULES,THERMIQUE,True,70.0,,5.0,8,Asnières-sur-Seine,Paris,Asnières-sur-Seine|Paris 17e,2,352,False,False,,9390,1001,12
20260805T190259,A2,v3.4-search-json,2026-08-06T09:00,2026-08-06T20:00,1531978,https://fr.getaround.com/location-voiture/boulogne-billancourt/jeep-renegade-limited-1531978,Jeep Renegade Limited (2019),2019,Sur rendez-vous,SUV_FAMILIAL,SEGMENT_RULES,THERMIQUE,False,264.0,,5.0,5,Puteaux,Boulogne Billancourt,Puteaux|Asnières-sur-Seine|Paris 17e,3,353,False,False,,6090,424,9
20260805T190259,A2,v3.4-search-json,2026-08-06T09:00,2026-08-06T20:00,1469153,https://fr.getaround.com/location-voiture/boulogne-billancourt/volkswagen-golf-sw-1469153,Volkswagen Golf SW (2012),2012,Sur rendez-vous,BREAK,SEGMENT_RULES,THERMIQUE,False,78.0,,,,Puteaux,Boulogne Billancourt,Puteaux|Paris 17e,2,354,False,False,,6480,424,9
20260805T190259,A2,v3.4-search-json,2026-08-06T09:00,2026-08-06T20:00,1744314,https://fr.getaround.com/location-voiture/paris/renault-twingo-iii-1744314,Renault Twingo III (2021),2021,Getaround Connect,CITADINE,SEGMENT_RULES,THERMIQUE,True,72.0,,4.62,21,Asnières-sur-Seine,Paris,Asnières-sur-Seine|Paris 17e,2,354,False,False,,10660,1001,11
20260805T190259,A2,v3.4-search-json,2026-08-06T09:00,2026-08-06T20:00,1818510,https://fr.getaround.com/location-voiture/sevres/ford-fiesta-1818510,Ford Fiesta (2020),2020,Sur rendez-vous,CITADINE,SEGMENT_RULES,THERMIQUE,False,72.0,,5.0,1,Puteaux,Sevres,Puteaux,1,355,False,False,,7170,424,9
20260805T190259,A2,v3.4-search-json,2026-08-06T09:00,2026-08-06T20:00,1670797,https://fr.getaround.com/location-voiture/paris/peugeot-208-1670797,Peugeot 208 (2025),2025,Getaround Connect,CITADINE,SEGMENT_RULES,THERMIQUE,True,104.0,,3.81,16,Asnières-sur-Seine,Paris,Asnières-sur-Seine|Paris 17e,2,355,False,False,,8150,1001,12
20260805T190259,A2,v3.4-search-json,2026-08-06T09:00,2026-08-06T20:00,1728263,https://fr.getaround.com/location-voiture/levallois-perret/renault-arkana-rs-line-1728263,Renault Arkana RS Line (2022),2022,Sur rendez-vous,COMPACTE,SEGMENT_RULES,THERMIQUE,False,106.0,,,,Puteaux,Levallois Perret,Puteaux|Asnières-sur-Seine|Paris 17e,3,356,False,False,,3950,424,9
20260805T190259,A2,v3.4-search-json,2026-08-06T09:00,2026-08-06T20:00,820919,https://fr.getaround.com/location-voiture/paris/renault-clio-820919,Renault Clio (2017),2017,Getaround Connect,CITADINE,SEGMENT_RULES,THERMIQUE,True,86.0,,4.73,102,Asnières-sur-Seine,Paris,Asnières-sur-Seine|Paris 17e,2,356,False,False,,8750,1001,13
20260805T190259,A2,v3.4-search-json,2026-08-06T09:00,2026-08-06T20:00,1927747,https://fr.getaround.com/location-voiture/villeneuve-la-garenne/peugeot-208-1927747,Peugeot 208 (2017),2017,Sur rendez-vous,CITADINE,SEGMENT_RULES,THERMIQUE,False,66.0,,,,Puteaux,Villeneuve La Garenne,Puteaux|Asnières-sur-Seine|Paris 17e,3,357,False,False,,8470,424,9
20260805T190259,A2,v3.4-search-json,2026-08-06T09:00,2026-08-06T20:00,1841262,https://fr.getaround.com/location-voiture/nanterre/ford-puma-1841262,Ford Puma (2021),2021,Sur rendez-vous,SUV_COMPACT,SEGMENT_RULES,THERMIQUE,False,166.0,,,,Puteaux,Nanterre,Puteaux|Asnières-sur-Seine,2,358,False,False,,3030,424,9
20260805T190259,A2,v3.4-search-json,2026-08-06T09:00,2026-08-06T20:00,1866628,https://fr.getaround.com/location-voiture/paris/renault-arkana-e-tech-1866628,Renault Arkana E-Tech (2024),2024,Sur rendez-vous,COMPACTE,SEGMENT_RULES,ELECTRIQUE,False,129.0,,5.0,1,Asnières-sur-Seine,Paris,Asnières-sur-Seine|Paris 17e,2,358,False,False,,3380,1001,16
20260805T190259,A2,v3.4-search-json,2026-08-06T09:00,2026-08-06T20:00,1665565,https://fr.getaround.com/location-voiture/nanterre/land-rover-range-rover-evoque-1665565,Land-Rover Range Rover Evoque (2013),2013,Sur rendez-vous,SUV_FAMILIAL,SEGMENT_RULES,THERMIQUE,False,137.0,,,,Puteaux,Nanterre,Puteaux|Asnières-sur-Seine,2,359,False,False,,2810,424,9
20260805T190259,A2,v3.4-search-json,2026-08-06T09:00,2026-08-06T20:00,1836575,https://fr.getaround.com/location-voiture/paris/fiat-punto-1836575,Fiat Punto (2012),2012,Sur rendez-vous,COMPACTE,SEGMENT_RULES,THERMIQUE,False,55.0,,5.0,13,Asnières-sur-Seine,Paris,Asnières-sur-Seine|Paris 17e,2,359,False,False,,6920,1001,12
20260805T190259,A2,v3.4-search-json,2026-08-06T09:00,2026-08-06T20:00,765741,https://fr.getaround.com/location-voiture/maisons-laffitte/toyota-aygo-ii-765741,Toyota Aygo II (2019),2019,Getaround Connect,MICRO_CITADINE,SEGMENT_RULES,THERMIQUE,True,76.0,,4.66,116,Puteaux,Maisons Laffitte,Puteaux,1,360,False,False,,9450,424,9
20260805T190259,A2,v3.4-search-json,2026-08-06T09:00,2026-08-06T20:00,1811673,https://fr.getaround.com/location-voiture/paris/peugeot-e-2008-1811673,Peugeot e-2008 (2023),2023,Getaround Connect,SUV_COMPACT,SEGMENT_RULES,THERMIQUE,True,104.0,,5.0,5,Asnières-sur-Seine,Paris,Asnières-sur-Seine|Paris 17e,2,360,False,False,,10370,1001,10
20260805T190259,A2,v3.4-search-json,2026-08-06T09:00,2026-08-06T20:00,1597078,https://fr.getaround.com/location-voiture/houilles/toyota-yaris-1597078,Toyota Yaris (2013),2013,Sur rendez-vous,CITADINE,SEGMENT_RULES,THERMIQUE,False,69.0,,,,Puteaux,Houilles,Puteaux|Asnières-sur-Seine,2,361,False,False,,5520,424,10
20260805T190259,A2,v3.4-search-json,2026-08-06T09:00,2026-08-06T20:00,1929307,https://fr.getaround.com/location-voiture/pantin/volkswagen-polo-1929307,Volkswagen Polo (2012),2012,Sur rendez-vous,CITADINE,SEGMENT_RULES,THERMIQUE,False,67.0,,5.0,1,Asnières-sur-Seine,Pantin,Asnières-sur-Seine|Paris 17e,2,362,False,False,,8640,1001,10
20260805T190259,A2,v3.4-search-json,2026-08-06T09:00,2026-08-06T20:00,742356,https://fr.getaround.com/location-voiture/paris/renault-modus-742356,Renault Modus (2012),2012,Getaround Connect,MONOSPACE,SEGMENT_RULES,THERMIQUE,True,58.0,,4.33,67,Asnières-sur-Seine,Paris,Asnières-sur-Seine|Paris 17e,2,362,False,False,,7040,1001,14
20260805T190259,A2,v3.4-search-json,2026-08-06T09:00,2026-08-06T20:00,1946035,https://fr.getaround.com/location-voiture/garches/volkswagen-golf-1946035,Volkswagen Golf (2025),2025,Sur rendez-vous,COMPACTE,SEGMENT_RULES,THERMIQUE,False,152.0,,,,Puteaux,Garches,Puteaux|Asnières-sur-Seine,2,363,False,False,,5030,424,10
20260805T190259,A2,v3.4-search-json,2026-08-06T09:00,2026-08-06T20:00,1586588,https://fr.getaround.com/location-voiture/boulogne-billancourt/peugeot-308-1586588,Peugeot 308 (2022),2022,Sur rendez-vous,COMPACTE,SEGMENT_RULES,THERMIQUE,False,78.0,,,,Puteaux,Boulogne Billancourt,Puteaux|Asnières-sur-Seine|Paris 17e,3,364,False,False,,5680,424,10
20260805T190259,A2,v3.4-search-json,2026-08-06T09:00,2026-08-06T20:00,641059,https://fr.getaround.com/location-voiture/paris/fiat-500-641059,Fiat 500 (2016),2016,Getaround Connect,CITADINE,SEGMENT_RULES,THERMIQUE,True,64.0,,4.82,152,Paris 17e,Paris,Paris 17e,1,364,False,False,,7480,871,10
20260805T190259,A2,v3.4-search-json,2026-08-06T09:00,2026-08-06T20:00,1846783,https://fr.getaround.com/location-voiture/rueil-malmaison/hyundai-i20-1846783,Hyundai i20 (2020),2020,Sur rendez-vous,CITADINE,SEGMENT_RULES,THERMIQUE,False,97.0,,,,Puteaux,Rueil Malmaison,Puteaux|Asnières-sur-Seine,2,365,False,False,,3750,424,10
20260805T190259,A2,v3.4-search-json,2026-08-06T09:00,2026-08-06T20:00,1717731,https://fr.getaround.com/location-voiture/paris/volkswagen-golf-tsi-1717731,Volkswagen Golf TSI (2013),2013,Sur rendez-vous,COMPACTE,SEGMENT_RULES,THERMIQUE,False,69.0,,5.0,1,Asnières-sur-Seine,Paris,Asnières-sur-Seine|Paris 17e,2,365,False,False,,5600,1001,16
20260805T190259,A2,v3.4-search-json,2026-08-06T09:00,2026-08-06T20:00,1906993,https://fr.getaround.com/location-voiture/villeneuve-la-garenne/ford-mondeo-hybride-1906993,Ford Mondeo Hybride (2018),2018,Sur rendez-vous,BERLINE,SEGMENT_RULES,HYBRIDE,False,88.0,,,,Puteaux,Villeneuve La Garenne,Puteaux|Asnières-sur-Seine|Paris 17e,3,366,False,False,,9130,424,10
20260805T190259,A2,v3.4-search-json,2026-08-06T09:00,2026-08-06T20:00,1412477,https://fr.getaround.com/location-voiture/pantin/nissan-qashqai-1412477,Nissan Qashqai (2014),2014,Getaround Connect,SUV_COMPACT,SEGMENT_RULES,THERMIQUE,True,72.0,,4.85,26,Asnières-sur-Seine,Pantin,Asnières-sur-Seine,1,366,False,False,,9990,1001,10
20260805T190259,A2,v3.4-search-json,2026-08-06T09:00,2026-08-06T20:00,1883063,https://fr.getaround.com/location-voiture/rueil-malmaison/bmw-x1-sdrive18i-1883063,BMW X1 sDrive18i (2019),2019,Sur rendez-vous,SUV_FAMILIAL,SEGMENT_RULES,THERMIQUE,False,163.0,,,,Puteaux,Rueil Malmaison,Puteaux|Asnières-sur-Seine,2,367,False,False,,3450,424,10
20260805T190259,A2,v3.4-search-json,2026-08-06T09:00,2026-08-06T20:00,1852946,https://fr.getaround.com/location-voiture/asnieres-sur-seine/bmw-x1-sdrive18d-1852946,BMW X1 sDrive18d (2018),2018,Sur rendez-vous,SUV_FAMILIAL,SEGMENT_RULES,THERMIQUE,False,140.0,,,,Puteaux,Asnieres Sur Seine,Puteaux|Asnières-sur-Seine|Paris 17e,3,367,False,False,,6040,424,10
20260805T190259,A2,v3.4-search-json,2026-08-06T09:00,2026-08-06T20:00,1827977,https://fr.getaround.com/location-voiture/paris/fiat-500-1827977,Fiat 500 (2014),2014,Sur rendez-vous,CITADINE,SEGMENT_RULES,THERMIQUE,False,44.0,,5.0,9,Asnières-sur-Seine,Paris,Asnières-sur-Seine|Paris 17e,2,368,False,False,,10410,1001,11
20260805T190259,A2,v3.4-search-json,2026-08-06T09:00,2026-08-06T20:00,1616323,https://fr.getaround.com/location-voiture/paris/tesla-model-3-long-range-1616323,Tesla Model 3 Long Range (2019),2019,Sur rendez-vous,BERLINE,SEGMENT_RULES,ELECTRIQUE,False,196.0,,5.0,2,Puteaux,Paris,Puteaux|Asnières-sur-Seine|Paris 17e,3,369,False,False,,6980,424,10
20260805T190259,A2,v3.4-search-json,2026-08-06T09:00,2026-08-06T20:00,1640739,https://fr.getaround.com/location-voiture/boulogne-billancourt/lancia-voyager-1640739,Lancia Voyager (2014),2014,Sur rendez-vous,MONOSPACE,SEGMENT_RULES,THERMIQUE,False,172.0,,,,Puteaux,Boulogne Billancourt,Puteaux|Asnières-sur-Seine|Paris 17e,3,370,False,False,,4420,424,10
20260805T190259,A2,v3.4-search-json,2026-08-06T09:00,2026-08-06T20:00,1570773,https://fr.getaround.com/location-voiture/bezons/audi-q3-1570773,Audi Q3 (2015),2015,Sur rendez-vous,SUV_COMPACT,SEGMENT_RULES,THERMIQUE,False,115.0,,5.0,3,Puteaux,Bezons,Puteaux|Asnières-sur-Seine|Paris 17e,3,371,False,False,,5070,424,10
20260805T190259,A2,v3.4-search-json,2026-08-06T09:00,2026-08-06T20:00,1586620,https://fr.getaround.com/location-voiture/paris/volkswagen-polo-1586620,Volkswagen Polo (2018),2018,Getaround Connect,CITADINE,SEGMENT_RULES,THERMIQUE,True,76.0,,4.5,24,Asnières-sur-Seine,Paris,Asnières-sur-Seine|Paris 17e,2,371,False,False,,10480,1001,11
20260805T190259,A2,v3.4-search-json,2026-08-06T09:00,2026-08-06T20:00,1199921,https://fr.getaround.com/location-voiture/argenteuil/mg-mg4-1199921,Mg MG4 (2022),2022,Sur rendez-vous,COMPACTE,SEGMENT_RULES,THERMIQUE,False,90.0,,,,Puteaux,Argenteuil,Puteaux|Asnières-sur-Seine|Paris 17e,3,372,False,False,,6710,424,10
20260805T190259,A2,v3.4-search-json,2026-08-06T09:00,2026-08-06T20:00,1210675,https://fr.getaround.com/location-voiture/paris/citroen-c3-1210675,Citroen C3 (2023),2023,Getaround Connect,CITADINE,SEGMENT_RULES,THERMIQUE,True,50.0,,4.07,86,Asnières-sur-Seine,Paris,Asnières-sur-Seine|Paris 17e,2,372,False,False,,9090,1001,10
20260805T190259,A2,v3.4-search-json,2026-08-06T09:00,2026-08-06T20:00,1944570,https://fr.getaround.com/location-voiture/paris/audi-q5-quattro-s-line-prem-plus-45-tfsi-1944570,Audi Q5 Quattro S Line Prem Plus 45 TFSI (2012),2012,Sur rendez-vous,SUV_FAMILIAL,SEGMENT_RULES,THERMIQUE,False,95.0,,,,Puteaux,Paris,Puteaux|Asnières-sur-Seine|Paris 17e,3,373,False,False,,6220,424,10
20260805T190259,A2,v3.4-search-json,2026-08-06T09:00,2026-08-06T20:00,1556512,https://fr.getaround.com/location-voiture/paris/toyota-yaris-hybride-1556512,Toyota Yaris Hybride (2022),2022,Getaround Connect,CITADINE,SEGMENT_RULES,HYBRIDE,True,84.0,,4.53,43,Asnières-sur-Seine,Paris,Asnières-sur-Seine|Paris 17e,2,373,False,False,,10200,1001,14
20260805T190259,A2,v3.4-search-json,2026-08-06T09:00,2026-08-06T20:00,852766,https://fr.getaround.com/location-voiture/paris/citroen-2cv-852766,Citroen 2CV (1982),1982,Sur rendez-vous,CABRIOLET,SEGMENT_RULES,THERMIQUE,False,143.0,,4.68,11,Puteaux,Paris,Puteaux|Asnières-sur-Seine|Paris 17e,3,375,False,False,,7440,424,10
20260805T190259,A2,v3.4-search-json,2026-08-06T09:00,2026-08-06T20:00,1730784,https://fr.getaround.com/location-voiture/paris/peugeot-208-1730784,Peugeot 208 (2024),2024,Getaround Connect,CITADINE,SEGMENT_RULES,THERMIQUE,True,81.0,,4.98,42,Asnières-sur-Seine,Paris,Asnières-sur-Seine|Paris 17e,2,375,False,False,,11220,1001,12
20260805T190259,A2,v3.4-search-json,2026-08-06T09:00,2026-08-06T20:00,1888564,https://fr.getaround.com/location-voiture/bezons/renault-scenic-1888564,Renault Scenic (2017),2017,Sur rendez-vous,MONOSPACE,SEGMENT_RULES,THERMIQUE,False,87.0,,5.0,1,Puteaux,Bezons,Puteaux|Asnières-sur-Seine,2,377,False,False,,6230,424,10
20260805T190259,A2,v3.4-search-json,2026-08-06T09:00,2026-08-06T20:00,1894570,https://fr.getaround.com/location-voiture/paris/toyota-yaris-hybride-1894570,Toyota Yaris Hybride (2021),2021,Getaround Connect,CITADINE,SEGMENT_RULES,HYBRIDE,True,76.0,,5.0,7,Asnières-sur-Seine,Paris,Asnières-sur-Seine|Paris 17e,2,378,False,False,,11500,1001,10
20260805T190259,A2,v3.4-search-json,2026-08-06T09:00,2026-08-06T20:00,1705445,https://fr.getaround.com/location-voiture/sartrouville/peugeot-208-1705445,Peugeot 208 (2015),2015,Sur rendez-vous,CITADINE,SEGMENT_RULES,THERMIQUE,False,71.0,,5.0,4,Puteaux,Sartrouville,Puteaux|Asnières-sur-Seine,2,379,False,False,,8390,424,10
20260805T190259,A2,v3.4-search-json,2026-08-06T09:00,2026-08-06T20:00,1253205,https://fr.getaround.com/location-voiture/paris/peugeot-208-1253205,Peugeot 208 (2023),2023,Getaround Connect,CITADINE,SEGMENT_RULES,THERMIQUE,True,77.0,,4.07,38,Paris 17e,Paris,Paris 17e,1,379,False,False,,7800,871,10
20260805T190259,A2,v3.4-search-json,2026-08-06T09:00,2026-08-06T20:00,767156,https://fr.getaround.com/location-voiture/maisons-laffitte/renault-clio-767156,Renault Clio (2019),2019,Sur rendez-vous,CITADINE,SEGMENT_RULES,THERMIQUE,False,67.0,,4.44,106,Puteaux,Maisons Laffitte,Puteaux,1,380,False,False,,9450,424,10
20260805T190259,A2,v3.4-search-json,2026-08-06T09:00,2026-08-06T20:00,1530499,https://fr.getaround.com/location-voiture/nanterre/renault-clio-1530499,Renault Clio (2020),2020,Sur rendez-vous,CITADINE,SEGMENT_RULES,THERMIQUE,False,92.0,,,,Puteaux,Nanterre,Puteaux|Asnières-sur-Seine|Paris 17e,3,381,False,False,,3160,424,10
20260805T190259,A2,v3.4-search-json,2026-08-06T09:00,2026-08-06T20:00,1620622,https://fr.getaround.com/location-voiture/paris/mercedes-benz-classe-gla-1620622,Mercedes-Benz Classe GLA (2022),2022,Sur rendez-vous,SUV_COMPACT,SEGMENT_RULES,THERMIQUE,False,127.0,,5.0,11,Asnières-sur-Seine,Paris,Asnières-sur-Seine|Paris 17e,2,381,False,False,,8530,1001,11
20260805T190259,A2,v3.4-search-json,2026-08-06T09:00,2026-08-06T20:00,1805723,https://fr.getaround.com/location-voiture/paris/fiat-500-1805723,Fiat 500 (2023),2023,Getaround Connect,CITADINE,SEGMENT_RULES,THERMIQUE,True,77.0,,4.97,31,Asnières-sur-Seine,Paris,Asnières-sur-Seine|Paris 17e,2,382,False,False,,10810,1001,14
20260805T190259,A2,v3.4-search-json,2026-08-06T09:00,2026-08-06T20:00,1751139,https://fr.getaround.com/location-voiture/gennevilliers/toyota-c-hr-hybrid-1751139,Toyota C-HR Hybrid (2017),2017,Sur rendez-vous,SUV_COMPACT,SEGMENT_RULES,HYBRIDE,False,81.0,,,,Puteaux,Gennevilliers,Puteaux|Asnières-sur-Seine|Paris 17e,3,383,False,False,,7360,424,10
20260805T190259,A2,v3.4-search-json,2026-08-06T09:00,2026-08-06T20:00,1779332,https://fr.getaround.com/location-voiture/clichy/toyota-c-hr-1779332,Toyota C-HR (2018),2018,Sur rendez-vous,SUV_COMPACT,SEGMENT_RULES,THERMIQUE,False,84.0,,,,Asnières-sur-Seine,Clichy,Asnières-sur-Seine|Paris 17e,2,383,False,False,,2180,1001,10
20260805T190259,A2,v3.4-search-json,2026-08-06T09:00,2026-08-06T20:00,1461054,https://fr.getaround.com/location-voiture/boulogne-billancourt/toyota-aygo-1461054,Toyota Aygo (2011),2011,Sur rendez-vous,MICRO_CITADINE,SEGMENT_RULES,THERMIQUE,False,115.0,,4.93,14,Puteaux,Boulogne Billancourt,Puteaux|Asnières-sur-Seine|Paris 17e,3,384,False,False,,6000,424,10
20260805T190259,A2,v3.4-search-json,2026-08-06T09:00,2026-08-06T20:00,766571,https://fr.getaround.com/location-voiture/maisons-laffitte/renault-clio-766571,Renault Clio (2018),2018,Sur rendez-vous,CITADINE,SEGMENT_RULES,THERMIQUE,False,72.0,,4.85,72,Puteaux,Maisons Laffitte,Puteaux,1,385,False,False,,9450,424,10
20260805T190259,A2,v3.4-search-json,2026-08-06T09:00,2026-08-06T20:00,612510,https://fr.getaround.com/location-voiture/neuilly-sur-seine/bmw-serie-1-612510,BMW Série 1 (2018),2018,Sur rendez-vous,COMPACTE,SEGMENT_RULES,THERMIQUE,False,142.0,,5.0,1,Puteaux,Neuilly Sur Seine,Puteaux|Asnières-sur-Seine|Paris 17e,3,386,False,False,,2640,424,10
20260805T190259,A2,v3.4-search-json,2026-08-06T09:00,2026-08-06T20:00,1349883,https://fr.getaround.com/location-voiture/paris/toyota-yaris-hybride-1349883,Toyota Yaris Hybride (2022),2022,Getaround Connect,CITADINE,SEGMENT_RULES,HYBRIDE,True,79.0,,4.89,54,Asnières-sur-Seine,Paris,Asnières-sur-Seine|Paris 17e,2,386,False,False,,11160,1001,13
20260805T190259,A2,v3.4-search-json,2026-08-06T09:00,2026-08-06T20:00,1457837,https://fr.getaround.com/location-voiture/boulogne-billancourt/smart-fortwo-cabriolet-1457837,Smart Fortwo Cabriolet (2017),2017,Sur rendez-vous,CABRIOLET,SEGMENT_RULES,THERMIQUE,False,86.0,,5.0,2,Puteaux,Boulogne Billancourt,Puteaux|Paris 17e,2,387,False,False,,5280,424,10
20260805T190259,A2,v3.4-search-json,2026-08-06T09:00,2026-08-06T20:00,1683217,https://fr.getaround.com/location-voiture/paris/renault-twingo-ii-1683217,Renault Twingo II (2012),2012,Sur rendez-vous,CITADINE,SEGMENT_RULES,THERMIQUE,False,63.0,,4.97,31,Asnières-sur-Seine,Paris,Asnières-sur-Seine|Paris 17e,2,387,False,False,,10770,1001,10
20260805T190259,A2,v3.4-search-json,2026-08-06T09:00,2026-08-06T20:00,699272,https://fr.getaround.com/location-voiture/paris/renault-clio-699272,Renault Clio (2017),2017,Getaround Connect,CITADINE,SEGMENT_RULES,THERMIQUE,True,76.0,,4.78,202,Asnières-sur-Seine,Paris,Asnières-sur-Seine|Paris 17e,2,387,False,False,,10490,1001,14
20260805T190259,A2,v3.4-search-json,2026-08-06T09:00,2026-08-06T20:00,1882814,https://fr.getaround.com/location-voiture/sartrouville/citroen-c3-1882814,Citroen C3 (2015),2015,Sur rendez-vous,CITADINE,SEGMENT_RULES,THERMIQUE,False,69.0,,,,Puteaux,Sartrouville,Puteaux|Asnières-sur-Seine,2,388,False,False,,7990,424,10
20260805T190259,A2,v3.4-search-json,2026-08-06T09:00,2026-08-06T20:00,1780188,https://fr.getaround.com/location-voiture/paris/citroen-c3-1780188,Citroen C3 (2020),2020,Getaround Connect,CITADINE,SEGMENT_RULES,THERMIQUE,True,45.0,,3.93,14,Asnières-sur-Seine,Paris,Asnières-sur-Seine|Paris 17e,2,388,False,False,,12430,1001,11
20260805T190259,A2,v3.4-search-json,2026-08-06T09:00,2026-08-06T20:00,1156569,https://fr.getaround.com/location-voiture/colombes/mercedes-classe-a-1156569,Mercedes Classe A (2013),2013,Sur rendez-vous,COMPACTE,SEGMENT_RULES,THERMIQUE,False,172.0,,,,Puteaux,Colombes,Puteaux|Asnières-sur-Seine|Paris 17e,3,389,False,False,,2960,424,10
20260805T190259,A2,v3.4-search-json,2026-08-06T09:00,2026-08-06T20:00,1219464,https://fr.getaround.com/location-voiture/paris/dacia-logan-mcv-1219464,Dacia Logan MCV (2014),2014,Getaround Connect,BREAK,SEGMENT_RULES,THERMIQUE,True,76.0,,4.96,64,Asnières-sur-Seine,Paris,Asnières-sur-Seine|Paris 17e,2,389,False,False,,9720,1001,13
20260805T190259,A2,v3.4-search-json,2026-08-06T09:00,2026-08-06T20:00,1639801,https://fr.getaround.com/location-voiture/houilles/peugeot-308-1639801,Peugeot 308 (2012),2012,Sur rendez-vous,COMPACTE,SEGMENT_RULES,THERMIQUE,False,73.0,,,,Puteaux,Houilles,Puteaux|Asnières-sur-Seine,2,390,False,False,,5700,424,10
20260805T190259,A2,v3.4-search-json,2026-08-06T09:00,2026-08-06T20:00,1556496,https://fr.getaround.com/location-voiture/paris/toyota-yaris-hybride-1556496,Toyota Yaris Hybride (2022),2022,Getaround Connect,CITADINE,SEGMENT_RULES,HYBRIDE,True,75.0,,4.53,47,Paris 17e,Paris,Paris 17e,1,390,False,False,,7810,871,10
20260805T190259,A2,v3.4-search-json,2026-08-06T09:00,2026-08-06T20:00,1932888,https://fr.getaround.com/location-voiture/paris/renault-kangoo-1932888,Renault Kangoo (2012),2012,Sur rendez-vous,UTILITAIRE,SEGMENT_RULES,THERMIQUE,False,73.0,,,,Puteaux,Paris,Puteaux|Asnières-sur-Seine|Paris 17e,3,391,False,False,,7430,424,10
20260805T190259,A2,v3.4-search-json,2026-08-06T09:00,2026-08-06T20:00,1008949,https://fr.getaround.com/location-voiture/paris/citroen-c3-1008949,Citroen C3 (2019),2019,Getaround Connect,CITADINE,SEGMENT_RULES,THERMIQUE,True,45.0,,4.18,99,Asnières-sur-Seine,Paris,Asnières-sur-Seine|Paris 17e,2,391,False,False,,12430,1001,11
20260805T190259,A2,v3.4-search-json,2026-08-06T09:00,2026-08-06T20:00,1533284,https://fr.getaround.com/location-voiture/chatou/renault-clio-1533284,Renault Clio (2021),2021,Sur rendez-vous,CITADINE,SEGMENT_RULES,THERMIQUE,False,91.0,,,,Puteaux,Chatou,Puteaux|Asnières-sur-Seine,2,392,False,False,,5700,424,10
20260805T190259,A2,v3.4-search-json,2026-08-06T09:00,2026-08-06T20:00,1370314,https://fr.getaround.com/location-voiture/paris/citroen-c3-1370314,Citroen C3 (2020),2020,Getaround Connect,CITADINE,SEGMENT_RULES,THERMIQUE,True,76.0,,4.55,50,Asnières-sur-Seine,Paris,Asnières-sur-Seine|Paris 17e,2,392,False,False,,7450,1001,11
20260805T190259,A2,v3.4-search-json,2026-08-06T09:00,2026-08-06T20:00,1910566,https://fr.getaround.com/location-voiture/colombes/nissan-nv200-1910566,Nissan NV200 (2016),2016,Sur rendez-vous,UTILITAIRE,SEGMENT_RULES,THERMIQUE,False,139.0,,,,Puteaux,Colombes,Puteaux|Asnières-sur-Seine|Paris 17e,3,393,False,False,,4600,424,10
20260805T190259,A2,v3.4-search-json,2026-08-06T09:00,2026-08-06T20:00,1816320,https://fr.getaround.com/location-voiture/saint-cloud/hyundai-inster-1816320,Hyundai Inster (2025),2025,Sur rendez-vous,COMPACTE,SEGMENT_RULES,THERMIQUE,False,165.0,,5.0,1,Puteaux,Saint Cloud,Puteaux|Asnières-sur-Seine,2,394,False,False,,5510,424,10
20260805T190259,A2,v3.4-search-json,2026-08-06T09:00,2026-08-06T20:00,1670801,https://fr.getaround.com/location-voiture/paris/peugeot-208-1670801,Peugeot 208 (2025),2025,Getaround Connect,CITADINE,SEGMENT_RULES,THERMIQUE,True,86.0,,4.17,18,Asnières-sur-Seine,Paris,Asnières-sur-Seine|Paris 17e,2,394,False,False,,10440,1001,10
20260805T190259,A2,v3.4-search-json,2026-08-06T09:00,2026-08-06T20:00,1820879,https://fr.getaround.com/location-voiture/paris/citroen-c3-aircross-1820879,Citroen C3 Aircross (2018),2018,Getaround Connect,CITADINE,SEGMENT_RULES,THERMIQUE,True,69.0,,5.0,5,Asnières-sur-Seine,Paris,Asnières-sur-Seine|Paris 17e,2,394,False,False,,10660,1001,12
20260805T190259,A2,v3.4-search-json,2026-08-06T09:00,2026-08-06T20:00,1773988,https://fr.getaround.com/location-voiture/colombes/volkswagen-polo-r-line-1773988,Volkswagen Polo R-Line (2022),2022,Sur rendez-vous,CITADINE,SEGMENT_RULES,THERMIQUE,False,125.0,,,,Puteaux,Colombes,Puteaux|Asnières-sur-Seine|Paris 17e,3,395,False,False,,3700,424,10
20260805T190259,A2,v3.4-search-json,2026-08-06T09:00,2026-08-06T20:00,1720938,https://fr.getaround.com/location-voiture/levallois-perret/renault-clio-1720938,Renault Clio (2013),2013,Sur rendez-vous,CITADINE,SEGMENT_RULES,THERMIQUE,False,71.0,,,,Puteaux,Levallois Perret,Puteaux|Asnières-sur-Seine|Paris 17e,3,396,False,False,,4280,424,10
20260805T190259,A2,v3.4-search-json,2026-08-06T09:00,2026-08-06T20:00,454116,https://fr.getaround.com/location-voiture/paris/volkswagen-coccinelle-454116,Volkswagen Coccinelle (1971),1971,Sur rendez-vous,COLLECTION,SEGMENT_RULES,THERMIQUE,False,216.0,,5.0,11,Puteaux,Paris,Puteaux|Asnières-sur-Seine|Paris 17e,3,397,False,False,,8160,424,10
20260805T190259,A2,v3.4-search-json,2026-08-06T09:00,2026-08-06T20:00,1679927,https://fr.getaround.com/location-voiture/bezons/nissan-micra-1679927,Nissan Micra (2017),2017,Sur rendez-vous,CITADINE,SEGMENT_RULES,THERMIQUE,False,79.0,,,,Puteaux,Bezons,Puteaux|Asnières-sur-Seine|Paris 17e,3,398,False,False,,5750,424,10
20260805T190259,A2,v3.4-search-json,2026-08-06T09:00,2026-08-06T20:00,1924550,https://fr.getaround.com/location-voiture/paris/renault-zoe-1924550,Renault ZOE (2015),2015,Getaround Connect,CITADINE,SEGMENT_RULES,ELECTRIQUE,True,99.0,,,,Puteaux,Paris,Puteaux|Asnières-sur-Seine|Paris 17e,3,399,False,False,,7140,424,10
20260805T190259,A2,v3.4-search-json,2026-08-06T09:00,2026-08-06T20:00,1739099,https://fr.getaround.com/location-voiture/rueil-malmaison/renault-megane-1739099,Renault Mégane (2016),2016,Sur rendez-vous,COMPACTE,SEGMENT_RULES,THERMIQUE,False,108.0,,,,Puteaux,Rueil Malmaison,Puteaux|Asnières-sur-Seine,2,400,False,False,,4120,424,10
20260805T190259,A2,v3.4-search-json,2026-08-06T09:00,2026-08-06T20:00,1942820,https://fr.getaround.com/location-voiture/aubervilliers/citroen-c4-cactus-1942820,Citroen C4 Cactus (2015),2015,Getaround Connect,COMPACTE,SEGMENT_RULES,THERMIQUE,True,42.0,,,,Asnières-sur-Seine,Aubervilliers,Asnières-sur-Seine|Paris 17e,2,400,False,False,,7410,1001,10
20260805T190259,A2,v3.4-search-json,2026-08-06T09:00,2026-08-06T20:00,1524455,https://fr.getaround.com/location-voiture/villeneuve-la-garenne/skoda-kamiq-1524455,Skoda Kamiq (2024),2024,Sur rendez-vous,SUV_COMPACT,SEGMENT_RULES,THERMIQUE,False,103.0,,4.67,3,Puteaux,Villeneuve La Garenne,Puteaux|Asnières-sur-Seine|Paris 17e,3,401,False,False,,8060,424,11
20260805T190259,A2,v3.4-search-json,2026-08-06T09:00,2026-08-06T20:00,1830090,https://fr.getaround.com/location-voiture/soisy-sous-montmorency/peugeot-5008-1830090,Peugeot 5008 (2025),2025,Sur rendez-vous,MONOSPACE,SEGMENT_RULES,THERMIQUE,False,136.0,,5.0,3,Asnières-sur-Seine,Soisy Sous Montmorency,Asnières-sur-Seine,1,401,False,False,,7250,1001,11
20260805T190259,A2,v3.4-search-json,2026-08-06T09:00,2026-08-06T20:00,560887,https://fr.getaround.com/location-voiture/asnieres-sur-seine/audi-a3-sportback-560887,Audi A3 Sportback (2010),2010,Sur rendez-vous,COMPACTE,SEGMENT_RULES,THERMIQUE,False,86.0,,5.0,5,Paris 17e,Asnieres Sur Seine,Paris 17e,1,401,False,False,,2890,871,11
20260805T190259,A2,v3.4-search-json,2026-08-06T09:00,2026-08-06T20:00,1643102,https://fr.getaround.com/location-voiture/saint-ouen-sur-seine/peugeot-5008-1643102,Peugeot 5008 (2015),2015,Sur rendez-vous,MONOSPACE,SEGMENT_RULES,THERMIQUE,False,114.0,,3.0,1,Puteaux,Saint Ouen Sur Seine,Puteaux|Asnières-sur-Seine|Paris 17e,3,402,False,False,,7610,424,11
20260805T190259,A2,v3.4-search-json,2026-08-06T09:00,2026-08-06T20:00,1878897,https://fr.getaround.com/location-voiture/paris/peugeot-308-1878897,Peugeot 308 (2019),2019,Getaround Connect,COMPACTE,SEGMENT_RULES,THERMIQUE,True,86.0,,5.0,15,Asnières-sur-Seine,Paris,Asnières-sur-Seine|Paris 17e,2,402,False,False,,11790,1001,11
20260805T190259,A2,v3.4-search-json,2026-08-06T09:00,2026-08-06T20:00,552262,https://fr.getaround.com/location-voiture/la-celle-saint-cloud/fiat-500-552262,Fiat 500 (2018),2018,Sur rendez-vous,CITADINE,SEGMENT_RULES,THERMIQUE,False,103.0,,4.67,20,Puteaux,La Celle Saint Cloud,Puteaux|Asnières-sur-Seine,2,403,False,False,,7090,424,11
20260805T190259,A2,v3.4-search-json,2026-08-06T09:00,2026-08-06T20:00,1556530,https://fr.getaround.com/location-voiture/paris/toyota-corolla-hybride-1556530,Toyota Corolla Hybride (2020),2020,Getaround Connect,COMPACTE,SEGMENT_RULES,HYBRIDE,True,95.0,,4.76,48,Asnières-sur-Seine,Paris,Asnières-sur-Seine|Paris 17e,2,403,False,False,,8900,1001,13
20260805T190259,A2,v3.4-search-json,2026-08-06T09:00,2026-08-06T20:00,1834784,https://fr.getaround.com/location-voiture/argenteuil/renault-clio-1834784,Renault Clio (2021),2021,Sur rendez-vous,CITADINE,SEGMENT_RULES,THERMIQUE,False,73.0,,,,Puteaux,Argenteuil,Puteaux|Asnières-sur-Seine,2,404,False,False,,6890,424,11
20260805T190259,A2,v3.4-search-json,2026-08-06T09:00,2026-08-06T20:00,1437323,https://fr.getaround.com/location-voiture/houilles/peugeot-3008-1437323,Peugeot 3008 (2013),2013,Sur rendez-vous,SUV_FAMILIAL,SEGMENT_RULES,THERMIQUE,False,121.0,,,,Puteaux,Houilles,Puteaux|Asnières-sur-Seine,2,405,False,False,,5430,424,11
20260805T190259,A2,v3.4-search-json,2026-08-06T09:00,2026-08-06T20:00,559425,https://fr.getaround.com/location-voiture/la-celle-saint-cloud/fiat-500-559425,Fiat 500 (2018),2018,Sur rendez-vous,CITADINE,SEGMENT_RULES,THERMIQUE,False,103.0,,4.94,18,Puteaux,La Celle Saint Cloud,Puteaux|Asnières-sur-Seine,2,406,False,False,,7090,424,11
20260805T190259,A2,v3.4-search-json,2026-08-06T09:00,2026-08-06T20:00,1670820,https://fr.getaround.com/location-voiture/paris/peugeot-208-1670820,Peugeot 208 (2025),2025,Getaround Connect,CITADINE,SEGMENT_RULES,THERMIQUE,True,81.0,,3.16,32,Puteaux,Paris,Puteaux|Asnières-sur-Seine|Paris 17e,3,407,False,False,,8600,424,11
20260805T190259,A2,v3.4-search-json,2026-08-06T09:00,2026-08-06T20:00,100528,https://fr.getaround.com/location-voiture/maisons-laffitte/mg-b-cabriolet-100528,Mg B Cabriolet (1978),1978,Sur rendez-vous,CABRIOLET,SEGMENT_RULES,THERMIQUE,False,296.0,,4.94,18,Puteaux,Maisons Laffitte,Puteaux,1,409,False,False,,9720,424,11
20260805T190259,A2,v3.4-search-json,2026-08-06T09:00,2026-08-06T20:00,1709188,https://fr.getaround.com/location-voiture/paris/renault-grand-scenic-1709188,Renault Grand Scenic (2016),2016,Getaround Connect,MONOSPACE,SEGMENT_RULES,THERMIQUE,True,99.0,,4.28,25,Asnières-sur-Seine,Paris,Asnières-sur-Seine|Paris 17e,2,409,False,False,,7470,1001,13
20260805T190259,A2,v3.4-search-json,2026-08-06T09:00,2026-08-06T20:00,1280421,https://fr.getaround.com/location-voiture/gennevilliers/smart-fortwo-cabriolet-1280421,Smart Fortwo Cabriolet (2014),2014,Sur rendez-vous,CABRIOLET,SEGMENT_RULES,THERMIQUE,False,76.0,,,,Puteaux,Gennevilliers,Puteaux|Asnières-sur-Seine|Paris 17e,3,410,False,False,,6270,424,11
20260805T190259,A2,v3.4-search-json,2026-08-06T09:00,2026-08-06T20:00,1644598,https://fr.getaround.com/location-voiture/argenteuil/audi-a1-sportback-1644598,Audi A1 Sportback (2024),2024,Sur rendez-vous,CITADINE,SEGMENT_RULES,THERMIQUE,False,123.0,,,,Puteaux,Argenteuil,Puteaux|Asnières-sur-Seine,2,411,False,False,,7040,424,11
20260805T190259,A2,v3.4-search-json,2026-08-06T09:00,2026-08-06T20:00,1532374,https://fr.getaround.com/location-voiture/paris/toyota-corolla-hybride-1532374,Toyota Corolla Hybride (2020),2020,Getaround Connect,COMPACTE,SEGMENT_RULES,HYBRIDE,True,98.0,,4.82,55,Asnières-sur-Seine,Paris,Asnières-sur-Seine|Paris 17e,2,411,False,False,,11220,1001,14
20260805T190259,A2,v3.4-search-json,2026-08-06T09:00,2026-08-06T20:00,948339,https://fr.getaround.com/location-voiture/paris/nissan-qashqai-948339,Nissan Qashqai (2016),2016,Sur rendez-vous,SUV_COMPACT,SEGMENT_RULES,THERMIQUE,False,85.0,,5.0,3,Puteaux,Paris,Puteaux|Asnières-sur-Seine|Paris 17e,3,412,False,False,,8109,424,11
20260805T190259,A2,v3.4-search-json,2026-08-06T09:00,2026-08-06T20:00,1879181,https://fr.getaround.com/location-voiture/paris/land-rover-range-rover-evoque-1879181,Land-Rover Range Rover Evoque (2020),2020,Sur rendez-vous,SUV_FAMILIAL,SEGMENT_RULES,THERMIQUE,False,300.0,,5.0,1,Puteaux,Paris,Puteaux|Asnières-sur-Seine|Paris 17e,3,413,False,False,,3890,424,11
20260805T190259,A2,v3.4-search-json,2026-08-06T09:00,2026-08-06T20:00,1379338,https://fr.getaround.com/location-voiture/asnieres-sur-seine/ford-fiesta-1379338,Ford Fiesta (2015),2015,Sur rendez-vous,CITADINE,SEGMENT_RULES,THERMIQUE,False,90.0,,5.0,1,Puteaux,Asnieres Sur Seine,Puteaux|Asnières-sur-Seine|Paris 17e,3,414,False,False,,6490,424,11
20260805T190259,A2,v3.4-search-json,2026-08-06T09:00,2026-08-06T20:00,1745559,https://fr.getaround.com/location-voiture/argenteuil/peugeot-308-1745559,Peugeot 308 (2023),2023,Sur rendez-vous,COMPACTE,SEGMENT_RULES,THERMIQUE,False,139.0,,,,Puteaux,Argenteuil,Puteaux|Asnières-sur-Seine|Paris 17e,3,415,False,False,,5730,424,11
20260805T190259,A2,v3.4-search-json,2026-08-06T09:00,2026-08-06T20:00,1638372,https://fr.getaround.com/location-voiture/paris/peugeot-308-sw-1638372,Peugeot 308 SW (2019),2019,Sur rendez-vous,BREAK,SEGMENT_RULES,THERMIQUE,False,197.0,,,,Puteaux,Paris,Puteaux|Asnières-sur-Seine|Paris 17e,3,416,False,False,,7530,424,11
20260805T190259,A2,v3.4-search-json,2026-08-06T09:00,2026-08-06T20:00,1682097,https://fr.getaround.com/location-voiture/paris/peugeot-308-1682097,Peugeot 308 (2020),2020,Getaround Connect,COMPACTE,SEGMENT_RULES,THERMIQUE,True,45.0,,3.87,31,Asnières-sur-Seine,Paris,Asnières-sur-Seine|Paris 17e,2,416,False,False,,12430,1001,12
20260805T190259,A2,v3.4-search-json,2026-08-06T09:00,2026-08-06T20:00,1308958,https://fr.getaround.com/location-voiture/clichy/smart-fortwo-cabriolet-1308958,Smart Fortwo Cabriolet (2016),2016,Sur rendez-vous,CABRIOLET,SEGMENT_RULES,THERMIQUE,False,140.0,,,,Puteaux,Clichy,Puteaux|Asnières-sur-Seine|Paris 17e,3,417,False,False,,5360,424,11
20260805T190259,A2,v3.4-search-json,2026-08-06T09:00,2026-08-06T20:00,1668556,https://fr.getaround.com/location-voiture/paris/citroen-c1-ii-1668556,Citroen C1 II (2018),2018,Sur rendez-vous,MICRO_CITADINE,SEGMENT_RULES,THERMIQUE,False,82.0,,,,Puteaux,Paris,Puteaux|Asnières-sur-Seine|Paris 17e,3,418,False,False,,6420,424,11
20260805T190259,A2,v3.4-search-json,2026-08-06T09:00,2026-08-06T20:00,1932183,https://fr.getaround.com/location-voiture/saint-denis/renault-espace-1932183,Renault Espace (2016),2016,Sur rendez-vous,MONOSPACE,SEGMENT_RULES,THERMIQUE,False,141.0,,5.0,1,Asnières-sur-Seine,Saint Denis,Asnières-sur-Seine|Paris 17e,2,418,False,False,,5220,1001,11
20260805T190259,A2,v3.4-search-json,2026-08-06T09:00,2026-08-06T20:00,1563979,https://fr.getaround.com/location-voiture/paris/peugeot-208-1563979,Peugeot 208 (2020),2020,Getaround Connect,CITADINE,SEGMENT_RULES,THERMIQUE,True,81.0,,4.76,46,Asnières-sur-Seine,Paris,Asnières-sur-Seine|Paris 17e,2,418,False,False,,10520,1001,13
20260805T190259,A2,v3.4-search-json,2026-08-06T09:00,2026-08-06T20:00,763159,https://fr.getaround.com/location-voiture/maisons-laffitte/citroen-c3-763159,Citroen C3 (2019),2019,Sur rendez-vous,CITADINE,SEGMENT_RULES,THERMIQUE,False,134.0,,4.77,79,Puteaux,Maisons Laffitte,Puteaux,1,419,False,False,,9450,424,11
20260805T190259,A2,v3.4-search-json,2026-08-06T09:00,2026-08-06T20:00,1427176,https://fr.getaround.com/location-voiture/paris/toyota-yaris-hybride-1427176,Toyota Yaris Hybride (2022),2022,Getaround Connect,CITADINE,SEGMENT_RULES,HYBRIDE,True,79.0,,4.75,63,Asnières-sur-Seine,Paris,Asnières-sur-Seine|Paris 17e,2,419,False,False,,11170,1001,14
20260805T190259,A2,v3.4-search-json,2026-08-06T09:00,2026-08-06T20:00,1481047,https://fr.getaround.com/location-voiture/sartrouville/bmw-x1-1481047,BMW X1 (2017),2017,Sur rendez-vous,SUV_FAMILIAL,SEGMENT_RULES,THERMIQUE,False,211.0,,,,Puteaux,Sartrouville,Puteaux|Asnières-sur-Seine,2,420,False,False,,7220,424,11
20260805T190259,A2,v3.4-search-json,2026-08-06T09:00,2026-08-06T20:00,1946842,https://fr.getaround.com/location-voiture/ermont/renault-clio-1946842,Renault Clio (2016),2016,Sur rendez-vous,CITADINE,SEGMENT_RULES,THERMIQUE,False,46.0,,,,Asnières-sur-Seine,Ermont,Asnières-sur-Seine,1,420,False,False,,7640,1001,11
20260805T190259,A2,v3.4-search-json,2026-08-06T09:00,2026-08-06T20:00,1671722,https://fr.getaround.com/location-voiture/paris/renault-zoe-1671722,Renault ZOE (2019),2019,Getaround Connect,CITADINE,SEGMENT_RULES,ELECTRIQUE,True,67.0,,2.25,4,Puteaux,Paris,Puteaux|Asnières-sur-Seine|Paris 17e,3,421,False,False,,6020,424,11
20260805T190259,A2,v3.4-search-json,2026-08-06T09:00,2026-08-06T20:00,1803883,https://fr.getaround.com/location-voiture/houilles/peugeot-2008-1803883,Peugeot 2008 (2024),2024,Sur rendez-vous,SUV_COMPACT,SEGMENT_RULES,THERMIQUE,False,92.0,,1.0,1,Puteaux,Houilles,Puteaux|Asnières-sur-Seine,2,422,False,False,,5860,424,11
20260805T190259,A2,v3.4-search-json,2026-08-06T09:00,2026-08-06T20:00,1682168,https://fr.getaround.com/location-voiture/paris/bmw-serie-1-1682168,BMW Série 1 (2025),2025,Sur rendez-vous,COMPACTE,SEGMENT_RULES,THERMIQUE,False,165.0,,1.0,1,Puteaux,Paris,Puteaux|Asnières-sur-Seine|Paris 17e,3,423,False,False,,7550,424,11
20260805T190259,A2,v3.4-search-json,2026-08-06T09:00,2026-08-06T20:00,1139897,https://fr.getaround.com/location-voiture/paris/renault-scenic-1139897,Renault Scenic (2016),2016,Getaround Connect,MONOSPACE,SEGMENT_RULES,THERMIQUE,True,75.0,,4.54,34,Asnières-sur-Seine,Paris,Asnières-sur-Seine|Paris 17e,2,423,False,False,,7450,1001,11
20260805T190259,A2,v3.4-search-json,2026-08-06T09:00,2026-08-06T20:00,1501900,https://fr.getaround.com/location-voiture/paris/peugeot-5008-1501900,Peugeot 5008 (2020),2020,Sur rendez-vous,MONOSPACE,SEGMENT_RULES,THERMIQUE,False,323.0,,1.0,1,Puteaux,Paris,Puteaux|Asnières-sur-Seine|Paris 17e,3,424,False,False,,5540,424,11
20260805T190259,A2,v3.4-search-json,2026-08-06T09:00,2026-08-06T20:00,1753345,https://fr.getaround.com/location-voiture/paris/peugeot-2008-1753345,Peugeot 2008 (2021),2021,Getaround Connect,SUV_COMPACT,SEGMENT_RULES,THERMIQUE,True,86.0,,4.38,13,Asnières-sur-Seine,Paris,Asnières-sur-Seine|Paris 17e,2,424,False,False,,11070,1001,13
20260805T190259,A2,v3.4-search-json,2026-08-06T09:00,2026-08-06T20:00,1859941,https://fr.getaround.com/location-voiture/paris/renault-clio-1859941,Renault Clio (2023),2023,Getaround Connect,CITADINE,SEGMENT_RULES,THERMIQUE,True,85.0,,5.0,8,Asnières-sur-Seine,Paris,Asnières-sur-Seine|Paris 17e,2,425,False,False,,9230,1001,12
20260805T190259,A2,v3.4-search-json,2026-08-06T09:00,2026-08-06T20:00,1257197,https://fr.getaround.com/location-voiture/la-garenne-colombes/honda-cr-v-hybride-1257197,Honda CR-V Hybride (2021),2021,Sur rendez-vous,SUV_FAMILIAL,SEGMENT_RULES,HYBRIDE,False,152.0,,,,Asnières-sur-Seine,La Garenne Colombes,Asnières-sur-Seine|Paris 17e,2,427,False,False,,2110,1001,11
20260805T190259,A2,v3.4-search-json,2026-08-06T09:00,2026-08-06T20:00,1804022,https://fr.getaround.com/location-voiture/paris/renault-scenic-e-tech-1804022,Renault Scenic E-tech (2025),2025,Sur rendez-vous,MONOSPACE,SEGMENT_RULES,ELECTRIQUE,False,102.0,,5.0,3,Asnières-sur-Seine,Paris,Asnières-sur-Seine|Paris 17e,2,429,False,False,,8860,1001,13
20260805T190259,A2,v3.4-search-json,2026-08-06T09:00,2026-08-06T20:00,1823854,https://fr.getaround.com/location-voiture/levallois-perret/mini-cooper-countryman-1823854,Mini Cooper Countryman (2017),2017,Sur rendez-vous,SUV_FAMILIAL,SEGMENT_RULES,THERMIQUE,False,109.0,,,,Asnières-sur-Seine,Levallois Perret,Asnières-sur-Seine|Paris 17e,2,430,False,False,,2780,1001,11
20260805T190259,A2,v3.4-search-json,2026-08-06T09:00,2026-08-06T20:00,1231863,https://fr.getaround.com/location-voiture/paris/peugeot-2008-1231863,Peugeot 2008 (2023),2023,Getaround Connect,SUV_COMPACT,SEGMENT_RULES,THERMIQUE,True,83.0,,4.73,47,Asnières-sur-Seine,Paris,Asnières-sur-Seine|Paris 17e,2,432,False,False,,11430,1001,15
20260805T190259,A2,v3.4-search-json,2026-08-06T09:00,2026-08-06T20:00,1506949,https://fr.getaround.com/location-voiture/paris/peugeot-208-1506949,Peugeot 208 (2024),2024,Getaround Connect,CITADINE,SEGMENT_RULES,THERMIQUE,True,104.0,,4.81,55,Asnières-sur-Seine,Paris,Asnières-sur-Seine|Paris 17e,2,433,False,False,,9790,1001,14
20260805T190259,A2,v3.4-search-json,2026-08-06T09:00,2026-08-06T20:00,1531702,https://fr.getaround.com/location-voiture/argenteuil/seat-ibiza-1531702,Seat Ibiza (2017),2017,Sur rendez-vous,CITADINE,SEGMENT_RULES,THERMIQUE,False,60.0,,5.0,3,Asnières-sur-Seine,Argenteuil,Asnières-sur-Seine,1,434,False,False,,4600,1001,11
20260805T190259,A2,v3.4-search-json,2026-08-06T09:00,2026-08-06T20:00,1904439,https://fr.getaround.com/location-voiture/paris/renault-zoe-1904439,Renault ZOE (2020),2020,Getaround Connect,CITADINE,SEGMENT_RULES,ELECTRIQUE,True,76.0,,5.0,2,Asnières-sur-Seine,Paris,Asnières-sur-Seine|Paris 17e,2,434,False,False,,9400,1001,15
20260805T190259,A2,v3.4-search-json,2026-08-06T09:00,2026-08-06T20:00,1266687,https://fr.getaround.com/location-voiture/asnieres-sur-seine/mercedes-benz-classe-b-1266687,Mercedes-Benz Classe B (2012),2012,Sur rendez-vous,MONOSPACE,SEGMENT_RULES,THERMIQUE,False,67.0,,,,Asnières-sur-Seine,Asnieres Sur Seine,Asnières-sur-Seine|Paris 17e,2,435,False,False,,1290,1001,11
20260805T190259,A2,v3.4-search-json,2026-08-06T09:00,2026-08-06T20:00,1638461,https://fr.getaround.com/location-voiture/paris/toyota-yaris-cross-hybrid-1638461,Toyota Yaris Cross Hybrid (2025),2025,Getaround Connect,SUV_COMPACT,SEGMENT_RULES,HYBRIDE,True,106.0,,4.88,69,Asnières-sur-Seine,Paris,Asnières-sur-Seine|Paris 17e,2,435,False,False,,8880,1001,14
20260805T190259,A2,v3.4-search-json,2026-08-06T09:00,2026-08-06T20:00,1461884,https://fr.getaround.com/location-voiture/paris/renault-megane-estate-1461884,Renault Mégane Estate (2015),2015,Getaround Connect,BREAK,SEGMENT_RULES,THERMIQUE,True,66.0,,4.79,70,Asnières-sur-Seine,Paris,Asnières-sur-Seine|Paris 17e,2,437,False,False,,11610,1001,13
20260805T190259,A2,v3.4-search-json,2026-08-06T09:00,2026-08-06T20:00,1881883,https://fr.getaround.com/location-voiture/paris/peugeot-2008-1881883,Peugeot 2008 (2026),2026,Getaround Connect,SUV_COMPACT,SEGMENT_RULES,THERMIQUE,True,109.0,,4.6,5,Asnières-sur-Seine,Paris,Asnières-sur-Seine|Paris 17e,2,438,False,False,,8130,1001,15
20260805T190259,A2,v3.4-search-json,2026-08-06T09:00,2026-08-06T20:00,1691413,https://fr.getaround.com/location-voiture/paris/peugeot-208-1691413,Peugeot 208 (2025),2025,Getaround Connect,CITADINE,SEGMENT_RULES,THERMIQUE,True,81.0,,3.22,9,Paris 17e,Paris,Paris 17e,1,440,False,False,,7460,871,11
20260805T190259,A2,v3.4-search-json,2026-08-06T09:00,2026-08-06T20:00,1692587,https://fr.getaround.com/location-voiture/paris/volkswagen-golf-1692587,Volkswagen Golf (2014),2014,Sur rendez-vous,COMPACTE,SEGMENT_RULES,THERMIQUE,False,74.0,,,,Asnières-sur-Seine,Paris,Asnières-sur-Seine|Paris 17e,2,442,False,False,,6570,1001,14
20260805T190259,A2,v3.4-search-json,2026-08-06T09:00,2026-08-06T20:00,653356,https://fr.getaround.com/location-voiture/paris/renault-clio-653356,Renault Clio (2017),2017,Getaround Connect,CITADINE,SEGMENT_RULES,THERMIQUE,True,72.0,,4.75,161,Paris 17e,Paris,Paris 17e,1,444,False,False,,7480,871,12
20260805T190259,A2,v3.4-search-json,2026-08-06T09:00,2026-08-06T20:00,1289524,https://fr.getaround.com/location-voiture/asnieres-sur-seine/ds-3-1289524,DS 3 (2018),2018,Sur rendez-vous,CITADINE,SEGMENT_RULES,THERMIQUE,False,91.0,,,,Asnières-sur-Seine,Asnieres Sur Seine,Asnières-sur-Seine|Paris 17e,2,446,False,False,,1660,1001,12
20260805T190259,A2,v3.4-search-json,2026-08-06T09:00,2026-08-06T20:00,1004177,https://fr.getaround.com/location-voiture/paris/citroen-c3-1004177,Citroen C3 (2019),2019,Sur rendez-vous,CITADINE,SEGMENT_RULES,THERMIQUE,False,68.0,,4.83,20,Paris 17e,Paris,Paris 17e,1,448,False,False,,7100,871,12
20260805T190259,A2,v3.4-search-json,2026-08-06T09:00,2026-08-06T20:00,1753195,https://fr.getaround.com/location-voiture/paris/renault-clio-1753195,Renault Clio (2018),2018,Getaround Connect,CITADINE,SEGMENT_RULES,THERMIQUE,True,83.0,,5.0,25,Asnières-sur-Seine,Paris,Asnières-sur-Seine|Paris 17e,2,449,False,False,,8430,1001,13
20260805T190259,A2,v3.4-search-json,2026-08-06T09:00,2026-08-06T20:00,1891280,https://fr.getaround.com/location-voiture/suresnes/fiat-500-1891280,Fiat 500 (2012),2012,Sur rendez-vous,CITADINE,SEGMENT_RULES,THERMIQUE,False,59.0,,5.0,1,Asnières-sur-Seine,Suresnes,Asnières-sur-Seine|Paris 17e,2,452,False,False,,7440,1001,12
20260805T190259,A2,v3.4-search-json,2026-08-06T09:00,2026-08-06T20:00,1755605,https://fr.getaround.com/location-voiture/paris/renault-captur-1755605,Renault Captur (2024),2024,Getaround Connect,SUV_COMPACT,SEGMENT_RULES,THERMIQUE,True,83.0,,4.12,16,Asnières-sur-Seine,Paris,Asnières-sur-Seine|Paris 17e,2,452,False,False,,8850,1001,14
20260805T190259,A2,v3.4-search-json,2026-08-06T09:00,2026-08-06T20:00,963372,https://fr.getaround.com/location-voiture/paris/smart-fortwo-coupe-963372,Smart Fortwo Coupé (2015),2015,Getaround Connect,MICRO_CITADINE,SEGMENT_RULES,THERMIQUE,True,58.0,,4.65,26,Asnières-sur-Seine,Paris,Asnières-sur-Seine|Paris 17e,2,453,False,False,,11070,1001,15
20260805T190259,A2,v3.4-search-json,2026-08-06T09:00,2026-08-06T20:00,1570980,https://fr.getaround.com/location-voiture/argenteuil/renault-clio-1570980,Renault Clio (2021),2021,Getaround Connect,CITADINE,SEGMENT_RULES,THERMIQUE,True,72.0,,3.83,3,Asnières-sur-Seine,Argenteuil,Asnières-sur-Seine,1,459,False,False,,6630,1001,12
20260805T190259,A2,v3.4-search-json,2026-08-06T09:00,2026-08-06T20:00,1276489,https://fr.getaround.com/location-voiture/levallois-perret/mini-countryman-1276489,Mini Countryman (2010),2010,Sur rendez-vous,SUV_FAMILIAL,SEGMENT_RULES,THERMIQUE,False,83.0,,,,Asnières-sur-Seine,Levallois Perret,Asnières-sur-Seine|Paris 17e,2,459,False,False,,2850,1001,15
20260805T190259,A2,v3.4-search-json,2026-08-06T09:00,2026-08-06T20:00,1894631,https://fr.getaround.com/location-voiture/paris/tesla-model-y-performance-1894631,Tesla Model Y Performance (2023),2023,Sur rendez-vous,SUV_FAMILIAL,SEGMENT_RULES,ELECTRIQUE,False,191.0,,,,Asnières-sur-Seine,Paris,Asnières-sur-Seine|Paris 17e,2,461,False,False,,7200,1001,15
20260805T190259,A2,v3.4-search-json,2026-08-06T09:00,2026-08-06T20:00,1400060,https://fr.getaround.com/location-voiture/paris/ford-fiesta-1400060,Ford Fiesta (2024),2024,Getaround Connect,CITADINE,SEGMENT_RULES,THERMIQUE,True,70.0,,4.47,17,Asnières-sur-Seine,Paris,Asnières-sur-Seine|Paris 17e,2,462,False,False,,12080,1001,14
20260805T190259,A2,v3.4-search-json,2026-08-06T09:00,2026-08-06T20:00,659414,https://fr.getaround.com/location-voiture/paris/renault-clio-659414,Renault Clio (2018),2018,Getaround Connect,CITADINE,SEGMENT_RULES,THERMIQUE,True,72.0,,4.66,140,Paris 17e,Paris,Paris 17e,1,464,False,False,,7480,871,12
20260805T190259,A2,v3.4-search-json,2026-08-06T09:00,2026-08-06T20:00,1864980,https://fr.getaround.com/location-voiture/la-garenne-colombes/nissan-leaf-1864980,Nissan Leaf (2022),2022,Sur rendez-vous,CITADINE,SEGMENT_RULES,THERMIQUE,False,78.0,,,,Asnières-sur-Seine,La Garenne Colombes,Asnières-sur-Seine|Paris 17e,2,466,False,False,,3120,1001,12
20260805T190259,A2,v3.4-search-json,2026-08-06T09:00,2026-08-06T20:00,1203959,https://fr.getaround.com/location-voiture/paris/smart-fortwo-coupe-1203959,Smart Fortwo Coupé (2013),2013,Sur rendez-vous,MICRO_CITADINE,SEGMENT_RULES,THERMIQUE,True,64.0,,4.81,18,Asnières-sur-Seine,Paris,Asnières-sur-Seine|Paris 17e,2,466,False,False,,11070,1001,14
20260805T190259,A2,v3.4-search-json,2026-08-06T09:00,2026-08-06T20:00,1695114,https://fr.getaround.com/location-voiture/paris/citroen-c3-1695114,Citroen C3 (2023),2023,Getaround Connect,CITADINE,SEGMENT_RULES,THERMIQUE,True,50.0,,4.15,13,Paris 17e,Paris,Paris 17e,1,467,False,False,,7890,871,12
20260805T190259,A2,v3.4-search-json,2026-08-06T09:00,2026-08-06T20:00,1787691,https://fr.getaround.com/location-voiture/paris/peugeot-208-1787691,Peugeot 208 (2025),2025,Getaround Connect,CITADINE,SEGMENT_RULES,THERMIQUE,True,104.0,,4.2,15,Asnières-sur-Seine,Paris,Asnières-sur-Seine|Paris 17e,2,468,False,False,,8850,1001,15
20260805T190259,A2,v3.4-search-json,2026-08-06T09:00,2026-08-06T20:00,1860678,https://fr.getaround.com/location-voiture/paris/audi-a1-sportback-1860678,Audi A1 Sportback (2020),2020,Sur rendez-vous,CITADINE,SEGMENT_RULES,THERMIQUE,False,75.0,,5.0,1,Asnières-sur-Seine,Paris,Asnières-sur-Seine|Paris 17e,2,471,False,False,,8980,1001,14
20260805T190259,A2,v3.4-search-json,2026-08-06T09:00,2026-08-06T20:00,1573548,https://fr.getaround.com/location-voiture/levallois-perret/renault-captur-1573548,Renault Captur (2014),2014,Sur rendez-vous,SUV_COMPACT,SEGMENT_RULES,THERMIQUE,False,96.0,,5.0,2,Asnières-sur-Seine,Levallois Perret,Asnières-sur-Seine|Paris 17e,2,472,False,False,,2290,1001,12
20260805T190259,A2,v3.4-search-json,2026-08-06T09:00,2026-08-06T20:00,1532395,https://fr.getaround.com/location-voiture/paris/toyota-yaris-hybride-1532395,Toyota Yaris Hybride (2020),2020,Getaround Connect,CITADINE,SEGMENT_RULES,HYBRIDE,True,84.0,,4.68,63,Asnières-sur-Seine,Paris,Asnières-sur-Seine|Paris 17e,2,473,False,False,,10220,1001,16
20260805T190259,A2,v3.4-search-json,2026-08-06T09:00,2026-08-06T20:00,1211690,https://fr.getaround.com/location-voiture/saint-denis/renault-espace-1211690,Renault Espace (2015),2015,Sur rendez-vous,MONOSPACE,SEGMENT_RULES,THERMIQUE,False,116.0,,4.93,22,Asnières-sur-Seine,Saint Denis,Asnières-sur-Seine|Paris 17e,2,474,False,False,,5420,1001,12
20260805T190259,A2,v3.4-search-json,2026-08-06T09:00,2026-08-06T20:00,1425351,https://fr.getaround.com/location-voiture/paris/fiat-500-1425351,Fiat 500 (2018),2018,Sur rendez-vous,CITADINE,SEGMENT_RULES,THERMIQUE,False,62.0,,4.55,11,Paris 17e,Paris,Paris 17e,1,474,False,False,,7340,871,12
20260805T190259,A2,v3.4-search-json,2026-08-06T09:00,2026-08-06T20:00,1632671,https://fr.getaround.com/location-voiture/paris/renault-twingo-iii-1632671,Renault Twingo III (2018),2018,Getaround Connect,CITADINE,SEGMENT_RULES,THERMIQUE,True,70.0,,4.93,28,Asnières-sur-Seine,Paris,Asnières-sur-Seine|Paris 17e,2,475,False,False,,11510,1001,15
20260805T190259,A2,v3.4-search-json,2026-08-06T09:00,2026-08-06T20:00,1932796,https://fr.getaround.com/location-voiture/enghien-les-bains/audi-a5-sportback-1932796,Audi A5 Sportback (2015),2015,Sur rendez-vous,BERLINE,SEGMENT_RULES,THERMIQUE,False,112.0,,5.0,1,Asnières-sur-Seine,Enghien Les Bains,Asnières-sur-Seine,1,476,False,False,,6300,1001,12
20260805T190259,A2,v3.4-search-json,2026-08-06T09:00,2026-08-06T20:00,1936747,https://fr.getaround.com/location-voiture/paris/peugeot-208-1936747,Peugeot 208 (2022),2022,Getaround Connect,CITADINE,SEGMENT_RULES,THERMIQUE,True,74.0,,,,Asnières-sur-Seine,Paris,Asnières-sur-Seine|Paris 17e,2,477,False,False,,11180,1001,12
20260805T190259,A2,v3.4-search-json,2026-08-06T09:00,2026-08-06T20:00,1550955,https://fr.getaround.com/location-voiture/paris/toyota-yaris-1550955,Toyota Yaris (2016),2016,Getaround Connect,CITADINE,SEGMENT_RULES,THERMIQUE,True,96.0,,4.92,26,Asnières-sur-Seine,Paris,Asnières-sur-Seine|Paris 17e,2,479,False,False,,10320,1001,16
20260805T190259,A2,v3.4-search-json,2026-08-06T09:00,2026-08-06T20:00,1701256,https://fr.getaround.com/location-voiture/paris/peugeot-208-1701256,Peugeot 208 (2023),2023,Getaround Connect,CITADINE,SEGMENT_RULES,THERMIQUE,True,88.0,,5.0,21,Asnières-sur-Seine,Paris,Asnières-sur-Seine|Paris 17e,2,483,False,False,,11750,1001,13
20260805T190259,A2,v3.4-search-json,2026-08-06T09:00,2026-08-06T20:00,1795427,https://fr.getaround.com/location-voiture/paris/renault-clio-1795427,Renault Clio (2019),2019,Getaround Connect,CITADINE,SEGMENT_RULES,THERMIQUE,True,72.0,,4.81,21,Paris 17e,Paris,Paris 17e,1,485,False,False,,7480,871,13
20260805T190259,A2,v3.4-search-json,2026-08-06T09:00,2026-08-06T20:00,1491312,https://fr.getaround.com/location-voiture/paris/renault-clio-e-tech-1491312,Renault Clio E-tech (2021),2021,Getaround Connect,CITADINE,SEGMENT_RULES,ELECTRIQUE,True,76.0,,4.5,27,Asnières-sur-Seine,Paris,Asnières-sur-Seine|Paris 17e,2,486,False,False,,11520,1001,14
20260805T190259,A2,v3.4-search-json,2026-08-06T09:00,2026-08-06T20:00,1542070,https://fr.getaround.com/location-voiture/paris/toyota-yaris-hybride-1542070,Toyota Yaris Hybride (2022),2022,Getaround Connect,CITADINE,SEGMENT_RULES,HYBRIDE,True,89.0,,4.69,59,Asnières-sur-Seine,Paris,Asnières-sur-Seine|Paris 17e,2,487,False,False,,8260,1001,15
20260805T190259,A2,v3.4-search-json,2026-08-06T09:00,2026-08-06T20:00,710154,https://fr.getaround.com/location-voiture/paris/dacia-lodgy-710154,Dacia Lodgy (2017),2017,Getaround Connect,MONOSPACE,SEGMENT_RULES,THERMIQUE,True,100.0,,4.55,64,Asnières-sur-Seine,Paris,Asnières-sur-Seine|Paris 17e,2,488,False,False,,9590,1001,16
20260805T190259,A2,v3.4-search-json,2026-08-06T09:00,2026-08-06T20:00,1900833,https://fr.getaround.com/location-voiture/soisy-sous-montmorency/peugeot-208-1900833,Peugeot 208 (2023),2023,Sur rendez-vous,CITADINE,SEGMENT_RULES,THERMIQUE,False,64.0,,,,Asnières-sur-Seine,Soisy Sous Montmorency,Asnières-sur-Seine,1,489,False,False,,7730,1001,13
20260805T190259,A2,v3.4-search-json,2026-08-06T09:00,2026-08-06T20:00,1343756,https://fr.getaround.com/location-voiture/paris/skoda-citigo-1343756,Skoda Citigo (2013),2013,Getaround Connect,CITADINE,SEGMENT_RULES,THERMIQUE,True,64.0,,4.5,30,Asnières-sur-Seine,Paris,Asnières-sur-Seine|Paris 17e,2,489,False,False,,10690,1001,16
20260805T190259,A2,v3.4-search-json,2026-08-06T09:00,2026-08-06T20:00,1709215,https://fr.getaround.com/location-voiture/paris/citroen-c4-grand-picasso-1709215,Citroen C4 Grand Picasso (2016),2016,Getaround Connect,COMPACTE,SEGMENT_RULES,THERMIQUE,True,99.0,,4.53,17,Asnières-sur-Seine,Paris,Asnières-sur-Seine|Paris 17e,2,490,False,False,,11080,1001,15
20260805T190259,A2,v3.4-search-json,2026-08-06T09:00,2026-08-06T20:00,1098377,https://fr.getaround.com/location-voiture/paris/mercedes-classe-a-1098377,Mercedes Classe A (2016),2016,Sur rendez-vous,COMPACTE,SEGMENT_RULES,THERMIQUE,False,160.0,,5.0,1,Asnières-sur-Seine,Paris,Asnières-sur-Seine|Paris 17e,2,491,False,False,,3830,1001,19
20260805T190259,A2,v3.4-search-json,2026-08-06T09:00,2026-08-06T20:00,1948556,https://fr.getaround.com/location-voiture/paris/volkswagen-polo-1948556,Volkswagen Polo (2018),2018,Sur rendez-vous,CITADINE,SEGMENT_RULES,THERMIQUE,False,84.0,,,,Asnières-sur-Seine,Paris,Asnières-sur-Seine|Paris 17e,2,492,False,False,,8270,1001,16
20260805T190259,A2,v3.4-search-json,2026-08-06T09:00,2026-08-06T20:00,1920131,https://fr.getaround.com/location-voiture/aubervilliers/peugeot-208-1920131,Peugeot 208 (2024),2024,Sur rendez-vous,CITADINE,SEGMENT_RULES,THERMIQUE,False,71.0,,5.0,4,Asnières-sur-Seine,Aubervilliers,Asnières-sur-Seine|Paris 17e,2,495,False,False,,7490,1001,13
20260805T190259,A2,v3.4-search-json,2026-08-06T09:00,2026-08-06T20:00,1661804,https://fr.getaround.com/location-voiture/paris/renault-twingo-ii-1661804,Renault Twingo II (2011),2011,Sur rendez-vous,CITADINE,SEGMENT_RULES,THERMIQUE,False,59.0,,5.0,10,Paris 17e,Paris,Paris 17e,1,496,False,False,,7130,871,13
20260805T190259,A2,v3.4-search-json,2026-08-06T09:00,2026-08-06T20:00,1363193,https://fr.getaround.com/location-voiture/paris/renault-clio-e-tech-1363193,Renault Clio E-tech (2020),2020,Getaround Connect,CITADINE,SEGMENT_RULES,ELECTRIQUE,True,81.0,,4.22,32,Asnières-sur-Seine,Paris,Asnières-sur-Seine|Paris 17e,2,497,False,False,,11080,1001,15
20260805T190259,A2,v3.4-search-json,2026-08-06T09:00,2026-08-06T20:00,1847744,https://fr.getaround.com/location-voiture/paris/renault-clio-1847744,Renault Clio (2025),2025,Getaround Connect,CITADINE,SEGMENT_RULES,THERMIQUE,True,104.0,,4.83,6,Asnières-sur-Seine,Paris,Asnières-sur-Seine|Paris 17e,2,498,False,False,,9790,1001,14
20260805T190259,A2,v3.4-search-json,2026-08-06T09:00,2026-08-06T20:00,1703257,https://fr.getaround.com/location-voiture/paris/citroen-c4-cactus-1703257,Citroen C4 Cactus (2013),2013,Sur rendez-vous,COMPACTE,SEGMENT_RULES,THERMIQUE,False,40.0,,5.0,3,Asnières-sur-Seine,Paris,Asnières-sur-Seine|Paris 17e,2,500,False,False,,9930,1001,14
20260805T190259,A2,v3.4-search-json,2026-08-06T09:00,2026-08-06T20:00,1544484,https://fr.getaround.com/location-voiture/sannois/toyota-yaris-hybride-1544484,Toyota Yaris Hybride (2022),2022,Sur rendez-vous,CITADINE,SEGMENT_RULES,HYBRIDE,False,75.0,,5.0,1,Asnières-sur-Seine,Sannois,Asnières-sur-Seine,1,502,False,False,,6100,1001,13
20260805T190259,A2,v3.4-search-json,2026-08-06T09:00,2026-08-06T20:00,1169383,https://fr.getaround.com/location-voiture/enghien-les-bains/citroen-c4-1169383,Citroen C4 (2018),2018,Sur rendez-vous,COMPACTE,SEGMENT_RULES,THERMIQUE,False,80.0,,4.92,53,Asnières-sur-Seine,Enghien Les Bains,Asnières-sur-Seine,1,503,False,False,,6310,1001,13
20260805T190259,A2,v3.4-search-json,2026-08-06T09:00,2026-08-06T20:00,653236,https://fr.getaround.com/location-voiture/paris/volkswagen-up-653236,Volkswagen Up! (2012),2012,Sur rendez-vous,MICRO_CITADINE,SEGMENT_RULES,THERMIQUE,False,81.0,,4.76,41,Asnières-sur-Seine,Paris,Asnières-sur-Seine|Paris 17e,2,503,False,False,,6980,1001,18
20260805T190259,A2,v3.4-search-json,2026-08-06T09:00,2026-08-06T20:00,1765714,https://fr.getaround.com/location-voiture/clichy/ford-puma-1765714,Ford Puma (2024),2024,Sur rendez-vous,SUV_COMPACT,SEGMENT_RULES,THERMIQUE,False,80.0,,,,Paris 17e,Clichy,Paris 17e,1,505,False,False,,2510,871,13
20260805T190259,A2,v3.4-search-json,2026-08-06T09:00,2026-08-06T20:00,1847725,https://fr.getaround.com/location-voiture/paris/peugeot-308-1847725,Peugeot 308 (2014),2014,Sur rendez-vous,COMPACTE,SEGMENT_RULES,THERMIQUE,False,71.0,,,,Asnières-sur-Seine,Paris,Asnières-sur-Seine|Paris 17e,2,506,False,False,,6430,1001,19
20260805T190259,A2,v3.4-search-json,2026-08-06T09:00,2026-08-06T20:00,1693831,https://fr.getaround.com/location-voiture/franconville/peugeot-207-1693831,Peugeot 207 (2012),2012,Sur rendez-vous,COMPACTE,SEGMENT_RULES,THERMIQUE,False,67.0,,5.0,22,Asnières-sur-Seine,Franconville,Asnières-sur-Seine,1,507,False,False,,9430,1001,13
20260805T190259,A2,v3.4-search-json,2026-08-06T09:00,2026-08-06T20:00,1232062,https://fr.getaround.com/location-voiture/paris/peugeot-208-1232062,Peugeot 208 (2023),2023,Getaround Connect,CITADINE,SEGMENT_RULES,THERMIQUE,True,91.0,,4.48,62,Asnières-sur-Seine,Paris,Asnières-sur-Seine|Paris 17e,2,507,False,False,,9780,1001,15
20260805T190259,A2,v3.4-search-json,2026-08-06T09:00,2026-08-06T20:00,1796070,https://fr.getaround.com/location-voiture/paris/bmw-x1-1796070,BMW X1 (2017),2017,Sur rendez-vous,SUV_FAMILIAL,SEGMENT_RULES,THERMIQUE,False,120.0,,5.0,1,Asnières-sur-Seine,Paris,Asnières-sur-Seine|Paris 17e,2,508,False,False,,7530,1001,17
20260805T190259,A2,v3.4-search-json,2026-08-06T09:00,2026-08-06T20:00,1622122,https://fr.getaround.com/location-voiture/nanterre/peugeot-208-1622122,Peugeot 208 (2014),2014,Sur rendez-vous,CITADINE,SEGMENT_RULES,THERMIQUE,False,65.0,,5.0,6,Asnières-sur-Seine,Nanterre,Asnières-sur-Seine,1,509,False,False,,6050,1001,13
20260805T190259,A2,v3.4-search-json,2026-08-06T09:00,2026-08-06T20:00,1756738,https://fr.getaround.com/location-voiture/paris/renault-clio-1756738,Renault Clio (2024),2024,Getaround Connect,CITADINE,SEGMENT_RULES,THERMIQUE,True,77.0,,3.86,14,Asnières-sur-Seine,Paris,Asnières-sur-Seine|Paris 17e,2,510,False,False,,11430,1001,13
20260805T190259,A2,v3.4-search-json,2026-08-06T09:00,2026-08-06T20:00,1851137,https://fr.getaround.com/location-voiture/argenteuil/alfa-romeo-giulietta-1851137,Alfa-Romeo Giulietta (2013),2013,Sur rendez-vous,BERLINE,SEGMENT_RULES,THERMIQUE,False,71.0,,,,Asnières-sur-Seine,Argenteuil,Asnières-sur-Seine|Paris 17e,2,513,False,False,,4450,1001,13
20260805T190259,A2,v3.4-search-json,2026-08-06T09:00,2026-08-06T20:00,1503947,https://fr.getaround.com/location-voiture/paris/citroen-c3-1503947,Citroen C3 (2023),2023,Getaround Connect,CITADINE,SEGMENT_RULES,THERMIQUE,True,77.0,,4.68,34,Asnières-sur-Seine,Paris,Asnières-sur-Seine|Paris 17e,2,515,False,False,,11330,1001,16
20260805T190259,A2,v3.4-search-json,2026-08-06T09:00,2026-08-06T20:00,1219196,https://fr.getaround.com/location-voiture/paris/peugeot-208-1219196,Peugeot 208 (2023),2023,Getaround Connect,CITADINE,SEGMENT_RULES,THERMIQUE,True,77.0,,4.42,64,Asnières-sur-Seine,Paris,Asnières-sur-Seine,1,516,False,False,,12810,1001,13
20260805T190259,A2,v3.4-search-json,2026-08-06T09:00,2026-08-06T20:00,1324423,https://fr.getaround.com/location-voiture/paris/toyota-rav-4-hybride-1324423,Toyota RAV 4 Hybride (2022),2022,Sur rendez-vous,SUV_FAMILIAL,SEGMENT_RULES,HYBRIDE,False,103.0,,5.0,1,Asnières-sur-Seine,Paris,Asnières-sur-Seine|Paris 17e,2,516,False,False,,6050,1001,17
20260805T190259,A2,v3.4-search-json,2026-08-06T09:00,2026-08-06T20:00,1291666,https://fr.getaround.com/location-voiture/paris/toyota-yaris-hybride-1291666,Toyota Yaris Hybride (2022),2022,Getaround Connect,CITADINE,SEGMENT_RULES,HYBRIDE,True,84.0,,4.6,52,Asnières-sur-Seine,Paris,Asnières-sur-Seine|Paris 17e,2,518,False,False,,12070,1001,15
20260805T190259,A2,v3.4-search-json,2026-08-06T09:00,2026-08-06T20:00,1769340,https://fr.getaround.com/location-voiture/paris/smart-fortwo-passion-1769340,Smart Fortwo Passion (2019),2019,Getaround Connect,MICRO_CITADINE,SEGMENT_RULES,THERMIQUE,True,53.0,,4.74,19,Asnières-sur-Seine,Paris,Asnières-sur-Seine|Paris 17e,2,519,False,False,,11430,1001,15
20260805T190259,A2,v3.4-search-json,2026-08-06T09:00,2026-08-06T20:00,1709213,https://fr.getaround.com/location-voiture/paris/citroen-c4-grand-picasso-1709213,Citroen C4 Grand Picasso (2017),2017,Getaround Connect,COMPACTE,SEGMENT_RULES,THERMIQUE,True,101.0,,4.71,17,Asnières-sur-Seine,Paris,Asnières-sur-Seine|Paris 17e,2,520,False,False,,11080,1001,16
20260805T190259,A2,v3.4-search-json,2026-08-06T09:00,2026-08-06T20:00,1536962,https://fr.getaround.com/location-voiture/levallois-perret/toyota-yaris-hybride-1536962,Toyota Yaris Hybride (2013),2013,Sur rendez-vous,CITADINE,SEGMENT_RULES,HYBRIDE,False,70.0,,,,Asnières-sur-Seine,Levallois Perret,Asnières-sur-Seine|Paris 17e,2,522,False,False,,2090,1001,14
20260805T190259,A2,v3.4-search-json,2026-08-06T09:00,2026-08-06T20:00,1870094,https://fr.getaround.com/location-voiture/paris/dacia-sandero-stepway-1870094,Dacia Sandero Stepway (2017),2017,Getaround Connect,CITADINE,SEGMENT_RULES,THERMIQUE,True,67.0,,4.33,6,Asnières-sur-Seine,Paris,Asnières-sur-Seine|Paris 17e,2,522,False,False,,12180,1001,15
20260805T190259,A2,v3.4-search-json,2026-08-06T09:00,2026-08-06T20:00,1908762,https://fr.getaround.com/location-voiture/stains/renault-clio-1908762,Renault Clio (2015),2015,Sur rendez-vous,CITADINE,SEGMENT_RULES,THERMIQUE,False,58.0,,5.0,2,Asnières-sur-Seine,Stains,Asnières-sur-Seine,1,523,False,False,,9260,1001,14
20260805T190259,A2,v3.4-search-json,2026-08-06T09:00,2026-08-06T20:00,1349897,https://fr.getaround.com/location-voiture/paris/toyota-yaris-hybride-1349897,Toyota Yaris Hybride (2020),2020,Getaround Connect,CITADINE,SEGMENT_RULES,HYBRIDE,True,90.0,,4.84,54,Asnières-sur-Seine,Paris,Asnières-sur-Seine|Paris 17e,2,523,False,False,,10220,1001,17
20260805T190259,A2,v3.4-search-json,2026-08-06T09:00,2026-08-06T20:00,1200511,https://fr.getaround.com/location-voiture/soisy-sous-montmorency/hyundai-i10-1200511,Hyundai i10 (2014),2014,Sur rendez-vous,CITADINE,SEGMENT_RULES,THERMIQUE,False,57.0,,4.47,17,Asnières-sur-Seine,Soisy Sous Montmorency,Asnières-sur-Seine,1,525,False,False,,6930,1001,14
20260805T190259,A2,v3.4-search-json,2026-08-06T09:00,2026-08-06T20:00,1695642,https://fr.getaround.com/location-voiture/paris/honda-civic-1695642,Honda Civic (2010),2010,Sur rendez-vous,COMPACTE,SEGMENT_RULES,THERMIQUE,False,71.0,,5.0,5,Asnières-sur-Seine,Paris,Asnières-sur-Seine|Paris 17e,2,526,False,False,,7550,1001,17
20260805T190259,A2,v3.4-search-json,2026-08-06T09:00,2026-08-06T20:00,1631660,https://fr.getaround.com/location-voiture/paris/opel-corsa-1631660,Opel Corsa (2024),2024,Getaround Connect,CITADINE,SEGMENT_RULES,THERMIQUE,True,104.0,,4.72,32,Asnières-sur-Seine,Paris,Asnières-sur-Seine|Paris 17e,2,527,False,False,,8990,1001,17
20260805T190259,A2,v3.4-search-json,2026-08-06T09:00,2026-08-06T20:00,1631658,https://fr.getaround.com/location-voiture/paris/opel-corsa-1631658,Opel Corsa (2024),2024,Getaround Connect,CITADINE,SEGMENT_RULES,THERMIQUE,True,86.0,,4.76,34,Asnières-sur-Seine,Paris,Asnières-sur-Seine|Paris 17e,2,528,False,False,,10700,1001,16
20260805T190259,A2,v3.4-search-json,2026-08-06T09:00,2026-08-06T20:00,1634367,https://fr.getaround.com/location-voiture/paris/opel-corsa-1634367,Opel Corsa (2024),2024,Getaround Connect,CITADINE,SEGMENT_RULES,THERMIQUE,True,104.0,,4.71,34,Asnières-sur-Seine,Paris,Asnières-sur-Seine|Paris 17e,2,529,False,False,,8990,1001,17
20260805T190259,A2,v3.4-search-json,2026-08-06T09:00,2026-08-06T20:00,1605426,https://fr.getaround.com/location-voiture/saint-ouen-sur-seine/peugeot-308-1605426,Peugeot 308 (2019),2019,Sur rendez-vous,COMPACTE,SEGMENT_RULES,THERMIQUE,False,76.0,,,,Asnières-sur-Seine,Saint Ouen Sur Seine,Asnières-sur-Seine|Paris 17e,2,534,False,False,,3050,1001,16
20260805T190259,A2,v3.4-search-json,2026-08-06T09:00,2026-08-06T20:00,1855162,https://fr.getaround.com/location-voiture/nanterre/peugeot-208-1855162,Peugeot 208 (2014),2014,Sur rendez-vous,CITADINE,SEGMENT_RULES,THERMIQUE,False,64.0,,5.0,1,Asnières-sur-Seine,Nanterre,Asnières-sur-Seine,1,537,False,False,,6050,1001,14
20260805T190259,A2,v3.4-search-json,2026-08-06T09:00,2026-08-06T20:00,1221537,https://fr.getaround.com/location-voiture/paris/citroen-c4-spacetourer-1221537,Citroen C4 Spacetourer (2019),2019,Sur rendez-vous,COMPACTE,SEGMENT_RULES,THERMIQUE,False,98.0,,4.44,16,Asnières-sur-Seine,Paris,Asnières-sur-Seine|Paris 17e,2,539,False,False,,6570,1001,18
20260805T190259,A2,v3.4-search-json,2026-08-06T09:00,2026-08-06T20:00,1936771,https://fr.getaround.com/location-voiture/paris/tesla-model-3-long-range-1936771,Tesla Model 3 Long Range (2022),2022,Sur rendez-vous,BERLINE,SEGMENT_RULES,ELECTRIQUE,False,107.0,,,,Asnières-sur-Seine,Paris,Asnières-sur-Seine|Paris 17e,2,541,False,False,,10780,1001,16
20260805T190259,A2,v3.4-search-json,2026-08-06T09:00,2026-08-06T20:00,1590110,https://fr.getaround.com/location-voiture/paris/renault-twingo-iii-1590110,Renault Twingo III (2016),2016,Getaround Connect,CITADINE,SEGMENT_RULES,THERMIQUE,True,64.0,,3.2,5,Asnières-sur-Seine,Paris,Asnières-sur-Seine|Paris 17e,2,542,False,False,,6880,1001,18
20260805T190259,A2,v3.4-search-json,2026-08-06T09:00,2026-08-06T20:00,1947818,https://fr.getaround.com/location-voiture/paris/renault-scenic-1947818,Renault Scenic (2013),2013,Sur rendez-vous,MONOSPACE,SEGMENT_RULES,THERMIQUE,False,40.0,,,,Asnières-sur-Seine,Paris,Asnières-sur-Seine|Paris 17e,2,543,False,False,,8420,1001,16
20260805T190259,A2,v3.4-search-json,2026-08-06T09:00,2026-08-06T20:00,1933027,https://fr.getaround.com/location-voiture/paris/peugeot-5008-1933027,Peugeot 5008 (2014),2014,Sur rendez-vous,MONOSPACE,SEGMENT_RULES,THERMIQUE,False,117.0,,,,Asnières-sur-Seine,Paris,Asnières-sur-Seine|Paris 17e,2,544,False,False,,9340,1001,15
20260805T190259,A2,v3.4-search-json,2026-08-06T09:00,2026-08-06T20:00,1243940,https://fr.getaround.com/location-voiture/paris/fiat-500-1243940,Fiat 500 (2022),2022,Sur rendez-vous,CITADINE,SEGMENT_RULES,THERMIQUE,False,53.0,,4.92,12,Asnières-sur-Seine,Paris,Asnières-sur-Seine|Paris 17e,2,545,False,False,,9320,1001,17
20260805T190259,A2,v3.4-search-json,2026-08-06T09:00,2026-08-06T20:00,1886523,https://fr.getaround.com/location-voiture/saint-denis/byd-tang-1886523,BYD Tang (2025),2025,Sur rendez-vous,NON_CLASSE,SEGMENT_RULES,THERMIQUE,False,242.0,,,,Paris 17e,Saint Denis,Paris 17e,1,546,False,False,,8410,871,14
20260805T190259,A2,v3.4-search-json,2026-08-06T09:00,2026-08-06T20:00,1540612,https://fr.getaround.com/location-voiture/paris/mercedes-benz-classe-c-coupe-1540612,Mercedes-Benz Classe C Coupé (2013),2013,Sur rendez-vous,BERLINE,SEGMENT_RULES,THERMIQUE,False,115.0,,5.0,2,Asnières-sur-Seine,Paris,Asnières-sur-Seine|Paris 17e,2,548,False,False,,9000,1001,16
20260805T190259,A2,v3.4-search-json,2026-08-06T09:00,2026-08-06T20:00,685145,https://fr.getaround.com/location-voiture/argenteuil/renault-clio-685145,Renault Clio (2018),2018,Sur rendez-vous,CITADINE,SEGMENT_RULES,THERMIQUE,False,61.0,,4.7,49,Asnières-sur-Seine,Argenteuil,Asnières-sur-Seine,1,549,False,False,,4220,1001,14
20260805T190259,A2,v3.4-search-json,2026-08-06T09:00,2026-08-06T20:00,1828778,https://fr.getaround.com/location-voiture/paris/renault-megane-1828778,Renault Mégane (2014),2014,Sur rendez-vous,COMPACTE,SEGMENT_RULES,THERMIQUE,False,96.0,,5.0,10,Asnières-sur-Seine,Paris,Asnières-sur-Seine|Paris 17e,2,549,False,False,,6120,1001,18
20260805T190259,A2,v3.4-search-json,2026-08-06T09:00,2026-08-06T20:00,1797688,https://fr.getaround.com/location-voiture/neuilly-sur-seine/mercedes-benz-classe-b-1797688,Mercedes-Benz Classe B (2019),2019,Sur rendez-vous,MONOSPACE,SEGMENT_RULES,THERMIQUE,False,90.0,,5.0,1,Asnières-sur-Seine,Neuilly Sur Seine,Asnières-sur-Seine|Paris 17e,2,550,False,False,,4150,1001,18
20260805T190259,A2,v3.4-search-json,2026-08-06T09:00,2026-08-06T20:00,1441601,https://fr.getaround.com/location-voiture/epinay-sur-seine/toyota-yaris-1441601,Toyota Yaris (2018),2018,Sur rendez-vous,CITADINE,SEGMENT_RULES,THERMIQUE,False,74.0,,4.93,7,Asnières-sur-Seine,Epinay Sur Seine,Asnières-sur-Seine,1,552,False,False,,5470,1001,14
20260805T190259,A2,v3.4-search-json,2026-08-06T09:00,2026-08-06T20:00,1880046,https://fr.getaround.com/location-voiture/paris/peugeot-5008-1880046,Peugeot 5008 (2024),2024,Sur rendez-vous,MONOSPACE,SEGMENT_RULES,THERMIQUE,False,129.0,,,,Asnières-sur-Seine,Paris,Asnières-sur-Seine|Paris 17e,2,552,False,False,,5470,1001,20
20260805T190259,A2,v3.4-search-json,2026-08-06T09:00,2026-08-06T20:00,1226250,https://fr.getaround.com/location-voiture/saint-denis/peugeot-2008-1226250,Peugeot 2008 (2019),2019,Sur rendez-vous,SUV_COMPACT,SEGMENT_RULES,THERMIQUE,False,86.0,,5.0,12,Asnières-sur-Seine,Saint Denis,Asnières-sur-Seine|Paris 17e,2,553,False,False,,5420,1001,14
20260805T190259,A2,v3.4-search-json,2026-08-06T09:00,2026-08-06T20:00,1749918,https://fr.getaround.com/location-voiture/clichy/volkswagen-polo-1749918,Volkswagen Polo (2012),2012,Sur rendez-vous,CITADINE,SEGMENT_RULES,THERMIQUE,False,53.0,,,,Paris 17e,Clichy,Paris 17e,1,553,False,False,,2990,871,14
20260805T190259,A2,v3.4-search-json,2026-08-06T09:00,2026-08-06T20:00,1698026,https://fr.getaround.com/location-voiture/paris/citroen-c3-1698026,Citroen C3 (2018),2018,Getaround Connect,CITADINE,SEGMENT_RULES,THERMIQUE,True,80.0,,4.8,41,Asnières-sur-Seine,Paris,Asnières-sur-Seine|Paris 17e,2,554,False,False,,9260,1001,17
20260805T190259,A2,v3.4-search-json,2026-08-06T09:00,2026-08-06T20:00,1904984,https://fr.getaround.com/location-voiture/eaubonne/peugeot-2008-1904984,Peugeot 2008 (2017),2017,Sur rendez-vous,SUV_COMPACT,SEGMENT_RULES,THERMIQUE,False,81.0,,5.0,1,Asnières-sur-Seine,Eaubonne,Asnières-sur-Seine,1,555,False,False,,8220,1001,14
20260805T190259,A2,v3.4-search-json,2026-08-06T09:00,2026-08-06T20:00,1947467,https://fr.getaround.com/location-voiture/paris/renault-clio-1947467,Renault Clio (2016),2016,Sur rendez-vous,CITADINE,SEGMENT_RULES,THERMIQUE,False,64.0,,,,Paris 17e,Paris,Paris 17e,1,555,False,False,,7110,871,14
20260805T190259,A2,v3.4-search-json,2026-08-06T09:00,2026-08-06T20:00,1357745,https://fr.getaround.com/location-voiture/paris/peugeot-2008-1357745,Peugeot 2008 (2023),2023,Getaround Connect,SUV_COMPACT,SEGMENT_RULES,THERMIQUE,True,80.0,,4.3,55,Asnières-sur-Seine,Paris,Asnières-sur-Seine|Paris 17e,2,556,False,False,,11270,1001,18
20260805T190259,A2,v3.4-search-json,2026-08-06T09:00,2026-08-06T20:00,1666340,https://fr.getaround.com/location-voiture/issy-les-moulineaux/peugeot-308-1666340,Peugeot 308 (2011),2011,Sur rendez-vous,COMPACTE,SEGMENT_RULES,THERMIQUE,False,73.0,,4.95,20,Paris 17e,Issy Les Moulineaux,Paris 17e,1,557,False,False,,7050,871,14
20260805T190259,A2,v3.4-search-json,2026-08-06T09:00,2026-08-06T20:00,1857107,https://fr.getaround.com/location-voiture/paris/renault-grand-scenic-1857107,Renault Grand Scenic (2015),2015,Getaround Connect,MONOSPACE,SEGMENT_RULES,THERMIQUE,True,111.0,,5.0,6,Asnières-sur-Seine,Paris,Asnières-sur-Seine|Paris 17e,2,558,False,False,,10010,1001,17
20260805T190259,A2,v3.4-search-json,2026-08-06T09:00,2026-08-06T20:00,1631645,https://fr.getaround.com/location-voiture/paris/opel-corsa-1631645,Opel Corsa (2024),2024,Getaround Connect,CITADINE,SEGMENT_RULES,THERMIQUE,True,96.0,,4.55,29,Asnières-sur-Seine,Paris,Asnières-sur-Seine|Paris 17e,2,559,False,False,,10200,1001,17
20260805T190259,A2,v3.4-search-json,2026-08-06T09:00,2026-08-06T20:00,1805523,https://fr.getaround.com/location-voiture/paris/renault-clio-1805523,Renault Clio (2013),2013,Getaround Connect,CITADINE,SEGMENT_RULES,THERMIQUE,True,61.0,,4.85,13,Asnières-sur-Seine,Paris,Asnières-sur-Seine,1,560,False,False,,12320,1001,14
20260805T190259,A2,v3.4-search-json,2026-08-06T09:00,2026-08-06T20:00,1839966,https://fr.getaround.com/location-voiture/paris/lexus-ux-250h-1839966,Lexus UX 250h (2019),2019,Sur rendez-vous,SUV_COMPACT,SEGMENT_RULES,THERMIQUE,False,127.0,,,,Asnières-sur-Seine,Paris,Asnières-sur-Seine|Paris 17e,2,561,False,False,,7000,1001,17
20260805T190259,A2,v3.4-search-json,2026-08-06T09:00,2026-08-06T20:00,1628212,https://fr.getaround.com/location-voiture/paris/renault-megane-estate-1628212,Renault Mégane Estate (2014),2014,Sur rendez-vous,BREAK,SEGMENT_RULES,THERMIQUE,False,71.0,,4.95,10,Asnières-sur-Seine,Paris,Asnières-sur-Seine|Paris 17e,2,564,False,False,,6330,1001,17
20260805T190259,A2,v3.4-search-json,2026-08-06T09:00,2026-08-06T20:00,483319,https://fr.getaround.com/location-voiture/colombes/peugeot-2008-483319,Peugeot 2008 (2017),2017,Sur rendez-vous,SUV_COMPACT,SEGMENT_RULES,THERMIQUE,False,93.0,,5.0,1,Asnières-sur-Seine,Colombes,Asnières-sur-Seine|Paris 17e,2,565,False,False,,2780,1001,15
20260805T190259,A2,v3.4-search-json,2026-08-06T09:00,2026-08-06T20:00,1926987,https://fr.getaround.com/location-voiture/paris/kia-e-niro-1926987,Kia e-Niro (2020),2020,Sur rendez-vous,SUV_COMPACT,SEGMENT_RULES,HYBRIDE,False,103.0,,,,Asnières-sur-Seine,Paris,Asnières-sur-Seine|Paris 17e,2,566,False,False,,10940,1001,16
20260805T190259,A2,v3.4-search-json,2026-08-06T09:00,2026-08-06T20:00,1840999,https://fr.getaround.com/location-voiture/paris/renault-clio-1840999,Renault Clio (2015),2015,Sur rendez-vous,CITADINE,SEGMENT_RULES,THERMIQUE,False,64.0,,5.0,3,Asnières-sur-Seine,Paris,Asnières-sur-Seine|Paris 17e,2,567,False,False,,10640,1001,17
20260805T190259,A2,v3.4-search-json,2026-08-06T09:00,2026-08-06T20:00,1748778,https://fr.getaround.com/location-voiture/levallois-perret/kia-niro-hybride-1748778,Kia Niro Hybride (2018),2018,Sur rendez-vous,SUV_COMPACT,SEGMENT_RULES,HYBRIDE,False,62.0,,,,Asnières-sur-Seine,Levallois Perret,Asnières-sur-Seine|Paris 17e,2,568,False,False,,2670,1001,15
20260805T190259,A2,v3.4-search-json,2026-08-06T09:00,2026-08-06T20:00,1800667,https://fr.getaround.com/location-voiture/colombes/kia-niro-hybride-1800667,Kia Niro Hybride (2017),2017,Sur rendez-vous,SUV_COMPACT,SEGMENT_RULES,HYBRIDE,False,86.0,,,,Asnières-sur-Seine,Colombes,Asnières-sur-Seine|Paris 17e,2,570,False,False,,2640,1001,15
20260805T190259,A2,v3.4-search-json,2026-08-06T09:00,2026-08-06T20:00,1819126,https://fr.getaround.com/location-voiture/puteaux/citroen-c3-1819126,Citroen C3 (2021),2021,Sur rendez-vous,CITADINE,SEGMENT_RULES,THERMIQUE,False,68.0,,,,Paris 17e,Puteaux,Paris 17e,1,571,False,False,,4890,871,15
20260805T190259,A2,v3.4-search-json,2026-08-06T09:00,2026-08-06T20:00,1661197,https://fr.getaround.com/location-voiture/issy-les-moulineaux/renault-clio-1661197,Renault Clio (2020),2020,Sur rendez-vous,CITADINE,SEGMENT_RULES,THERMIQUE,False,72.0,,5.0,4,Paris 17e,Issy Les Moulineaux,Paris 17e,1,573,False,False,,8350,871,15
20260805T190259,A2,v3.4-search-json,2026-08-06T09:00,2026-08-06T20:00,559151,https://fr.getaround.com/location-voiture/asnieres-sur-seine/renault-twingo-559151,Renault Twingo (2016),2016,Sur rendez-vous,CITADINE,SEGMENT_RULES,THERMIQUE,False,52.0,,3.0,2,Asnières-sur-Seine,Asnieres Sur Seine,Asnières-sur-Seine|Paris 17e,2,574,False,False,,1530,1001,15
20260805T190259,A2,v3.4-search-json,2026-08-06T09:00,2026-08-06T20:00,1767434,https://fr.getaround.com/location-voiture/villeneuve-la-garenne/audi-a3-cabriolet-1767434,Audi A3 Cabriolet (2015),2015,Sur rendez-vous,CABRIOLET,SEGMENT_RULES,THERMIQUE,False,122.0,,,,Asnières-sur-Seine,Villeneuve La Garenne,Asnières-sur-Seine|Paris 17e,2,575,False,False,,4190,1001,15
20260805T190259,A2,v3.4-search-json,2026-08-06T09:00,2026-08-06T20:00,1707041,https://fr.getaround.com/location-voiture/paris/renault-clio-1707041,Renault Clio (2013),2013,Sur rendez-vous,CITADINE,SEGMENT_RULES,THERMIQUE,False,60.0,,4.5,8,Asnières-sur-Seine,Paris,Asnières-sur-Seine|Paris 17e,2,575,False,False,,6760,1001,17
20260805T190259,A2,v3.4-search-json,2026-08-06T09:00,2026-08-06T20:00,1750182,https://fr.getaround.com/location-voiture/saint-denis/mercedes-benz-classe-gla-1750182,Mercedes-Benz Classe GLA (2018),2018,Sur rendez-vous,SUV_COMPACT,SEGMENT_RULES,THERMIQUE,False,105.0,,,,Paris 17e,Saint Denis,Paris 17e,1,576,False,False,,5150,871,15
20260805T190259,A2,v3.4-search-json,2026-08-06T09:00,2026-08-06T20:00,1671131,https://fr.getaround.com/location-voiture/paris/mitsubishi-space-star-1671131,Mitsubishi Space Star (2019),2019,Sur rendez-vous,CITADINE,SEGMENT_RULES,THERMIQUE,False,67.0,,5.0,13,Asnières-sur-Seine,Paris,Asnières-sur-Seine|Paris 17e,2,577,False,False,,9060,1001,18
20260805T190259,A2,v3.4-search-json,2026-08-06T09:00,2026-08-06T20:00,1892430,https://fr.getaround.com/location-voiture/le-plessis-bouchard/renault-grand-scenic-1892430,Renault Grand Scenic (2014),2014,Sur rendez-vous,MONOSPACE,SEGMENT_RULES,THERMIQUE,False,106.0,,5.0,5,Asnières-sur-Seine,Le Plessis Bouchard,Asnières-sur-Seine,1,578,False,False,,10380,1001,15
20260805T190259,A2,v3.4-search-json,2026-08-06T09:00,2026-08-06T20:00,1649661,https://fr.getaround.com/location-voiture/pantin/peugeot-308-sw-1649661,Peugeot 308 SW (2021),2021,Sur rendez-vous,BREAK,SEGMENT_RULES,THERMIQUE,False,81.0,,5.0,1,Paris 17e,Pantin,Paris 17e,1,578,False,False,,6860,871,15
20260805T190259,A2,v3.4-search-json,2026-08-06T09:00,2026-08-06T20:00,1511616,https://fr.getaround.com/location-voiture/paris/fiat-500-x-1511616,Fiat 500 X (2015),2015,Sur rendez-vous,CITADINE,SEGMENT_RULES,THERMIQUE,False,75.0,,,,Asnières-sur-Seine,Paris,Asnières-sur-Seine|Paris 17e,2,579,False,False,,3690,1001,20
20260805T190259,A2,v3.4-search-json,2026-08-06T09:00,2026-08-06T20:00,1551997,https://fr.getaround.com/location-voiture/paris/kia-e-niro-1551997,Kia e-Niro (2023),2023,Sur rendez-vous,SUV_COMPACT,SEGMENT_RULES,HYBRIDE,False,115.0,,,,Paris 17e,Paris,Paris 17e,1,580,False,False,,2350,871,15
20260805T190259,A2,v3.4-search-json,2026-08-06T09:00,2026-08-06T20:00,949229,https://fr.getaround.com/location-voiture/argenteuil/renault-clio-949229,Renault Clio (2016),2016,Sur rendez-vous,CITADINE,SEGMENT_RULES,THERMIQUE,False,59.0,,5.0,4,Asnières-sur-Seine,Argenteuil,Asnières-sur-Seine,1,585,False,False,,5760,1001,15
20260805T190259,A2,v3.4-search-json,2026-08-06T09:00,2026-08-06T20:00,1734589,https://fr.getaround.com/location-voiture/paris/byd-seal-u-design-1734589,BYD SEAL U Design (2024),2024,Sur rendez-vous,BERLINE,SEGMENT_RULES,THERMIQUE,False,146.0,,5.0,1,Asnières-sur-Seine,Paris,Asnières-sur-Seine|Paris 17e,2,586,False,False,,6310,1001,21
20260805T190259,A2,v3.4-search-json,2026-08-06T09:00,2026-08-06T20:00,1890120,https://fr.getaround.com/location-voiture/franconville/ford-kuga-1890120,Ford Kuga (2022),2022,Sur rendez-vous,SUV_FAMILIAL,SEGMENT_RULES,THERMIQUE,False,98.0,,5.0,1,Asnières-sur-Seine,Franconville,Asnières-sur-Seine,1,588,False,False,,9430,1001,15
20260805T190259,A2,v3.4-search-json,2026-08-06T09:00,2026-08-06T20:00,1301867,https://fr.getaround.com/location-voiture/levallois-perret/tesla-model-3-1301867,Tesla Model 3 (2023),2023,Sur rendez-vous,BERLINE,SEGMENT_RULES,ELECTRIQUE,False,146.0,,5.0,1,Asnières-sur-Seine,Levallois Perret,Asnières-sur-Seine|Paris 17e,2,588,False,False,,2150,1001,16
20260805T190259,A2,v3.4-search-json,2026-08-06T09:00,2026-08-06T20:00,861231,https://fr.getaround.com/location-voiture/paris/renault-grand-scenic-861231,Renault Grand Scenic (2010),2010,Sur rendez-vous,MONOSPACE,SEGMENT_RULES,THERMIQUE,False,109.0,,4.79,12,Asnières-sur-Seine,Paris,Asnières-sur-Seine|Paris 17e,2,589,False,False,,8250,1001,21
20260805T190259,A2,v3.4-search-json,2026-08-06T09:00,2026-08-06T20:00,1764767,https://fr.getaround.com/location-voiture/la-courneuve/nissan-micra-1764767,Nissan Micra (2017),2017,Getaround Connect,CITADINE,SEGMENT_RULES,THERMIQUE,True,70.0,,3.67,3,Asnières-sur-Seine,La Courneuve,Asnières-sur-Seine|Paris 17e,2,590,False,False,,7900,1001,15
20260805T190259,A2,v3.4-search-json,2026-08-06T09:00,2026-08-06T20:00,1003975,https://fr.getaround.com/location-voiture/courbevoie/volkswagen-golf-1003975,Volkswagen Golf (2012),2012,Sur rendez-vous,COMPACTE,SEGMENT_RULES,THERMIQUE,False,60.0,,,,Asnières-sur-Seine,Courbevoie,Asnières-sur-Seine|Paris 17e,2,591,False,False,,3760,1001,15
20260805T190259,A2,v3.4-search-json,2026-08-06T09:00,2026-08-06T20:00,1784355,https://fr.getaround.com/location-voiture/paris/opel-corsa-1784355,Opel Corsa (2022),2022,Getaround Connect,CITADINE,SEGMENT_RULES,THERMIQUE,True,76.0,,5.0,40,Asnières-sur-Seine,Paris,Asnières-sur-Seine,1,592,False,False,,11460,1001,15
20260805T190259,A2,v3.4-search-json,2026-08-06T09:00,2026-08-06T20:00,1945007,https://fr.getaround.com/location-voiture/paris/peugeot-308-1945007,Peugeot 308 (2015),2015,Sur rendez-vous,COMPACTE,SEGMENT_RULES,THERMIQUE,False,70.0,,,,Paris 17e,Paris,Paris 17e,1,592,False,False,,7110,871,15
20260805T190259,A2,v3.4-search-json,2026-08-06T09:00,2026-08-06T20:00,1903503,https://fr.getaround.com/location-voiture/paris/ford-kuga-1903503,Ford Kuga (2024),2024,Sur rendez-vous,SUV_FAMILIAL,SEGMENT_RULES,THERMIQUE,False,140.0,,,,Asnières-sur-Seine,Paris,Asnières-sur-Seine|Paris 17e,2,594,False,False,,4970,1001,19
20260805T190259,A2,v3.4-search-json,2026-08-06T09:00,2026-08-06T20:00,1893886,https://fr.getaround.com/location-voiture/puteaux/volkswagen-passat-1893886,Volkswagen Passat (2013),2013,Sur rendez-vous,BERLINE,SEGMENT_RULES,THERMIQUE,False,80.0,,,,Paris 17e,Puteaux,Paris 17e,1,595,False,False,,5300,871,15
20260805T190259,A2,v3.4-search-json,2026-08-06T09:00,2026-08-06T20:00,1822830,https://fr.getaround.com/location-voiture/nanterre/peugeot-208-1822830,Peugeot 208 (2020),2020,Sur rendez-vous,CITADINE,SEGMENT_RULES,THERMIQUE,False,44.0,,,,Asnières-sur-Seine,Nanterre,Asnières-sur-Seine|Paris 17e,2,596,False,False,,5620,1001,15
20260805T190259,A2,v3.4-search-json,2026-08-06T09:00,2026-08-06T20:00,1891478,https://fr.getaround.com/location-voiture/paris/toyota-corolla-break-hybride-1891478,Toyota Corolla Break Hybride (2020),2020,Sur rendez-vous,BREAK,SEGMENT_RULES,HYBRIDE,False,125.0,,,,Paris 17e,Paris,Paris 17e,1,596,False,False,,2310,871,15
20260805T190259,A2,v3.4-search-json,2026-08-06T09:00,2026-08-06T20:00,1437783,https://fr.getaround.com/location-voiture/paris/ds-3-1437783,DS 3 (2019),2019,Sur rendez-vous,CITADINE,SEGMENT_RULES,THERMIQUE,False,88.0,,,,Asnières-sur-Seine,Paris,Asnières-sur-Seine|Paris 17e,2,597,False,False,,7410,1001,17
20260805T190259,A2,v3.4-search-json,2026-08-06T09:00,2026-08-06T20:00,1730373,https://fr.getaround.com/location-voiture/argenteuil/renault-megane-1730373,Renault Mégane (2012),2012,Sur rendez-vous,COMPACTE,SEGMENT_RULES,THERMIQUE,False,67.0,,5.0,1,Asnières-sur-Seine,Argenteuil,Asnières-sur-Seine|Paris 17e,2,598,False,False,,4150,1001,15
20260805T190259,A2,v3.4-search-json,2026-08-06T09:00,2026-08-06T20:00,1072809,https://fr.getaround.com/location-voiture/paris/volkswagen-up-1072809,Volkswagen Up! (2015),2015,Sur rendez-vous,MICRO_CITADINE,SEGMENT_RULES,THERMIQUE,False,58.0,,,,Asnières-sur-Seine,Paris,Asnières-sur-Seine|Paris 17e,2,598,False,False,,7400,1001,19
20260805T190259,A2,v3.4-search-json,2026-08-06T09:00,2026-08-06T20:00,1453736,https://fr.getaround.com/location-voiture/puteaux/mercedes-benz-classe-c-1453736,Mercedes-Benz Classe C (2010),2010,Sur rendez-vous,BERLINE,SEGMENT_RULES,THERMIQUE,False,146.0,,4.7,5,Asnières-sur-Seine,Puteaux,Asnières-sur-Seine|Paris 17e,2,599,False,False,,5540,1001,17
20260805T190259,A2,v3.4-search-json,2026-08-06T09:00,2026-08-06T20:00,1647563,https://fr.getaround.com/location-voiture/vanves/fiat-500-1647563,Fiat 500 (2019),2019,Sur rendez-vous,CITADINE,SEGMENT_RULES,THERMIQUE,False,73.0,,4.78,9,Paris 17e,Vanves,Paris 17e,1,602,False,False,,7120,871,16
20260805T190259,A2,v3.4-search-json,2026-08-06T09:00,2026-08-06T20:00,1440918,https://fr.getaround.com/location-voiture/paris/renault-clio-1440918,Renault Clio (2023),2023,Getaround Connect,CITADINE,SEGMENT_RULES,THERMIQUE,True,77.0,,4.4,41,Asnières-sur-Seine,Paris,Asnières-sur-Seine,1,603,False,False,,11250,1001,16
20260805T190259,A2,v3.4-search-json,2026-08-06T09:00,2026-08-06T20:00,1931619,https://fr.getaround.com/location-voiture/paris/peugeot-2008-1931619,Peugeot 2008 (2016),2016,Sur rendez-vous,SUV_COMPACT,SEGMENT_RULES,THERMIQUE,False,78.0,,,,Asnières-sur-Seine,Paris,Asnières-sur-Seine|Paris 17e,2,604,False,False,,10660,1001,19
20260805T190259,A2,v3.4-search-json,2026-08-06T09:00,2026-08-06T20:00,1916099,https://fr.getaround.com/location-voiture/epinay-sur-seine/mini-cooper-5-portes-1916099,Mini Cooper 5 portes (2020),2020,Sur rendez-vous,CITADINE,SEGMENT_RULES,THERMIQUE,False,63.0,,,,Asnières-sur-Seine,Epinay Sur Seine,Asnières-sur-Seine,1,605,False,False,,5270,1001,16
20260805T190259,A2,v3.4-search-json,2026-08-06T09:00,2026-08-06T20:00,1647971,https://fr.getaround.com/location-voiture/paris/renault-laguna-1647971,Renault Laguna (2014),2014,Sur rendez-vous,BERLINE,SEGMENT_RULES,THERMIQUE,False,76.0,,,,Asnières-sur-Seine,Paris,Asnières-sur-Seine|Paris 17e,2,605,False,False,,6830,1001,19
20260805T190259,A2,v3.4-search-json,2026-08-06T09:00,2026-08-06T20:00,1946033,https://fr.getaround.com/location-voiture/paris/peugeot-2008-1946033,Peugeot 2008 (2017),2017,Sur rendez-vous,SUV_COMPACT,SEGMENT_RULES,THERMIQUE,False,61.0,,,,Asnières-sur-Seine,Paris,Asnières-sur-Seine,1,606,False,False,,11950,1001,16
20260805T190259,A2,v3.4-search-json,2026-08-06T09:00,2026-08-06T20:00,1533049,https://fr.getaround.com/location-voiture/nanterre/volkswagen-t-cross-1533049,Volkswagen T-Cross (2019),2019,Sur rendez-vous,SUV_COMPACT,SEGMENT_RULES,THERMIQUE,False,86.0,,,,Asnières-sur-Seine,Nanterre,Asnières-sur-Seine|Paris 17e,2,608,False,False,,4930,1001,16
20260805T190259,A2,v3.4-search-json,2026-08-06T09:00,2026-08-06T20:00,1711475,https://fr.getaround.com/location-voiture/ermont/volkswagen-golf-1711475,Volkswagen Golf (2013),2013,Sur rendez-vous,COMPACTE,SEGMENT_RULES,THERMIQUE,False,61.0,,5.0,6,Asnières-sur-Seine,Ermont,Asnières-sur-Seine,1,609,False,False,,9040,1001,16
20260805T190259,A2,v3.4-search-json,2026-08-06T09:00,2026-08-06T20:00,1712160,https://fr.getaround.com/location-voiture/paris/jeep-cherokee-2-0-crd-1712160,Jeep Cherokee 2.0 CRD (2014),2014,Sur rendez-vous,NON_CLASSE,SEGMENT_RULES,THERMIQUE,False,97.0,,,,Paris 17e,Paris,Paris 17e,1,609,False,False,,5500,871,16
20260805T190259,A2,v3.4-search-json,2026-08-06T09:00,2026-08-06T20:00,1475156,https://fr.getaround.com/location-voiture/paris/volkswagen-polo-1475156,Volkswagen Polo (2024),2024,Sur rendez-vous,CITADINE,SEGMENT_RULES,THERMIQUE,False,117.0,,,,Asnières-sur-Seine,Paris,Asnières-sur-Seine|Paris 17e,2,611,False,False,,5030,1001,24
20260805T190259,A2,v3.4-search-json,2026-08-06T09:00,2026-08-06T20:00,941568,https://fr.getaround.com/location-voiture/argenteuil/peugeot-208-941568,Peugeot 208 (2016),2016,Sur rendez-vous,CITADINE,SEGMENT_RULES,THERMIQUE,False,61.0,,5.0,5,Asnières-sur-Seine,Argenteuil,Asnières-sur-Seine,1,612,False,False,,5760,1001,16
20260805T190259,A2,v3.4-search-json,2026-08-06T09:00,2026-08-06T20:00,1775217,https://fr.getaround.com/location-voiture/paris/peugeot-3008-1775217,Peugeot 3008 (2015),2015,Sur rendez-vous,SUV_FAMILIAL,SEGMENT_RULES,THERMIQUE,False,93.0,,,,Asnières-sur-Seine,Paris,Asnières-sur-Seine|Paris 17e,2,612,False,False,,8580,1001,20
20260805T190259,A2,v3.4-search-json,2026-08-06T09:00,2026-08-06T20:00,601143,https://fr.getaround.com/location-voiture/paris/renault-clio-601143,Renault Clio (2016),2016,Getaround Connect,CITADINE,SEGMENT_RULES,THERMIQUE,True,78.0,,4.68,184,Asnières-sur-Seine,Paris,Asnières-sur-Seine,1,613,False,False,,11100,1001,16
20260805T190259,A2,v3.4-search-json,2026-08-06T09:00,2026-08-06T20:00,1938147,https://fr.getaround.com/location-voiture/saint-denis/peugeot-308-gt-1938147,Peugeot 308 GT (2023),2023,Sur rendez-vous,COMPACTE,SEGMENT_RULES,THERMIQUE,False,113.0,,,,Paris 17e,Saint Denis,Paris 17e,1,613,False,False,,4530,871,16
20260805T190259,A2,v3.4-search-json,2026-08-06T09:00,2026-08-06T20:00,1525816,https://fr.getaround.com/location-voiture/paris/mini-countryman-1525816,Mini Countryman (2014),2014,Sur rendez-vous,SUV_FAMILIAL,SEGMENT_RULES,THERMIQUE,False,77.0,,,,Asnières-sur-Seine,Paris,Asnières-sur-Seine|Paris 17e,2,615,False,False,,7370,1001,20
20260805T190259,A2,v3.4-search-json,2026-08-06T09:00,2026-08-06T20:00,1308622,https://fr.getaround.com/location-voiture/paris/renault-twingo-iii-1308622,Renault Twingo III (2019),2019,Sur rendez-vous,CITADINE,SEGMENT_RULES,THERMIQUE,False,76.0,,5.0,4,Asnières-sur-Seine,Paris,Asnières-sur-Seine|Paris 17e,2,616,False,False,,7320,1001,20
20260805T190259,A2,v3.4-search-json,2026-08-06T09:00,2026-08-06T20:00,968481,https://fr.getaround.com/location-voiture/paris/bmw-serie-5-968481,BMW Série 5 (2016),2016,Sur rendez-vous,BERLINE,SEGMENT_RULES,THERMIQUE,False,151.0,,5.0,2,Asnières-sur-Seine,Paris,Asnières-sur-Seine|Paris 17e,2,617,False,False,,8780,1001,18
20260805T190259,A2,v3.4-search-json,2026-08-06T09:00,2026-08-06T20:00,1266818,https://fr.getaround.com/location-voiture/paris/renault-espace-1266818,Renault Espace (2019),2019,Sur rendez-vous,MONOSPACE,SEGMENT_RULES,THERMIQUE,False,169.0,,4.17,3,Asnières-sur-Seine,Paris,Asnières-sur-Seine|Paris 17e,2,620,False,False,,8300,1001,21
20260805T190259,A2,v3.4-search-json,2026-08-06T09:00,2026-08-06T20:00,1545674,https://fr.getaround.com/location-voiture/paris/land-rover-range-rover-evoque-1545674,Land-Rover Range Rover Evoque (2013),2013,Sur rendez-vous,SUV_FAMILIAL,SEGMENT_RULES,THERMIQUE,False,127.0,,,,Paris 17e,Paris,Paris 17e,1,621,False,False,,5720,871,16
20260805T190259,A2,v3.4-search-json,2026-08-06T09:00,2026-08-06T20:00,1524973,https://fr.getaround.com/location-voiture/neuilly-sur-seine/renault-zoe-1524973,Renault ZOE (2018),2018,Sur rendez-vous,CITADINE,SEGMENT_RULES,ELECTRIQUE,False,71.0,,4.0,1,Asnières-sur-Seine,Neuilly Sur Seine,Asnières-sur-Seine|Paris 17e,2,622,False,False,,3150,1001,18
20260805T190259,A2,v3.4-search-json,2026-08-06T09:00,2026-08-06T20:00,1213599,https://fr.getaround.com/location-voiture/paris/renault-zoe-1213599,Renault ZOE (2017),2017,Sur rendez-vous,CITADINE,SEGMENT_RULES,ELECTRIQUE,False,72.0,,5.0,6,Asnières-sur-Seine,Paris,Asnières-sur-Seine|Paris 17e,2,623,False,False,,9290,1001,20
20260805T190259,A2,v3.4-search-json,2026-08-06T09:00,2026-08-06T20:00,1721813,https://fr.getaround.com/location-voiture/montmagny/volkswagen-golf-1721813,Volkswagen Golf (2018),2018,Sur rendez-vous,COMPACTE,SEGMENT_RULES,THERMIQUE,False,79.0,,,,Asnières-sur-Seine,Montmagny,Asnières-sur-Seine,1,626,False,False,,7370,1001,16
20260805T190259,A2,v3.4-search-json,2026-08-06T09:00,2026-08-06T20:00,1406871,https://fr.getaround.com/location-voiture/paris/kia-picanto-1406871,Kia Picanto (2019),2019,Sur rendez-vous,CITADINE,SEGMENT_RULES,THERMIQUE,False,60.0,,,,Asnières-sur-Seine,Paris,Asnières-sur-Seine|Paris 17e,2,626,False,False,,9700,1001,19
20260805T190259,A2,v3.4-search-json,2026-08-06T09:00,2026-08-06T20:00,601145,https://fr.getaround.com/location-voiture/paris/renault-clio-601145,Renault Clio (2015),2015,Getaround Connect,CITADINE,SEGMENT_RULES,THERMIQUE,True,78.0,,4.64,169,Asnières-sur-Seine,Paris,Asnières-sur-Seine,1,628,False,False,,11100,1001,16
20260805T190259,A2,v3.4-search-json,2026-08-06T09:00,2026-08-06T20:00,1585640,https://fr.getaround.com/location-voiture/nanterre/citroen-ds5-1585640,Citroen DS5 (2012),2012,Sur rendez-vous,BERLINE,SEGMENT_RULES,THERMIQUE,False,83.0,,4.43,7,Asnières-sur-Seine,Nanterre,Asnières-sur-Seine|Paris 17e,2,632,False,False,,5610,1001,16
20260805T190259,A2,v3.4-search-json,2026-08-06T09:00,2026-08-06T20:00,1225467,https://fr.getaround.com/location-voiture/aubervilliers/audi-a3-sportback-e-tron-1225467,Audi A3 Sportback e-tron (2015),2015,Sur rendez-vous,COMPACTE,SEGMENT_RULES,THERMIQUE,False,135.0,,5.0,3,Asnières-sur-Seine,Aubervilliers,Asnières-sur-Seine|Paris 17e,2,632,False,False,,7330,1001,18
20260805T190259,A2,v3.4-search-json,2026-08-06T09:00,2026-08-06T20:00,1324910,https://fr.getaround.com/location-voiture/colombes/tesla-model-3-1324910,Tesla Model 3 (2023),2023,Sur rendez-vous,BERLINE,SEGMENT_RULES,ELECTRIQUE,False,122.0,,5.0,3,Paris 17e,Colombes,Paris 17e,1,633,False,False,,5750,871,16
20260805T190259,A2,v3.4-search-json,2026-08-06T09:00,2026-08-06T20:00,1639416,https://fr.getaround.com/location-voiture/paris/smart-fortwo-electric-drive-1639416,Smart Fortwo Electric Drive (2021),2021,Sur rendez-vous,MICRO_CITADINE,SEGMENT_RULES,ELECTRIQUE,False,72.0,,,,Paris 17e,Paris,Paris 17e,1,634,False,False,,2090,871,16
20260805T190259,A2,v3.4-search-json,2026-08-06T09:00,2026-08-06T20:00,1686961,https://fr.getaround.com/location-voiture/asnieres-sur-seine/renault-clio-1686961,Renault Clio (2013),2013,Sur rendez-vous,CITADINE,SEGMENT_RULES,THERMIQUE,False,64.0,,,,Paris 17e,Asnieres Sur Seine,Paris 17e,1,635,False,False,,3630,871,16
20260805T190259,A2,v3.4-search-json,2026-08-06T09:00,2026-08-06T20:00,1923372,https://fr.getaround.com/location-voiture/la-courneuve/audi-a1-sportback-tfsi-150-s-tronic-1923372,Audi A1 Sportback TFSI 150 S Tronic (2024),2024,Sur rendez-vous,CITADINE,SEGMENT_RULES,THERMIQUE,False,109.0,,5.0,2,Asnières-sur-Seine,La Courneuve,Asnières-sur-Seine|Paris 17e,2,636,False,False,,8390,1001,17
20260805T190259,A2,v3.4-search-json,2026-08-06T09:00,2026-08-06T20:00,1468905,https://fr.getaround.com/location-voiture/asnieres-sur-seine/peugeot-3008-1468905,Peugeot 3008 (2015),2015,Sur rendez-vous,SUV_FAMILIAL,SEGMENT_RULES,THERMIQUE,False,93.0,,,,Paris 17e,Asnieres Sur Seine,Paris 17e,1,637,False,False,,5500,871,16
20260805T190259,A2,v3.4-search-json,2026-08-06T09:00,2026-08-06T20:00,1769921,https://fr.getaround.com/location-voiture/paris/peugeot-3008-1769921,Peugeot 3008 (2025),2025,Sur rendez-vous,SUV_FAMILIAL,SEGMENT_RULES,THERMIQUE,False,122.0,,4.0,5,Asnières-sur-Seine,Paris,Asnières-sur-Seine|Paris 17e,2,640,False,False,,9590,1001,20
20260805T190259,A2,v3.4-search-json,2026-08-06T09:00,2026-08-06T20:00,1557024,https://fr.getaround.com/location-voiture/paris/citroen-c4-1557024,Citroen C4 (2016),2016,Sur rendez-vous,COMPACTE,SEGMENT_RULES,THERMIQUE,False,84.0,,5.0,5,Asnières-sur-Seine,Paris,Asnières-sur-Seine|Paris 17e,2,642,False,False,,8970,1001,19
20260805T190259,A2,v3.4-search-json,2026-08-06T09:00,2026-08-06T20:00,1857571,https://fr.getaround.com/location-voiture/paris/mini-cooper-5-portes-1857571,Mini Cooper 5 portes (2018),2018,Sur rendez-vous,CITADINE,SEGMENT_RULES,THERMIQUE,False,78.0,,,,Asnières-sur-Seine,Paris,Asnières-sur-Seine|Paris 17e,2,643,False,False,,11080,1001,18
20260805T190259,A2,v3.4-search-json,2026-08-06T09:00,2026-08-06T20:00,1541854,https://fr.getaround.com/location-voiture/saint-ouen-sur-seine/nissan-qashqai-1541854,Nissan Qashqai (2022),2022,Sur rendez-vous,SUV_COMPACT,SEGMENT_RULES,THERMIQUE,False,68.0,,,,Asnières-sur-Seine,Saint Ouen Sur Seine,Asnières-sur-Seine|Paris 17e,2,644,False,False,,2810,1001,17
20260805T190259,A2,v3.4-search-json,2026-08-06T09:00,2026-08-06T20:00,1343132,https://fr.getaround.com/location-voiture/paris/renault-espace-1343132,Renault Espace (2016),2016,Sur rendez-vous,MONOSPACE,SEGMENT_RULES,THERMIQUE,False,133.0,,4.62,33,Asnières-sur-Seine,Paris,Asnières-sur-Seine|Paris 17e,2,644,False,False,,11180,1001,21
20260805T190259,A2,v3.4-search-json,2026-08-06T09:00,2026-08-06T20:00,1928960,https://fr.getaround.com/location-voiture/paris/peugeot-2008-1928960,Peugeot 2008 (2017),2017,Sur rendez-vous,SUV_COMPACT,SEGMENT_RULES,THERMIQUE,False,80.0,,,,Asnières-sur-Seine,Paris,Asnières-sur-Seine|Paris 17e,2,648,False,False,,8420,1001,19
20260805T190259,A2,v3.4-search-json,2026-08-06T09:00,2026-08-06T20:00,1774551,https://fr.getaround.com/location-voiture/villeneuve-la-garenne/citroen-c4-1774551,Citroen C4 (2020),2020,Sur rendez-vous,COMPACTE,SEGMENT_RULES,THERMIQUE,False,66.0,,,,Asnières-sur-Seine,Villeneuve La Garenne,Asnières-sur-Seine|Paris 17e,2,649,False,False,,4190,1001,17
20260805T190259,A2,v3.4-search-json,2026-08-06T09:00,2026-08-06T20:00,1663309,https://fr.getaround.com/location-voiture/paris/renault-zoe-1663309,Renault ZOE (2019),2019,Sur rendez-vous,CITADINE,SEGMENT_RULES,ELECTRIQUE,False,57.0,,,,Paris 17e,Paris,Paris 17e,1,651,False,False,,5440,871,17
20260805T190259,A2,v3.4-search-json,2026-08-06T09:00,2026-08-06T20:00,1564860,https://fr.getaround.com/location-voiture/paris/volkswagen-golf-1564860,Volkswagen Golf (2012),2012,Sur rendez-vous,COMPACTE,SEGMENT_RULES,THERMIQUE,False,73.0,,,,Asnières-sur-Seine,Paris,Asnières-sur-Seine|Paris 17e,2,652,False,False,,7710,1001,18
20260805T190259,A2,v3.4-search-json,2026-08-06T09:00,2026-08-06T20:00,1312071,https://fr.getaround.com/location-voiture/cormeilles-en-parisis/kia-picanto-1312071,Kia Picanto (2017),2017,Sur rendez-vous,CITADINE,SEGMENT_RULES,THERMIQUE,False,81.0,,5.0,10,Asnières-sur-Seine,Cormeilles En Parisis,Asnières-sur-Seine,1,653,False,False,,8830,1001,17
20260805T190259,A2,v3.4-search-json,2026-08-06T09:00,2026-08-06T20:00,1068924,https://fr.getaround.com/location-voiture/sartrouville/renault-megane-1068924,Renault Mégane (2010),2010,Sur rendez-vous,COMPACTE,SEGMENT_RULES,THERMIQUE,False,55.0,,5.0,18,Asnières-sur-Seine,Sartrouville,Asnières-sur-Seine,1,654,False,False,,10160,1001,17
20260805T190259,A2,v3.4-search-json,2026-08-06T09:00,2026-08-06T20:00,1915646,https://fr.getaround.com/location-voiture/paris/fiat-500-c-1915646,Fiat 500 C (2017),2017,Sur rendez-vous,CABRIOLET,SEGMENT_RULES,THERMIQUE,False,76.0,,,,Asnières-sur-Seine,Paris,Asnières-sur-Seine|Paris 17e,2,655,False,False,,10590,1001,20
20260805T190259,A2,v3.4-search-json,2026-08-06T09:00,2026-08-06T20:00,1448613,https://fr.getaround.com/location-voiture/paris/jeep-renegade-1448613,Jeep Renegade (2018),2018,Sur rendez-vous,SUV_FAMILIAL,SEGMENT_RULES,THERMIQUE,False,93.0,,,,Asnières-sur-Seine,Paris,Asnières-sur-Seine|Paris 17e,2,657,False,False,,8810,1001,20
20260805T190259,A2,v3.4-search-json,2026-08-06T09:00,2026-08-06T20:00,1917449,https://fr.getaround.com/location-voiture/paris/toyota-c-hr-hybrid-1917449,Toyota C-HR Hybrid (2026),2026,Sur rendez-vous,SUV_COMPACT,SEGMENT_RULES,HYBRIDE,False,115.0,,,,Asnières-sur-Seine,Paris,Asnières-sur-Seine|Paris 17e,2,658,False,False,,9810,1001,19
20260805T190259,A2,v3.4-search-json,2026-08-06T09:00,2026-08-06T20:00,1649081,https://fr.getaround.com/location-voiture/paris/hyundai-i20-1649081,Hyundai i20 (2023),2023,Sur rendez-vous,CITADINE,SEGMENT_RULES,THERMIQUE,False,139.0,,,,Asnières-sur-Seine,Paris,Asnières-sur-Seine|Paris 17e,2,660,False,False,,4240,1001,23
20260805T190259,A2,v3.4-search-json,2026-08-06T09:00,2026-08-06T20:00,1925598,https://fr.getaround.com/location-voiture/montigny-les-cormeilles/peugeot-208-societe-1925598,Peugeot 208 Société (2016),2016,Sur rendez-vous,CITADINE,SEGMENT_RULES,THERMIQUE,False,61.0,,,,Asnières-sur-Seine,Montigny Les Cormeilles,Asnières-sur-Seine,1,661,False,False,,10420,1001,17
20260805T190259,A2,v3.4-search-json,2026-08-06T09:00,2026-08-06T20:00,1613206,https://fr.getaround.com/location-voiture/paris/tesla-model-y-long-range-1613206,Tesla Model Y Long Range (2024),2024,Sur rendez-vous,SUV_FAMILIAL,SEGMENT_RULES,ELECTRIQUE,False,180.0,,4.0,1,Asnières-sur-Seine,Paris,Asnières-sur-Seine|Paris 17e,2,663,False,False,,3080,1001,23
20260805T190259,A2,v3.4-search-json,2026-08-06T09:00,2026-08-06T20:00,1338569,https://fr.getaround.com/location-voiture/sartrouville/citroen-c4-1338569,Citroen C4 (2012),2012,Sur rendez-vous,COMPACTE,SEGMENT_RULES,THERMIQUE,False,75.0,,5.0,3,Asnières-sur-Seine,Sartrouville,Asnières-sur-Seine,1,664,False,False,,9240,1001,17
20260805T190259,A2,v3.4-search-json,2026-08-06T09:00,2026-08-06T20:00,1461269,https://fr.getaround.com/location-voiture/paris/mercedes-benz-classe-a-1461269,Mercedes-Benz Classe A (2017),2017,Sur rendez-vous,COMPACTE,SEGMENT_RULES,THERMIQUE,False,143.0,,5.0,7,Asnières-sur-Seine,Paris,Asnières-sur-Seine|Paris 17e,2,664,False,False,,10600,1001,20
20260805T190259,A2,v3.4-search-json,2026-08-06T09:00,2026-08-06T20:00,1639631,https://fr.getaround.com/location-voiture/paris/renault-austral-e-tech-full-hybrid-1639631,Renault Austral E-Tech full hybrid (2024),2024,Sur rendez-vous,SUV_FAMILIAL,SEGMENT_RULES,ELECTRIQUE,False,177.0,,,,Paris 17e,Paris,Paris 17e,1,665,False,False,,2860,871,17
20260805T190259,A2,v3.4-search-json,2026-08-06T09:00,2026-08-06T20:00,1445169,https://fr.getaround.com/location-voiture/villeneuve-la-garenne/renault-kangoo-1445169,Renault Kangoo (2014),2014,Sur rendez-vous,UTILITAIRE,SEGMENT_RULES,THERMIQUE,False,73.0,,,,Asnières-sur-Seine,Villeneuve La Garenne,Asnières-sur-Seine|Paris 17e,2,666,False,False,,3730,1001,17
20260805T190259,A2,v3.4-search-json,2026-08-06T09:00,2026-08-06T20:00,736745,https://fr.getaround.com/location-voiture/paris/mini-paceman-736745,Mini Paceman (2015),2015,Sur rendez-vous,NON_CLASSE,SEGMENT_RULES,THERMIQUE,False,86.0,,,,Asnières-sur-Seine,Paris,Asnières-sur-Seine|Paris 17e,2,666,False,False,,9290,1001,19
20260805T190259,A2,v3.4-search-json,2026-08-06T09:00,2026-08-06T20:00,1502428,https://fr.getaround.com/location-voiture/bois-colombes/citroen-c3-1502428,Citroen C3 (2021),2021,Sur rendez-vous,CITADINE,SEGMENT_RULES,THERMIQUE,False,55.0,,,,Paris 17e,Bois Colombes,Paris 17e,1,667,False,False,,4460,871,17
20260805T190259,A2,v3.4-search-json,2026-08-06T09:00,2026-08-06T20:00,1842274,https://fr.getaround.com/location-voiture/boulogne-billancourt/volkswagen-golf-1842274,Volkswagen Golf (2013),2013,Sur rendez-vous,COMPACTE,SEGMENT_RULES,THERMIQUE,False,73.0,,,,Asnières-sur-Seine,Boulogne Billancourt,Asnières-sur-Seine|Paris 17e,2,668,False,False,,10150,1001,18
20260805T190259,A2,v3.4-search-json,2026-08-06T09:00,2026-08-06T20:00,1569331,https://fr.getaround.com/location-voiture/boulogne-billancourt/honda-hr-v-1569331,Honda HR-V (2022),2022,Sur rendez-vous,SUV_COMPACT,SEGMENT_RULES,THERMIQUE,False,103.0,,,,Asnières-sur-Seine,Boulogne Billancourt,Asnières-sur-Seine|Paris 17e,2,669,False,False,,9290,1001,19
20260805T190259,A2,v3.4-search-json,2026-08-06T09:00,2026-08-06T20:00,1862779,https://fr.getaround.com/location-voiture/paris/renault-clio-1862779,Renault Clio (2019),2019,Sur rendez-vous,CITADINE,SEGMENT_RULES,THERMIQUE,False,65.0,,5.0,3,Paris 17e,Paris,Paris 17e,1,670,False,False,,8029,871,17
20260805T190259,A2,v3.4-search-json,2026-08-06T09:00,2026-08-06T20:00,1769264,https://fr.getaround.com/location-voiture/soisy-sous-montmorency/fiat-500-1769264,Fiat 500 (2020),2020,Sur rendez-vous,CITADINE,SEGMENT_RULES,THERMIQUE,False,54.0,,5.0,1,Asnières-sur-Seine,Soisy Sous Montmorency,Asnières-sur-Seine,1,671,False,False,,8290,1001,17
20260805T190259,A2,v3.4-search-json,2026-08-06T09:00,2026-08-06T20:00,1587360,https://fr.getaround.com/location-voiture/villeneuve-la-garenne/kia-niro-hybride-1587360,Kia Niro Hybride (2019),2019,Sur rendez-vous,SUV_COMPACT,SEGMENT_RULES,HYBRIDE,False,94.0,,,,Asnières-sur-Seine,Villeneuve La Garenne,Asnières-sur-Seine|Paris 17e,2,672,False,False,,3770,1001,17
20260805T190259,A2,v3.4-search-json,2026-08-06T09:00,2026-08-06T20:00,1516588,https://fr.getaround.com/location-voiture/epinay-sur-seine/renault-arkana-business-1516588,Renault Arkana Business (2021),2021,Sur rendez-vous,COMPACTE,SEGMENT_RULES,THERMIQUE,False,99.0,,4.5,1,Asnières-sur-Seine,Epinay Sur Seine,Asnières-sur-Seine,1,673,False,False,,5460,1001,17
20260805T190259,A2,v3.4-search-json,2026-08-06T09:00,2026-08-06T20:00,1264822,https://fr.getaround.com/location-voiture/paris/audi-a1-1264822,Audi A1 (2022),2022,Sur rendez-vous,CITADINE,SEGMENT_RULES,THERMIQUE,False,81.0,,,,Asnières-sur-Seine,Paris,Asnières-sur-Seine|Paris 17e,2,673,False,False,,10710,1001,19
20260805T190259,A2,v3.4-search-json,2026-08-06T09:00,2026-08-06T20:00,1635201,https://fr.getaround.com/location-voiture/rueil-malmaison/skoda-citigo-1635201,Skoda Citigo (2014),2014,Sur rendez-vous,CITADINE,SEGMENT_RULES,THERMIQUE,False,57.0,,5.0,3,Asnières-sur-Seine,Rueil Malmaison,Asnières-sur-Seine,1,674,False,False,,9390,1001,17
20260805T190259,A2,v3.4-search-json,2026-08-06T09:00,2026-08-06T20:00,1701934,https://fr.getaround.com/location-voiture/paris/citroen-c3-1701934,Citroen C3 (2011),2011,Sur rendez-vous,CITADINE,SEGMENT_RULES,THERMIQUE,False,63.0,,,,Paris 17e,Paris,Paris 17e,1,674,False,False,,4840,871,17
20260805T190259,A2,v3.4-search-json,2026-08-06T09:00,2026-08-06T20:00,1564844,https://fr.getaround.com/location-voiture/paris/opel-astra-1564844,Opel Astra (2016),2016,Sur rendez-vous,COMPACTE,SEGMENT_RULES,THERMIQUE,False,70.0,,5.0,1,Asnières-sur-Seine,Paris,Asnières-sur-Seine|Paris 17e,2,675,False,False,,12200,1001,21
20260805T190259,A2,v3.4-search-json,2026-08-06T09:00,2026-08-06T20:00,1172994,https://fr.getaround.com/location-voiture/courbevoie/dacia-lodgy-1172994,Dacia Lodgy (2014),2014,Sur rendez-vous,MONOSPACE,SEGMENT_RULES,THERMIQUE,False,84.0,,1.0,1,Asnières-sur-Seine,Courbevoie,Asnières-sur-Seine|Paris 17e,2,676,False,False,,1680,1001,17
20260805T190259,A2,v3.4-search-json,2026-08-06T09:00,2026-08-06T20:00,1497502,https://fr.getaround.com/location-voiture/paris/audi-a4-avant-1497502,Audi A4 Avant (2013),2013,Sur rendez-vous,BREAK,SEGMENT_RULES,THERMIQUE,False,99.0,,4.5,2,Asnières-sur-Seine,Paris,Asnières-sur-Seine|Paris 17e,2,677,False,False,,7690,1001,21
20260805T190259,A2,v3.4-search-json,2026-08-06T09:00,2026-08-06T20:00,848890,https://fr.getaround.com/location-voiture/argenteuil/volkswagen-polo-848890,Volkswagen Polo (2018),2018,Sur rendez-vous,CITADINE,SEGMENT_RULES,THERMIQUE,False,92.0,,5.0,2,Asnières-sur-Seine,Argenteuil,Asnières-sur-Seine,1,678,False,False,,3890,1001,17
20260805T190259,A2,v3.4-search-json,2026-08-06T09:00,2026-08-06T20:00,1824907,https://fr.getaround.com/location-voiture/argenteuil/opel-adam-1824907,Opel Adam (2016),2016,Sur rendez-vous,CITADINE,SEGMENT_RULES,THERMIQUE,False,64.0,,,,Asnières-sur-Seine,Argenteuil,Asnières-sur-Seine,1,679,False,False,,4970,1001,17
20260805T190259,A2,v3.4-search-json,2026-08-06T09:00,2026-08-06T20:00,1541400,https://fr.getaround.com/location-voiture/paris/audi-a4-allroad-quattro-1541400,Audi A4 Allroad Quattro (2012),2012,Sur rendez-vous,BERLINE,SEGMENT_RULES,THERMIQUE,False,105.0,,,,Asnières-sur-Seine,Paris,Asnières-sur-Seine|Paris 17e,2,679,False,False,,8950,1001,21
20260805T190259,A2,v3.4-search-json,2026-08-06T09:00,2026-08-06T20:00,1336350,https://fr.getaround.com/location-voiture/paris/tesla-model-3-1336350,Tesla Model 3 (2023),2023,Sur rendez-vous,BERLINE,SEGMENT_RULES,ELECTRIQUE,False,171.0,,5.0,6,Asnières-sur-Seine,Paris,Asnières-sur-Seine|Paris 17e,2,680,False,False,,8950,1001,20
20260805T190259,A2,v3.4-search-json,2026-08-06T09:00,2026-08-06T20:00,1900490,https://fr.getaround.com/location-voiture/eaubonne/ds-7-1900490,DS 7 (2019),2019,Sur rendez-vous,SUV_FAMILIAL,SEGMENT_RULES,THERMIQUE,False,136.0,,,,Asnières-sur-Seine,Eaubonne,Asnières-sur-Seine,1,681,False,False,,8230,1001,18
20260805T190259,A2,v3.4-search-json,2026-08-06T09:00,2026-08-06T20:00,1255203,https://fr.getaround.com/location-voiture/pierrefitte-sur-seine/toyota-yaris-cross-1255203,Toyota Yaris Cross (2023),2023,Sur rendez-vous,SUV_COMPACT,SEGMENT_RULES,THERMIQUE,False,90.0,,5.0,11,Asnières-sur-Seine,Pierrefitte Sur Seine,Asnières-sur-Seine,1,682,False,False,,8039,1001,18
20260805T190259,A2,v3.4-search-json,2026-08-06T09:00,2026-08-06T20:00,1206743,https://fr.getaround.com/location-voiture/paris/mercedes-benz-classe-a-1206743,Mercedes-Benz Classe A (2018),2018,Sur rendez-vous,COMPACTE,SEGMENT_RULES,THERMIQUE,False,260.0,,,,Paris 17e,Paris,Paris 17e,1,684,False,False,,2140,871,18
20260805T190259,A2,v3.4-search-json,2026-08-06T09:00,2026-08-06T20:00,1840511,https://fr.getaround.com/location-voiture/saint-denis/renault-captur-1840511,Renault Captur (2020),2020,Sur rendez-vous,SUV_COMPACT,SEGMENT_RULES,THERMIQUE,False,76.0,,,,Asnières-sur-Seine,Saint Denis,Asnières-sur-Seine|Paris 17e,2,685,False,False,,5570,1001,19
20260805T190259,A2,v3.4-search-json,2026-08-06T09:00,2026-08-06T20:00,1365608,https://fr.getaround.com/location-voiture/paris/renault-austral-e-tech-full-hybrid-1365608,Renault Austral E-Tech full hybrid (2023),2023,Sur rendez-vous,SUV_FAMILIAL,SEGMENT_RULES,ELECTRIQUE,False,233.0,,,,Asnières-sur-Seine,Paris,Asnières-sur-Seine|Paris 17e,2,686,False,False,,7010,1001,22
20260805T190259,A2,v3.4-search-json,2026-08-06T09:00,2026-08-06T20:00,1930984,https://fr.getaround.com/location-voiture/saint-brice-sous-foret/renault-twingo-iii-1930984,Renault Twingo III (2017),2017,Sur rendez-vous,CITADINE,SEGMENT_RULES,THERMIQUE,False,66.0,,5.0,3,Asnières-sur-Seine,Saint Brice Sous Foret,Asnières-sur-Seine,1,687,False,False,,10470,1001,18
20260805T190259,A2,v3.4-search-json,2026-08-06T09:00,2026-08-06T20:00,1788074,https://fr.getaround.com/location-voiture/saint-ouen-sur-seine/citroen-c5-aircross-1788074,Citroen C5 Aircross (2022),2022,Sur rendez-vous,SUV_COMPACT,SEGMENT_RULES,THERMIQUE,False,103.0,,,,Paris 17e,Saint Ouen Sur Seine,Paris 17e,1,687,False,False,,3880,871,18
20260805T190259,A2,v3.4-search-json,2026-08-06T09:00,2026-08-06T20:00,1615156,https://fr.getaround.com/location-voiture/herblay-sur-seine/ford-focus-1615156,Ford Focus (2019),2019,Sur rendez-vous,COMPACTE,SEGMENT_RULES,THERMIQUE,False,74.0,,5.0,1,Asnières-sur-Seine,Herblay Sur Seine,Asnières-sur-Seine,1,688,False,False,,11700,1001,18
20260805T190259,A2,v3.4-search-json,2026-08-06T09:00,2026-08-06T20:00,1327281,https://fr.getaround.com/location-voiture/colombes/toyota-c-hr-1327281,Toyota C-HR (2017),2017,Sur rendez-vous,SUV_COMPACT,SEGMENT_RULES,THERMIQUE,False,84.0,,,,Paris 17e,Colombes,Paris 17e,1,688,False,False,,5880,871,18
20260805T190259,A2,v3.4-search-json,2026-08-06T09:00,2026-08-06T20:00,1524393,https://fr.getaround.com/location-voiture/paris/toyota-c-hr-1524393,Toyota C-HR (2018),2018,Sur rendez-vous,SUV_COMPACT,SEGMENT_RULES,THERMIQUE,False,83.0,,,,Asnières-sur-Seine,Paris,Asnières-sur-Seine|Paris 17e,2,689,False,False,,9840,1001,20
20260805T190259,A2,v3.4-search-json,2026-08-06T09:00,2026-08-06T20:00,1321599,https://fr.getaround.com/location-voiture/saint-denis/renault-arkana-rs-line-1321599,Renault Arkana RS Line (2023),2023,Sur rendez-vous,COMPACTE,SEGMENT_RULES,THERMIQUE,False,106.0,,,,Paris 17e,Saint Denis,Paris 17e,1,690,False,False,,5530,871,18
20260805T190259,A2,v3.4-search-json,2026-08-06T09:00,2026-08-06T20:00,1818600,https://fr.getaround.com/location-voiture/paris/tesla-model-3-1818600,Tesla Model 3 (2022),2022,Sur rendez-vous,BERLINE,SEGMENT_RULES,ELECTRIQUE,False,115.0,,,,Asnières-sur-Seine,Paris,Asnières-sur-Seine|Paris 17e,2,691,False,False,,10720,1001,20
20260805T190259,A2,v3.4-search-json,2026-08-06T09:00,2026-08-06T20:00,1686094,https://fr.getaround.com/location-voiture/epinay-sur-seine/renault-megane-e-tech-electrique-1686094,Renault Mégane E-tech Électrique (2024),2024,Sur rendez-vous,COMPACTE,SEGMENT_RULES,ELECTRIQUE,False,87.0,,,,Asnières-sur-Seine,Epinay Sur Seine,Asnières-sur-Seine,1,692,False,False,,5100,1001,18
20260805T190259,A2,v3.4-search-json,2026-08-06T09:00,2026-08-06T20:00,1512841,https://fr.getaround.com/location-voiture/paris/ford-c-max-1512841,Ford C-Max (2014),2014,Sur rendez-vous,MONOSPACE,SEGMENT_RULES,THERMIQUE,False,75.0,,5.0,5,Asnières-sur-Seine,Paris,Asnières-sur-Seine|Paris 17e,2,692,False,False,,8970,1001,21
20260805T190259,A2,v3.4-search-json,2026-08-06T09:00,2026-08-06T20:00,1508681,https://fr.getaround.com/location-voiture/montmorency/bmw-x1-xdrive18d-1508681,BMW X1 xDrive18d (2011),2011,Sur rendez-vous,SUV_FAMILIAL,SEGMENT_RULES,THERMIQUE,False,115.0,,,,Asnières-sur-Seine,Montmorency,Asnières-sur-Seine,1,693,False,False,,6560,1001,18
20260805T190259,A2,v3.4-search-json,2026-08-06T09:00,2026-08-06T20:00,836791,https://fr.getaround.com/location-voiture/paris/kia-soul-836791,Kia Soul (2012),2012,Sur rendez-vous,SUV_COMPACT,SEGMENT_RULES,THERMIQUE,False,74.0,,5.0,2,Asnières-sur-Seine,Paris,Asnières-sur-Seine|Paris 17e,2,694,False,False,,9600,1001,20
20260805T190259,A2,v3.4-search-json,2026-08-06T09:00,2026-08-06T20:00,1618877,https://fr.getaround.com/location-voiture/pantin/toyota-yaris-1618877,Toyota Yaris (2011),2011,Sur rendez-vous,CITADINE,SEGMENT_RULES,THERMIQUE,False,67.0,,,,Asnières-sur-Seine,Pantin,Asnières-sur-Seine,1,695,False,False,,9280,1001,18
20260805T190259,A2,v3.4-search-json,2026-08-06T09:00,2026-08-06T20:00,1548134,https://fr.getaround.com/location-voiture/asnieres-sur-seine/audi-q5-premium-1548134,Audi Q5 Premium (2018),2018,Sur rendez-vous,SUV_FAMILIAL,SEGMENT_RULES,THERMIQUE,False,115.0,,,,Paris 17e,Asnieres Sur Seine,Paris 17e,1,697,False,False,,3160,871,18
20260805T190259,A2,v3.4-search-json,2026-08-06T09:00,2026-08-06T20:00,1824514,https://fr.getaround.com/location-voiture/aubervilliers/mercedes-benz-classe-b-1824514,Mercedes-Benz Classe B (2013),2013,Sur rendez-vous,MONOSPACE,SEGMENT_RULES,THERMIQUE,False,86.0,,,,Paris 17e,Aubervilliers,Paris 17e,1,698,False,False,,6730,871,18
20260805T190259,A2,v3.4-search-json,2026-08-06T09:00,2026-08-06T20:00,812347,https://fr.getaround.com/location-voiture/eaubonne/renault-twingo-812347,Renault Twingo (2014),2014,Sur rendez-vous,CITADINE,SEGMENT_RULES,THERMIQUE,False,45.0,,4.9,5,Asnières-sur-Seine,Eaubonne,Asnières-sur-Seine,1,699,False,False,,8880,1001,18
20260805T190259,A2,v3.4-search-json,2026-08-06T09:00,2026-08-06T20:00,1846930,https://fr.getaround.com/location-voiture/colombes/mercedes-benz-cla-180-1846930,Mercedes-Benz CLA 180 (2020),2020,Sur rendez-vous,BERLINE,SEGMENT_RULES,THERMIQUE,False,136.0,,,,Asnières-sur-Seine,Colombes,Asnières-sur-Seine|Paris 17e,2,700,False,False,,2450,1001,18
20260805T190259,A2,v3.4-search-json,2026-08-06T09:00,2026-08-06T20:00,1171771,https://fr.getaround.com/location-voiture/paris/renault-clio-1171771,Renault Clio (2018),2018,Sur rendez-vous,CITADINE,SEGMENT_RULES,THERMIQUE,False,67.0,,4.85,10,Asnières-sur-Seine,Paris,Asnières-sur-Seine|Paris 17e,2,700,False,False,,10920,1001,21
20260805T190259,A2,v3.4-search-json,2026-08-06T09:00,2026-08-06T20:00,1946694,https://fr.getaround.com/location-voiture/sarcelles/skoda-fabia-1946694,Skoda Fabia (2018),2018,Sur rendez-vous,CITADINE,SEGMENT_RULES,THERMIQUE,False,60.0,,,,Asnières-sur-Seine,Sarcelles,Asnières-sur-Seine,1,701,False,False,,9450,1001,18
20260805T190259,A2,v3.4-search-json,2026-08-06T09:00,2026-08-06T20:00,1638396,https://fr.getaround.com/location-voiture/puteaux/volkswagen-t-cross-1638396,Volkswagen T-Cross (2024),2024,Sur rendez-vous,SUV_COMPACT,SEGMENT_RULES,THERMIQUE,False,134.0,,,,Paris 17e,Puteaux,Paris 17e,1,702,False,False,,4870,871,18
20260805T190259,A2,v3.4-search-json,2026-08-06T09:00,2026-08-06T20:00,1365442,https://fr.getaround.com/location-voiture/deuil-la-barre/renault-twingo-iii-1365442,Renault Twingo III (2017),2017,Sur rendez-vous,CITADINE,SEGMENT_RULES,THERMIQUE,False,60.0,,5.0,1,Asnières-sur-Seine,Deuil La Barre,Asnières-sur-Seine,1,703,False,False,,5560,1001,18
20260805T190259,A2,v3.4-search-json,2026-08-06T09:00,2026-08-06T20:00,1434993,https://fr.getaround.com/location-voiture/paris/renault-clio-1434993,Renault Clio (2018),2018,Sur rendez-vous,CITADINE,SEGMENT_RULES,THERMIQUE,False,104.0,,5.0,3,Asnières-sur-Seine,Paris,Asnières-sur-Seine|Paris 17e,2,703,False,False,,7710,1001,23
20260805T190259,A2,v3.4-search-json,2026-08-06T09:00,2026-08-06T20:00,1651589,https://fr.getaround.com/location-voiture/paris/volkswagen-t-roc-1651589,Volkswagen T-Roc (2024),2024,Sur rendez-vous,SUV_COMPACT,SEGMENT_RULES,THERMIQUE,False,130.0,,5.0,1,Asnières-sur-Seine,Paris,Asnières-sur-Seine|Paris 17e,2,704,False,False,,6700,1001,22
20260805T190259,A2,v3.4-search-json,2026-08-06T09:00,2026-08-06T20:00,1760761,https://fr.getaround.com/location-voiture/paris/toyota-corolla-1760761,Toyota Corolla (2019),2019,Sur rendez-vous,COMPACTE,SEGMENT_RULES,THERMIQUE,False,88.0,,5.0,1,Asnières-sur-Seine,Paris,Asnières-sur-Seine|Paris 17e,2,705,False,False,,11860,1001,20
20260805T190259,A2,v3.4-search-json,2026-08-06T09:00,2026-08-06T20:00,1201408,https://fr.getaround.com/location-voiture/paris/renault-clio-1201408,Renault Clio (2023),2023,Sur rendez-vous,CITADINE,SEGMENT_RULES,THERMIQUE,False,119.0,,,,Paris 17e,Paris,Paris 17e,1,706,False,False,,3030,871,18
20260805T190259,A2,v3.4-search-json,2026-08-06T09:00,2026-08-06T20:00,1939057,https://fr.getaround.com/location-voiture/paris/citroen-c4-picasso-1939057,Citroen C4 Picasso (2015),2015,Sur rendez-vous,MONOSPACE,SEGMENT_RULES,THERMIQUE,False,65.0,,,,Asnières-sur-Seine,Paris,Asnières-sur-Seine|Paris 17e,2,707,False,False,,8420,1001,21
20260805T190259,A2,v3.4-search-json,2026-08-06T09:00,2026-08-06T20:00,1745279,https://fr.getaround.com/location-voiture/villeneuve-la-garenne/renault-megane-iv-1745279,Renault Mégane IV (2017),2017,Sur rendez-vous,COMPACTE,SEGMENT_RULES,THERMIQUE,False,84.0,,,,Asnières-sur-Seine,Villeneuve La Garenne,Asnières-sur-Seine|Paris 17e,2,708,False,False,,3830,1001,18
20260805T190259,A2,v3.4-search-json,2026-08-06T09:00,2026-08-06T20:00,1660695,https://fr.getaround.com/location-voiture/paris/opel-corsa-1660695,Opel Corsa (2020),2020,Sur rendez-vous,CITADINE,SEGMENT_RULES,THERMIQUE,False,68.0,,,,Asnières-sur-Seine,Paris,Asnières-sur-Seine|Paris 17e,2,708,False,False,,9300,1001,22
20260805T190259,A2,v3.4-search-json,2026-08-06T09:00,2026-08-06T20:00,1531263,https://fr.getaround.com/location-voiture/suresnes/peugeot-107-1531263,Peugeot 107 (2012),2012,Sur rendez-vous,MICRO_CITADINE,SEGMENT_RULES,THERMIQUE,False,54.0,,,,Asnières-sur-Seine,Suresnes,Asnières-sur-Seine|Paris 17e,2,709,False,False,,7390,1001,19
20260805T190259,A2,v3.4-search-json,2026-08-06T09:00,2026-08-06T20:00,1790976,https://fr.getaround.com/location-voiture/sartrouville/toyota-yaris-1790976,Toyota Yaris (2012),2012,Sur rendez-vous,CITADINE,SEGMENT_RULES,THERMIQUE,False,49.0,,,,Asnières-sur-Seine,Sartrouville,Asnières-sur-Seine,1,711,False,False,,7160,1001,18
20260805T190259,A2,v3.4-search-json,2026-08-06T09:00,2026-08-06T20:00,1631351,https://fr.getaround.com/location-voiture/paris/volkswagen-golf-1631351,Volkswagen Golf (2017),2017,Sur rendez-vous,COMPACTE,SEGMENT_RULES,THERMIQUE,False,77.0,,,,Paris 17e,Paris,Paris 17e,1,711,False,False,,6290,871,18
20260805T190259,A2,v3.4-search-json,2026-08-06T09:00,2026-08-06T20:00,1689742,https://fr.getaround.com/location-voiture/saint-ouen-sur-seine/dacia-sandero-stepway-1689742,Dacia Sandero Stepway (2015),2015,Sur rendez-vous,CITADINE,SEGMENT_RULES,THERMIQUE,False,90.0,,,,Asnières-sur-Seine,Saint Ouen Sur Seine,Asnières-sur-Seine|Paris 17e,2,712,False,False,,4030,1001,21
20260805T190259,A2,v3.4-search-json,2026-08-06T09:00,2026-08-06T20:00,1936536,https://fr.getaround.com/location-voiture/eaubonne/renault-clio-1936536,Renault Clio (2024),2024,Sur rendez-vous,CITADINE,SEGMENT_RULES,THERMIQUE,False,63.0,,,,Asnières-sur-Seine,Eaubonne,Asnières-sur-Seine,1,713,False,False,,8480,1001,18
20260805T190259,A2,v3.4-search-json,2026-08-06T09:00,2026-08-06T20:00,1896580,https://fr.getaround.com/location-voiture/la-courneuve/mercedes-benz-gla-250-4matic-1896580,Mercedes-Benz GLA 250 4MATIC (2016),2016,Sur rendez-vous,SUV_COMPACT,SEGMENT_RULES,THERMIQUE,False,136.0,,,,Asnières-sur-Seine,La Courneuve,Asnières-sur-Seine|Paris 17e,2,713,False,False,,7150,1001,19
20260805T190259,A2,v3.4-search-json,2026-08-06T09:00,2026-08-06T20:00,1909179,https://fr.getaround.com/location-voiture/garges-les-gonesse/peugeot-5008-1909179,Peugeot 5008 (2019),2019,Sur rendez-vous,MONOSPACE,SEGMENT_RULES,THERMIQUE,False,122.0,,,,Asnières-sur-Seine,Garges Les Gonesse,Asnières-sur-Seine,1,715,False,False,,10180,1001,18
20260805T190259,A2,v3.4-search-json,2026-08-06T09:00,2026-08-06T20:00,1778495,https://fr.getaround.com/location-voiture/saint-ouen-sur-seine/audi-a1-1778495,Audi A1 (2019),2019,Sur rendez-vous,CITADINE,SEGMENT_RULES,THERMIQUE,False,150.0,,,,Paris 17e,Saint Ouen Sur Seine,Paris 17e,1,715,False,False,,2510,871,18
20260805T190259,A2,v3.4-search-json,2026-08-06T09:00,2026-08-06T20:00,1852967,https://fr.getaround.com/location-voiture/franconville/peugeot-3008-1852967,Peugeot 3008 (2019),2019,Sur rendez-vous,SUV_FAMILIAL,SEGMENT_RULES,THERMIQUE,False,96.0,,,,Asnières-sur-Seine,Franconville,Asnières-sur-Seine,1,716,False,False,,9200,1001,18
20260805T190259,A2,v3.4-search-json,2026-08-06T09:00,2026-08-06T20:00,1236368,https://fr.getaround.com/location-voiture/paris/peugeot-208-1236368,Peugeot 208 (2016),2016,Sur rendez-vous,CITADINE,SEGMENT_RULES,THERMIQUE,False,50.0,,4.42,19,Asnières-sur-Seine,Paris,Asnières-sur-Seine|Paris 17e,2,716,False,False,,10390,1001,22
20260805T190259,A2,v3.4-search-json,2026-08-06T09:00,2026-08-06T20:00,1721164,https://fr.getaround.com/location-voiture/paris/lexus-ux-250h-1721164,Lexus UX 250h (2022),2022,Sur rendez-vous,SUV_COMPACT,SEGMENT_RULES,THERMIQUE,False,124.0,,,,Asnières-sur-Seine,Paris,Asnières-sur-Seine,1,717,False,False,,10790,1001,18
20260805T190259,A2,v3.4-search-json,2026-08-06T09:00,2026-08-06T20:00,1439231,https://fr.getaround.com/location-voiture/paris/citroen-c3-1439231,Citroen C3 (2011),2011,Sur rendez-vous,CITADINE,SEGMENT_RULES,THERMIQUE,False,121.0,,,,Asnières-sur-Seine,Paris,Asnières-sur-Seine|Paris 17e,2,717,False,False,,4010,1001,23
20260805T190259,A2,v3.4-search-json,2026-08-06T09:00,2026-08-06T20:00,1206621,https://fr.getaround.com/location-voiture/argenteuil/hyundai-i40-1206621,Hyundai i40 (2012),2012,Sur rendez-vous,NON_CLASSE,SEGMENT_RULES,THERMIQUE,False,62.0,,,,Asnières-sur-Seine,Argenteuil,Asnières-sur-Seine|Paris 17e,2,718,False,False,,5040,1001,18
20260805T190259,A2,v3.4-search-json,2026-08-06T09:00,2026-08-06T20:00,1949682,https://fr.getaround.com/location-voiture/paris/toyota-rav-4-hybride-1949682,Toyota RAV 4 Hybride (2021),2021,Sur rendez-vous,SUV_FAMILIAL,SEGMENT_RULES,HYBRIDE,False,140.0,,,,Asnières-sur-Seine,Paris,Asnières-sur-Seine|Paris 17e,2,718,False,False,,7740,1001,21
20260805T190259,A2,v3.4-search-json,2026-08-06T09:00,2026-08-06T20:00,1322450,https://fr.getaround.com/location-voiture/saint-denis/volkswagen-polo-1322450,Volkswagen Polo (2018),2018,Sur rendez-vous,CITADINE,SEGMENT_RULES,THERMIQUE,False,67.0,,,,Asnières-sur-Seine,Saint Denis,Asnières-sur-Seine|Paris 17e,2,719,False,False,,5190,1001,19
20260805T190259,A2,v3.4-search-json,2026-08-06T09:00,2026-08-06T20:00,1948307,https://fr.getaround.com/location-voiture/garges-les-gonesse/toyota-auris-1948307,Toyota Auris (2013),2013,Sur rendez-vous,COMPACTE,SEGMENT_RULES,THERMIQUE,False,70.0,,,,Asnières-sur-Seine,Garges Les Gonesse,Asnières-sur-Seine,1,721,False,False,,10300,1001,19
20260805T190259,A2,v3.4-search-json,2026-08-06T09:00,2026-08-06T20:00,1775313,https://fr.getaround.com/location-voiture/ermont/peugeot-508-1775313,Peugeot 508 (2018),2018,Sur rendez-vous,BERLINE,SEGMENT_RULES,THERMIQUE,False,98.0,,,,Asnières-sur-Seine,Ermont,Asnières-sur-Seine,1,722,False,False,,9240,1001,19
20260805T190259,A2,v3.4-search-json,2026-08-06T09:00,2026-08-06T20:00,1938725,https://fr.getaround.com/location-voiture/paris/renault-megane-1938725,Renault Mégane (2018),2018,Sur rendez-vous,COMPACTE,SEGMENT_RULES,THERMIQUE,False,73.0,,,,Asnières-sur-Seine,Paris,Asnières-sur-Seine|Paris 17e,2,723,False,False,,10390,1001,22
20260805T190259,A2,v3.4-search-json,2026-08-06T09:00,2026-08-06T20:00,1835318,https://fr.getaround.com/location-voiture/le-plessis-bouchard/renault-grand-scenic-1835318,Renault Grand Scenic (2017),2017,Sur rendez-vous,MONOSPACE,SEGMENT_RULES,THERMIQUE,False,110.0,,5.0,4,Asnières-sur-Seine,Le Plessis Bouchard,Asnières-sur-Seine,1,724,False,False,,9130,1001,19
20260805T190259,A2,v3.4-search-json,2026-08-06T09:00,2026-08-06T20:00,1384237,https://fr.getaround.com/location-voiture/saint-cloud/volkswagen-golf-1384237,Volkswagen Golf (2016),2016,Sur rendez-vous,COMPACTE,SEGMENT_RULES,THERMIQUE,False,73.0,,,,Paris 17e,Saint Cloud,Paris 17e,1,724,False,False,,8090,871,19
20260805T190259,A2,v3.4-search-json,2026-08-06T09:00,2026-08-06T20:00,1856808,https://fr.getaround.com/location-voiture/deuil-la-barre/byd-seal-excellence-awd-1856808,BYD SEAL Excellence-AWD (2025),2025,Sur rendez-vous,BERLINE,SEGMENT_RULES,THERMIQUE,False,131.0,,,,Asnières-sur-Seine,Deuil La Barre,Asnières-sur-Seine,1,725,False,False,,5600,1001,19
20260805T190259,A2,v3.4-search-json,2026-08-06T09:00,2026-08-06T20:00,1407174,https://fr.getaround.com/location-voiture/boulogne-billancourt/mercedes-benz-classe-b-1407174,Mercedes-Benz Classe B (2018),2018,Sur rendez-vous,MONOSPACE,SEGMENT_RULES,THERMIQUE,False,90.0,,,,Asnières-sur-Seine,Boulogne Billancourt,Asnières-sur-Seine|Paris 17e,2,727,False,False,,9050,1001,22
20260805T190259,A2,v3.4-search-json,2026-08-06T09:00,2026-08-06T20:00,1928072,https://fr.getaround.com/location-voiture/eaubonne/smart-fortwo-passion-1928072,Smart Fortwo Passion (2015),2015,Sur rendez-vous,MICRO_CITADINE,SEGMENT_RULES,THERMIQUE,True,73.0,,,,Asnières-sur-Seine,Eaubonne,Asnières-sur-Seine,1,729,False,False,,8690,1001,19
20260805T190259,A2,v3.4-search-json,2026-08-06T09:00,2026-08-06T20:00,1945806,https://fr.getaround.com/location-voiture/sarcelles/toyota-c-hr-hybrid-1945806,Toyota C-HR Hybrid (2024),2024,Sur rendez-vous,SUV_COMPACT,SEGMENT_RULES,HYBRIDE,False,74.0,,,,Asnières-sur-Seine,Sarcelles,Asnières-sur-Seine,1,730,False,False,,11790,1001,19
20260805T190259,A2,v3.4-search-json,2026-08-06T09:00,2026-08-06T20:00,1487613,https://fr.getaround.com/location-voiture/saint-gratien/peugeot-e-2008-1487613,Peugeot e-2008 (2024),2024,Sur rendez-vous,SUV_COMPACT,SEGMENT_RULES,THERMIQUE,False,96.0,,,,Asnières-sur-Seine,Saint Gratien,Asnières-sur-Seine,1,731,False,False,,4960,1001,19
20260805T190259,A2,v3.4-search-json,2026-08-06T09:00,2026-08-06T20:00,1497830,https://fr.getaround.com/location-voiture/aubervilliers/peugeot-e-2008-1497830,Peugeot e-2008 (2024),2024,Sur rendez-vous,SUV_COMPACT,SEGMENT_RULES,THERMIQUE,False,105.0,,,,Paris 17e,Aubervilliers,Paris 17e,1,731,False,False,,5980,871,19
20260805T190259,A2,v3.4-search-json,2026-08-06T09:00,2026-08-06T20:00,1500029,https://fr.getaround.com/location-voiture/villeneuve-la-garenne/renault-kadjar-1500029,Renault Kadjar (2017),2017,Sur rendez-vous,SUV_FAMILIAL,SEGMENT_RULES,THERMIQUE,False,72.0,,5.0,1,Asnières-sur-Seine,Villeneuve La Garenne,Asnières-sur-Seine|Paris 17e,2,733,False,False,,3460,1001,19
20260805T190259,A2,v3.4-search-json,2026-08-06T09:00,2026-08-06T20:00,895503,https://fr.getaround.com/location-voiture/paris/bmw-serie-2-cabriolet-895503,BMW Série 2 Cabriolet (2018),2018,Sur rendez-vous,CABRIOLET,SEGMENT_RULES,THERMIQUE,False,261.0,,5.0,10,Asnières-sur-Seine,Paris,Asnières-sur-Seine|Paris 17e,2,733,False,False,,7730,1001,23
20260805T190259,A2,v3.4-search-json,2026-08-06T09:00,2026-08-06T20:00,1786642,https://fr.getaround.com/location-voiture/paris/ford-kuga-1786642,Ford Kuga (2022),2022,Sur rendez-vous,SUV_FAMILIAL,SEGMENT_RULES,THERMIQUE,False,78.0,,,,Paris 17e,Paris,Paris 17e,1,734,False,False,,7230,871,19
20260805T190259,A2,v3.4-search-json,2026-08-06T09:00,2026-08-06T20:00,1619156,https://fr.getaround.com/location-voiture/paris/triumph-spitfire-1619156,Triumph Spitfire (1972),1972,Sur rendez-vous,COLLECTION,SEGMENT_RULES,THERMIQUE,False,348.0,,,,Paris 17e,Paris,Paris 17e,1,735,False,False,,3010,871,19
20260805T190259,A2,v3.4-search-json,2026-08-06T09:00,2026-08-06T20:00,1462968,https://fr.getaround.com/location-voiture/colombes/nissan-juke-1462968,Nissan Juke (2011),2011,Sur rendez-vous,SUV_COMPACT,SEGMENT_RULES,THERMIQUE,False,73.0,,,,Paris 17e,Colombes,Paris 17e,1,737,False,False,,6380,871,19
20260805T190259,A2,v3.4-search-json,2026-08-06T09:00,2026-08-06T20:00,1290106,https://fr.getaround.com/location-voiture/argenteuil/mini-cooper-f56-1290106,Mini Cooper F56 (2018),2018,Sur rendez-vous,CITADINE,SEGMENT_RULES,THERMIQUE,False,78.0,,,,Asnières-sur-Seine,Argenteuil,Asnières-sur-Seine,1,738,False,False,,6090,1001,19
20260805T190259,A2,v3.4-search-json,2026-08-06T09:00,2026-08-06T20:00,1553665,https://fr.getaround.com/location-voiture/argenteuil/renault-clio-1553665,Renault Clio (2020),2020,Sur rendez-vous,CITADINE,SEGMENT_RULES,THERMIQUE,False,73.0,,,,Asnières-sur-Seine,Argenteuil,Asnières-sur-Seine,1,740,False,False,,4420,1001,19
20260805T190259,A2,v3.4-search-json,2026-08-06T09:00,2026-08-06T20:00,1606675,https://fr.getaround.com/location-voiture/boulogne-billancourt/hyundai-kona-hybride-n-line-1606675,Hyundai Kona Hybride N Line (2024),2024,Sur rendez-vous,SUV_COMPACT,SEGMENT_RULES,HYBRIDE,False,108.0,,5.0,1,Asnières-sur-Seine,Boulogne Billancourt,Asnières-sur-Seine|Paris 17e,2,740,False,False,,9930,1001,21
20260805T190259,A2,v3.4-search-json,2026-08-06T09:00,2026-08-06T20:00,1628494,https://fr.getaround.com/location-voiture/issy-les-moulineaux/toyota-c-hr-hybrid-1628494,Toyota C-HR Hybrid (2023),2023,Sur rendez-vous,SUV_COMPACT,SEGMENT_RULES,HYBRIDE,False,99.0,,,,Paris 17e,Issy Les Moulineaux,Paris 17e,1,741,False,False,,7600,871,19
20260805T190259,A2,v3.4-search-json,2026-08-06T09:00,2026-08-06T20:00,1902680,https://fr.getaround.com/location-voiture/franconville/renault-clio-1902680,Renault Clio (2018),2018,Sur rendez-vous,CITADINE,SEGMENT_RULES,THERMIQUE,False,69.0,,,,Asnières-sur-Seine,Franconville,Asnières-sur-Seine,1,742,False,False,,10140,1001,19
20260805T190259,A2,v3.4-search-json,2026-08-06T09:00,2026-08-06T20:00,1700602,https://fr.getaround.com/location-voiture/paris/renault-zoe-1700602,Renault ZOE (2019),2019,Sur rendez-vous,CITADINE,SEGMENT_RULES,ELECTRIQUE,False,62.0,,,,Paris 17e,Paris,Paris 17e,1,742,False,False,,5750,871,19
20260805T190259,A2,v3.4-search-json,2026-08-06T09:00,2026-08-06T20:00,1234614,https://fr.getaround.com/location-voiture/argenteuil/renault-clio-1234614,Renault Clio (2017),2017,Sur rendez-vous,CITADINE,SEGMENT_RULES,THERMIQUE,False,55.0,,5.0,1,Paris 17e,Argenteuil,Paris 17e,1,743,False,False,,7810,871,19
20260805T190259,A2,v3.4-search-json,2026-08-06T09:00,2026-08-06T20:00,1317765,https://fr.getaround.com/location-voiture/montmorency/fiat-500-x-1317765,Fiat 500 X (2017),2017,Sur rendez-vous,CITADINE,SEGMENT_RULES,THERMIQUE,False,84.0,,5.0,6,Asnières-sur-Seine,Montmorency,Asnières-sur-Seine,1,744,False,False,,8070,1001,19
20260805T190259,A2,v3.4-search-json,2026-08-06T09:00,2026-08-06T20:00,1766052,https://fr.getaround.com/location-voiture/paris/opel-crossland-1766052,Opel Crossland (2019),2019,Sur rendez-vous,SUV_COMPACT,SEGMENT_RULES,THERMIQUE,False,69.0,,,,Asnières-sur-Seine,Paris,Asnières-sur-Seine|Paris 17e,2,744,False,False,,7130,1001,22
20260805T190259,A2,v3.4-search-json,2026-08-06T09:00,2026-08-06T20:00,1552298,https://fr.getaround.com/location-voiture/paris/renault-clio-rs-line-1552298,Renault Clio RS Line (2019),2019,Sur rendez-vous,CITADINE,SEGMENT_RULES,THERMIQUE,False,92.0,,,,Asnières-sur-Seine,Paris,Asnières-sur-Seine|Paris 17e,2,745,False,False,,8440,1001,23
20260805T190259,A2,v3.4-search-json,2026-08-06T09:00,2026-08-06T20:00,1856419,https://fr.getaround.com/location-voiture/montmagny/volkswagen-polo-1856419,Volkswagen Polo (2016),2016,Sur rendez-vous,CITADINE,SEGMENT_RULES,THERMIQUE,False,71.0,,,,Asnières-sur-Seine,Montmagny,Asnières-sur-Seine,1,746,False,False,,7970,1001,19
20260805T190259,A2,v3.4-search-json,2026-08-06T09:00,2026-08-06T20:00,1823081,https://fr.getaround.com/location-voiture/la-courneuve/audi-a1-sportback-1823081,Audi A1 Sportback (2012),2012,Sur rendez-vous,CITADINE,SEGMENT_RULES,THERMIQUE,False,114.0,,,,Asnières-sur-Seine,La Courneuve,Asnières-sur-Seine|Paris 17e,2,746,False,False,,6840,1001,21
20260805T190259,A2,v3.4-search-json,2026-08-06T09:00,2026-08-06T20:00,1922915,https://fr.getaround.com/location-voiture/saint-denis/tesla-model-3-standard-range-1922915,Tesla Model 3 Standard Range (2025),2025,Sur rendez-vous,BERLINE,SEGMENT_RULES,ELECTRIQUE,False,150.0,,,,Paris 17e,Saint Denis,Paris 17e,1,747,False,False,,5530,871,19
20260805T190259,A2,v3.4-search-json,2026-08-06T09:00,2026-08-06T20:00,1265719,https://fr.getaround.com/location-voiture/paris/nissan-micra-1265719,Nissan Micra (2020),2020,Sur rendez-vous,CITADINE,SEGMENT_RULES,THERMIQUE,False,73.0,,5.0,1,Paris 17e,Paris,Paris 17e,1,748,False,False,,7390,871,19
20260805T190259,A2,v3.4-search-json,2026-08-06T09:00,2026-08-06T20:00,1625333,https://fr.getaround.com/location-voiture/houilles/peugeot-508-1625333,Peugeot 508 (2014),2014,Sur rendez-vous,BERLINE,SEGMENT_RULES,THERMIQUE,False,95.0,,,,Asnières-sur-Seine,Houilles,Asnières-sur-Seine,1,749,False,False,,6720,1001,19
20260805T190259,A2,v3.4-search-json,2026-08-06T09:00,2026-08-06T20:00,1453853,https://fr.getaround.com/location-voiture/paris/peugeot-208-1453853,Peugeot 208 (2013),2013,Sur rendez-vous,CITADINE,SEGMENT_RULES,THERMIQUE,False,71.0,,,,Asnières-sur-Seine,Paris,Asnières-sur-Seine|Paris 17e,2,749,False,False,,6190,1001,22
20260805T190259,A2,v3.4-search-json,2026-08-06T09:00,2026-08-06T20:00,1201409,https://fr.getaround.com/location-voiture/paris/renault-captur-1201409,Renault Captur (2023),2023,Sur rendez-vous,SUV_COMPACT,SEGMENT_RULES,THERMIQUE,False,132.0,,,,Paris 17e,Paris,Paris 17e,1,750,False,False,,3030,871,19
20260805T190259,A2,v3.4-search-json,2026-08-06T09:00,2026-08-06T20:00,1652011,https://fr.getaround.com/location-voiture/aubervilliers/kia-xceed-1652011,Kia XCeed (2021),2021,Sur rendez-vous,COMPACTE,SEGMENT_RULES,THERMIQUE,False,94.0,,,,Paris 17e,Aubervilliers,Paris 17e,1,753,False,False,,6720,871,19
20260805T190259,A2,v3.4-search-json,2026-08-06T09:00,2026-08-06T20:00,1887161,https://fr.getaround.com/location-voiture/aubervilliers/renault-clio-1887161,Renault Clio (2017),2017,Sur rendez-vous,CITADINE,SEGMENT_RULES,THERMIQUE,False,66.0,,3.0,1,Asnières-sur-Seine,Aubervilliers,Asnières-sur-Seine|Paris 17e,2,755,False,False,,6940,1001,22
20260805T190259,A2,v3.4-search-json,2026-08-06T09:00,2026-08-06T20:00,1850943,https://fr.getaround.com/location-voiture/issy-les-moulineaux/peugeot-308-1850943,Peugeot 308 (2023),2023,Sur rendez-vous,COMPACTE,SEGMENT_RULES,THERMIQUE,False,76.0,,,,Paris 17e,Issy Les Moulineaux,Paris 17e,1,756,False,False,,7540,871,19
20260805T190259,A2,v3.4-search-json,2026-08-06T09:00,2026-08-06T20:00,1662161,https://fr.getaround.com/location-voiture/paris/volkswagen-polo-r-line-1662161,Volkswagen Polo R-Line (2021),2021,Sur rendez-vous,CITADINE,SEGMENT_RULES,THERMIQUE,False,63.0,,,,Asnières-sur-Seine,Paris,Asnières-sur-Seine,1,758,False,False,,10700,1001,19
20260805T190259,A2,v3.4-search-json,2026-08-06T09:00,2026-08-06T20:00,1859405,https://fr.getaround.com/location-voiture/paris/renault-clio-e-tech-1859405,Renault Clio E-tech (2025),2025,Sur rendez-vous,CITADINE,SEGMENT_RULES,ELECTRIQUE,False,102.0,,5.0,1,Asnières-sur-Seine,Paris,Asnières-sur-Seine|Paris 17e,2,758,False,False,,10390,1001,23
20260805T190259,A2,v3.4-search-json,2026-08-06T09:00,2026-08-06T20:00,1487209,https://fr.getaround.com/location-voiture/ermont/mitsubishi-asx-1487209,Mitsubishi ASX (2012),2012,Sur rendez-vous,SUV_COMPACT,SEGMENT_RULES,THERMIQUE,False,72.0,,,,Asnières-sur-Seine,Ermont,Asnières-sur-Seine,1,759,False,False,,8150,1001,19
20260805T190259,A2,v3.4-search-json,2026-08-06T09:00,2026-08-06T20:00,1654131,https://fr.getaround.com/location-voiture/saint-denis/toyota-c-hr-hybrid-1654131,Toyota C-HR Hybrid (2019),2019,Sur rendez-vous,SUV_COMPACT,SEGMENT_RULES,HYBRIDE,False,83.0,,,,Paris 17e,Saint Denis,Paris 17e,1,760,False,False,,7370,871,19
20260805T190259,A2,v3.4-search-json,2026-08-06T09:00,2026-08-06T20:00,1281552,https://fr.getaround.com/location-voiture/paris/smart-fortwo-electric-drive-1281552,Smart Fortwo Electric Drive (2012),2012,Sur rendez-vous,MICRO_CITADINE,SEGMENT_RULES,ELECTRIQUE,False,60.0,,4.8,5,Asnières-sur-Seine,Paris,Asnières-sur-Seine|Paris 17e,2,762,False,False,,9010,1001,23
20260805T190259,A2,v3.4-search-json,2026-08-06T09:00,2026-08-06T20:00,1386467,https://fr.getaround.com/location-voiture/nanterre/cupra-formentor-1386467,Cupra Formentor (2022),2022,Sur rendez-vous,SUV_COMPACT,SEGMENT_RULES,THERMIQUE,False,127.0,,,,Asnières-sur-Seine,Nanterre,Asnières-sur-Seine,1,763,False,False,,6690,1001,20
20260805T190259,A2,v3.4-search-json,2026-08-06T09:00,2026-08-06T20:00,1112017,https://fr.getaround.com/location-voiture/pantin/nissan-juke-1112017,Nissan Juke (2011),2011,Sur rendez-vous,SUV_COMPACT,SEGMENT_RULES,THERMIQUE,False,90.0,,5.0,6,Asnières-sur-Seine,Pantin,Asnières-sur-Seine|Paris 17e,2,763,False,False,,8720,1001,22
20260805T190259,A2,v3.4-search-json,2026-08-06T09:00,2026-08-06T20:00,1850926,https://fr.getaround.com/location-voiture/montigny-les-cormeilles/renault-clio-societe-1850926,Renault Clio Société (2014),2014,Sur rendez-vous,CITADINE,SEGMENT_RULES,THERMIQUE,False,46.0,,,,Asnières-sur-Seine,Montigny Les Cormeilles,Asnières-sur-Seine,1,764,False,False,,11090,1001,20
20260805T190259,A2,v3.4-search-json,2026-08-06T09:00,2026-08-06T20:00,1028957,https://fr.getaround.com/location-voiture/bezons/volkswagen-golf-1028957,Volkswagen Golf (2015),2015,Sur rendez-vous,COMPACTE,SEGMENT_RULES,THERMIQUE,False,89.0,,,,Paris 17e,Bezons,Paris 17e,1,764,False,False,,7930,871,20
20260805T190259,A2,v3.4-search-json,2026-08-06T09:00,2026-08-06T20:00,1096727,https://fr.getaround.com/location-voiture/ermont/mazda-2-1096727,Mazda 2 (2013),2013,Sur rendez-vous,COMPACTE,SEGMENT_RULES,THERMIQUE,False,65.0,,,,Asnières-sur-Seine,Ermont,Asnières-sur-Seine,1,765,False,False,,7470,1001,20
20260805T190259,A2,v3.4-search-json,2026-08-06T09:00,2026-08-06T20:00,1705057,https://fr.getaround.com/location-voiture/carrieres-sur-seine/renault-megane-1705057,Renault Mégane (2018),2018,Sur rendez-vous,COMPACTE,SEGMENT_RULES,THERMIQUE,False,72.0,,,,Asnières-sur-Seine,Carrieres Sur Seine,Asnières-sur-Seine,1,766,False,False,,8310,1001,20
20260805T190259,A2,v3.4-search-json,2026-08-06T09:00,2026-08-06T20:00,1418544,https://fr.getaround.com/location-voiture/paris/renault-captur-1418544,Renault Captur (2021),2021,Sur rendez-vous,SUV_COMPACT,SEGMENT_RULES,THERMIQUE,False,76.0,,,,Asnières-sur-Seine,Paris,Asnières-sur-Seine|Paris 17e,2,766,False,False,,11030,1001,23
20260805T190259,A2,v3.4-search-json,2026-08-06T09:00,2026-08-06T20:00,323604,https://fr.getaround.com/location-voiture/sartrouville/toyota-prius-323604,Toyota Prius (2017),2017,Sur rendez-vous,COMPACTE,SEGMENT_RULES,HYBRIDE,False,93.0,,5.0,9,Asnières-sur-Seine,Sartrouville,Asnières-sur-Seine,1,767,False,False,,8730,1001,20
20260805T190259,A2,v3.4-search-json,2026-08-06T09:00,2026-08-06T20:00,1353326,https://fr.getaround.com/location-voiture/nanterre/renault-megane-1353326,Renault Mégane (2012),2012,Sur rendez-vous,COMPACTE,SEGMENT_RULES,THERMIQUE,False,67.0,,,,Asnières-sur-Seine,Nanterre,Asnières-sur-Seine|Paris 17e,2,769,False,False,,5450,1001,20
20260805T190259,A2,v3.4-search-json,2026-08-06T09:00,2026-08-06T20:00,899805,https://fr.getaround.com/location-voiture/paris/citroen-c3-899805,Citroen C3 (2012),2012,Sur rendez-vous,CITADINE,SEGMENT_RULES,THERMIQUE,False,93.0,,,,Asnières-sur-Seine,Paris,Asnières-sur-Seine|Paris 17e,2,769,False,False,,6260,1001,24
20260805T190259,A2,v3.4-search-json,2026-08-06T09:00,2026-08-06T20:00,1691765,https://fr.getaround.com/location-voiture/argenteuil/citroen-c3-aircross-1691765,Citroen C3 Aircross (2019),2019,Sur rendez-vous,CITADINE,SEGMENT_RULES,THERMIQUE,False,97.0,,5.0,2,Asnières-sur-Seine,Argenteuil,Asnières-sur-Seine,1,770,False,False,,5420,1001,20
20260805T190259,A2,v3.4-search-json,2026-08-06T09:00,2026-08-06T20:00,1915555,https://fr.getaround.com/location-voiture/cormeilles-en-parisis/jeep-renegade-1915555,Jeep Renegade (2015),2015,Sur rendez-vous,SUV_FAMILIAL,SEGMENT_RULES,THERMIQUE,False,72.0,,,,Asnières-sur-Seine,Cormeilles En Parisis,Asnières-sur-Seine,1,771,False,False,,8830,1001,20
20260805T190259,A2,v3.4-search-json,2026-08-06T09:00,2026-08-06T20:00,1192376,https://fr.getaround.com/location-voiture/gennevilliers/opel-mokka-1192376,Opel Mokka (2015),2015,Sur rendez-vous,SUV_COMPACT,SEGMENT_RULES,THERMIQUE,False,76.0,,,,Paris 17e,Gennevilliers,Paris 17e,1,771,False,False,,5800,871,20
20260805T190259,A2,v3.4-search-json,2026-08-06T09:00,2026-08-06T20:00,1769447,https://fr.getaround.com/location-voiture/paris/peugeot-208-1769447,Peugeot 208 (2012),2012,Sur rendez-vous,CITADINE,SEGMENT_RULES,THERMIQUE,False,59.0,,,,Asnières-sur-Seine,Paris,Asnières-sur-Seine|Paris 17e,2,772,False,False,,9050,1001,23
20260805T190259,A2,v3.4-search-json,2026-08-06T09:00,2026-08-06T20:00,1626810,https://fr.getaround.com/location-voiture/paris/volkswagen-polo-1626810,Volkswagen Polo (2019),2019,Sur rendez-vous,CITADINE,SEGMENT_RULES,THERMIQUE,False,80.0,,,,Asnières-sur-Seine,Paris,Asnières-sur-Seine|Paris 17e,2,773,False,False,,8900,1001,23
20260805T190259,A2,v3.4-search-json,2026-08-06T09:00,2026-08-06T20:00,1265846,https://fr.getaround.com/location-voiture/sannois/toyota-corolla-hybride-1265846,Toyota Corolla Hybride (2022),2022,Sur rendez-vous,COMPACTE,SEGMENT_RULES,HYBRIDE,False,95.0,,,,Asnières-sur-Seine,Sannois,Asnières-sur-Seine,1,775,False,False,,5650,1001,20
20260805T190259,A2,v3.4-search-json,2026-08-06T09:00,2026-08-06T20:00,1418046,https://fr.getaround.com/location-voiture/bois-colombes/volkswagen-polo-1418046,Volkswagen Polo (2013),2013,Sur rendez-vous,CITADINE,SEGMENT_RULES,THERMIQUE,False,77.0,,,,Paris 17e,Bois Colombes,Paris 17e,1,775,False,False,,4460,871,20
20260805T190259,A2,v3.4-search-json,2026-08-06T09:00,2026-08-06T20:00,1455849,https://fr.getaround.com/location-voiture/chatou/peugeot-208-1455849,Peugeot 208 (2021),2021,Sur rendez-vous,CITADINE,SEGMENT_RULES,THERMIQUE,False,74.0,,,,Asnières-sur-Seine,Chatou,Asnières-sur-Seine,1,776,False,False,,9990,1001,20
20260805T190259,A2,v3.4-search-json,2026-08-06T09:00,2026-08-06T20:00,1882472,https://fr.getaround.com/location-voiture/paris/audi-a3-sportback-tfsi-e-1882472,Audi A3 Sportback TFSI e (2026),2026,Sur rendez-vous,COMPACTE,SEGMENT_RULES,THERMIQUE,False,149.0,,,,Asnières-sur-Seine,Paris,Asnières-sur-Seine|Paris 17e,2,776,False,False,,7980,1001,23
20260805T190259,A2,v3.4-search-json,2026-08-06T09:00,2026-08-06T20:00,1760005,https://fr.getaround.com/location-voiture/paris/lexus-ct-200h-1760005,Lexus CT 200h (2018),2018,Sur rendez-vous,SUV_COMPACT,SEGMENT_RULES,THERMIQUE,False,150.0,,,,Asnières-sur-Seine,Paris,Asnières-sur-Seine|Paris 17e,2,777,False,False,,9520,1001,23
20260805T190259,A2,v3.4-search-json,2026-08-06T09:00,2026-08-06T20:00,1769851,https://fr.getaround.com/location-voiture/pantin/peugeot-308-gt-1769851,Peugeot 308 GT (2014),2014,Sur rendez-vous,COMPACTE,SEGMENT_RULES,THERMIQUE,False,98.0,,,,Asnières-sur-Seine,Pantin,Asnières-sur-Seine|Paris 17e,2,778,False,False,,8029,1001,22
20260805T190259,A2,v3.4-search-json,2026-08-06T09:00,2026-08-06T20:00,1673942,https://fr.getaround.com/location-voiture/paris/renault-twingo-iii-1673942,Renault Twingo III (2020),2020,Sur rendez-vous,CITADINE,SEGMENT_RULES,THERMIQUE,False,62.0,,4.2,5,Asnières-sur-Seine,Paris,Asnières-sur-Seine|Paris 17e,2,779,False,False,,8990,1001,23
20260805T190259,A2,v3.4-search-json,2026-08-06T09:00,2026-08-06T20:00,1846773,https://fr.getaround.com/location-voiture/sarcelles/kia-niro-hybride-1846773,Kia Niro Hybride (2024),2024,Sur rendez-vous,SUV_COMPACT,SEGMENT_RULES,HYBRIDE,False,109.0,,,,Asnières-sur-Seine,Sarcelles,Asnières-sur-Seine,1,781,False,False,,10300,1001,20
20260805T190259,A2,v3.4-search-json,2026-08-06T09:00,2026-08-06T20:00,1457419,https://fr.getaround.com/location-voiture/aubervilliers/fiat-500l-1457419,Fiat 500L (2018),2018,Sur rendez-vous,COMPACTE,SEGMENT_RULES,THERMIQUE,False,80.0,,,,Paris 17e,Aubervilliers,Paris 17e,1,781,False,False,,7960,871,20
20260805T190259,A2,v3.4-search-json,2026-08-06T09:00,2026-08-06T20:00,1752452,https://fr.getaround.com/location-voiture/asnieres-sur-seine/toyota-c-hr-hybrid-1752452,Toyota C-HR Hybrid (2018),2018,Sur rendez-vous,SUV_COMPACT,SEGMENT_RULES,HYBRIDE,False,83.0,,,,Paris 17e,Asnieres Sur Seine,Paris 17e,1,784,False,False,,5000,871,20
20260805T190259,A2,v3.4-search-json,2026-08-06T09:00,2026-08-06T20:00,1821625,https://fr.getaround.com/location-voiture/groslay/peugeot-2008-1821625,Peugeot 2008 (2014),2014,Sur rendez-vous,SUV_COMPACT,SEGMENT_RULES,THERMIQUE,False,78.0,,,,Asnières-sur-Seine,Groslay,Asnières-sur-Seine,1,786,False,False,,8920,1001,20
20260805T190259,A2,v3.4-search-json,2026-08-06T09:00,2026-08-06T20:00,1203230,https://fr.getaround.com/location-voiture/boulogne-billancourt/mini-one-5-portes-1203230,Mini One 5 Portes (2021),2021,Sur rendez-vous,CITADINE,SEGMENT_RULES,THERMIQUE,False,115.0,,,,Paris 17e,Boulogne Billancourt,Paris 17e,1,786,False,False,,6780,871,20
20260805T190259,A2,v3.4-search-json,2026-08-06T09:00,2026-08-06T20:00,1686343,https://fr.getaround.com/location-voiture/saint-denis/toyota-c-hr-hybrid-1686343,Toyota C-HR Hybrid (2018),2018,Sur rendez-vous,SUV_COMPACT,SEGMENT_RULES,HYBRIDE,False,94.0,,5.0,4,Asnières-sur-Seine,Saint Denis,Asnières-sur-Seine|Paris 17e,2,787,False,False,,6550,1001,20
20260805T190259,A2,v3.4-search-json,2026-08-06T09:00,2026-08-06T20:00,1780899,https://fr.getaround.com/location-voiture/nanterre/mercedes-benz-classe-a-180-1780899,Mercedes-Benz Classe A 180 (2020),2020,Sur rendez-vous,COMPACTE,SEGMENT_RULES,THERMIQUE,False,125.0,,,,Asnières-sur-Seine,Nanterre,Asnières-sur-Seine|Paris 17e,2,790,False,False,,5300,1001,21
20260805T190259,A2,v3.4-search-json,2026-08-06T09:00,2026-08-06T20:00,1664243,https://fr.getaround.com/location-voiture/saint-denis/citroen-c3-1664243,Citroen C3 (2016),2016,Sur rendez-vous,CITADINE,SEGMENT_RULES,THERMIQUE,False,59.0,,,,Asnières-sur-Seine,Saint Denis,Asnières-sur-Seine,1,792,False,False,,5820,1001,20
20260805T190259,A2,v3.4-search-json,2026-08-06T09:00,2026-08-06T20:00,1298940,https://fr.getaround.com/location-voiture/saint-denis/renault-clio-societe-1298940,Renault Clio Société (2014),2014,Sur rendez-vous,CITADINE,SEGMENT_RULES,THERMIQUE,False,58.0,,,,Asnières-sur-Seine,Saint Denis,Asnières-sur-Seine|Paris 17e,2,793,False,False,,5580,1001,22
20260805T190259,A2,v3.4-search-json,2026-08-06T09:00,2026-08-06T20:00,1337674,https://fr.getaround.com/location-voiture/rueil-malmaison/renault-arkana-e-tech-1337674,Renault Arkana E-Tech (2022),2022,Sur rendez-vous,COMPACTE,SEGMENT_RULES,ELECTRIQUE,False,101.0,,,,Asnières-sur-Seine,Rueil Malmaison,Asnières-sur-Seine,1,795,False,False,,8280,1001,20
20260805T190259,A2,v3.4-search-json,2026-08-06T09:00,2026-08-06T20:00,1606684,https://fr.getaround.com/location-voiture/paris/toyota-corolla-break-hybride-1606684,Toyota Corolla Break Hybride (2022),2022,Sur rendez-vous,BREAK,SEGMENT_RULES,HYBRIDE,False,88.0,,,,Asnières-sur-Seine,Paris,Asnières-sur-Seine|Paris 17e,2,795,False,False,,11090,1001,24
20260805T190259,A2,v3.4-search-json,2026-08-06T09:00,2026-08-06T20:00,1727202,https://fr.getaround.com/location-voiture/les-lilas/citroen-c5-1727202,Citroen C5 (2012),2012,Sur rendez-vous,NON_CLASSE,SEGMENT_RULES,THERMIQUE,False,94.0,,,,Asnières-sur-Seine,Les Lilas,Asnières-sur-Seine,1,796,False,False,,10420,1001,20
20260805T190259,A2,v3.4-search-json,2026-08-06T09:00,2026-08-06T20:00,1353951,https://fr.getaround.com/location-voiture/paris/toyota-corolla-hybride-1353951,Toyota Corolla Hybride (2021),2021,Sur rendez-vous,COMPACTE,SEGMENT_RULES,HYBRIDE,False,112.0,,,,Paris 17e,Paris,Paris 17e,1,796,False,False,,6870,871,20
20260805T190259,A2,v3.4-search-json,2026-08-06T09:00,2026-08-06T20:00,1723737,https://fr.getaround.com/location-voiture/ermont/bmw-serie-3-1723737,BMW Série 3 (2017),2017,Sur rendez-vous,BERLINE,SEGMENT_RULES,THERMIQUE,False,107.0,,,,Asnières-sur-Seine,Ermont,Asnières-sur-Seine,1,797,False,False,,8380,1001,20
20260805T190259,A2,v3.4-search-json,2026-08-06T09:00,2026-08-06T20:00,1533823,https://fr.getaround.com/location-voiture/paris/peugeot-308-1533823,Peugeot 308 (2019),2019,Sur rendez-vous,COMPACTE,SEGMENT_RULES,THERMIQUE,False,73.0,,3.29,7,Asnières-sur-Seine,Paris,Asnières-sur-Seine|Paris 17e,2,797,False,False,,4280,1001,25
20260805T190259,A2,v3.4-search-json,2026-08-06T09:00,2026-08-06T20:00,1934127,https://fr.getaround.com/location-voiture/bagnolet/toyota-c-hr-1934127,Toyota C-HR (2018),2018,Sur rendez-vous,SUV_COMPACT,SEGMENT_RULES,THERMIQUE,False,88.0,,,,Asnières-sur-Seine,Bagnolet,Asnières-sur-Seine,1,798,False,False,,11280,1001,20
20260805T190259,A2,v3.4-search-json,2026-08-06T09:00,2026-08-06T20:00,1703213,https://fr.getaround.com/location-voiture/paris/citroen-c3-picasso-1703213,Citroen C3 Picasso (2011),2011,Sur rendez-vous,MONOSPACE,SEGMENT_RULES,THERMIQUE,False,90.0,,,,Asnières-sur-Seine,Paris,Asnières-sur-Seine|Paris 17e,2,798,False,False,,7420,1001,24
20260805T190259,A2,v3.4-search-json,2026-08-06T09:00,2026-08-06T20:00,1869594,https://fr.getaround.com/location-voiture/paris/peugeot-208-1869594,Peugeot 208 (2024),2024,Sur rendez-vous,CITADINE,SEGMENT_RULES,THERMIQUE,False,95.0,,,,Paris 17e,Paris,Paris 17e,1,799,False,False,,6410,871,20
20260805T190259,A2,v3.4-search-json,2026-08-06T09:00,2026-08-06T20:00,1917332,https://fr.getaround.com/location-voiture/drancy/renault-clio-1917332,Renault Clio (2018),2018,Sur rendez-vous,CITADINE,SEGMENT_RULES,THERMIQUE,False,67.0,,,,Asnières-sur-Seine,Drancy,Asnières-sur-Seine,1,800,False,False,,9900,1001,20
20260805T190259,A2,v3.4-search-json,2026-08-06T09:00,2026-08-06T20:00,1794421,https://fr.getaround.com/location-voiture/paris/volkswagen-golf-1794421,Volkswagen Golf (2025),2025,Sur rendez-vous,COMPACTE,SEGMENT_RULES,THERMIQUE,False,229.0,,,,Asnières-sur-Seine,Paris,Asnières-sur-Seine|Paris 17e,2,800,False,False,,8420,1001,24
20260805T190259,A2,v3.4-search-json,2026-08-06T09:00,2026-08-06T20:00,1188348,https://fr.getaround.com/location-voiture/saint-denis/volkswagen-golf-1188348,Volkswagen Golf (2018),2018,Sur rendez-vous,COMPACTE,SEGMENT_RULES,THERMIQUE,False,112.0,,,,Asnières-sur-Seine,Saint Denis,Asnières-sur-Seine|Paris 17e,2,801,False,False,,6320,1001,22
20260805T190259,A2,v3.4-search-json,2026-08-06T09:00,2026-08-06T20:00,1655484,https://fr.getaround.com/location-voiture/paris/hyundai-kona-1655484,Hyundai Kona (2023),2023,Sur rendez-vous,SUV_COMPACT,SEGMENT_RULES,THERMIQUE,False,171.0,,,,Paris 17e,Paris,Paris 17e,1,802,False,False,,4290,871,21
20260805T190259,A2,v3.4-search-json,2026-08-06T09:00,2026-08-06T20:00,1946595,https://fr.getaround.com/location-voiture/arnouville/renault-clio-1946595,Renault Clio (2017),2017,Sur rendez-vous,CITADINE,SEGMENT_RULES,THERMIQUE,False,62.0,,,,Asnières-sur-Seine,Arnouville,Asnières-sur-Seine,1,803,False,False,,12770,1001,21
20260805T190259,A2,v3.4-search-json,2026-08-06T09:00,2026-08-06T20:00,1527434,https://fr.getaround.com/location-voiture/saint-denis/nissan-note-1527434,Nissan Note (2015),2015,Sur rendez-vous,COMPACTE,SEGMENT_RULES,THERMIQUE,False,69.0,,,,Paris 17e,Saint Denis,Paris 17e,1,805,False,False,,6760,871,21
20260805T190259,A2,v3.4-search-json,2026-08-06T09:00,2026-08-06T20:00,1370567,https://fr.getaround.com/location-voiture/vanves/volkswagen-tiguan-1370567,Volkswagen Tiguan (2021),2021,Sur rendez-vous,SUV_FAMILIAL,SEGMENT_RULES,THERMIQUE,False,165.0,,,,Paris 17e,Vanves,Paris 17e,1,807,False,False,,6530,871,21
20260805T190259,A2,v3.4-search-json,2026-08-06T09:00,2026-08-06T20:00,1780662,https://fr.getaround.com/location-voiture/bezons/peugeot-2008-1780662,Peugeot 2008 (2017),2017,Sur rendez-vous,SUV_COMPACT,SEGMENT_RULES,THERMIQUE,False,80.0,,,,Paris 17e,Bezons,Paris 17e,1,808,False,False,,8620,871,21
20260805T190259,A2,v3.4-search-json,2026-08-06T09:00,2026-08-06T20:00,1689602,https://fr.getaround.com/location-voiture/saint-denis/volkswagen-polo-1689602,Volkswagen Polo (2012),2012,Sur rendez-vous,CITADINE,SEGMENT_RULES,THERMIQUE,False,59.0,,,,Asnières-sur-Seine,Saint Denis,Asnières-sur-Seine|Paris 17e,2,809,False,False,,6550,1001,21
20260805T190259,A2,v3.4-search-json,2026-08-06T09:00,2026-08-06T20:00,1604293,https://fr.getaround.com/location-voiture/villiers-le-bel/toyota-c-hr-1604293,Toyota C-HR (2019),2019,Sur rendez-vous,SUV_COMPACT,SEGMENT_RULES,THERMIQUE,False,74.0,,5.0,1,Asnières-sur-Seine,Villiers Le Bel,Asnières-sur-Seine,1,810,False,False,,12740,1001,21
20260805T190259,A2,v3.4-search-json,2026-08-06T09:00,2026-08-06T20:00,1037915,https://fr.getaround.com/location-voiture/paris/bmw-serie-3-1037915,BMW Série 3 (1987),1987,Sur rendez-vous,BERLINE,SEGMENT_RULES,THERMIQUE,False,198.0,,5.0,10,Asnières-sur-Seine,Paris,Asnières-sur-Seine|Paris 17e,2,810,False,False,,9870,1001,24
20260805T190259,A2,v3.4-search-json,2026-08-06T09:00,2026-08-06T20:00,1678684,https://fr.getaround.com/location-voiture/chatou/renault-zoe-1678684,Renault ZOE (2016),2016,Sur rendez-vous,CITADINE,SEGMENT_RULES,ELECTRIQUE,False,51.0,,5.0,5,Asnières-sur-Seine,Chatou,Asnières-sur-Seine,1,811,False,False,,9980,1001,21
20260805T190259,A2,v3.4-search-json,2026-08-06T09:00,2026-08-06T20:00,1491727,https://fr.getaround.com/location-voiture/courbevoie/audi-a3-sportback-1491727,Audi A3 Sportback (2023),2023,Sur rendez-vous,COMPACTE,SEGMENT_RULES,THERMIQUE,False,208.0,,,,Asnières-sur-Seine,Courbevoie,Asnières-sur-Seine|Paris 17e,2,811,False,False,,4350,1001,23
20260805T190259,A2,v3.4-search-json,2026-08-06T09:00,2026-08-06T20:00,1598667,https://fr.getaround.com/location-voiture/la-frette-sur-seine/renault-captur-1598667,Renault Captur (2018),2018,Sur rendez-vous,SUV_COMPACT,SEGMENT_RULES,THERMIQUE,False,78.0,,4.67,6,Asnières-sur-Seine,La Frette Sur Seine,Asnières-sur-Seine,1,812,False,False,,10170,1001,21
20260805T190259,A2,v3.4-search-json,2026-08-06T09:00,2026-08-06T20:00,1328441,https://fr.getaround.com/location-voiture/paris/toyota-auris-1328441,Toyota Auris (2019),2019,Sur rendez-vous,COMPACTE,SEGMENT_RULES,THERMIQUE,False,321.0,,,,Asnières-sur-Seine,Paris,Asnières-sur-Seine|Paris 17e,2,812,False,False,,4970,1001,25
20260805T190259,A2,v3.4-search-json,2026-08-06T09:00,2026-08-06T20:00,1520248,https://fr.getaround.com/location-voiture/la-garenne-colombes/renault-grand-modus-1520248,Renault Grand Modus (2012),2012,Sur rendez-vous,MONOSPACE,SEGMENT_RULES,THERMIQUE,False,60.0,,2.0,1,Asnières-sur-Seine,La Garenne Colombes,Asnières-sur-Seine|Paris 17e,2,814,False,False,,3750,1001,21
20260805T190259,A2,v3.4-search-json,2026-08-06T09:00,2026-08-06T20:00,1479890,https://fr.getaround.com/location-voiture/paris/mercedes-benz-classe-a-1479890,Mercedes-Benz Classe A (2013),2013,Sur rendez-vous,COMPACTE,SEGMENT_RULES,THERMIQUE,False,132.0,,,,Paris 17e,Paris,Paris 17e,1,815,False,False,,5970,871,21
20260805T190259,A2,v3.4-search-json,2026-08-06T09:00,2026-08-06T20:00,1945688,https://fr.getaround.com/location-voiture/paris/renault-clio-1945688,Renault Clio (2014),2014,Sur rendez-vous,CITADINE,SEGMENT_RULES,THERMIQUE,False,60.0,,,,Asnières-sur-Seine,Paris,Asnières-sur-Seine|Paris 17e,2,816,False,False,,11380,1001,25
20260805T190259,A2,v3.4-search-json,2026-08-06T09:00,2026-08-06T20:00,1513315,https://fr.getaround.com/location-voiture/saint-brice-sous-foret/citroen-c4-cactus-1513315,Citroen C4 Cactus (2017),2017,Sur rendez-vous,COMPACTE,SEGMENT_RULES,THERMIQUE,False,77.0,,,,Asnières-sur-Seine,Saint Brice Sous Foret,Asnières-sur-Seine,1,817,False,False,,10550,1001,21
20260805T190259,A2,v3.4-search-json,2026-08-06T09:00,2026-08-06T20:00,1833786,https://fr.getaround.com/location-voiture/paris/mercedes-benz-cla-200-1833786,Mercedes-Benz CLA 200 (2021),2021,Sur rendez-vous,BERLINE,SEGMENT_RULES,THERMIQUE,False,177.0,,,,Asnières-sur-Seine,Paris,Asnières-sur-Seine|Paris 17e,2,817,False,False,,7480,1001,25
20260805T190259,A2,v3.4-search-json,2026-08-06T09:00,2026-08-06T20:00,1428328,https://fr.getaround.com/location-voiture/bezons/toyota-c-hr-1428328,Toyota C-HR (2018),2018,Sur rendez-vous,SUV_COMPACT,SEGMENT_RULES,THERMIQUE,False,86.0,,4.0,3,Asnières-sur-Seine,Bezons,Asnières-sur-Seine,1,818,False,False,,5670,1001,21
20260805T190259,A2,v3.4-search-json,2026-08-06T09:00,2026-08-06T20:00,1572026,https://fr.getaround.com/location-voiture/issy-les-moulineaux/hyundai-ioniq-hybride-1572026,Hyundai Ioniq Hybride (2017),2017,Sur rendez-vous,COMPACTE,SEGMENT_RULES,ELECTRIQUE,False,73.0,,,,Paris 17e,Issy Les Moulineaux,Paris 17e,1,818,False,False,,7510,871,21
20260805T190259,A2,v3.4-search-json,2026-08-06T09:00,2026-08-06T20:00,1432441,https://fr.getaround.com/location-voiture/aubervilliers/peugeot-208-1432441,Peugeot 208 (2022),2022,Sur rendez-vous,CITADINE,SEGMENT_RULES,THERMIQUE,False,92.0,,,,Asnières-sur-Seine,Aubervilliers,Asnières-sur-Seine|Paris 17e,2,819,False,False,,7140,1001,24
20260805T190259,A2,v3.4-search-json,2026-08-06T09:00,2026-08-06T20:00,1748735,https://fr.getaround.com/location-voiture/rueil-malmaison/renault-captur-1748735,Renault Captur (2014),2014,Sur rendez-vous,SUV_COMPACT,SEGMENT_RULES,THERMIQUE,False,70.0,,,,Asnières-sur-Seine,Rueil Malmaison,Asnières-sur-Seine,1,820,False,False,,8710,1001,21
20260805T190259,A2,v3.4-search-json,2026-08-06T09:00,2026-08-06T20:00,964978,https://fr.getaround.com/location-voiture/issy-les-moulineaux/bmw-x1-964978,BMW X1 (2011),2011,Sur rendez-vous,SUV_FAMILIAL,SEGMENT_RULES,THERMIQUE,False,134.0,,5.0,2,Paris 17e,Issy Les Moulineaux,Paris 17e,1,820,False,False,,7200,871,21
20260805T190259,A2,v3.4-search-json,2026-08-06T09:00,2026-08-06T20:00,1360997,https://fr.getaround.com/location-voiture/paris/tesla-model-3-1360997,Tesla Model 3 (2023),2023,Sur rendez-vous,BERLINE,SEGMENT_RULES,ELECTRIQUE,False,177.0,,,,Asnières-sur-Seine,Paris,Asnières-sur-Seine|Paris 17e,2,821,False,False,,10390,1001,24
20260805T190259,A2,v3.4-search-json,2026-08-06T09:00,2026-08-06T20:00,1767514,https://fr.getaround.com/location-voiture/deuil-la-barre/renault-scenic-1767514,Renault Scenic (2016),2016,Sur rendez-vous,MONOSPACE,SEGMENT_RULES,THERMIQUE,False,104.0,,5.0,2,Asnières-sur-Seine,Deuil La Barre,Asnières-sur-Seine,1,822,False,False,,6920,1001,21
20260805T190259,A2,v3.4-search-json,2026-08-06T09:00,2026-08-06T20:00,1522508,https://fr.getaround.com/location-voiture/puteaux/tesla-model-3-standard-range-1522508,Tesla Model 3 Standard Range (2020),2020,Sur rendez-vous,BERLINE,SEGMENT_RULES,ELECTRIQUE,False,139.0,,,,Asnières-sur-Seine,Puteaux,Asnières-sur-Seine|Paris 17e,2,823,False,False,,5740,1001,24
20260805T190259,A2,v3.4-search-json,2026-08-06T09:00,2026-08-06T20:00,1607431,https://fr.getaround.com/location-voiture/le-plessis-bouchard/bmw-x1-1607431,BMW X1 (2012),2012,Sur rendez-vous,SUV_FAMILIAL,SEGMENT_RULES,THERMIQUE,False,103.0,,,,Asnières-sur-Seine,Le Plessis Bouchard,Asnières-sur-Seine,1,825,False,False,,9810,1001,21
20260805T190259,A2,v3.4-search-json,2026-08-06T09:00,2026-08-06T20:00,1303570,https://fr.getaround.com/location-voiture/courbevoie/chevrolet-cruze-1303570,Chevrolet Cruze (2014),2014,Sur rendez-vous,BERLINE,SEGMENT_RULES,THERMIQUE,False,102.0,,,,Asnières-sur-Seine,Courbevoie,Asnières-sur-Seine|Paris 17e,2,825,False,False,,3950,1001,21
20260805T190259,A2,v3.4-search-json,2026-08-06T09:00,2026-08-06T20:00,1812253,https://fr.getaround.com/location-voiture/paris/toyota-auris-1812253,Toyota Auris (2019),2019,Sur rendez-vous,COMPACTE,SEGMENT_RULES,THERMIQUE,False,84.0,,,,Paris 17e,Paris,Paris 17e,1,826,False,False,,6470,871,21
20260805T190259,A2,v3.4-search-json,2026-08-06T09:00,2026-08-06T20:00,1147374,https://fr.getaround.com/location-voiture/suresnes/peugeot-308-1147374,Peugeot 308 (2015),2015,Sur rendez-vous,COMPACTE,SEGMENT_RULES,THERMIQUE,False,84.0,,,,Paris 17e,Suresnes,Paris 17e,1,827,False,False,,6070,871,21
20260805T190259,A2,v3.4-search-json,2026-08-06T09:00,2026-08-06T20:00,1779316,https://fr.getaround.com/location-voiture/paris/mercedes-benz-classe-a-1779316,Mercedes-Benz Classe A (2020),2020,Sur rendez-vous,COMPACTE,SEGMENT_RULES,THERMIQUE,False,174.0,,,,Asnières-sur-Seine,Paris,Asnières-sur-Seine|Paris 17e,2,828,False,False,,9010,1001,24
20260805T190259,A2,v3.4-search-json,2026-08-06T09:00,2026-08-06T20:00,1757363,https://fr.getaround.com/location-voiture/epinay-sur-seine/peugeot-2008-1757363,Peugeot 2008 (2021),2021,Sur rendez-vous,SUV_COMPACT,SEGMENT_RULES,THERMIQUE,False,79.0,,,,Asnières-sur-Seine,Epinay Sur Seine,Asnières-sur-Seine,1,829,False,False,,5060,1001,21
20260805T190259,A2,v3.4-search-json,2026-08-06T09:00,2026-08-06T20:00,1909690,https://fr.getaround.com/location-voiture/paris/renault-captur-1909690,Renault Captur (2015),2015,Sur rendez-vous,SUV_COMPACT,SEGMENT_RULES,THERMIQUE,False,76.0,,4.0,1,Asnières-sur-Seine,Paris,Asnières-sur-Seine|Paris 17e,2,829,False,False,,7880,1001,25
20260805T190259,A2,v3.4-search-json,2026-08-06T09:00,2026-08-06T20:00,1561179,https://fr.getaround.com/location-voiture/la-celle-saint-cloud/renault-twingo-ii-1561179,Renault Twingo II (2011),2011,Sur rendez-vous,CITADINE,SEGMENT_RULES,THERMIQUE,False,58.0,,5.0,1,Asnières-sur-Seine,La Celle Saint Cloud,Asnières-sur-Seine,1,830,False,False,,12310,1001,21
20260805T190259,A2,v3.4-search-json,2026-08-06T09:00,2026-08-06T20:00,1910019,https://fr.getaround.com/location-voiture/vanves/renault-megane-iv-1910019,Renault Mégane IV (2019),2019,Sur rendez-vous,COMPACTE,SEGMENT_RULES,THERMIQUE,False,92.0,,,,Paris 17e,Vanves,Paris 17e,1,830,False,False,,6960,871,21
20260805T190259,A2,v3.4-search-json,2026-08-06T09:00,2026-08-06T20:00,1780703,https://fr.getaround.com/location-voiture/colombes/mercedes-benz-classe-a-1780703,Mercedes-Benz Classe A (2025),2025,Sur rendez-vous,COMPACTE,SEGMENT_RULES,THERMIQUE,False,171.0,,,,Paris 17e,Colombes,Paris 17e,1,831,False,False,,6670,871,21
20260805T190259,A2,v3.4-search-json,2026-08-06T09:00,2026-08-06T20:00,1577366,https://fr.getaround.com/location-voiture/argenteuil/peugeot-308-gt-1577366,Peugeot 308 GT (2022),2022,Sur rendez-vous,COMPACTE,SEGMENT_RULES,THERMIQUE,False,122.0,,,,Paris 17e,Argenteuil,Paris 17e,1,832,False,False,,8580,871,21
20260805T190259,A2,v3.4-search-json,2026-08-06T09:00,2026-08-06T20:00,1802379,https://fr.getaround.com/location-voiture/paris/audi-a1-1802379,Audi A1 (2012),2012,Sur rendez-vous,CITADINE,SEGMENT_RULES,THERMIQUE,False,171.0,,,,Asnières-sur-Seine,Paris,Asnières-sur-Seine|Paris 17e,2,833,False,False,,9720,1001,24
20260805T190259,A2,v3.4-search-json,2026-08-06T09:00,2026-08-06T20:00,1546520,https://fr.getaround.com/location-voiture/paris/citroen-c4-grand-picasso-1546520,Citroen C4 Grand Picasso (2017),2017,Sur rendez-vous,COMPACTE,SEGMENT_RULES,THERMIQUE,False,135.0,,,,Paris 17e,Paris,Paris 17e,1,834,False,False,,5610,871,21
20260805T190259,A2,v3.4-search-json,2026-08-06T09:00,2026-08-06T20:00,1608394,https://fr.getaround.com/location-voiture/argenteuil/renault-megane-e-tech-electrique-1608394,Renault Mégane E-tech Électrique (2023),2023,Sur rendez-vous,COMPACTE,SEGMENT_RULES,ELECTRIQUE,False,116.0,,,,Asnières-sur-Seine,Argenteuil,Asnières-sur-Seine|Paris 17e,2,836,False,False,,5350,1001,21
20260805T190259,A2,v3.4-search-json,2026-08-06T09:00,2026-08-06T20:00,1517364,https://fr.getaround.com/location-voiture/boulogne-billancourt/toyota-c-hr-1517364,Toyota C-HR (2019),2019,Sur rendez-vous,SUV_COMPACT,SEGMENT_RULES,THERMIQUE,False,120.0,,,,Asnières-sur-Seine,Boulogne Billancourt,Asnières-sur-Seine|Paris 17e,2,836,False,False,,10380,1001,24
20260805T190259,A2,v3.4-search-json,2026-08-06T09:00,2026-08-06T20:00,1416857,https://fr.getaround.com/location-voiture/paris/renault-captur-1416857,Renault Captur (2023),2023,Sur rendez-vous,SUV_COMPACT,SEGMENT_RULES,THERMIQUE,False,74.0,,,,Paris 17e,Paris,Paris 17e,1,837,False,False,,7520,871,21
20260805T190259,A2,v3.4-search-json,2026-08-06T09:00,2026-08-06T20:00,1844740,https://fr.getaround.com/location-voiture/paris/volkswagen-polo-1844740,Volkswagen Polo (2026),2026,Sur rendez-vous,CITADINE,SEGMENT_RULES,THERMIQUE,False,129.0,,,,Asnières-sur-Seine,Paris,Asnières-sur-Seine|Paris 17e,2,838,False,False,,9320,1001,25
20260805T190259,A2,v3.4-search-json,2026-08-06T09:00,2026-08-06T20:00,1428066,https://fr.getaround.com/location-voiture/nanterre/peugeot-208-1428066,Peugeot 208 (2016),2016,Sur rendez-vous,CITADINE,SEGMENT_RULES,THERMIQUE,False,78.0,,,,Asnières-sur-Seine,Nanterre,Asnières-sur-Seine,1,839,False,False,,6420,1001,21
20260805T190259,A2,v3.4-search-json,2026-08-06T09:00,2026-08-06T20:00,1780169,https://fr.getaround.com/location-voiture/argenteuil/volkswagen-polo-r-line-1780169,Volkswagen Polo R-Line (2022),2022,Sur rendez-vous,CITADINE,SEGMENT_RULES,THERMIQUE,False,117.0,,,,Asnières-sur-Seine,Argenteuil,Asnières-sur-Seine,1,840,False,False,,4940,1001,21
20260805T190259,A2,v3.4-search-json,2026-08-06T09:00,2026-08-06T20:00,1476521,https://fr.getaround.com/location-voiture/paris/toyota-c-hr-1476521,Toyota C-HR (2017),2017,Sur rendez-vous,SUV_COMPACT,SEGMENT_RULES,THERMIQUE,False,125.0,,,,Asnières-sur-Seine,Paris,Asnières-sur-Seine|Paris 17e,2,840,False,False,,10360,1001,25
20260805T190259,A2,v3.4-search-json,2026-08-06T09:00,2026-08-06T20:00,1701306,https://fr.getaround.com/location-voiture/paris/audi-a3-sportback-1701306,Audi A3 Sportback (2025),2025,Sur rendez-vous,COMPACTE,SEGMENT_RULES,THERMIQUE,False,332.0,,,,Asnières-sur-Seine,Paris,Asnières-sur-Seine|Paris 17e,2,841,False,False,,11790,1001,25
20260805T190259,A2,v3.4-search-json,2026-08-06T09:00,2026-08-06T20:00,1218010,https://fr.getaround.com/location-voiture/nanterre/renault-clio-1218010,Renault Clio (2016),2016,Sur rendez-vous,CITADINE,SEGMENT_RULES,THERMIQUE,False,58.0,,,,Asnières-sur-Seine,Nanterre,Asnières-sur-Seine,1,843,False,False,,6540,1001,22
20260805T190259,A2,v3.4-search-json,2026-08-06T09:00,2026-08-06T20:00,1751924,https://fr.getaround.com/location-voiture/villetaneuse/renault-clio-1751924,Renault Clio (2020),2020,Sur rendez-vous,CITADINE,SEGMENT_RULES,THERMIQUE,False,72.0,,,,Asnières-sur-Seine,Villetaneuse,Asnières-sur-Seine,1,844,False,False,,5680,1001,22
20260805T190259,A2,v3.4-search-json,2026-08-06T09:00,2026-08-06T20:00,1607242,https://fr.getaround.com/location-voiture/paris/fiat-500-x-1607242,Fiat 500 X (2020),2020,Sur rendez-vous,CITADINE,SEGMENT_RULES,THERMIQUE,False,112.0,,,,Paris 17e,Paris,Paris 17e,1,844,False,False,,4990,871,22
20260805T190259,A2,v3.4-search-json,2026-08-06T09:00,2026-08-06T20:00,1309330,https://fr.getaround.com/location-voiture/saint-denis/smart-fortwo-coupe-1309330,Smart Fortwo Coupé (2015),2015,Sur rendez-vous,MICRO_CITADINE,SEGMENT_RULES,THERMIQUE,False,50.0,,,,Paris 17e,Saint Denis,Paris 17e,1,845,False,False,,8060,871,22
20260805T190259,A2,v3.4-search-json,2026-08-06T09:00,2026-08-06T20:00,1712339,https://fr.getaround.com/location-voiture/saint-denis/peugeot-308-1712339,Peugeot 308 (2024),2024,Sur rendez-vous,COMPACTE,SEGMENT_RULES,THERMIQUE,False,109.0,,,,Asnières-sur-Seine,Saint Denis,Asnières-sur-Seine|Paris 17e,2,846,False,False,,7350,1001,24
20260805T190259,A2,v3.4-search-json,2026-08-06T09:00,2026-08-06T20:00,1910635,https://fr.getaround.com/location-voiture/paris/suzuki-ignis-1910635,Suzuki Ignis (2017),2017,Sur rendez-vous,MICRO_CITADINE,SEGMENT_RULES,THERMIQUE,False,98.0,,5.0,1,Asnières-sur-Seine,Paris,Asnières-sur-Seine,1,847,False,False,,11840,1001,22
20260805T190259,A2,v3.4-search-json,2026-08-06T09:00,2026-08-06T20:00,1513176,https://fr.getaround.com/location-voiture/saint-denis/bmw-serie-1-1513176,BMW Série 1 (2019),2019,Sur rendez-vous,COMPACTE,SEGMENT_RULES,THERMIQUE,False,131.0,,,,Asnières-sur-Seine,Saint Denis,Asnières-sur-Seine|Paris 17e,2,848,False,False,,6020,1001,24
20260805T190259,A2,v3.4-search-json,2026-08-06T09:00,2026-08-06T20:00,1645947,https://fr.getaround.com/location-voiture/franconville/cupra-formentor-1645947,Cupra Formentor (2025),2025,Sur rendez-vous,SUV_COMPACT,SEGMENT_RULES,THERMIQUE,False,141.0,,,,Asnières-sur-Seine,Franconville,Asnières-sur-Seine,1,849,False,False,,9290,1001,22
20260805T190259,A2,v3.4-search-json,2026-08-06T09:00,2026-08-06T20:00,1669350,https://fr.getaround.com/location-voiture/paris/toyota-c-hr-hybrid-1669350,Toyota C-HR Hybrid (2016),2016,Sur rendez-vous,SUV_COMPACT,SEGMENT_RULES,HYBRIDE,False,127.0,,,,Asnières-sur-Seine,Paris,Asnières-sur-Seine|Paris 17e,2,851,False,False,,9590,1001,25
20260805T190259,A2,v3.4-search-json,2026-08-06T09:00,2026-08-06T20:00,863663,https://fr.getaround.com/location-voiture/aubervilliers/mitsubishi-space-star-863663,Mitsubishi Space Star (2021),2021,Sur rendez-vous,CITADINE,SEGMENT_RULES,THERMIQUE,False,138.0,,,,Asnières-sur-Seine,Aubervilliers,Asnières-sur-Seine|Paris 17e,2,852,False,False,,7410,1001,24
20260805T190259,A2,v3.4-search-json,2026-08-06T09:00,2026-08-06T20:00,1785203,https://fr.getaround.com/location-voiture/bagnolet/toyota-c-hr-hybrid-1785203,Toyota C-HR Hybrid (2019),2019,Sur rendez-vous,SUV_COMPACT,SEGMENT_RULES,HYBRIDE,False,86.0,,,,Asnières-sur-Seine,Bagnolet,Asnières-sur-Seine,1,853,False,False,,11070,1001,22
20260805T190259,A2,v3.4-search-json,2026-08-06T09:00,2026-08-06T20:00,1714275,https://fr.getaround.com/location-voiture/herblay-sur-seine/mercedes-benz-classe-a-1714275,Mercedes-Benz Classe A (2021),2021,Sur rendez-vous,COMPACTE,SEGMENT_RULES,THERMIQUE,False,130.0,,5.0,5,Asnières-sur-Seine,Herblay Sur Seine,Asnières-sur-Seine,1,855,False,False,,12160,1001,22
20260805T190259,A2,v3.4-search-json,2026-08-06T09:00,2026-08-06T20:00,982570,https://fr.getaround.com/location-voiture/paris/toyota-yaris-hybride-982570,Toyota Yaris Hybride (2022),2022,Sur rendez-vous,CITADINE,SEGMENT_RULES,HYBRIDE,False,70.0,,3.67,3,Asnières-sur-Seine,Paris,Asnières-sur-Seine|Paris 17e,2,856,False,False,,7830,1001,25
20260805T190259,A2,v3.4-search-json,2026-08-06T09:00,2026-08-06T20:00,1367171,https://fr.getaround.com/location-voiture/paris/hyundai-ix20-1367171,Hyundai iX20 (2011),2011,Sur rendez-vous,MONOSPACE,SEGMENT_RULES,THERMIQUE,False,119.0,,,,Asnières-sur-Seine,Paris,Asnières-sur-Seine|Paris 17e,2,857,False,False,,9190,1001,25
20260805T190259,A2,v3.4-search-json,2026-08-06T09:00,2026-08-06T20:00,1425352,https://fr.getaround.com/location-voiture/paris/renault-latitude-1425352,Renault Latitude (2011),2011,Sur rendez-vous,BERLINE,SEGMENT_RULES,THERMIQUE,False,88.0,,2.0,1,Asnières-sur-Seine,Paris,Asnières-sur-Seine|Paris 17e,2,858,False,False,,9990,1001,25
20260805T190259,A2,v3.4-search-json,2026-08-06T09:00,2026-08-06T20:00,1817194,https://fr.getaround.com/location-voiture/villiers-le-bel/renault-captur-1817194,Renault Captur (2018),2018,Sur rendez-vous,SUV_COMPACT,SEGMENT_RULES,THERMIQUE,False,97.0,,5.0,3,Asnières-sur-Seine,Villiers Le Bel,Asnières-sur-Seine,1,859,False,False,,12270,1001,22
20260805T190259,A2,v3.4-search-json,2026-08-06T09:00,2026-08-06T20:00,1770100,https://fr.getaround.com/location-voiture/paris/smart-fortwo-passion-1770100,Smart Fortwo Passion (2015),2015,Sur rendez-vous,MICRO_CITADINE,SEGMENT_RULES,THERMIQUE,False,121.0,,,,Asnières-sur-Seine,Paris,Asnières-sur-Seine|Paris 17e,2,860,False,False,,10470,1001,25
20260805T190259,A2,v3.4-search-json,2026-08-06T09:00,2026-08-06T20:00,1215008,https://fr.getaround.com/location-voiture/villeneuve-la-garenne/peugeot-308-1215008,Peugeot 308 (2017),2017,Sur rendez-vous,COMPACTE,SEGMENT_RULES,THERMIQUE,False,122.0,,5.0,1,Asnières-sur-Seine,Villeneuve La Garenne,Asnières-sur-Seine|Paris 17e,2,862,False,False,,4010,1001,23
20260805T190259,A2,v3.4-search-json,2026-08-06T09:00,2026-08-06T20:00,1912835,https://fr.getaround.com/location-voiture/argenteuil/peugeot-e-3008-gt-1912835,Peugeot E-3008 GT (2025),2025,Sur rendez-vous,SUV_FAMILIAL,SEGMENT_RULES,THERMIQUE,False,195.0,,,,Asnières-sur-Seine,Argenteuil,Asnières-sur-Seine,1,863,False,False,,5490,1001,22
20260805T190259,A2,v3.4-search-json,2026-08-06T09:00,2026-08-06T20:00,1170932,https://fr.getaround.com/location-voiture/boulogne-billancourt/renault-kadjar-1170932,Renault Kadjar (2017),2017,Sur rendez-vous,SUV_FAMILIAL,SEGMENT_RULES,THERMIQUE,False,137.0,,,,Asnières-sur-Seine,Boulogne Billancourt,Asnières-sur-Seine|Paris 17e,2,863,False,False,,9760,1001,25
20260805T190259,A2,v3.4-search-json,2026-08-06T09:00,2026-08-06T20:00,1704961,https://fr.getaround.com/location-voiture/sartrouville/volkswagen-tayron-ehybrid-1704961,Volkswagen Tayron eHybrid (2025),2025,Sur rendez-vous,NON_CLASSE,SEGMENT_RULES,HYBRIDE,False,134.0,,,,Asnières-sur-Seine,Sartrouville,Asnières-sur-Seine,1,865,False,False,,8230,1001,22
20260805T190259,A2,v3.4-search-json,2026-08-06T09:00,2026-08-06T20:00,1008581,https://fr.getaround.com/location-voiture/paris/audi-a3-1008581,Audi A3 (2021),2021,Sur rendez-vous,COMPACTE,SEGMENT_RULES,THERMIQUE,False,233.0,,,,Asnières-sur-Seine,Paris,Asnières-sur-Seine|Paris 17e,2,865,False,False,,11140,1001,25
20260805T190259,A2,v3.4-search-json,2026-08-06T09:00,2026-08-06T20:00,1376313,https://fr.getaround.com/location-voiture/paris/mini-cooper-f56-1376313,Mini Cooper F56 (2016),2016,Sur rendez-vous,CITADINE,SEGMENT_RULES,THERMIQUE,False,84.0,,1.0,1,Paris 17e,Paris,Paris 17e,1,866,False,False,,6890,871,22
20260805T190259,A2,v3.4-search-json,2026-08-06T09:00,2026-08-06T20:00,1656776,https://fr.getaround.com/location-voiture/aubervilliers/dacia-dokker-van-1656776,Dacia Dokker Van (2019),2019,Sur rendez-vous,UTILITAIRE,SEGMENT_RULES,THERMIQUE,False,66.0,,1.0,1,Asnières-sur-Seine,Aubervilliers,Asnières-sur-Seine|Paris 17e,2,867,False,False,,7490,1001,25
20260805T190259,A2,v3.4-search-json,2026-08-06T09:00,2026-08-06T20:00,740423,https://fr.getaround.com/location-voiture/paris/peugeot-308-740423,Peugeot 308 (2012),2012,Sur rendez-vous,COMPACTE,SEGMENT_RULES,THERMIQUE,False,70.0,,,,Asnières-sur-Seine,Paris,Asnières-sur-Seine,1,868,False,False,,10060,1001,22
20260805T190259,A2,v3.4-search-json,2026-08-06T09:00,2026-08-06T20:00,1852566,https://fr.getaround.com/location-voiture/paris/renault-megane-1852566,Renault Mégane (2020),2020,Sur rendez-vous,COMPACTE,SEGMENT_RULES,THERMIQUE,False,137.0,,,,Asnières-sur-Seine,Paris,Asnières-sur-Seine|Paris 17e,2,868,False,False,,9990,1001,25
20260805T190259,A2,v3.4-search-json,2026-08-06T09:00,2026-08-06T20:00,1807411,https://fr.getaround.com/location-voiture/suresnes/renault-clio-1807411,Renault Clio (2025),2025,Sur rendez-vous,CITADINE,SEGMENT_RULES,THERMIQUE,False,102.0,,1.0,1,Asnières-sur-Seine,Suresnes,Asnières-sur-Seine|Paris 17e,2,869,False,False,,6460,1001,25
20260805T190259,A2,v3.4-search-json,2026-08-06T09:00,2026-08-06T20:00,1580863,https://fr.getaround.com/location-voiture/nanterre/volkswagen-polo-r-line-1580863,Volkswagen Polo R-Line (2024),2024,Sur rendez-vous,CITADINE,SEGMENT_RULES,THERMIQUE,False,98.0,,,,Asnières-sur-Seine,Nanterre,Asnières-sur-Seine,1,870,False,False,,7260,1001,22
20260805T190259,A2,v3.4-search-json,2026-08-06T09:00,2026-08-06T20:00,1746567,https://fr.getaround.com/location-voiture/paris/mercedes-benz-classe-a-1746567,Mercedes-Benz Classe A (2022),2022,Sur rendez-vous,COMPACTE,SEGMENT_RULES,THERMIQUE,False,143.0,,1.0,1,Paris 17e,Paris,Paris 17e,1,870,False,False,,8360,871,22
20260805T190259,A2,v3.4-search-json,2026-08-06T09:00,2026-08-06T20:00,1805648,https://fr.getaround.com/location-voiture/paris/peugeot-208-1805648,Peugeot 208 (2024),2024,Sur rendez-vous,CITADINE,SEGMENT_RULES,THERMIQUE,False,87.0,,1.0,2,Asnières-sur-Seine,Paris,Asnières-sur-Seine|Paris 17e,2,871,False,False,,11170,1001,26
20260805T190259,A2,v3.4-search-json,2026-08-06T09:00,2026-08-06T20:00,1930567,https://fr.getaround.com/location-voiture/sannois/bmw-serie-1-1930567,BMW Série 1 (2024),2024,Sur rendez-vous,COMPACTE,SEGMENT_RULES,THERMIQUE,False,148.0,,,,Asnières-sur-Seine,Sannois,Asnières-sur-Seine,1,872,False,False,,5230,1001,22
20260805T190259,A2,v3.4-search-json,2026-08-06T09:00,2026-08-06T20:00,1885241,https://fr.getaround.com/location-voiture/saint-denis/citroen-c1-1885241,Citroen C1 (2018),2018,Sur rendez-vous,MICRO_CITADINE,SEGMENT_RULES,THERMIQUE,False,59.0,,4.0,1,Asnières-sur-Seine,Saint Denis,Asnières-sur-Seine,1,876,False,False,,7700,1001,22
20260805T190259,A2,v3.4-search-json,2026-08-06T09:00,2026-08-06T20:00,1443732,https://fr.getaround.com/location-voiture/rueil-malmaison/renault-megane-1443732,Renault Mégane (2011),2011,Sur rendez-vous,COMPACTE,SEGMENT_RULES,THERMIQUE,False,51.0,,,,Asnières-sur-Seine,Rueil Malmaison,Asnières-sur-Seine,1,879,False,False,,9010,1001,22
20260805T190259,A2,v3.4-search-json,2026-08-06T09:00,2026-08-06T20:00,1793212,https://fr.getaround.com/location-voiture/la-frette-sur-seine/peugeot-208-1793212,Peugeot 208 (2012),2012,Sur rendez-vous,CITADINE,SEGMENT_RULES,THERMIQUE,False,52.0,,,,Asnières-sur-Seine,La Frette Sur Seine,Asnières-sur-Seine,1,880,False,False,,10870,1001,22
20260805T190259,A2,v3.4-search-json,2026-08-06T09:00,2026-08-06T20:00,1423810,https://fr.getaround.com/location-voiture/montigny-les-cormeilles/citroen-c3-1423810,Citroen C3 (2020),2020,Sur rendez-vous,CITADINE,SEGMENT_RULES,THERMIQUE,False,79.0,,,,Asnières-sur-Seine,Montigny Les Cormeilles,Asnières-sur-Seine,1,881,False,False,,10280,1001,23
20260805T190259,A2,v3.4-search-json,2026-08-06T09:00,2026-08-06T20:00,1371778,https://fr.getaround.com/location-voiture/la-courneuve/citroen-c1-ii-1371778,Citroen C1 II (2015),2015,Sur rendez-vous,MICRO_CITADINE,SEGMENT_RULES,THERMIQUE,False,71.0,,,,Asnières-sur-Seine,La Courneuve,Asnières-sur-Seine,1,883,False,False,,9160,1001,23
20260805T190259,A2,v3.4-search-json,2026-08-06T09:00,2026-08-06T20:00,1719779,https://fr.getaround.com/location-voiture/pantin/tesla-model-3-1719779,Tesla Model 3 (2022),2022,Sur rendez-vous,BERLINE,SEGMENT_RULES,ELECTRIQUE,False,134.0,,,,Asnières-sur-Seine,Pantin,Asnières-sur-Seine,1,885,False,False,,9040,1001,23
20260805T190259,A2,v3.4-search-json,2026-08-06T09:00,2026-08-06T20:00,1917609,https://fr.getaround.com/location-voiture/paris/renault-clio-1917609,Renault Clio (2018),2018,Sur rendez-vous,CITADINE,SEGMENT_RULES,THERMIQUE,False,73.0,,5.0,2,Asnières-sur-Seine,Paris,Asnières-sur-Seine,1,892,False,False,,12370,1001,23
20260805T190259,A2,v3.4-search-json,2026-08-06T09:00,2026-08-06T20:00,1541625,https://fr.getaround.com/location-voiture/paris/ford-fiesta-1541625,Ford Fiesta (2012),2012,Sur rendez-vous,CITADINE,SEGMENT_RULES,THERMIQUE,False,75.0,,5.0,3,Asnières-sur-Seine,Paris,Asnières-sur-Seine,1,893,False,False,,10520,1001,23
20260805T190259,A2,v3.4-search-json,2026-08-06T09:00,2026-08-06T20:00,1929623,https://fr.getaround.com/location-voiture/montmorency/renault-clio-1929623,Renault Clio (2021),2021,Sur rendez-vous,CITADINE,SEGMENT_RULES,THERMIQUE,False,110.0,,,,Asnières-sur-Seine,Montmorency,Asnières-sur-Seine,1,894,False,False,,9040,1001,23
20260805T190259,A2,v3.4-search-json,2026-08-06T09:00,2026-08-06T20:00,1946341,https://fr.getaround.com/location-voiture/sarcelles/nissan-qashqai-2-1946341,Nissan Qashqai+2 (2013),2013,Sur rendez-vous,SUV_COMPACT,SEGMENT_RULES,THERMIQUE,False,115.0,,,,Asnières-sur-Seine,Sarcelles,Asnières-sur-Seine,1,896,False,False,,9490,1001,23
20260805T190259,A2,v3.4-search-json,2026-08-06T09:00,2026-08-06T20:00,1685415,https://fr.getaround.com/location-voiture/saint-mande/peugeot-208-1685415,Peugeot 208 (2018),2018,Sur rendez-vous,CITADINE,SEGMENT_RULES,THERMIQUE,False,60.0,,,,Asnières-sur-Seine,Saint Mande,Asnières-sur-Seine,1,899,False,False,,12910,1001,23
20260805T190259,A2,v3.4-search-json,2026-08-06T09:00,2026-08-06T20:00,1529101,https://fr.getaround.com/location-voiture/deuil-la-barre/peugeot-308-1529101,Peugeot 308 (2017),2017,Sur rendez-vous,COMPACTE,SEGMENT_RULES,THERMIQUE,False,75.0,,,,Asnières-sur-Seine,Deuil La Barre,Asnières-sur-Seine,1,900,False,False,,7460,1001,23
20260805T190259,A2,v3.4-search-json,2026-08-06T09:00,2026-08-06T20:00,1848146,https://fr.getaround.com/location-voiture/rueil-malmaison/mercedes-benz-gla-250-4matic-1848146,Mercedes-Benz GLA 250 4MATIC (2021),2021,Sur rendez-vous,SUV_COMPACT,SEGMENT_RULES,THERMIQUE,False,108.0,,,,Asnières-sur-Seine,Rueil Malmaison,Asnières-sur-Seine,1,905,False,False,,10040,1001,23
20260805T190259,A2,v3.4-search-json,2026-08-06T09:00,2026-08-06T20:00,1714311,https://fr.getaround.com/location-voiture/paris/opel-crossland-1714311,Opel Crossland (2020),2020,Sur rendez-vous,SUV_COMPACT,SEGMENT_RULES,THERMIQUE,False,55.0,,5.0,6,Asnières-sur-Seine,Paris,Asnières-sur-Seine,1,909,False,False,,11050,1001,23
20260805T190259,A2,v3.4-search-json,2026-08-06T09:00,2026-08-06T20:00,1880355,https://fr.getaround.com/location-voiture/rueil-malmaison/audi-q2-1880355,Audi Q2 (2017),2017,Sur rendez-vous,SUV_COMPACT,SEGMENT_RULES,THERMIQUE,False,99.0,,,,Asnières-sur-Seine,Rueil Malmaison,Asnières-sur-Seine,1,913,False,False,,8670,1001,23
20260805T190259,A2,v3.4-search-json,2026-08-06T09:00,2026-08-06T20:00,1738235,https://fr.getaround.com/location-voiture/franconville/renault-symbol-1738235,Renault Symbol (2025),2025,Sur rendez-vous,NON_CLASSE,SEGMENT_RULES,THERMIQUE,False,94.0,,,,Asnières-sur-Seine,Franconville,Asnières-sur-Seine,1,919,False,False,,10190,1001,23
20260805T190259,A2,v3.4-search-json,2026-08-06T09:00,2026-08-06T20:00,1495728,https://fr.getaround.com/location-voiture/pantin/renault-megane-e-tech-electrique-1495728,Renault Mégane E-tech Électrique (2024),2024,Sur rendez-vous,COMPACTE,SEGMENT_RULES,ELECTRIQUE,False,95.0,,,,Asnières-sur-Seine,Pantin,Asnières-sur-Seine,1,925,False,False,,8740,1001,24
20260805T190259,A2,v3.4-search-json,2026-08-06T09:00,2026-08-06T20:00,1138616,https://fr.getaround.com/location-voiture/aubervilliers/citroen-c1-1138616,Citroen C1 (2011),2011,Sur rendez-vous,MICRO_CITADINE,SEGMENT_RULES,THERMIQUE,False,55.0,,,,Asnières-sur-Seine,Aubervilliers,Asnières-sur-Seine,1,926,False,False,,8870,1001,24
20260805T190259,A2,v3.4-search-json,2026-08-06T09:00,2026-08-06T20:00,1587533,https://fr.getaround.com/location-voiture/cormeilles-en-parisis/toyota-c-hr-1587533,Toyota C-HR (2018),2018,Sur rendez-vous,SUV_COMPACT,SEGMENT_RULES,THERMIQUE,False,86.0,,,,Asnières-sur-Seine,Cormeilles En Parisis,Asnières-sur-Seine,1,927,False,False,,7340,1001,24
20260805T190259,A2,v3.4-search-json,2026-08-06T09:00,2026-08-06T20:00,1781009,https://fr.getaround.com/location-voiture/arnouville/mitsubishi-outlander-1781009,Mitsubishi Outlander (2016),2016,Sur rendez-vous,SUV_FAMILIAL,SEGMENT_RULES,THERMIQUE,False,109.0,,5.0,2,Asnières-sur-Seine,Arnouville,Asnières-sur-Seine,1,929,False,False,,12550,1001,24
20260805T190259,A2,v3.4-search-json,2026-08-06T09:00,2026-08-06T20:00,1784635,https://fr.getaround.com/location-voiture/sarcelles/citroen-ds5-1784635,Citroen DS5 (2014),2014,Sur rendez-vous,BERLINE,SEGMENT_RULES,THERMIQUE,False,133.0,,,,Asnières-sur-Seine,Sarcelles,Asnières-sur-Seine,1,931,False,False,,11430,1001,24
20260805T190259,A2,v3.4-search-json,2026-08-06T09:00,2026-08-06T20:00,1618629,https://fr.getaround.com/location-voiture/arnouville/toyota-corolla-1618629,Toyota Corolla (2024),2024,Sur rendez-vous,COMPACTE,SEGMENT_RULES,THERMIQUE,False,115.0,,,,Asnières-sur-Seine,Arnouville,Asnières-sur-Seine,1,934,False,False,,12770,1001,24
20260805T190259,A2,v3.4-search-json,2026-08-06T09:00,2026-08-06T20:00,1746410,https://fr.getaround.com/location-voiture/herblay-sur-seine/renault-clio-1746410,Renault Clio (2012),2012,Sur rendez-vous,CITADINE,SEGMENT_RULES,THERMIQUE,False,67.0,,,,Asnières-sur-Seine,Herblay Sur Seine,Asnières-sur-Seine,1,935,False,False,,11320,1001,24
20260805T190259,A2,v3.4-search-json,2026-08-06T09:00,2026-08-06T20:00,1616680,https://fr.getaround.com/location-voiture/garges-les-gonesse/volkswagen-passat-sw-1616680,Volkswagen Passat SW (2013),2013,Sur rendez-vous,BREAK,SEGMENT_RULES,THERMIQUE,False,83.0,,,,Asnières-sur-Seine,Garges Les Gonesse,Asnières-sur-Seine,1,936,False,False,,10310,1001,24
20260805T190259,A2,v3.4-search-json,2026-08-06T09:00,2026-08-06T20:00,1711550,https://fr.getaround.com/location-voiture/paris/peugeot-208-1711550,Peugeot 208 (2015),2015,Sur rendez-vous,CITADINE,SEGMENT_RULES,THERMIQUE,False,71.0,,,,Asnières-sur-Seine,Paris,Asnières-sur-Seine,1,941,False,False,,11290,1001,24
20260805T190259,A2,v3.4-search-json,2026-08-06T09:00,2026-08-06T20:00,1760046,https://fr.getaround.com/location-voiture/sarcelles/mini-cooper-3-portes-1760046,Mini Cooper 3 portes (2015),2015,Sur rendez-vous,CITADINE,SEGMENT_RULES,THERMIQUE,False,108.0,,,,Asnières-sur-Seine,Sarcelles,Asnières-sur-Seine,1,942,False,False,,9170,1001,24
20260805T190259,A2,v3.4-search-json,2026-08-06T09:00,2026-08-06T20:00,1477197,https://fr.getaround.com/location-voiture/villiers-le-bel/hyundai-ioniq-hybride-1477197,Hyundai Ioniq Hybride (2019),2019,Sur rendez-vous,COMPACTE,SEGMENT_RULES,ELECTRIQUE,False,74.0,,,,Asnières-sur-Seine,Villiers Le Bel,Asnières-sur-Seine,1,943,False,False,,13230,1001,24
20260805T190259,A2,v3.4-search-json,2026-08-06T09:00,2026-08-06T20:00,1551870,https://fr.getaround.com/location-voiture/paris/peugeot-206-1551870,Peugeot 206+ (2011),2011,Sur rendez-vous,COMPACTE,SEGMENT_RULES,THERMIQUE,False,59.0,,,,Asnières-sur-Seine,Paris,Asnières-sur-Seine,1,945,False,False,,10610,1001,24
20260805T190259,A2,v3.4-search-json,2026-08-06T09:00,2026-08-06T20:00,1745243,https://fr.getaround.com/location-voiture/montmorency/volkswagen-golf-1745243,Volkswagen Golf (2024),2024,Sur rendez-vous,COMPACTE,SEGMENT_RULES,THERMIQUE,False,140.0,,,,Asnières-sur-Seine,Montmorency,Asnières-sur-Seine,1,946,False,False,,9140,1001,24
20260805T190259,A2,v3.4-search-json,2026-08-06T09:00,2026-08-06T20:00,1468512,https://fr.getaround.com/location-voiture/paris/peugeot-108-1468512,Peugeot 108 (2017),2017,Sur rendez-vous,MICRO_CITADINE,SEGMENT_RULES,THERMIQUE,False,61.0,,,,Asnières-sur-Seine,Paris,Asnières-sur-Seine,1,947,False,False,,10340,1001,24
20260805T190259,A2,v3.4-search-json,2026-08-06T09:00,2026-08-06T20:00,1765683,https://fr.getaround.com/location-voiture/stains/peugeot-308-cc-1765683,Peugeot 308 CC (2012),2012,Sur rendez-vous,COMPACTE,SEGMENT_RULES,THERMIQUE,False,120.0,,,,Asnières-sur-Seine,Stains,Asnières-sur-Seine,1,953,False,False,,8830,1001,24
20260805T190259,A2,v3.4-search-json,2026-08-06T09:00,2026-08-06T20:00,1300376,https://fr.getaround.com/location-voiture/nanterre/renault-clio-1300376,Renault Clio (2011),2011,Sur rendez-vous,CITADINE,SEGMENT_RULES,THERMIQUE,False,74.0,,,,Asnières-sur-Seine,Nanterre,Asnières-sur-Seine,1,955,False,False,,7750,1001,24
20260805T190259,A2,v3.4-search-json,2026-08-06T09:00,2026-08-06T20:00,1799039,https://fr.getaround.com/location-voiture/paris/mercedes-benz-glc-220-d-4matic-1799039,Mercedes-Benz GLC 220 d 4MATIC (2019),2019,Sur rendez-vous,SUV_COMPACT,SEGMENT_RULES,THERMIQUE,False,247.0,,,,Asnières-sur-Seine,Paris,Asnières-sur-Seine,1,956,False,False,,12110,1001,24
20260805T190259,A2,v3.4-search-json,2026-08-06T09:00,2026-08-06T20:00,1558259,https://fr.getaround.com/location-voiture/saint-denis/renault-captur-1558259,Renault Captur (2017),2017,Sur rendez-vous,SUV_COMPACT,SEGMENT_RULES,THERMIQUE,False,92.0,,,,Asnières-sur-Seine,Saint Denis,Asnières-sur-Seine,1,957,False,False,,8500,1001,24
20260805T190259,A2,v3.4-search-json,2026-08-06T09:00,2026-08-06T20:00,1627705,https://fr.getaround.com/location-voiture/montmorency/volkswagen-t-roc-1627705,Volkswagen T-Roc (2024),2024,Sur rendez-vous,SUV_COMPACT,SEGMENT_RULES,THERMIQUE,False,144.0,,,,Asnières-sur-Seine,Montmorency,Asnières-sur-Seine,1,958,False,False,,8260,1001,24
20260805T190259,A2,v3.4-search-json,2026-08-06T09:00,2026-08-06T20:00,1758319,https://fr.getaround.com/location-voiture/bagnolet/tesla-model-y-1758319,Tesla Model Y (2024),2024,Sur rendez-vous,SUV_FAMILIAL,SEGMENT_RULES,ELECTRIQUE,False,205.0,,,,Asnières-sur-Seine,Bagnolet,Asnières-sur-Seine,1,962,False,False,,11870,1001,25
20260805T190259,A2,v3.4-search-json,2026-08-06T09:00,2026-08-06T20:00,1755244,https://fr.getaround.com/location-voiture/cormeilles-en-parisis/mercedes-benz-classe-a-180-1755244,Mercedes-Benz Classe A 180 (2025),2025,Sur rendez-vous,COMPACTE,SEGMENT_RULES,THERMIQUE,False,171.0,,,,Asnières-sur-Seine,Cormeilles En Parisis,Asnières-sur-Seine,1,967,False,False,,9590,1001,25
20260805T190259,A2,v3.4-search-json,2026-08-06T09:00,2026-08-06T20:00,1872661,https://fr.getaround.com/location-voiture/le-plessis-bouchard/bmw-x1-1872661,BMW X1 (2017),2017,Sur rendez-vous,SUV_FAMILIAL,SEGMENT_RULES,THERMIQUE,False,176.0,,,,Asnières-sur-Seine,Le Plessis Bouchard,Asnières-sur-Seine,1,972,False,False,,10470,1001,25
20260805T190259,A2,v3.4-search-json,2026-08-06T09:00,2026-08-06T20:00,1845036,https://fr.getaround.com/location-voiture/garges-les-gonesse/peugeot-308-1845036,Peugeot 308 (2022),2022,Sur rendez-vous,COMPACTE,SEGMENT_RULES,THERMIQUE,False,116.0,,,,Asnières-sur-Seine,Garges Les Gonesse,Asnières-sur-Seine,1,973,False,False,,9420,1001,25
20260805T190259,A2,v3.4-search-json,2026-08-06T09:00,2026-08-06T20:00,1635243,https://fr.getaround.com/location-voiture/bagnolet/volkswagen-t-roc-1635243,Volkswagen T-Roc (2025),2025,Sur rendez-vous,SUV_COMPACT,SEGMENT_RULES,THERMIQUE,False,184.0,,,,Asnières-sur-Seine,Bagnolet,Asnières-sur-Seine,1,974,False,False,,11320,1001,25
20260805T190259,A2,v3.4-search-json,2026-08-06T09:00,2026-08-06T20:00,1786471,https://fr.getaround.com/location-voiture/garges-les-gonesse/renault-captur-1786471,Renault Captur (2022),2022,Sur rendez-vous,SUV_COMPACT,SEGMENT_RULES,THERMIQUE,False,136.0,,,,Asnières-sur-Seine,Garges Les Gonesse,Asnières-sur-Seine,1,978,False,False,,10440,1001,25
20260805T190259,A2,v3.4-search-json,2026-08-06T09:00,2026-08-06T20:00,1249070,https://fr.getaround.com/location-voiture/franconville/ford-tourneo-connect-1249070,Ford Tourneo Connect (2016),2016,Sur rendez-vous,NON_CLASSE,SEGMENT_RULES,THERMIQUE,False,158.0,,,,Asnières-sur-Seine,Franconville,Asnières-sur-Seine,1,979,False,False,,9330,1001,25
20260805T190259,A2,v3.4-search-json,2026-08-06T09:00,2026-08-06T20:00,1401285,https://fr.getaround.com/location-voiture/paris/renault-scenic-1401285,Renault Scenic (2013),2013,Sur rendez-vous,MONOSPACE,SEGMENT_RULES,THERMIQUE,False,133.0,,5.0,1,Asnières-sur-Seine,Paris,Asnières-sur-Seine,1,980,False,False,,10730,1001,25
20260805T190259,A2,v3.4-search-json,2026-08-06T09:00,2026-08-06T20:00,1308266,https://fr.getaround.com/location-voiture/pierrefitte-sur-seine/audi-a1-1308266,Audi A1 (2020),2020,Sur rendez-vous,CITADINE,SEGMENT_RULES,THERMIQUE,False,297.0,,,,Asnières-sur-Seine,Pierrefitte Sur Seine,Asnières-sur-Seine,1,988,False,False,,8510,1001,25
20260805T190259,A2,v3.4-search-json,2026-08-06T09:00,2026-08-06T20:00,1439791,https://fr.getaround.com/location-voiture/villiers-le-bel/volkswagen-polo-1439791,Volkswagen Polo (2022),2022,Sur rendez-vous,CITADINE,SEGMENT_RULES,THERMIQUE,False,212.0,,,,Asnières-sur-Seine,Villiers Le Bel,Asnières-sur-Seine,1,993,False,False,,12310,1001,25
20260805T190259,A2,v3.4-search-json,2026-08-06T09:00,2026-08-06T20:00,1258420,https://fr.getaround.com/location-voiture/rueil-malmaison/volkswagen-polo-1258420,Volkswagen Polo (2014),2014,Sur rendez-vous,CITADINE,SEGMENT_RULES,THERMIQUE,False,63.0,,1.0,1,Asnières-sur-Seine,Rueil Malmaison,Asnières-sur-Seine,1,994,False,False,,9480,1001,25
20260805T190259,A2,v3.4-search-json,2026-08-06T09:00,2026-08-06T20:00,1457467,https://fr.getaround.com/location-voiture/drancy/renault-megane-1457467,Renault Mégane (2019),2019,Sur rendez-vous,COMPACTE,SEGMENT_RULES,THERMIQUE,False,123.0,,,,Asnières-sur-Seine,Drancy,Asnières-sur-Seine,1,996,False,False,,9880,1001,25
20260805T190259,A2,v3.4-search-json,2026-08-06T09:00,2026-08-06T20:00,1642474,https://fr.getaround.com/location-voiture/rueil-malmaison/peugeot-208-1642474,Peugeot 208 (2018),2018,Sur rendez-vous,CITADINE,SEGMENT_RULES,THERMIQUE,False,64.0,,1.0,1,Asnières-sur-Seine,Rueil Malmaison,Asnières-sur-Seine,1,997,False,False,,8870,1001,25
20260805T190259,A2,v3.4-search-json,2026-08-06T09:00,2026-08-06T20:00,1572881,https://fr.getaround.com/location-voiture/le-plessis-bouchard/peugeot-308-1572881,Peugeot 308 (2016),2016,Sur rendez-vous,COMPACTE,SEGMENT_RULES,THERMIQUE,False,52.0,,1.0,1,Asnières-sur-Seine,Le Plessis Bouchard,Asnières-sur-Seine,1,1000,False,False,,10040,1001,25
