snapshot_id,pipeline,fenetre_debut,fenetre_fin,version_collecte,annonce_id,url,modele,annee,type_connexion,segment,energie,reservation_instantanee,prix_jour,prix_heure,note,nb_avis,commune_recherche,commune_annonce,communes_recherche,nb_communes_matchees,rang_resultat,livraison_disponible,mon_vehicule,compte_proprietaire
20260728T141950,A2,2026-07-29T09:00,2026-07-30T09:00,v3.2-pagination-gps,gps,jour,1832159,https://fr.getaround.com/location-voiture/puteaux/toyota-aygo-ii-1832159?program=getaround&searched_address%5Blatitude%5D=48.8847&searched_address%5Blongitude%5D=2.2386,Toyota Aygo II,2021,GETAROUND CONNECT,MICRO_CITADINE,THERMIQUE,,,deduite,False,65.0,,4.0,2,Puteaux,Puteaux,Puteaux|Asnières-sur-Seine
20260728T141950,A2,2026-07-29T09:00,2026-07-30T09:00,v3.2-pagination-gps,gps,jour,1832158,https://fr.getaround.com/location-voiture/puteaux/renault-clio-1832158?program=getaround&searched_address%5Blatitude%5D=48.8847&searched_address%5Blongitude%5D=2.2386,Renault Clio,2015,GETAROUND CONNECT,CITADINE,THERMIQUE,,,deduite,False,67.0,,3.5,2,Puteaux,Puteaux,Puteaux|Asnières-sur-Seine
20260728T141950,A2,2026-07-29T09:00,2026-07-30T09:00,v3.2-pagination-gps,gps,jour,1743643,https://fr.getaround.com/location-voiture/puteaux/renault-clio-1743643?program=getaround&searched_address%5Blatitude%5D=48.8847&searched_address%5Blongitude%5D=2.2386,Renault Clio,2015,GETAROUND CONNECT,CITADINE,THERMIQUE,,,deduite,False,67.0,,5.0,3,Puteaux,Puteaux,Puteaux|Asnières-sur-Seine
20260728T141950,A2,2026-07-29T09:00,2026-07-30T09:00,v3.2-pagination-gps,gps,jour,1701291,https://fr.getaround.com/location-voiture/puteaux/volkswagen-golf-1701291?program=getaround&searched_address%5Blatitude%5D=48.8847&searched_address%5Blongitude%5D=2.2386,Volkswagen Golf,2012,Sur rendez-vous,COMPACTE,THERMIQUE,,,deduite,False,75.0,,4.86,14,Puteaux,Puteaux,Puteaux|Asnières-sur-Seine
20260728T141950,A2,2026-07-29T09:00,2026-07-30T09:00,v3.2-pagination-gps,gps,jour,1719415,https://fr.getaround.com/location-voiture/puteaux/volkswagen-polo-1719415?program=getaround&searched_address%5Blatitude%5D=48.8847&searched_address%5Blongitude%5D=2.2386,Volkswagen Polo,2014,Sur rendez-vous,CITADINE,THERMIQUE,,,deduite,False,74.0,,4.38,8,Puteaux,Puteaux,Puteaux|Asnières-sur-Seine
20260728T141950,A2,2026-07-29T09:00,2026-07-30T09:00,v3.2-pagination-gps,gps,jour,1078506,https://fr.getaround.com/location-voiture/puteaux/renault-clio-1078506?program=getaround&searched_address%5Blatitude%5D=48.8847&searched_address%5Blongitude%5D=2.2386,Renault Clio,2011,Sur rendez-vous,CITADINE,THERMIQUE,,,deduite,False,63.0,,4.79,21,Puteaux,Puteaux,Puteaux
20260728T141950,A2,2026-07-29T09:00,2026-07-30T09:00,v3.2-pagination-gps,gps,jour,1832155,https://fr.getaround.com/location-voiture/puteaux/volkswagen-polo-1832155?program=getaround&searched_address%5Blatitude%5D=48.8847&searched_address%5Blongitude%5D=2.2386,Volkswagen Polo,2013,Sur rendez-vous,CITADINE,THERMIQUE,,,deduite,False,63.0,,,,Puteaux,Puteaux,Puteaux
20260728T141950,A2,2026-07-29T09:00,2026-07-30T09:00,v3.2-pagination-gps,gps,jour,1881118,https://fr.getaround.com/location-voiture/puteaux/peugeot-208-1881118?program=getaround&searched_address%5Blatitude%5D=48.8847&searched_address%5Blongitude%5D=2.2386,Peugeot 208,2019,GETAROUND CONNECT,CITADINE,THERMIQUE,,,deduite,False,70.0,,3.5,2,Puteaux,Puteaux,Puteaux
20260728T141950,A2,2026-07-29T09:00,2026-07-30T09:00,v3.2-pagination-gps,gps,jour,1881481,https://fr.getaround.com/location-voiture/puteaux/citroen-c1-1881481?program=getaround&searched_address%5Blatitude%5D=48.8847&searched_address%5Blongitude%5D=2.2386,Citroen C1,2016,GETAROUND CONNECT,MICRO_CITADINE,THERMIQUE,,,deduite,False,72.0,,5.0,2,Puteaux,Puteaux,Puteaux
20260728T141950,A2,2026-07-29T09:00,2026-07-30T09:00,v3.2-pagination-gps,gps,jour,1832153,https://fr.getaround.com/location-voiture/puteaux/volkswagen-tiguan-1832153?program=getaround&searched_address%5Blatitude%5D=48.8847&searched_address%5Blongitude%5D=2.2386,Volkswagen Tiguan,2015,GETAROUND CONNECT,SUV_COMPACT,THERMIQUE,,,deduite,False,89.0,,1.0,1,Puteaux,Puteaux,Puteaux|Asnières-sur-Seine
20260728T141950,A2,2026-07-29T09:00,2026-07-30T09:00,v3.2-pagination-gps,gps,jour,1881691,https://fr.getaround.com/location-voiture/puteaux/opel-corsa-1881691?program=getaround&searched_address%5Blatitude%5D=48.8847&searched_address%5Blongitude%5D=2.2386,Opel Corsa,2017,GETAROUND CONNECT,CITADINE,THERMIQUE,,,deduite,False,70.0,,4.5,2,Puteaux,Puteaux,Puteaux|Asnières-sur-Seine
20260728T141950,A2,2026-07-29T09:00,2026-07-30T09:00,v3.2-pagination-gps,gps,jour,1881624,https://fr.getaround.com/location-voiture/puteaux/renault-twingo-iii-1881624?program=getaround&searched_address%5Blatitude%5D=48.8847&searched_address%5Blongitude%5D=2.2386,Renault Twingo III,2015,GETAROUND CONNECT,MICRO_CITADINE,THERMIQUE,,,deduite,False,73.0,,5.0,1,Puteaux,Puteaux,Puteaux
20260728T141950,A2,2026-07-29T09:00,2026-07-30T09:00,v3.2-pagination-gps,gps,jour,716035,https://fr.getaround.com/location-voiture/puteaux/citroen-c3-716035?program=getaround&searched_address%5Blatitude%5D=48.8847&searched_address%5Blongitude%5D=2.2386,Citroen C3,2016,Sur rendez-vous,CITADINE,THERMIQUE,,,deduite,False,59.0,,4.54,35,Puteaux,Puteaux,Puteaux
20260728T141950,A2,2026-07-29T09:00,2026-07-30T09:00,v3.2-pagination-gps,gps,jour,1718469,https://fr.getaround.com/location-voiture/puteaux/peugeot-5008-1718469?program=getaround&searched_address%5Blatitude%5D=48.8847&searched_address%5Blongitude%5D=2.2386,Peugeot 5008,2014,Sur rendez-vous,MONOSPACE,THERMIQUE,,,deduite,False,111.0,,3.5,2,Puteaux,Puteaux,Puteaux|Asnières-sur-Seine
20260728T141950,A2,2026-07-29T09:00,2026-07-30T09:00,v3.2-pagination-gps,gps,jour,1913338,https://fr.getaround.com/location-voiture/puteaux/ford-c-max-1913338?program=getaround&searched_address%5Blatitude%5D=48.8847&searched_address%5Blongitude%5D=2.2386,Ford C-Max,2019,GETAROUND CONNECT,MONOSPACE,THERMIQUE,,,deduite,False,90.0,,,,Puteaux,Puteaux,Puteaux
20260728T141950,A2,2026-07-29T09:00,2026-07-30T09:00,v3.2-pagination-gps,gps,jour,1881645,https://fr.getaround.com/location-voiture/puteaux/renault-clio-1881645?program=getaround&searched_address%5Blatitude%5D=48.8847&searched_address%5Blongitude%5D=2.2386,Renault Clio,2015,GETAROUND CONNECT,CITADINE,THERMIQUE,,,deduite,False,67.0,,4.0,1,Puteaux,Puteaux,Puteaux
20260728T141950,A2,2026-07-29T09:00,2026-07-30T09:00,v3.2-pagination-gps,gps,jour,1935533,https://fr.getaround.com/location-voiture/puteaux/peugeot-2008-1935533?program=getaround&searched_address%5Blatitude%5D=48.8847&searched_address%5Blongitude%5D=2.2386,Peugeot 2008,2018,Sur rendez-vous,SUV_COMPACT,THERMIQUE,,,deduite,False,81.0,,,,Puteaux,Puteaux,Puteaux|Asnières-sur-Seine
20260728T141950,A2,2026-07-29T09:00,2026-07-30T09:00,v3.2-pagination-gps,gps,jour,1881415,https://fr.getaround.com/location-voiture/puteaux/renault-twingo-1881415?program=getaround&searched_address%5Blatitude%5D=48.8847&searched_address%5Blongitude%5D=2.2386,Renault Twingo,2017,GETAROUND CONNECT,MICRO_CITADINE,THERMIQUE,,,deduite,False,78.0,,,,Puteaux,Puteaux,Puteaux
20260728T141950,A2,2026-07-29T09:00,2026-07-30T09:00,v3.2-pagination-gps,gps,jour,1881636,https://fr.getaround.com/location-voiture/puteaux/peugeot-108-1881636?program=getaround&searched_address%5Blatitude%5D=48.8847&searched_address%5Blongitude%5D=2.2386,Peugeot 108,2019,GETAROUND CONNECT,MICRO_CITADINE,THERMIQUE,,,deduite,False,76.0,,3.5,4,Puteaux,Puteaux,Puteaux
20260728T141950,A2,2026-07-29T09:00,2026-07-30T09:00,v3.2-pagination-gps,gps,jour,1859070,https://fr.getaround.com/location-voiture/puteaux/audi-a1-1859070?program=getaround&searched_address%5Blatitude%5D=48.8847&searched_address%5Blongitude%5D=2.2386,Audi A1,2011,Sur rendez-vous,CITADINE,THERMIQUE,,,deduite,False,71.0,,,,Puteaux,Puteaux,Puteaux|Asnières-sur-Seine
20260728T141950,A2,2026-07-29T09:00,2026-07-30T09:00,v3.2-pagination-gps,gps,jour,1825239,https://fr.getaround.com/location-voiture/asnieres-sur-seine/renault-twingo-iii-1825239?program=getaround&searched_address%5Blatitude%5D=48.8847&searched_address%5Blongitude%5D=2.2386,Renault Twingo III,2017,GETAROUND CONNECT,MICRO_CITADINE,THERMIQUE,,,deduite,False,71.0,,5.0,7,Puteaux,Asnieres Sur Seine,Puteaux|Asnières-sur-Seine
20260728T141950,A2,2026-07-29T09:00,2026-07-30T09:00,v3.2-pagination-gps,gps,jour,1899919,https://fr.getaround.com/location-voiture/puteaux/peugeot-208-1899919?program=getaround&searched_address%5Blatitude%5D=48.8847&searched_address%5Blongitude%5D=2.2386,Peugeot 208,2013,GETAROUND CONNECT,CITADINE,THERMIQUE,,,deduite,False,60.0,,5.0,2,Puteaux,Puteaux,Puteaux|Asnières-sur-Seine
20260728T141950,A2,2026-07-29T09:00,2026-07-30T09:00,v3.2-pagination-gps,gps,jour,1628653,https://fr.getaround.com/location-voiture/asnieres-sur-seine/fiat-500-lounge-1628653?program=getaround&searched_address%5Blatitude%5D=48.8847&searched_address%5Blongitude%5D=2.2386,Fiat 500 Lounge,2018,GETAROUND CONNECT,CITADINE,THERMIQUE,,,deduite,False,70.0,,4.92,63,Puteaux,Asnieres Sur Seine,Puteaux|Asnières-sur-Seine
20260728T141950,A2,2026-07-29T09:00,2026-07-30T09:00,v3.2-pagination-gps,gps,jour,1341543,https://fr.getaround.com/location-voiture/asnieres-sur-seine/dacia-sandero-1341543?program=getaround&searched_address%5Blatitude%5D=48.8847&searched_address%5Blongitude%5D=2.2386,Dacia Sandero,2015,GETAROUND CONNECT,CITADINE,THERMIQUE,,,deduite,False,44.0,,4.69,86,Puteaux,Asnieres Sur Seine,Puteaux|Asnières-sur-Seine
20260728T141950,A2,2026-07-29T09:00,2026-07-30T09:00,v3.2-pagination-gps,gps,jour,1715377,https://fr.getaround.com/location-voiture/asnieres-sur-seine/nissan-note-1715377?program=getaround&searched_address%5Blatitude%5D=48.8847&searched_address%5Blongitude%5D=2.2386,Nissan Note,2015,GETAROUND CONNECT,NON_CLASSE,THERMIQUE,,,deduite,False,37.0,,4.89,45,Puteaux,Asnieres Sur Seine,Puteaux|Asnières-sur-Seine
20260728T141950,A2,2026-07-29T09:00,2026-07-30T09:00,v3.2-pagination-gps,gps,jour,1169660,https://fr.getaround.com/location-voiture/asnieres-sur-seine/renault-clio-1169660?program=getaround&searched_address%5Blatitude%5D=48.8847&searched_address%5Blongitude%5D=2.2386,Renault Clio,2018,GETAROUND CONNECT,CITADINE,THERMIQUE,,,deduite,False,65.0,,4.95,150,Puteaux,Asnieres Sur Seine,Puteaux|Asnières-sur-Seine
20260728T141950,A2,2026-07-29T09:00,2026-07-30T09:00,v3.2-pagination-gps,gps,jour,835608,https://fr.getaround.com/location-voiture/courbevoie/renault-clio-835608?program=getaround&searched_address%5Blatitude%5D=48.8847&searched_address%5Blongitude%5D=2.2386,Renault Clio,2018,GETAROUND CONNECT,CITADINE,THERMIQUE,,,deduite,False,53.0,,3.95,124,Puteaux,Courbevoie,Puteaux|Asnières-sur-Seine
20260728T141950,A2,2026-07-29T09:00,2026-07-30T09:00,v3.2-pagination-gps,gps,jour,1201133,https://fr.getaround.com/location-voiture/asnieres-sur-seine/renault-clio-1201133?program=getaround&searched_address%5Blatitude%5D=48.8847&searched_address%5Blongitude%5D=2.2386,Renault Clio,2012,GETAROUND CONNECT,CITADINE,THERMIQUE,,,deduite,False,50.0,,4.62,120,Puteaux,Asnieres Sur Seine,Puteaux|Asnières-sur-Seine
20260728T141950,A2,2026-07-29T09:00,2026-07-30T09:00,v3.2-pagination-gps,gps,jour,1369685,https://fr.getaround.com/location-voiture/puteaux/renault-clio-1369685?program=getaround&searched_address%5Blatitude%5D=48.8847&searched_address%5Blongitude%5D=2.2386,Renault Clio,2024,GETAROUND CONNECT,CITADINE,THERMIQUE,,,deduite,False,99.0,,4.79,24,Puteaux,Puteaux,Puteaux|Asnières-sur-Seine
20260728T141950,A2,2026-07-29T09:00,2026-07-30T09:00,v3.2-pagination-gps,gps,jour,1009470,https://fr.getaround.com/location-voiture/bois-colombes/citroen-c3-1009470?program=getaround&searched_address%5Blatitude%5D=48.8847&searched_address%5Blongitude%5D=2.2386,Citroen C3,2022,GETAROUND CONNECT,CITADINE,THERMIQUE,,,deduite,False,50.0,,4.57,115,Puteaux,Bois Colombes,Puteaux|Asnières-sur-Seine
20260728T141950,A2,2026-07-29T09:00,2026-07-30T09:00,v3.2-pagination-gps,gps,jour,1119986,https://fr.getaround.com/location-voiture/asnieres-sur-seine/renault-captur-1119986?program=getaround&searched_address%5Blatitude%5D=48.8847&searched_address%5Blongitude%5D=2.2386,Renault Captur,2018,GETAROUND CONNECT,SUV_COMPACT,THERMIQUE,,,deduite,False,77.0,,4.98,129,Puteaux,Asnieres Sur Seine,Puteaux|Asnières-sur-Seine
20260728T141950,A2,2026-07-29T09:00,2026-07-30T09:00,v3.2-pagination-gps,gps,jour,1047047,https://fr.getaround.com/location-voiture/courbevoie/renault-twingo-1047047?program=getaround&searched_address%5Blatitude%5D=48.8847&searched_address%5Blongitude%5D=2.2386,Renault Twingo,2017,GETAROUND CONNECT,MICRO_CITADINE,THERMIQUE,,,deduite,False,62.0,,4.88,109,Puteaux,Courbevoie,Puteaux|Asnières-sur-Seine
20260728T141950,A2,2026-07-29T09:00,2026-07-30T09:00,v3.2-pagination-gps,gps,jour,1710998,https://fr.getaround.com/location-voiture/bois-colombes/renault-twingo-iii-1710998?program=getaround&searched_address%5Blatitude%5D=48.8847&searched_address%5Blongitude%5D=2.2386,Renault Twingo III,2016,GETAROUND CONNECT,MICRO_CITADINE,THERMIQUE,,,deduite,False,56.0,,4.89,35,Puteaux,Bois Colombes,Puteaux|Asnières-sur-Seine
20260728T141950,A2,2026-07-29T09:00,2026-07-30T09:00,v3.2-pagination-gps,gps,jour,1762987,https://fr.getaround.com/location-voiture/courbevoie/peugeot-208-1762987?program=getaround&searched_address%5Blatitude%5D=48.8847&searched_address%5Blongitude%5D=2.2386,Peugeot 208,2019,GETAROUND CONNECT,CITADINE,THERMIQUE,,,deduite,False,53.0,,3.83,6,Puteaux,Courbevoie,Puteaux|Asnières-sur-Seine
20260728T141950,A2,2026-07-29T09:00,2026-07-30T09:00,v3.2-pagination-gps,gps,jour,1770026,https://fr.getaround.com/location-voiture/asnieres-sur-seine/renault-clio-1770026?program=getaround&searched_address%5Blatitude%5D=48.8847&searched_address%5Blongitude%5D=2.2386,Renault Clio,2018,GETAROUND CONNECT,CITADINE,THERMIQUE,,,deduite,False,84.0,,4.75,20,Puteaux,Asnieres Sur Seine,Puteaux|Asnières-sur-Seine
20260728T141950,A2,2026-07-29T09:00,2026-07-30T09:00,v3.2-pagination-gps,gps,jour,899374,https://fr.getaround.com/location-voiture/neuilly-sur-seine/renault-zoe-899374?program=getaround&searched_address%5Blatitude%5D=48.8847&searched_address%5Blongitude%5D=2.2386,Renault ZOE,2020,GETAROUND CONNECT,CITADINE,ELECTRIQUE,,,deduite,False,38.0,,4.77,160,Puteaux,Neuilly Sur Seine,Puteaux|Asnières-sur-Seine
20260728T141950,A2,2026-07-29T09:00,2026-07-30T09:00,v3.2-pagination-gps,gps,jour,1090537,https://fr.getaround.com/location-voiture/asnieres-sur-seine/smart-fortwo-coupe-1090537?program=getaround&searched_address%5Blatitude%5D=48.8847&searched_address%5Blongitude%5D=2.2386,Smart Fortwo Coupé,2012,GETAROUND CONNECT,MICRO_CITADINE,THERMIQUE,,,deduite,False,57.0,,4.89,35,Puteaux,Asnieres Sur Seine,Puteaux|Asnières-sur-Seine
20260728T141950,A2,2026-07-29T09:00,2026-07-30T09:00,v3.2-pagination-gps,gps,jour,399972,https://fr.getaround.com/location-voiture/nanterre/renault-clio-399972?program=getaround&searched_address%5Blatitude%5D=48.8847&searched_address%5Blongitude%5D=2.2386,Renault Clio,2015,GETAROUND CONNECT,CITADINE,THERMIQUE,,,deduite,False,60.0,,4.71,188,Puteaux,Nanterre,Puteaux|Asnières-sur-Seine
20260728T141950,A2,2026-07-29T09:00,2026-07-30T09:00,v3.2-pagination-gps,gps,jour,1205539,https://fr.getaround.com/location-voiture/courbevoie/renault-twingo-ii-1205539?program=getaround&searched_address%5Blatitude%5D=48.8847&searched_address%5Blongitude%5D=2.2386,Renault Twingo II,2013,GETAROUND CONNECT,MICRO_CITADINE,THERMIQUE,,,deduite,False,57.0,,4.96,81,Puteaux,Courbevoie,Puteaux|Asnières-sur-Seine
20260728T141950,A2,2026-07-29T09:00,2026-07-30T09:00,v3.2-pagination-gps,gps,jour,1571182,https://fr.getaround.com/location-voiture/gennevilliers/renault-scenic-1571182?program=getaround&searched_address%5Blatitude%5D=48.8847&searched_address%5Blongitude%5D=2.2386,Renault Scenic,2013,GETAROUND CONNECT,MONOSPACE,THERMIQUE,,,deduite,False,81.0,,4.84,44,Puteaux,Gennevilliers,Puteaux|Asnières-sur-Seine
20260728T141950,A2,2026-07-29T09:00,2026-07-30T09:00,v3.2-pagination-gps,gps,jour,696488,https://fr.getaround.com/location-voiture/asnieres-sur-seine/smart-fortwo-coupe-696488?program=getaround&searched_address%5Blatitude%5D=48.8847&searched_address%5Blongitude%5D=2.2386,Smart Fortwo Coupé,2011,GETAROUND CONNECT,MICRO_CITADINE,THERMIQUE,,,deduite,False,54.0,,4.92,55,Puteaux,Asnieres Sur Seine,Puteaux|Asnières-sur-Seine
20260728T141950,A2,2026-07-29T09:00,2026-07-30T09:00,v3.2-pagination-gps,gps,jour,489829,https://fr.getaround.com/location-voiture/nanterre/volkswagen-polo-489829?program=getaround&searched_address%5Blatitude%5D=48.8847&searched_address%5Blongitude%5D=2.2386,Volkswagen Polo,2015,GETAROUND CONNECT,CITADINE,THERMIQUE,,,deduite,False,60.0,,4.52,184,Puteaux,Nanterre,Puteaux|Asnières-sur-Seine
20260728T141950,A2,2026-07-29T09:00,2026-07-30T09:00,v3.2-pagination-gps,gps,jour,1604848,https://fr.getaround.com/location-voiture/asnieres-sur-seine/fiat-500-1604848?program=getaround&searched_address%5Blatitude%5D=48.8847&searched_address%5Blongitude%5D=2.2386,Fiat 500,2017,GETAROUND CONNECT,CITADINE,THERMIQUE,,,deduite,False,65.0,,4.43,23,Puteaux,Asnieres Sur Seine,Puteaux|Asnières-sur-Seine
20260728T141950,A2,2026-07-29T09:00,2026-07-30T09:00,v3.2-pagination-gps,gps,jour,1722701,https://fr.getaround.com/location-voiture/courbevoie/peugeot-208-1722701?program=getaround&searched_address%5Blatitude%5D=48.8847&searched_address%5Blongitude%5D=2.2386,Peugeot 208,2023,GETAROUND CONNECT,CITADINE,THERMIQUE,,,deduite,False,62.0,,3.89,9,Puteaux,Courbevoie,Puteaux|Asnières-sur-Seine
20260728T141950,A2,2026-07-29T09:00,2026-07-30T09:00,v3.2-pagination-gps,gps,jour,853255,https://fr.getaround.com/location-voiture/courbevoie/renault-twingo-853255?program=getaround&searched_address%5Blatitude%5D=48.8847&searched_address%5Blongitude%5D=2.2386,Renault Twingo,2011,GETAROUND CONNECT,MICRO_CITADINE,THERMIQUE,,,deduite,False,52.0,,4.92,126,Puteaux,Courbevoie,Puteaux|Asnières-sur-Seine
20260728T141950,A2,2026-07-29T09:00,2026-07-30T09:00,v3.2-pagination-gps,gps,jour,1763402,https://fr.getaround.com/location-voiture/neuilly-sur-seine/peugeot-208-1763402?program=getaround&searched_address%5Blatitude%5D=48.8847&searched_address%5Blongitude%5D=2.2386,Peugeot 208,2020,GETAROUND CONNECT,CITADINE,THERMIQUE,,,deduite,False,70.0,,5.0,37,Puteaux,Neuilly Sur Seine,Puteaux|Asnières-sur-Seine
20260728T141950,A2,2026-07-29T09:00,2026-07-30T09:00,v3.2-pagination-gps,gps,jour,1715431,https://fr.getaround.com/location-voiture/clichy/ford-fiesta-1715431?program=getaround&searched_address%5Blatitude%5D=48.8847&searched_address%5Blongitude%5D=2.2386,Ford Fiesta,2021,GETAROUND CONNECT,CITADINE,THERMIQUE,,,deduite,False,53.0,,4.09,11,Puteaux,Clichy,Puteaux|Asnières-sur-Seine
20260728T141950,A2,2026-07-29T09:00,2026-07-30T09:00,v3.2-pagination-gps,gps,jour,1110449,https://fr.getaround.com/location-voiture/colombes/ford-ka-1110449?program=getaround&searched_address%5Blatitude%5D=48.8847&searched_address%5Blongitude%5D=2.2386,Ford Ka,2013,GETAROUND CONNECT,CITADINE,THERMIQUE,,,deduite,False,48.0,,4.83,77,Puteaux,Colombes,Puteaux|Asnières-sur-Seine
20260728T141950,A2,2026-07-29T09:00,2026-07-30T09:00,v3.2-pagination-gps,gps,jour,1355472,https://fr.getaround.com/location-voiture/suresnes/peugeot-208-1355472?program=getaround&searched_address%5Blatitude%5D=48.8847&searched_address%5Blongitude%5D=2.2386,Peugeot 208,2017,GETAROUND CONNECT,CITADINE,THERMIQUE,,,deduite,False,78.0,,4.96,73,Puteaux,Suresnes,Puteaux|Asnières-sur-Seine
20260728T141950,A2,2026-07-29T09:00,2026-07-30T09:00,v3.2-pagination-gps,gps,jour,1590442,https://fr.getaround.com/location-voiture/levallois-perret/peugeot-2008-1590442?program=getaround&searched_address%5Blatitude%5D=48.8847&searched_address%5Blongitude%5D=2.2386,Peugeot 2008,2023,GETAROUND CONNECT,SUV_COMPACT,THERMIQUE,,,deduite,False,75.0,,4.03,31,Puteaux,Levallois Perret,Puteaux|Asnières-sur-Seine
20260728T141950,A2,2026-07-29T09:00,2026-07-30T09:00,v3.2-pagination-gps,gps,jour,1492716,https://fr.getaround.com/location-voiture/nanterre/renault-clio-1492716?program=getaround&searched_address%5Blatitude%5D=48.8847&searched_address%5Blongitude%5D=2.2386,Renault Clio,2021,GETAROUND CONNECT,CITADINE,THERMIQUE,,,deduite,False,53.0,,3.44,42,Puteaux,Nanterre,Puteaux|Asnières-sur-Seine
20260728T141950,A2,2026-07-29T09:00,2026-07-30T09:00,v3.2-pagination-gps,gps,jour,941338,https://fr.getaround.com/location-voiture/levallois-perret/renault-twingo-941338?program=getaround&searched_address%5Blatitude%5D=48.8847&searched_address%5Blongitude%5D=2.2386,Renault Twingo,2011,GETAROUND CONNECT,MICRO_CITADINE,THERMIQUE,,,deduite,False,48.0,,4.57,67,Puteaux,Levallois Perret,Puteaux|Asnières-sur-Seine
20260728T141950,A2,2026-07-29T09:00,2026-07-30T09:00,v3.2-pagination-gps,gps,jour,1430877,https://fr.getaround.com/location-voiture/nanterre/citroen-c3-1430877?program=getaround&searched_address%5Blatitude%5D=48.8847&searched_address%5Blongitude%5D=2.2386,Citroen C3,2018,GETAROUND CONNECT,CITADINE,THERMIQUE,,,deduite,False,70.0,,4.96,71,Puteaux,Nanterre,Puteaux|Asnières-sur-Seine
20260728T141950,A2,2026-07-29T09:00,2026-07-30T09:00,v3.2-pagination-gps,gps,jour,753962,https://fr.getaround.com/location-voiture/clichy/ford-fiesta-753962?program=getaround&searched_address%5Blatitude%5D=48.8847&searched_address%5Blongitude%5D=2.2386,Ford Fiesta,2018,GETAROUND CONNECT,CITADINE,THERMIQUE,,,deduite,False,53.0,,4.37,187,Puteaux,Clichy,Puteaux|Asnières-sur-Seine
20260728T141950,A2,2026-07-29T09:00,2026-07-30T09:00,v3.2-pagination-gps,gps,jour,1617630,https://fr.getaround.com/location-voiture/gennevilliers/renault-clio-1617630?program=getaround&searched_address%5Blatitude%5D=48.8847&searched_address%5Blongitude%5D=2.2386,Renault Clio,2017,GETAROUND CONNECT,CITADINE,THERMIQUE,,,deduite,False,54.0,,4.16,32,Puteaux,Gennevilliers,Puteaux|Asnières-sur-Seine
20260728T141950,A2,2026-07-29T09:00,2026-07-30T09:00,v3.2-pagination-gps,gps,jour,1650497,https://fr.getaround.com/location-voiture/paris/volkswagen-t-cross-1650497?program=getaround&searched_address%5Blatitude%5D=48.8847&searched_address%5Blongitude%5D=2.2386,Volkswagen T-Cross,2024,GETAROUND CONNECT,SUV_COMPACT,THERMIQUE,,,deduite,False,76.0,,4.74,29,Puteaux,Paris,Puteaux|Asnières-sur-Seine
20260728T141950,A2,2026-07-29T09:00,2026-07-30T09:00,v3.2-pagination-gps,gps,jour,958966,https://fr.getaround.com/location-voiture/levallois-perret/renault-twingo-958966?program=getaround&searched_address%5Blatitude%5D=48.8847&searched_address%5Blongitude%5D=2.2386,Renault Twingo,2013,GETAROUND CONNECT,MICRO_CITADINE,THERMIQUE,,,deduite,False,48.0,,4.57,98,Puteaux,Levallois Perret,Puteaux|Asnières-sur-Seine
20260728T141950,A2,2026-07-29T09:00,2026-07-30T09:00,v3.2-pagination-gps,gps,jour,1093031,https://fr.getaround.com/location-voiture/nanterre/peugeot-208-1093031?program=getaround&searched_address%5Blatitude%5D=48.8847&searched_address%5Blongitude%5D=2.2386,Peugeot 208,2018,GETAROUND CONNECT,CITADINE,THERMIQUE,,,deduite,False,70.0,,4.75,57,Puteaux,Nanterre,Puteaux|Asnières-sur-Seine
20260728T141950,A2,2026-07-29T09:00,2026-07-30T09:00,v3.2-pagination-gps,gps,jour,1910506,https://fr.getaround.com/location-voiture/saint-ouen-sur-seine/mini-cooper-3-portes-1910506?program=getaround&searched_address%5Blatitude%5D=48.8847&searched_address%5Blongitude%5D=2.2386,Mini Cooper 3 portes,2016,GETAROUND CONNECT,CITADINE,THERMIQUE,,,deduite,False,73.0,,5.0,7,Puteaux,Saint Ouen Sur Seine,Puteaux|Asnières-sur-Seine
20260728T141950,A2,2026-07-29T09:00,2026-07-30T09:00,v3.2-pagination-gps,gps,jour,452377,https://fr.getaround.com/location-voiture/gennevilliers/renault-clio-452377?program=getaround&searched_address%5Blatitude%5D=48.8847&searched_address%5Blongitude%5D=2.2386,Renault Clio,2017,GETAROUND CONNECT,CITADINE,THERMIQUE,,,deduite,False,59.0,,4.58,172,Puteaux,Gennevilliers,Puteaux|Asnières-sur-Seine
20260728T141950,A2,2026-07-29T09:00,2026-07-30T09:00,v3.2-pagination-gps,gps,jour,1784089,https://fr.getaround.com/location-voiture/courbevoie/renault-austral-e-tech-full-hybrid-1784089?program=getaround&searched_address%5Blatitude%5D=48.8847&searched_address%5Blongitude%5D=2.2386,Renault Austral E-Tech full hybrid,2024,Sur rendez-vous,SUV_COMPACT,ELECTRIQUE,,,deduite,False,136.0,,5.0,1,Puteaux,Courbevoie,Puteaux|Asnières-sur-Seine
20260728T141950,A2,2026-07-29T09:00,2026-07-30T09:00,v3.2-pagination-gps,gps,jour,1650503,https://fr.getaround.com/location-voiture/levallois-perret/volkswagen-t-cross-1650503?program=getaround&searched_address%5Blatitude%5D=48.8847&searched_address%5Blongitude%5D=2.2386,Volkswagen T-Cross,2024,GETAROUND CONNECT,SUV_COMPACT,THERMIQUE,,,deduite,False,76.0,,4.72,43,Puteaux,Levallois Perret,Puteaux|Asnières-sur-Seine
20260728T141950,A2,2026-07-29T09:00,2026-07-30T09:00,v3.2-pagination-gps,gps,jour,1010342,https://fr.getaround.com/location-voiture/asnieres-sur-seine/ford-fiesta-1010342?program=getaround&searched_address%5Blatitude%5D=48.8847&searched_address%5Blongitude%5D=2.2386,Ford Fiesta,2017,GETAROUND CONNECT,CITADINE,THERMIQUE,,,deduite,False,60.0,,4.41,40,Puteaux,Asnieres Sur Seine,Puteaux|Asnières-sur-Seine
20260728T141950,A2,2026-07-29T09:00,2026-07-30T09:00,v3.2-pagination-gps,gps,jour,1251338,https://fr.getaround.com/location-voiture/courbevoie/toyota-yaris-1251338?program=getaround&searched_address%5Blatitude%5D=48.8847&searched_address%5Blongitude%5D=2.2386,Toyota Yaris,2020,GETAROUND CONNECT,CITADINE,THERMIQUE,,,deduite,False,74.0,,4.74,69,Puteaux,Courbevoie,Puteaux|Asnières-sur-Seine
20260728T141950,A2,2026-07-29T09:00,2026-07-30T09:00,v3.2-pagination-gps,gps,jour,1650467,https://fr.getaround.com/location-voiture/asnieres-sur-seine/volkswagen-t-cross-1650467?program=getaround&searched_address%5Blatitude%5D=48.8847&searched_address%5Blongitude%5D=2.2386,Volkswagen T-Cross,2024,GETAROUND CONNECT,SUV_COMPACT,THERMIQUE,,,deduite,False,89.0,,4.59,32,Puteaux,Asnieres Sur Seine,Puteaux|Asnières-sur-Seine
20260728T141950,A2,2026-07-29T09:00,2026-07-30T09:00,v3.2-pagination-gps,gps,jour,1272623,https://fr.getaround.com/location-voiture/levallois-perret/peugeot-208-1272623?program=getaround&searched_address%5Blatitude%5D=48.8847&searched_address%5Blongitude%5D=2.2386,Peugeot 208,2023,GETAROUND CONNECT,CITADINE,THERMIQUE,,,deduite,False,62.0,,4.23,91,Puteaux,Levallois Perret,Puteaux|Asnières-sur-Seine
20260728T141950,A2,2026-07-29T09:00,2026-07-30T09:00,v3.2-pagination-gps,gps,jour,1678235,https://fr.getaround.com/location-voiture/colombes/skoda-fabia-1678235?program=getaround&searched_address%5Blatitude%5D=48.8847&searched_address%5Blongitude%5D=2.2386,Skoda Fabia,2020,GETAROUND CONNECT,CITADINE,THERMIQUE,,,deduite,False,65.0,,4.92,13,Puteaux,Colombes,Puteaux|Asnières-sur-Seine
20260728T141950,A2,2026-07-29T09:00,2026-07-30T09:00,v3.2-pagination-gps,gps,jour,1840526,https://fr.getaround.com/location-voiture/paris/mini-cooper-3-portes-1840526?program=getaround&searched_address%5Blatitude%5D=48.8847&searched_address%5Blongitude%5D=2.2386,Mini Cooper 3 portes,2014,GETAROUND CONNECT,CITADINE,THERMIQUE,,,deduite,False,58.0,,4.7,30,Puteaux,Paris,Puteaux|Asnières-sur-Seine
20260728T141950,A2,2026-07-29T09:00,2026-07-30T09:00,v3.2-pagination-gps,gps,jour,1916379,https://fr.getaround.com/location-voiture/clichy/dacia-sandero-1916379?program=getaround&searched_address%5Blatitude%5D=48.8847&searched_address%5Blongitude%5D=2.2386,Dacia Sandero,2016,GETAROUND CONNECT,CITADINE,THERMIQUE,,,deduite,False,57.0,,5.0,2,Puteaux,Clichy,Puteaux|Asnières-sur-Seine
20260728T141950,A2,2026-07-29T09:00,2026-07-30T09:00,v3.2-pagination-gps,gps,jour,1387832,https://fr.getaround.com/location-voiture/la-garenne-colombes/renault-clio-1387832?program=getaround&searched_address%5Blatitude%5D=48.8847&searched_address%5Blongitude%5D=2.2386,Renault Clio,2014,GETAROUND CONNECT,CITADINE,THERMIQUE,,,deduite,False,60.0,,4.77,71,Puteaux,La Garenne Colombes,Puteaux|Asnières-sur-Seine
20260728T141950,A2,2026-07-29T09:00,2026-07-30T09:00,v3.2-pagination-gps,gps,jour,1518486,https://fr.getaround.com/location-voiture/levallois-perret/fiat-500-1518486?program=getaround&searched_address%5Blatitude%5D=48.8847&searched_address%5Blongitude%5D=2.2386,Fiat 500,2015,GETAROUND CONNECT,CITADINE,THERMIQUE,,,deduite,False,57.0,,4.59,39,Puteaux,Levallois Perret,Puteaux|Asnières-sur-Seine
20260728T141950,A2,2026-07-29T09:00,2026-07-30T09:00,v3.2-pagination-gps,gps,jour,1215378,https://fr.getaround.com/location-voiture/gennevilliers/toyota-yaris-hybride-1215378?program=getaround&searched_address%5Blatitude%5D=48.8847&searched_address%5Blongitude%5D=2.2386,Toyota Yaris Hybride,2022,Sur rendez-vous,CITADINE,HYBRIDE,,,deduite,False,81.0,,4.99,37,Puteaux,Gennevilliers,Puteaux|Asnières-sur-Seine
20260728T141950,A2,2026-07-29T09:00,2026-07-30T09:00,v3.2-pagination-gps,gps,jour,1802313,https://fr.getaround.com/location-voiture/courbevoie/renault-scenic-1802313?program=getaround&searched_address%5Blatitude%5D=48.8847&searched_address%5Blongitude%5D=2.2386,Renault Scenic,2015,GETAROUND CONNECT,MONOSPACE,THERMIQUE,,,deduite,False,57.0,,4.95,21,Puteaux,Courbevoie,Puteaux|Asnières-sur-Seine
20260728T141950,A2,2026-07-29T09:00,2026-07-30T09:00,v3.2-pagination-gps,gps,jour,1512441,https://fr.getaround.com/location-voiture/gennevilliers/renault-megane-1512441?program=getaround&searched_address%5Blatitude%5D=48.8847&searched_address%5Blongitude%5D=2.2386,Renault Mégane,2013,GETAROUND CONNECT,COMPACTE,THERMIQUE,,,deduite,False,58.0,,4.43,35,Puteaux,Gennevilliers,Puteaux|Asnières-sur-Seine
20260728T141950,A2,2026-07-29T09:00,2026-07-30T09:00,v3.2-pagination-gps,gps,jour,1383571,https://fr.getaround.com/location-voiture/neuilly-sur-seine/renault-megane-1383571?program=getaround&searched_address%5Blatitude%5D=48.8847&searched_address%5Blongitude%5D=2.2386,Renault Mégane,2020,GETAROUND CONNECT,COMPACTE,THERMIQUE,,,deduite,False,71.0,,4.77,70,Puteaux,Neuilly Sur Seine,Puteaux|Asnières-sur-Seine
20260728T141950,A2,2026-07-29T09:00,2026-07-30T09:00,v3.2-pagination-gps,gps,jour,1897276,https://fr.getaround.com/location-voiture/saint-denis/renault-clio-societe-1897276?program=getaround&searched_address%5Blatitude%5D=48.9175&searched_address%5Blongitude%5D=2.2869,Renault Clio Société,2017,GETAROUND CONNECT,CITADINE,THERMIQUE,,,deduite,False,47.0,,5.0,4,Asnières-sur-Seine,Saint Denis,Asnières-sur-Seine
20260728T141950,A2,2026-07-29T09:00,2026-07-30T09:00,v3.2-pagination-gps,gps,jour,1833452,https://fr.getaround.com/location-voiture/rueil-malmaison/renault-twingo-iii-1833452?program=getaround&searched_address%5Blatitude%5D=48.8847&searched_address%5Blongitude%5D=2.2386,Renault Twingo III,2019,GETAROUND CONNECT,MICRO_CITADINE,THERMIQUE,,,deduite,False,47.0,,4.56,9,Puteaux,Rueil Malmaison,Puteaux|Asnières-sur-Seine
20260728T141950,A2,2026-07-29T09:00,2026-07-30T09:00,v3.2-pagination-gps,gps,jour,1636942,https://fr.getaround.com/location-voiture/asnieres-sur-seine/renault-clio-1636942?program=getaround&searched_address%5Blatitude%5D=48.8847&searched_address%5Blongitude%5D=2.2386,Renault Clio,2019,GETAROUND CONNECT,CITADINE,THERMIQUE,,,deduite,False,70.0,,4.35,36,Puteaux,Asnieres Sur Seine,Puteaux|Asnières-sur-Seine
20260728T141950,A2,2026-07-29T09:00,2026-07-30T09:00,v3.2-pagination-gps,gps,jour,825859,https://fr.getaround.com/location-voiture/paris/renault-clio-825859?program=getaround&searched_address%5Blatitude%5D=48.8847&searched_address%5Blongitude%5D=2.2386,Renault Clio,2018,GETAROUND CONNECT,CITADINE,THERMIQUE,,,deduite,False,53.0,,3.99,147,Puteaux,Paris,Puteaux|Asnières-sur-Seine
20260728T141950,A2,2026-07-29T09:00,2026-07-30T09:00,v3.2-pagination-gps,gps,jour,1660563,https://fr.getaround.com/location-voiture/suresnes/peugeot-208-1660563?program=getaround&searched_address%5Blatitude%5D=48.8847&searched_address%5Blongitude%5D=2.2386,Peugeot 208,2018,GETAROUND CONNECT,CITADINE,THERMIQUE,,,deduite,False,71.0,,4.83,35,Puteaux,Suresnes,Puteaux|Asnières-sur-Seine
20260728T141950,A2,2026-07-29T09:00,2026-07-30T09:00,v3.2-pagination-gps,gps,jour,1187353,https://fr.getaround.com/location-voiture/paris/renault-clio-1187353?program=getaround&searched_address%5Blatitude%5D=48.8847&searched_address%5Blongitude%5D=2.2386,Renault Clio,2021,GETAROUND CONNECT,CITADINE,THERMIQUE,,,deduite,False,57.0,,4.61,89,Puteaux,Paris,Puteaux|Asnières-sur-Seine
20260728T141950,A2,2026-07-29T09:00,2026-07-30T09:00,v3.2-pagination-gps,gps,jour,1637484,https://fr.getaround.com/location-voiture/saint-ouen-sur-seine/renault-clio-1637484?program=getaround&searched_address%5Blatitude%5D=48.8847&searched_address%5Blongitude%5D=2.2386,Renault Clio,2014,GETAROUND CONNECT,CITADINE,THERMIQUE,,,deduite,False,60.0,,4.84,45,Puteaux,Saint Ouen Sur Seine,Puteaux|Asnières-sur-Seine
20260728T141950,A2,2026-07-29T09:00,2026-07-30T09:00,v3.2-pagination-gps,gps,jour,1919535,https://fr.getaround.com/location-voiture/puteaux/toyota-c-hr-hybrid-1919535?program=getaround&searched_address%5Blatitude%5D=48.8847&searched_address%5Blongitude%5D=2.2386,Toyota C-HR Hybrid,2025,Sur rendez-vous,SUV_COMPACT,HYBRIDE,,,deduite,False,111.0,,5.0,2,Puteaux,Puteaux,Puteaux|Asnières-sur-Seine
20260728T141950,A2,2026-07-29T09:00,2026-07-30T09:00,v3.2-pagination-gps,gps,jour,1133337,https://fr.getaround.com/location-voiture/courbevoie/renault-twingo-iii-1133337?program=getaround&searched_address%5Blatitude%5D=48.8847&searched_address%5Blongitude%5D=2.2386,Renault Twingo III,2015,GETAROUND CONNECT,MICRO_CITADINE,THERMIQUE,,,deduite,False,69.0,,4.92,58,Puteaux,Courbevoie,Puteaux|Asnières-sur-Seine
20260728T141950,A2,2026-07-29T09:00,2026-07-30T09:00,v3.2-pagination-gps,gps,jour,874448,https://fr.getaround.com/location-voiture/bois-colombes/toyota-yaris-874448?program=getaround&searched_address%5Blatitude%5D=48.8847&searched_address%5Blongitude%5D=2.2386,Toyota Yaris,2019,GETAROUND CONNECT,CITADINE,THERMIQUE,,,deduite,False,74.0,,4.94,87,Puteaux,Bois Colombes,Puteaux|Asnières-sur-Seine
20260728T141950,A2,2026-07-29T09:00,2026-07-30T09:00,v3.2-pagination-gps,gps,jour,1900721,https://fr.getaround.com/location-voiture/paris/peugeot-e-208-allure-1900721?program=getaround&searched_address%5Blatitude%5D=48.8847&searched_address%5Blongitude%5D=2.2386,Peugeot e-208 Allure,2021,GETAROUND CONNECT,CITADINE,THERMIQUE,,,deduite,False,68.0,,4.0,4,Puteaux,Paris,Puteaux|Asnières-sur-Seine
20260728T141950,A2,2026-07-29T09:00,2026-07-30T09:00,v3.2-pagination-gps,gps,jour,1892256,https://fr.getaround.com/location-voiture/puteaux/peugeot-208-gt-line-1892256?program=getaround&searched_address%5Blatitude%5D=48.8847&searched_address%5Blongitude%5D=2.2386,Peugeot 208 GT Line,2021,Sur rendez-vous,CITADINE,THERMIQUE,,,deduite,False,78.0,,5.0,1,Puteaux,Puteaux,Puteaux|Asnières-sur-Seine
20260728T141950,A2,2026-07-29T09:00,2026-07-30T09:00,v3.2-pagination-gps,gps,jour,1872524,https://fr.getaround.com/location-voiture/courbevoie/volkswagen-tiguan-1872524?program=getaround&searched_address%5Blatitude%5D=48.8847&searched_address%5Blongitude%5D=2.2386,Volkswagen Tiguan,2018,GETAROUND CONNECT,SUV_COMPACT,THERMIQUE,,,deduite,False,103.0,,5.0,1,Puteaux,Courbevoie,Puteaux|Asnières-sur-Seine
20260728T141950,A2,2026-07-29T09:00,2026-07-30T09:00,v3.2-pagination-gps,gps,jour,1770446,https://fr.getaround.com/location-voiture/rueil-malmaison/renault-5-e-tech-1770446?program=getaround&searched_address%5Blatitude%5D=48.8847&searched_address%5Blongitude%5D=2.2386,Renault 5 E-Tech,2025,GETAROUND CONNECT,CITADINE,ELECTRIQUE,,,deduite,False,71.0,,3.9,10,Puteaux,Rueil Malmaison,Puteaux|Asnières-sur-Seine
20260728T141950,A2,2026-07-29T09:00,2026-07-30T09:00,v3.2-pagination-gps,gps,jour,1783126,https://fr.getaround.com/location-voiture/paris/citroen-c3-1783126?program=getaround&searched_address%5Blatitude%5D=48.8847&searched_address%5Blongitude%5D=2.2386,Citroen C3,2020,GETAROUND CONNECT,CITADINE,THERMIQUE,,,deduite,False,59.0,,4.9,21,Puteaux,Paris,Puteaux|Asnières-sur-Seine
20260728T141950,A2,2026-07-29T09:00,2026-07-30T09:00,v3.2-pagination-gps,gps,jour,1769820,https://fr.getaround.com/location-voiture/paris/renault-clio-e-tech-1769820?program=getaround&searched_address%5Blatitude%5D=48.8847&searched_address%5Blongitude%5D=2.2386,Renault Clio E-tech,2022,GETAROUND CONNECT,CITADINE,ELECTRIQUE,,,deduite,False,65.0,,4.5,10,Puteaux,Paris,Puteaux|Asnières-sur-Seine
20260728T141950,A2,2026-07-29T09:00,2026-07-30T09:00,v3.2-pagination-gps,gps,jour,1184150,https://fr.getaround.com/location-voiture/la-garenne-colombes/skoda-fabia-1184150?program=getaround&searched_address%5Blatitude%5D=48.8847&searched_address%5Blongitude%5D=2.2386,Skoda Fabia,2017,GETAROUND CONNECT,CITADINE,THERMIQUE,,,deduite,False,68.0,,4.75,102,Puteaux,La Garenne Colombes,Puteaux|Asnières-sur-Seine
20260728T141950,A2,2026-07-29T09:00,2026-07-30T09:00,v3.2-pagination-gps,gps,jour,1326860,https://fr.getaround.com/location-voiture/neuilly-sur-seine/renault-megane-1326860?program=getaround&searched_address%5Blatitude%5D=48.8847&searched_address%5Blongitude%5D=2.2386,Renault Mégane,2020,GETAROUND CONNECT,COMPACTE,THERMIQUE,,,deduite,False,71.0,,4.82,47,Puteaux,Neuilly Sur Seine,Puteaux|Asnières-sur-Seine
20260728T141950,A2,2026-07-29T09:00,2026-07-30T09:00,v3.2-pagination-gps,gps,jour,1895894,https://fr.getaround.com/location-voiture/asnieres-sur-seine/citroen-c3-1895894?program=getaround&searched_address%5Blatitude%5D=48.8847&searched_address%5Blongitude%5D=2.2386,Citroen C3,2018,GETAROUND CONNECT,CITADINE,THERMIQUE,,,deduite,False,71.0,,,,Puteaux,Asnieres Sur Seine,Puteaux|Asnières-sur-Seine
20260728T141950,A2,2026-07-29T09:00,2026-07-30T09:00,v3.2-pagination-gps,gps,jour,1285703,https://fr.getaround.com/location-voiture/paris/renault-megane-1285703?program=getaround&searched_address%5Blatitude%5D=48.8847&searched_address%5Blongitude%5D=2.2386,Renault Mégane,2018,GETAROUND CONNECT,COMPACTE,THERMIQUE,,,deduite,False,69.0,,4.81,63,Puteaux,Paris,Puteaux|Asnières-sur-Seine
20260728T141950,A2,2026-07-29T09:00,2026-07-30T09:00,v3.2-pagination-gps,gps,jour,1658513,https://fr.getaround.com/location-voiture/saint-ouen-sur-seine/renault-clio-1658513?program=getaround&searched_address%5Blatitude%5D=48.8847&searched_address%5Blongitude%5D=2.2386,Renault Clio,2018,GETAROUND CONNECT,CITADINE,THERMIQUE,,,deduite,False,65.0,,4.98,43,Puteaux,Saint Ouen Sur Seine,Puteaux|Asnières-sur-Seine
20260728T141950,A2,2026-07-29T09:00,2026-07-30T09:00,v3.2-pagination-gps,gps,jour,1708980,https://fr.getaround.com/location-voiture/paris/renault-clio-e-tech-1708980?program=getaround&searched_address%5Blatitude%5D=48.8847&searched_address%5Blongitude%5D=2.2386,Renault Clio E-tech,2021,GETAROUND CONNECT,CITADINE,ELECTRIQUE,,,deduite,False,65.0,,4.59,17,Puteaux,Paris,Puteaux|Asnières-sur-Seine
20260728T141950,A2,2026-07-29T09:00,2026-07-30T09:00,v3.2-pagination-gps,gps,jour,1804181,https://fr.getaround.com/location-voiture/asnieres-sur-seine/skoda-fabia-1804181?program=getaround&searched_address%5Blatitude%5D=48.8847&searched_address%5Blongitude%5D=2.2386,Skoda Fabia,2016,Sur rendez-vous,CITADINE,THERMIQUE,,,deduite,False,63.0,,4.0,1,Puteaux,Asnieres Sur Seine,Puteaux|Asnières-sur-Seine
20260728T141950,A2,2026-07-29T09:00,2026-07-30T09:00,v3.2-pagination-gps,gps,jour,788177,https://fr.getaround.com/location-voiture/nanterre/volkswagen-polo-788177?program=getaround&searched_address%5Blatitude%5D=48.8847&searched_address%5Blongitude%5D=2.2386,Volkswagen Polo,2015,Sur rendez-vous,CITADINE,THERMIQUE,,,deduite,False,70.0,,4.99,36,Puteaux,Nanterre,Puteaux|Asnières-sur-Seine
20260728T141950,A2,2026-07-29T09:00,2026-07-30T09:00,v3.2-pagination-gps,gps,jour,1931910,https://fr.getaround.com/location-voiture/la-garenne-colombes/volkswagen-tiguan-1931910?program=getaround&searched_address%5Blatitude%5D=48.8847&searched_address%5Blongitude%5D=2.2386,Volkswagen Tiguan,2024,Sur rendez-vous,SUV_COMPACT,THERMIQUE,,,deduite,False,127.0,,5.0,1,Puteaux,La Garenne Colombes,Puteaux|Asnières-sur-Seine
20260728T141950,A2,2026-07-29T09:00,2026-07-30T09:00,v3.2-pagination-gps,gps,jour,1253598,https://fr.getaround.com/location-voiture/neuilly-sur-seine/nissan-pixo-1253598?program=getaround&searched_address%5Blatitude%5D=48.8847&searched_address%5Blongitude%5D=2.2386,Nissan Pixo,2013,GETAROUND CONNECT,MICRO_CITADINE,THERMIQUE,,,deduite,False,60.0,,4.77,85,Puteaux,Neuilly Sur Seine,Puteaux|Asnières-sur-Seine
20260728T141950,A2,2026-07-29T09:00,2026-07-30T09:00,v3.2-pagination-gps,gps,jour,1479656,https://fr.getaround.com/location-voiture/clichy/renault-clio-1479656?program=getaround&searched_address%5Blatitude%5D=48.8847&searched_address%5Blongitude%5D=2.2386,Renault Clio,2023,GETAROUND CONNECT,CITADINE,THERMIQUE,,,deduite,False,75.0,,4.78,56,Puteaux,Clichy,Puteaux|Asnières-sur-Seine
20260728T141950,A2,2026-07-29T09:00,2026-07-30T09:00,v3.2-pagination-gps,gps,jour,1865184,https://fr.getaround.com/location-voiture/paris/peugeot-208-1865184?program=getaround&searched_address%5Blatitude%5D=48.8847&searched_address%5Blongitude%5D=2.2386,Peugeot 208,2016,GETAROUND CONNECT,CITADINE,THERMIQUE,,,deduite,False,64.0,,4.67,12,Puteaux,Paris,Puteaux|Asnières-sur-Seine
20260728T141950,A2,2026-07-29T09:00,2026-07-30T09:00,v3.2-pagination-gps,gps,jour,1631080,https://fr.getaround.com/location-voiture/levallois-perret/renault-twingo-iii-1631080?program=getaround&searched_address%5Blatitude%5D=48.8847&searched_address%5Blongitude%5D=2.2386,Renault Twingo III,2017,GETAROUND CONNECT,MICRO_CITADINE,THERMIQUE,,,deduite,False,65.0,,4.97,29,Puteaux,Levallois Perret,Puteaux|Asnières-sur-Seine
20260728T141950,A2,2026-07-29T09:00,2026-07-30T09:00,v3.2-pagination-gps,gps,jour,1776748,https://fr.getaround.com/location-voiture/bezons/volkswagen-golf-1776748?program=getaround&searched_address%5Blatitude%5D=48.8847&searched_address%5Blongitude%5D=2.2386,Volkswagen Golf,2016,GETAROUND CONNECT,COMPACTE,THERMIQUE,,,deduite,False,61.0,,4.57,14,Puteaux,Bezons,Puteaux|Asnières-sur-Seine
20260728T141950,A2,2026-07-29T09:00,2026-07-30T09:00,v3.2-pagination-gps,gps,jour,960847,https://fr.getaround.com/location-voiture/levallois-perret/renault-clio-960847?program=getaround&searched_address%5Blatitude%5D=48.8847&searched_address%5Blongitude%5D=2.2386,Renault Clio,2014,GETAROUND CONNECT,CITADINE,THERMIQUE,,,deduite,False,60.0,,4.85,115,Puteaux,Levallois Perret,Puteaux|Asnières-sur-Seine
20260728T141950,A2,2026-07-29T09:00,2026-07-30T09:00,v3.2-pagination-gps,gps,jour,666328,https://fr.getaround.com/location-voiture/rueil-malmaison/fiat-500-666328?program=getaround&searched_address%5Blatitude%5D=48.8847&searched_address%5Blongitude%5D=2.2386,Fiat 500,2012,GETAROUND CONNECT,CITADINE,THERMIQUE,,,deduite,False,55.0,,4.66,208,Puteaux,Rueil Malmaison,Puteaux|Asnières-sur-Seine
20260728T141950,A2,2026-07-29T09:00,2026-07-30T09:00,v3.2-pagination-gps,gps,jour,1219231,https://fr.getaround.com/location-voiture/paris/peugeot-208-1219231?program=getaround&searched_address%5Blatitude%5D=48.8847&searched_address%5Blongitude%5D=2.2386,Peugeot 208,2023,GETAROUND CONNECT,CITADINE,THERMIQUE,,,deduite,False,75.0,,3.82,42,Puteaux,Paris,Puteaux|Asnières-sur-Seine
20260728T141950,A2,2026-07-29T09:00,2026-07-30T09:00,v3.2-pagination-gps,gps,jour,1496819,https://fr.getaround.com/location-voiture/paris/peugeot-208-1496819?program=getaround&searched_address%5Blatitude%5D=48.9175&searched_address%5Blongitude%5D=2.2869,Peugeot 208,2020,GETAROUND CONNECT,CITADINE,THERMIQUE,,,deduite,False,57.0,,4.2,46,Asnières-sur-Seine,Paris,Asnières-sur-Seine
20260728T141950,A2,2026-07-29T09:00,2026-07-30T09:00,v3.2-pagination-gps,gps,jour,1641140,https://fr.getaround.com/location-voiture/rueil-malmaison/volkswagen-golf-1641140?program=getaround&searched_address%5Blatitude%5D=48.8847&searched_address%5Blongitude%5D=2.2386,Volkswagen Golf,2014,GETAROUND CONNECT,COMPACTE,THERMIQUE,,,deduite,False,70.0,,4.92,65,Puteaux,Rueil Malmaison,Puteaux|Asnières-sur-Seine
20260728T141950,A2,2026-07-29T09:00,2026-07-30T09:00,v3.2-pagination-gps,gps,jour,1510468,https://fr.getaround.com/location-voiture/colombes/opel-grandland-x-1510468?program=getaround&searched_address%5Blatitude%5D=48.8847&searched_address%5Blongitude%5D=2.2386,Opel Grandland X,2019,Sur rendez-vous,NON_CLASSE,THERMIQUE,,,deduite,False,98.0,,5.0,19,Puteaux,Colombes,Puteaux|Asnières-sur-Seine
20260728T141950,A2,2026-07-29T09:00,2026-07-30T09:00,v3.2-pagination-gps,gps,jour,1879290,https://fr.getaround.com/location-voiture/puteaux/mercedes-benz-classe-a-1879290?program=getaround&searched_address%5Blatitude%5D=48.8847&searched_address%5Blongitude%5D=2.2386,Mercedes-Benz Classe A,2016,Sur rendez-vous,BERLINE,THERMIQUE,,,deduite,False,102.0,,5.0,6,Puteaux,Puteaux,Puteaux|Asnières-sur-Seine
20260728T141950,A2,2026-07-29T09:00,2026-07-30T09:00,v3.2-pagination-gps,gps,jour,676141,https://fr.getaround.com/location-voiture/paris/renault-clio-676141?program=getaround&searched_address%5Blatitude%5D=48.8847&searched_address%5Blongitude%5D=2.2386,Renault Clio,2016,GETAROUND CONNECT,CITADINE,THERMIQUE,,,deduite,False,48.0,,4.15,180,Puteaux,Paris,Puteaux|Asnières-sur-Seine
20260728T141950,A2,2026-07-29T09:00,2026-07-30T09:00,v3.2-pagination-gps,gps,jour,1687875,https://fr.getaround.com/location-voiture/colombes/peugeot-5008-1687875?program=getaround&searched_address%5Blatitude%5D=48.8847&searched_address%5Blongitude%5D=2.2386,Peugeot 5008,2019,Sur rendez-vous,MONOSPACE,THERMIQUE,,,deduite,False,131.0,,5.0,14,Puteaux,Colombes,Puteaux|Asnières-sur-Seine
20260728T141950,A2,2026-07-29T09:00,2026-07-30T09:00,v3.2-pagination-gps,gps,jour,1687044,https://fr.getaround.com/location-voiture/clichy/peugeot-208-1687044?program=getaround&searched_address%5Blatitude%5D=48.8847&searched_address%5Blongitude%5D=2.2386,Peugeot 208,2015,GETAROUND CONNECT,CITADINE,THERMIQUE,,,deduite,False,65.0,,2.5,2,Puteaux,Clichy,Puteaux|Asnières-sur-Seine
20260728T141950,A2,2026-07-29T09:00,2026-07-30T09:00,v3.2-pagination-gps,gps,jour,1650471,https://fr.getaround.com/location-voiture/paris/volkswagen-t-cross-1650471?program=getaround&searched_address%5Blatitude%5D=48.8847&searched_address%5Blongitude%5D=2.2386,Volkswagen T-Cross,2024,GETAROUND CONNECT,SUV_COMPACT,THERMIQUE,,,deduite,False,76.0,,4.76,33,Puteaux,Paris,Puteaux|Asnières-sur-Seine
20260728T141950,A2,2026-07-29T09:00,2026-07-30T09:00,v3.2-pagination-gps,gps,jour,1590444,https://fr.getaround.com/location-voiture/paris/peugeot-2008-1590444?program=getaround&searched_address%5Blatitude%5D=48.8847&searched_address%5Blongitude%5D=2.2386,Peugeot 2008,2023,GETAROUND CONNECT,SUV_COMPACT,THERMIQUE,,,deduite,False,75.0,,4.23,32,Puteaux,Paris,Puteaux|Asnières-sur-Seine
20260728T141950,A2,2026-07-29T09:00,2026-07-30T09:00,v3.2-pagination-gps,gps,jour,893709,https://fr.getaround.com/location-voiture/paris/peugeot-208-893709?program=getaround&searched_address%5Blatitude%5D=48.8847&searched_address%5Blongitude%5D=2.2386,Peugeot 208,2021,GETAROUND CONNECT,CITADINE,THERMIQUE,,,deduite,False,52.0,,4.25,94,Puteaux,Paris,Puteaux|Asnières-sur-Seine
20260728T141950,A2,2026-07-29T09:00,2026-07-30T09:00,v3.2-pagination-gps,gps,jour,1629794,https://fr.getaround.com/location-voiture/levallois-perret/renault-clio-1629794?program=getaround&searched_address%5Blatitude%5D=48.8847&searched_address%5Blongitude%5D=2.2386,Renault Clio,2024,GETAROUND CONNECT,CITADINE,THERMIQUE,,,deduite,False,79.0,,4.76,49,Puteaux,Levallois Perret,Puteaux|Asnières-sur-Seine
20260728T141950,A2,2026-07-29T09:00,2026-07-30T09:00,v3.2-pagination-gps,gps,jour,1414796,https://fr.getaround.com/location-voiture/la-garenne-colombes/peugeot-2008-1414796?program=getaround&searched_address%5Blatitude%5D=48.8847&searched_address%5Blongitude%5D=2.2386,Peugeot 2008,2020,GETAROUND CONNECT,SUV_COMPACT,THERMIQUE,,,deduite,False,88.0,,4.92,13,Puteaux,La Garenne Colombes,Puteaux
20260728T141950,A2,2026-07-29T09:00,2026-07-30T09:00,v3.2-pagination-gps,gps,jour,1852491,https://fr.getaround.com/location-voiture/colombes/renault-twingo-iii-1852491?program=getaround&searched_address%5Blatitude%5D=48.9175&searched_address%5Blongitude%5D=2.2869,Renault Twingo III,2014,Sur rendez-vous,MICRO_CITADINE,THERMIQUE,,,deduite,False,44.0,,5.0,10,Asnières-sur-Seine,Colombes,Asnières-sur-Seine
20260728T141950,A2,2026-07-29T09:00,2026-07-30T09:00,v3.2-pagination-gps,gps,jour,1452798,https://fr.getaround.com/location-voiture/paris/peugeot-208-1452798?program=getaround&searched_address%5Blatitude%5D=48.8847&searched_address%5Blongitude%5D=2.2386,Peugeot 208,2023,GETAROUND CONNECT,CITADINE,THERMIQUE,,,deduite,False,75.0,,4.07,52,Puteaux,Paris,Puteaux|Asnières-sur-Seine
20260728T141950,A2,2026-07-29T09:00,2026-07-30T09:00,v3.2-pagination-gps,gps,jour,1797747,https://fr.getaround.com/location-voiture/asnieres-sur-seine/peugeot-5008-1797747?program=getaround&searched_address%5Blatitude%5D=48.8847&searched_address%5Blongitude%5D=2.2386,Peugeot 5008,2019,GETAROUND CONNECT,MONOSPACE,THERMIQUE,,,deduite,False,125.0,,4.14,7,Puteaux,Asnieres Sur Seine,Puteaux|Asnières-sur-Seine
20260728T141950,A2,2026-07-29T09:00,2026-07-30T09:00,v3.2-pagination-gps,gps,jour,1650506,https://fr.getaround.com/location-voiture/paris/volkswagen-t-cross-1650506?program=getaround&searched_address%5Blatitude%5D=48.8847&searched_address%5Blongitude%5D=2.2386,Volkswagen T-Cross,2024,GETAROUND CONNECT,SUV_COMPACT,THERMIQUE,,,deduite,False,76.0,,4.89,44,Puteaux,Paris,Puteaux|Asnières-sur-Seine
20260728T141950,A2,2026-07-29T09:00,2026-07-30T09:00,v3.2-pagination-gps,gps,jour,1560314,https://fr.getaround.com/location-voiture/paris/toyota-corolla-break-hybride-1560314?program=getaround&searched_address%5Blatitude%5D=48.8847&searched_address%5Blongitude%5D=2.2386,Toyota Corolla Break Hybride,2020,GETAROUND CONNECT,BREAK,HYBRIDE,,,deduite,False,71.0,,4.61,57,Puteaux,Paris,Puteaux|Asnières-sur-Seine
20260728T141950,A2,2026-07-29T09:00,2026-07-30T09:00,v3.2-pagination-gps,gps,jour,658168,https://fr.getaround.com/location-voiture/argenteuil/renault-clio-658168?program=getaround&searched_address%5Blatitude%5D=48.9175&searched_address%5Blongitude%5D=2.2869,Renault Clio,2018,GETAROUND CONNECT,CITADINE,THERMIQUE,,,deduite,False,59.0,,4.37,106,Asnières-sur-Seine,Argenteuil,Asnières-sur-Seine
20260728T141950,A2,2026-07-29T09:00,2026-07-30T09:00,v3.2-pagination-gps,gps,jour,1646937,https://fr.getaround.com/location-voiture/nanterre/citroen-c3-1646937?program=getaround&searched_address%5Blatitude%5D=48.8847&searched_address%5Blongitude%5D=2.2386,Citroen C3,2021,GETAROUND CONNECT,CITADINE,THERMIQUE,,,deduite,False,70.0,,4.51,35,Puteaux,Nanterre,Puteaux|Asnières-sur-Seine
20260728T141950,A2,2026-07-29T09:00,2026-07-30T09:00,v3.2-pagination-gps,gps,jour,1204492,https://fr.getaround.com/location-voiture/la-garenne-colombes/dacia-spring-1204492?program=getaround&searched_address%5Blatitude%5D=48.8847&searched_address%5Blongitude%5D=2.2386,Dacia Spring,2021,GETAROUND CONNECT,CITADINE,THERMIQUE,,,deduite,False,62.0,,4.44,77,Puteaux,La Garenne Colombes,Puteaux|Asnières-sur-Seine
20260728T141950,A2,2026-07-29T09:00,2026-07-30T09:00,v3.2-pagination-gps,gps,jour,730131,https://fr.getaround.com/location-voiture/boulogne-billancourt/renault-clio-730131?program=getaround&searched_address%5Blatitude%5D=48.8847&searched_address%5Blongitude%5D=2.2386,Renault Clio,2018,GETAROUND CONNECT,CITADINE,THERMIQUE,,,deduite,False,53.0,,4.12,176,Puteaux,Boulogne Billancourt,Puteaux|Asnières-sur-Seine
20260728T141950,A2,2026-07-29T09:00,2026-07-30T09:00,v3.2-pagination-gps,gps,jour,1748605,https://fr.getaround.com/location-voiture/bois-colombes/toyota-yaris-hybride-1748605?program=getaround&searched_address%5Blatitude%5D=48.8847&searched_address%5Blongitude%5D=2.2386,Toyota Yaris Hybride,2022,GETAROUND CONNECT,CITADINE,HYBRIDE,,,deduite,False,81.0,,4.97,32,Puteaux,Bois Colombes,Puteaux|Asnières-sur-Seine
20260728T141950,A2,2026-07-29T09:00,2026-07-30T09:00,v3.2-pagination-gps,gps,jour,1708040,https://fr.getaround.com/location-voiture/neuilly-sur-seine/renault-captur-1708040?program=getaround&searched_address%5Blatitude%5D=48.8847&searched_address%5Blongitude%5D=2.2386,Renault Captur,2019,GETAROUND CONNECT,SUV_COMPACT,THERMIQUE,,,deduite,False,81.0,,4.91,23,Puteaux,Neuilly Sur Seine,Puteaux|Asnières-sur-Seine
20260728T141950,A2,2026-07-29T09:00,2026-07-30T09:00,v3.2-pagination-gps,gps,jour,1553938,https://fr.getaround.com/location-voiture/asnieres-sur-seine/fiat-500-lounge-1553938?program=getaround&searched_address%5Blatitude%5D=48.9175&searched_address%5Blongitude%5D=2.2869,Fiat 500 Lounge,2013,Sur rendez-vous,CITADINE,THERMIQUE,,,deduite,False,85.0,,5.0,3,Asnières-sur-Seine,Asnieres Sur Seine,Asnières-sur-Seine
20260728T141950,A2,2026-07-29T09:00,2026-07-30T09:00,v3.2-pagination-gps,gps,jour,1823084,https://fr.getaround.com/location-voiture/rueil-malmaison/peugeot-208-1823084?program=getaround&searched_address%5Blatitude%5D=48.8847&searched_address%5Blongitude%5D=2.2386,Peugeot 208,2016,GETAROUND CONNECT,CITADINE,THERMIQUE,,,deduite,False,64.0,,5.0,15,Puteaux,Rueil Malmaison,Puteaux|Asnières-sur-Seine
20260728T141950,A2,2026-07-29T09:00,2026-07-30T09:00,v3.2-pagination-gps,gps,jour,1706810,https://fr.getaround.com/location-voiture/argenteuil/renault-twingo-ii-1706810?program=getaround&searched_address%5Blatitude%5D=48.8847&searched_address%5Blongitude%5D=2.2386,Renault Twingo II,2014,GETAROUND CONNECT,MICRO_CITADINE,THERMIQUE,,,deduite,False,45.0,,4.93,15,Puteaux,Argenteuil,Puteaux|Asnières-sur-Seine
20260728T141950,A2,2026-07-29T09:00,2026-07-30T09:00,v3.2-pagination-gps,gps,jour,1002074,https://fr.getaround.com/location-voiture/paris/peugeot-208-1002074?program=getaround&searched_address%5Blatitude%5D=48.8847&searched_address%5Blongitude%5D=2.2386,Peugeot 208,2021,GETAROUND CONNECT,CITADINE,THERMIQUE,,,deduite,False,50.0,,4.19,113,Puteaux,Paris,Puteaux|Asnières-sur-Seine
20260728T141950,A2,2026-07-29T09:00,2026-07-30T09:00,v3.2-pagination-gps,gps,jour,1582568,https://fr.getaround.com/location-voiture/paris/peugeot-208-1582568?program=getaround&searched_address%5Blatitude%5D=48.8847&searched_address%5Blongitude%5D=2.2386,Peugeot 208,2020,GETAROUND CONNECT,CITADINE,THERMIQUE,,,deduite,False,65.0,,4.31,29,Puteaux,Paris,Puteaux|Asnières-sur-Seine
20260728T141950,A2,2026-07-29T09:00,2026-07-30T09:00,v3.2-pagination-gps,gps,jour,693323,https://fr.getaround.com/location-voiture/argenteuil/renault-clio-693323?program=getaround&searched_address%5Blatitude%5D=48.9175&searched_address%5Blongitude%5D=2.2869,Renault Clio,2017,GETAROUND CONNECT,CITADINE,THERMIQUE,,,deduite,False,59.0,,4.29,124,Asnières-sur-Seine,Argenteuil,Asnières-sur-Seine
20260728T141950,A2,2026-07-29T09:00,2026-07-30T09:00,v3.2-pagination-gps,gps,jour,1555694,https://fr.getaround.com/location-voiture/paris/toyota-corolla-break-hybride-1555694?program=getaround&searched_address%5Blatitude%5D=48.9175&searched_address%5Blongitude%5D=2.2869,Toyota Corolla Break Hybride,2020,GETAROUND CONNECT,BREAK,HYBRIDE,,,deduite,False,71.0,,4.65,33,Asnières-sur-Seine,Paris,Asnières-sur-Seine
20260728T141950,A2,2026-07-29T09:00,2026-07-30T09:00,v3.2-pagination-gps,gps,jour,787195,https://fr.getaround.com/location-voiture/paris/renault-clio-e-tech-787195?program=getaround&searched_address%5Blatitude%5D=48.8847&searched_address%5Blongitude%5D=2.2386,Renault Clio E-tech,2020,GETAROUND CONNECT,CITADINE,ELECTRIQUE,,,deduite,False,52.0,,4.07,116,Puteaux,Paris,Puteaux|Asnières-sur-Seine
20260728T141950,A2,2026-07-29T09:00,2026-07-30T09:00,v3.2-pagination-gps,gps,jour,1792383,https://fr.getaround.com/location-voiture/bois-colombes/renault-clio-1792383?program=getaround&searched_address%5Blatitude%5D=48.8847&searched_address%5Blongitude%5D=2.2386,Renault Clio,2021,GETAROUND CONNECT,CITADINE,THERMIQUE,,,deduite,False,131.0,,5.0,14,Puteaux,Bois Colombes,Puteaux|Asnières-sur-Seine
20260728T141950,A2,2026-07-29T09:00,2026-07-30T09:00,v3.2-pagination-gps,gps,jour,1717724,https://fr.getaround.com/location-voiture/paris/renault-clio-e-tech-1717724?program=getaround&searched_address%5Blatitude%5D=48.8847&searched_address%5Blongitude%5D=2.2386,Renault Clio E-tech,2021,GETAROUND CONNECT,CITADINE,ELECTRIQUE,,,deduite,False,65.0,,4.59,34,Puteaux,Paris,Puteaux|Asnières-sur-Seine
20260728T141950,A2,2026-07-29T09:00,2026-07-30T09:00,v3.2-pagination-gps,gps,jour,1888798,https://fr.getaround.com/location-voiture/paris/volvo-xc40-recharge-1888798?program=getaround&searched_address%5Blatitude%5D=48.8847&searched_address%5Blongitude%5D=2.2386,Volvo XC40 Recharge,2022,Sur rendez-vous,NON_CLASSE,THERMIQUE,,,deduite,False,138.0,,5.0,2,Puteaux,Paris,Puteaux|Asnières-sur-Seine
20260728T141950,A2,2026-07-29T09:00,2026-07-30T09:00,v3.2-pagination-gps,gps,jour,1902651,https://fr.getaround.com/location-voiture/colombes/renault-twingo-iii-1902651?program=getaround&searched_address%5Blatitude%5D=48.8847&searched_address%5Blongitude%5D=2.2386,Renault Twingo III,2017,Sur rendez-vous,MICRO_CITADINE,THERMIQUE,,,deduite,False,65.0,,,,Puteaux,Colombes,Puteaux|Asnières-sur-Seine
20260728T141950,A2,2026-07-29T09:00,2026-07-30T09:00,v3.2-pagination-gps,gps,jour,846327,https://fr.getaround.com/location-voiture/paris/volkswagen-polo-846327?program=getaround&searched_address%5Blatitude%5D=48.9175&searched_address%5Blongitude%5D=2.2869,Volkswagen Polo,2021,GETAROUND CONNECT,CITADINE,THERMIQUE,,,deduite,False,57.0,,4.3,148,Asnières-sur-Seine,Paris,Asnières-sur-Seine
20260728T141950,A2,2026-07-29T09:00,2026-07-30T09:00,v3.2-pagination-gps,gps,jour,1917357,https://fr.getaround.com/location-voiture/rueil-malmaison/peugeot-208-1917357?program=getaround&searched_address%5Blatitude%5D=48.8847&searched_address%5Blongitude%5D=2.2386,Peugeot 208,2015,GETAROUND CONNECT,CITADINE,THERMIQUE,,,deduite,False,64.0,,5.0,5,Puteaux,Rueil Malmaison,Puteaux|Asnières-sur-Seine
20260728T141950,A2,2026-07-29T09:00,2026-07-30T09:00,v3.2-pagination-gps,gps,jour,1007377,https://fr.getaround.com/location-voiture/paris/citroen-c3-1007377?program=getaround&searched_address%5Blatitude%5D=48.8847&searched_address%5Blongitude%5D=2.2386,Citroen C3,2022,GETAROUND CONNECT,CITADINE,THERMIQUE,,,deduite,False,53.0,,3.91,76,Puteaux,Paris,Puteaux|Asnières-sur-Seine
20260728T141950,A2,2026-07-29T09:00,2026-07-30T09:00,v3.2-pagination-gps,gps,jour,787198,https://fr.getaround.com/location-voiture/paris/renault-clio-787198?program=getaround&searched_address%5Blatitude%5D=48.8847&searched_address%5Blongitude%5D=2.2386,Renault Clio,2020,GETAROUND CONNECT,CITADINE,THERMIQUE,,,deduite,False,52.0,,4.19,161,Puteaux,Paris,Puteaux|Asnières-sur-Seine
20260728T141950,A2,2026-07-29T09:00,2026-07-30T09:00,v3.2-pagination-gps,gps,jour,1240924,https://fr.getaround.com/location-voiture/paris/peugeot-208-1240924?program=getaround&searched_address%5Blatitude%5D=48.8847&searched_address%5Blongitude%5D=2.2386,Peugeot 208,2023,GETAROUND CONNECT,CITADINE,THERMIQUE,,,deduite,False,62.0,,4.39,71,Puteaux,Paris,Puteaux|Asnières-sur-Seine
20260728T141950,A2,2026-07-29T09:00,2026-07-30T09:00,v3.2-pagination-gps,gps,jour,1902942,https://fr.getaround.com/location-voiture/rueil-malmaison/peugeot-208-1902942?program=getaround&searched_address%5Blatitude%5D=48.8847&searched_address%5Blongitude%5D=2.2386,Peugeot 208,2015,GETAROUND CONNECT,CITADINE,THERMIQUE,,,deduite,False,64.0,,5.0,2,Puteaux,Rueil Malmaison,Puteaux|Asnières-sur-Seine
20260728T141950,A2,2026-07-29T09:00,2026-07-30T09:00,v3.2-pagination-gps,gps,jour,1539169,https://fr.getaround.com/location-voiture/paris/peugeot-208-gt-line-1539169?program=getaround&searched_address%5Blatitude%5D=48.8847&searched_address%5Blongitude%5D=2.2386,Peugeot 208 GT Line,2020,GETAROUND CONNECT,CITADINE,THERMIQUE,,,deduite,False,64.0,,4.76,161,Puteaux,Paris,Puteaux|Asnières-sur-Seine
20260728T141950,A2,2026-07-29T09:00,2026-07-30T09:00,v3.2-pagination-gps,gps,jour,1621839,https://fr.getaround.com/location-voiture/levallois-perret/peugeot-308-sw-1621839?program=getaround&searched_address%5Blatitude%5D=48.8847&searched_address%5Blongitude%5D=2.2386,Peugeot 308 SW,2018,GETAROUND CONNECT,BREAK,THERMIQUE,,,deduite,False,83.0,,4.7,37,Puteaux,Levallois Perret,Puteaux|Asnières-sur-Seine
20260728T141950,A2,2026-07-29T09:00,2026-07-30T09:00,v3.2-pagination-gps,gps,jour,1503935,https://fr.getaround.com/location-voiture/colombes/toyota-yaris-hybride-1503935?program=getaround&searched_address%5Blatitude%5D=48.8847&searched_address%5Blongitude%5D=2.2386,Toyota Yaris Hybride,2019,GETAROUND CONNECT,CITADINE,HYBRIDE,,,deduite,False,78.0,,4.9,60,Puteaux,Colombes,Puteaux|Asnières-sur-Seine
20260728T141950,A2,2026-07-29T09:00,2026-07-30T09:00,v3.2-pagination-gps,gps,jour,1261200,https://fr.getaround.com/location-voiture/levallois-perret/renault-clio-1261200?program=getaround&searched_address%5Blatitude%5D=48.8847&searched_address%5Blongitude%5D=2.2386,Renault Clio,2023,GETAROUND CONNECT,CITADINE,THERMIQUE,,,deduite,False,68.0,,3.95,75,Puteaux,Levallois Perret,Puteaux|Asnières-sur-Seine
20260728T141950,A2,2026-07-29T09:00,2026-07-30T09:00,v3.2-pagination-gps,gps,jour,985130,https://fr.getaround.com/location-voiture/argenteuil/citroen-c3-985130?program=getaround&searched_address%5Blatitude%5D=48.9175&searched_address%5Blongitude%5D=2.2869,Citroen C3,2021,GETAROUND CONNECT,CITADINE,THERMIQUE,,,deduite,False,53.0,,4.17,103,Asnières-sur-Seine,Argenteuil,Asnières-sur-Seine
20260728T141950,A2,2026-07-29T09:00,2026-07-30T09:00,v3.2-pagination-gps,gps,jour,1721439,https://fr.getaround.com/location-voiture/paris/renault-megane-1721439?program=getaround&searched_address%5Blatitude%5D=48.8847&searched_address%5Blongitude%5D=2.2386,Renault Mégane,2019,GETAROUND CONNECT,COMPACTE,THERMIQUE,,,deduite,False,78.0,,4.68,19,Puteaux,Paris,Puteaux|Asnières-sur-Seine
20260728T141950,A2,2026-07-29T09:00,2026-07-30T09:00,v3.2-pagination-gps,gps,jour,1681663,https://fr.getaround.com/location-voiture/saint-denis/peugeot-208-1681663?program=getaround&searched_address%5Blatitude%5D=48.9175&searched_address%5Blongitude%5D=2.2869,Peugeot 208,2020,GETAROUND CONNECT,CITADINE,THERMIQUE,,,deduite,False,50.0,,4.33,36,Asnières-sur-Seine,Saint Denis,Asnières-sur-Seine
20260728T141950,A2,2026-07-29T09:00,2026-07-30T09:00,v3.2-pagination-gps,gps,jour,1893886,https://fr.getaround.com/location-voiture/puteaux/volkswagen-passat-1893886?program=getaround&searched_address%5Blatitude%5D=48.8847&searched_address%5Blongitude%5D=2.2386,Volkswagen Passat,2013,Sur rendez-vous,BERLINE,THERMIQUE,,,deduite,False,79.0,,,,Puteaux,Puteaux,Puteaux
20260728T141950,A2,2026-07-29T09:00,2026-07-30T09:00,v3.2-pagination-gps,gps,jour,1766493,https://fr.getaround.com/location-voiture/paris/citroen-c3-1766493?program=getaround&searched_address%5Blatitude%5D=48.8847&searched_address%5Blongitude%5D=2.2386,Citroen C3,2019,GETAROUND CONNECT,CITADINE,THERMIQUE,,,deduite,False,64.0,,4.67,15,Puteaux,Paris,Puteaux|Asnières-sur-Seine
20260728T141950,A2,2026-07-29T09:00,2026-07-30T09:00,v3.2-pagination-gps,gps,jour,1056821,https://fr.getaround.com/location-voiture/la-garenne-colombes/fiat-500-c-1056821?program=getaround&searched_address%5Blatitude%5D=48.8847&searched_address%5Blongitude%5D=2.2386,Fiat 500 C,2016,GETAROUND CONNECT,CABRIOLET,THERMIQUE,,,deduite,False,78.0,,4.89,82,Puteaux,La Garenne Colombes,Puteaux|Asnières-sur-Seine
20260728T141950,A2,2026-07-29T09:00,2026-07-30T09:00,v3.2-pagination-gps,gps,jour,1666439,https://fr.getaround.com/location-voiture/paris/peugeot-208-1666439?program=getaround&searched_address%5Blatitude%5D=48.8847&searched_address%5Blongitude%5D=2.2386,Peugeot 208,2025,GETAROUND CONNECT,CITADINE,THERMIQUE,,,deduite,False,79.0,,4.35,23,Puteaux,Paris,Puteaux|Asnières-sur-Seine
20260728T141950,A2,2026-07-29T09:00,2026-07-30T09:00,v3.2-pagination-gps,gps,jour,1216051,https://fr.getaround.com/location-voiture/neuilly-sur-seine/citroen-c3-1216051?program=getaround&searched_address%5Blatitude%5D=48.8847&searched_address%5Blongitude%5D=2.2386,Citroen C3,2023,GETAROUND CONNECT,CITADINE,THERMIQUE,,,deduite,False,62.0,,4.12,78,Puteaux,Neuilly Sur Seine,Puteaux|Asnières-sur-Seine
20260728T141950,A2,2026-07-29T09:00,2026-07-30T09:00,v3.2-pagination-gps,gps,jour,1253213,https://fr.getaround.com/location-voiture/houilles/peugeot-208-1253213?program=getaround&searched_address%5Blatitude%5D=48.8847&searched_address%5Blongitude%5D=2.2386,Peugeot 208,2023,GETAROUND CONNECT,CITADINE,THERMIQUE,,,deduite,False,70.0,,4.72,46,Puteaux,Houilles,Puteaux|Asnières-sur-Seine
20260728T141950,A2,2026-07-29T09:00,2026-07-30T09:00,v3.2-pagination-gps,gps,jour,1681662,https://fr.getaround.com/location-voiture/paris/peugeot-208-1681662?program=getaround&searched_address%5Blatitude%5D=48.9175&searched_address%5Blongitude%5D=2.2869,Peugeot 208,2020,GETAROUND CONNECT,CITADINE,THERMIQUE,,,deduite,False,53.0,,4.03,32,Asnières-sur-Seine,Paris,Asnières-sur-Seine
20260728T141950,A2,2026-07-29T09:00,2026-07-30T09:00,v3.2-pagination-gps,gps,jour,1718489,https://fr.getaround.com/location-voiture/suresnes/citroen-c3-1718489?program=getaround&searched_address%5Blatitude%5D=48.8847&searched_address%5Blongitude%5D=2.2386,Citroen C3,2017,GETAROUND CONNECT,CITADINE,THERMIQUE,,,deduite,False,71.0,,4.64,22,Puteaux,Suresnes,Puteaux|Asnières-sur-Seine
20260728T141950,A2,2026-07-29T09:00,2026-07-30T09:00,v3.2-pagination-gps,gps,jour,1329495,https://fr.getaround.com/location-voiture/soisy-sous-montmorency/peugeot-208-1329495?program=getaround&searched_address%5Blatitude%5D=48.9175&searched_address%5Blongitude%5D=2.2869,Peugeot 208,2016,Sur rendez-vous,CITADINE,THERMIQUE,,,deduite,False,40.0,,4.93,23,Asnières-sur-Seine,Soisy Sous Montmorency,Asnières-sur-Seine
20260728T141950,A2,2026-07-29T09:00,2026-07-30T09:00,v3.2-pagination-gps,gps,jour,1423438,https://fr.getaround.com/location-voiture/paris/renault-clio-1423438?program=getaround&searched_address%5Blatitude%5D=48.8847&searched_address%5Blongitude%5D=2.2386,Renault Clio,2021,GETAROUND CONNECT,CITADINE,THERMIQUE,,,deduite,False,58.0,,4.91,173,Puteaux,Paris,Puteaux|Asnières-sur-Seine
20260728T141950,A2,2026-07-29T09:00,2026-07-30T09:00,v3.2-pagination-gps,gps,jour,1770853,https://fr.getaround.com/location-voiture/colombes/citroen-c4-1770853?program=getaround&searched_address%5Blatitude%5D=48.9175&searched_address%5Blongitude%5D=2.2869,Citroen C4,2014,Sur rendez-vous,COMPACTE,THERMIQUE,,,deduite,False,54.0,,5.0,19,Asnières-sur-Seine,Colombes,Asnières-sur-Seine
20260728T141950,A2,2026-07-29T09:00,2026-07-30T09:00,v3.2-pagination-gps,gps,jour,1794322,https://fr.getaround.com/location-voiture/ermont/peugeot-208-1794322?program=getaround&searched_address%5Blatitude%5D=48.9175&searched_address%5Blongitude%5D=2.2869,Peugeot 208,2019,GETAROUND CONNECT,CITADINE,THERMIQUE,,,deduite,False,52.0,,4.68,25,Asnières-sur-Seine,Ermont,Asnières-sur-Seine
20260728T141950,A2,2026-07-29T09:00,2026-07-30T09:00,v3.2-pagination-gps,gps,jour,1845844,https://fr.getaround.com/location-voiture/suresnes/hyundai-kona-electric-1845844?program=getaround&searched_address%5Blatitude%5D=48.8847&searched_address%5Blongitude%5D=2.2386,Hyundai Kona Electric,2020,GETAROUND CONNECT,SUV_COMPACT,ELECTRIQUE,,,deduite,False,77.0,,4.5,8,Puteaux,Suresnes,Puteaux|Asnières-sur-Seine
20260728T141950,A2,2026-07-29T09:00,2026-07-30T09:00,v3.2-pagination-gps,gps,jour,1441535,https://fr.getaround.com/location-voiture/paris/peugeot-208-1441535?program=getaround&searched_address%5Blatitude%5D=48.8847&searched_address%5Blongitude%5D=2.2386,Peugeot 208,2023,GETAROUND CONNECT,CITADINE,THERMIQUE,,,deduite,False,79.0,,4.43,51,Puteaux,Paris,Puteaux|Asnières-sur-Seine
20260728T141950,A2,2026-07-29T09:00,2026-07-30T09:00,v3.2-pagination-gps,gps,jour,1665240,https://fr.getaround.com/location-voiture/boulogne-billancourt/peugeot-208-1665240?program=getaround&searched_address%5Blatitude%5D=48.8847&searched_address%5Blongitude%5D=2.2386,Peugeot 208,2020,GETAROUND CONNECT,CITADINE,THERMIQUE,,,deduite,False,53.0,,4.25,36,Puteaux,Boulogne Billancourt,Puteaux|Asnières-sur-Seine
20260728T141950,A2,2026-07-29T09:00,2026-07-30T09:00,v3.2-pagination-gps,gps,jour,1675488,https://fr.getaround.com/location-voiture/paris/peugeot-208-1675488?program=getaround&searched_address%5Blatitude%5D=48.8847&searched_address%5Blongitude%5D=2.2386,Peugeot 208,2025,GETAROUND CONNECT,CITADINE,THERMIQUE,,,deduite,False,84.0,,4.59,34,Puteaux,Paris,Puteaux|Asnières-sur-Seine
20260728T141950,A2,2026-07-29T09:00,2026-07-30T09:00,v3.2-pagination-gps,gps,jour,1650499,https://fr.getaround.com/location-voiture/paris/volkswagen-t-cross-1650499?program=getaround&searched_address%5Blatitude%5D=48.9175&searched_address%5Blongitude%5D=2.2869,Volkswagen T-Cross,2024,GETAROUND CONNECT,SUV_COMPACT,THERMIQUE,,,deduite,False,76.0,,4.89,37,Asnières-sur-Seine,Paris,Asnières-sur-Seine
20260728T141950,A2,2026-07-29T09:00,2026-07-30T09:00,v3.2-pagination-gps,gps,jour,1907868,https://fr.getaround.com/location-voiture/neuilly-sur-seine/renault-arkana-evolution-1907868?program=getaround&searched_address%5Blatitude%5D=48.8847&searched_address%5Blongitude%5D=2.2386,Renault Arkana Evolution,2022,GETAROUND CONNECT,SUV_COMPACT,THERMIQUE,,,deduite,False,100.0,,,,Puteaux,Neuilly Sur Seine,Puteaux|Asnières-sur-Seine
20260728T141950,A2,2026-07-29T09:00,2026-07-30T09:00,v3.2-pagination-gps,gps,jour,1708981,https://fr.getaround.com/location-voiture/paris/peugeot-3008-1708981?program=getaround&searched_address%5Blatitude%5D=48.8847&searched_address%5Blongitude%5D=2.2386,Peugeot 3008,2020,GETAROUND CONNECT,SUV_COMPACT,THERMIQUE,,,deduite,False,77.0,,4.78,27,Puteaux,Paris,Puteaux|Asnières-sur-Seine
20260728T141950,A2,2026-07-29T09:00,2026-07-30T09:00,v3.2-pagination-gps,gps,jour,1631655,https://fr.getaround.com/location-voiture/levallois-perret/opel-corsa-1631655?program=getaround&searched_address%5Blatitude%5D=48.8847&searched_address%5Blongitude%5D=2.2386,Opel Corsa,2024,GETAROUND CONNECT,CITADINE,THERMIQUE,,,deduite,False,84.0,,4.66,29,Puteaux,Levallois Perret,Puteaux|Asnières-sur-Seine
20260728T141950,A2,2026-07-29T09:00,2026-07-30T09:00,v3.2-pagination-gps,gps,jour,872370,https://fr.getaround.com/location-voiture/paris/peugeot-e-208-style-872370?program=getaround&searched_address%5Blatitude%5D=48.8847&searched_address%5Blongitude%5D=2.2386,Peugeot e-208 Style,2021,GETAROUND CONNECT,CITADINE,THERMIQUE,,,deduite,False,74.0,,4.75,48,Puteaux,Paris,Puteaux|Asnières-sur-Seine
20260728T141950,A2,2026-07-29T09:00,2026-07-30T09:00,v3.2-pagination-gps,gps,jour,985157,https://fr.getaround.com/location-voiture/paris/peugeot-208-985157?program=getaround&searched_address%5Blatitude%5D=48.9175&searched_address%5Blongitude%5D=2.2869,Peugeot 208,2021,GETAROUND CONNECT,CITADINE,THERMIQUE,,,deduite,False,53.0,,4.45,67,Asnières-sur-Seine,Paris,Asnières-sur-Seine
20260728T141950,A2,2026-07-29T09:00,2026-07-30T09:00,v3.2-pagination-gps,gps,jour,1231308,https://fr.getaround.com/location-voiture/paris/peugeot-208-1231308?program=getaround&searched_address%5Blatitude%5D=48.8847&searched_address%5Blongitude%5D=2.2386,Peugeot 208,2023,GETAROUND CONNECT,CITADINE,THERMIQUE,,,deduite,False,79.0,,3.93,78,Puteaux,Paris,Puteaux|Asnières-sur-Seine
20260728T141950,A2,2026-07-29T09:00,2026-07-30T09:00,v3.2-pagination-gps,gps,jour,1769823,https://fr.getaround.com/location-voiture/paris/renault-clio-e-tech-1769823?program=getaround&searched_address%5Blatitude%5D=48.9175&searched_address%5Blongitude%5D=2.2869,Renault Clio E-tech,2022,GETAROUND CONNECT,CITADINE,ELECTRIQUE,,,deduite,False,65.0,,4.76,29,Asnières-sur-Seine,Paris,Asnières-sur-Seine
20260728T141950,A2,2026-07-29T09:00,2026-07-30T09:00,v3.2-pagination-gps,gps,jour,1557141,https://fr.getaround.com/location-voiture/paris/peugeot-208-1557141?program=getaround&searched_address%5Blatitude%5D=48.8847&searched_address%5Blongitude%5D=2.2386,Peugeot 208,2023,GETAROUND CONNECT,CITADINE,THERMIQUE,,,deduite,False,61.0,,4.72,9,Puteaux,Paris,Puteaux|Asnières-sur-Seine
20260728T141950,A2,2026-07-29T09:00,2026-07-30T09:00,v3.2-pagination-gps,gps,jour,1349888,https://fr.getaround.com/location-voiture/paris/toyota-yaris-cross-hybrid-1349888?program=getaround&searched_address%5Blatitude%5D=48.8847&searched_address%5Blongitude%5D=2.2386,Toyota Yaris Cross Hybrid,2022,GETAROUND CONNECT,SUV_COMPACT,HYBRIDE,,,deduite,False,71.0,,4.72,69,Puteaux,Paris,Puteaux|Asnières-sur-Seine
20260728T141950,A2,2026-07-29T09:00,2026-07-30T09:00,v3.2-pagination-gps,gps,jour,1338627,https://fr.getaround.com/location-voiture/puteaux/toyota-auris-touring-sports-1338627?program=getaround&searched_address%5Blatitude%5D=48.8847&searched_address%5Blongitude%5D=2.2386,Toyota Auris Touring Sports,2018,Sur rendez-vous,BREAK,THERMIQUE,,,deduite,False,82.0,,,,Puteaux,Puteaux,Puteaux
20260728T141950,A2,2026-07-29T09:00,2026-07-30T09:00,v3.2-pagination-gps,gps,jour,1654628,https://fr.getaround.com/location-voiture/paris/volkswagen-polo-1654628?program=getaround&searched_address%5Blatitude%5D=48.9175&searched_address%5Blongitude%5D=2.2869,Volkswagen Polo,2025,GETAROUND CONNECT,CITADINE,THERMIQUE,,,deduite,False,62.0,,4.56,9,Asnières-sur-Seine,Paris,Asnières-sur-Seine
20260728T141950,A2,2026-07-29T09:00,2026-07-30T09:00,v3.2-pagination-gps,gps,jour,1882597,https://fr.getaround.com/location-voiture/paris/peugeot-208-1882597?program=getaround&searched_address%5Blatitude%5D=48.8847&searched_address%5Blongitude%5D=2.2386,Peugeot 208,2025,GETAROUND CONNECT,CITADINE,THERMIQUE,,,deduite,False,84.0,,5.0,3,Puteaux,Paris,Puteaux|Asnières-sur-Seine
20260728T141950,A2,2026-07-29T09:00,2026-07-30T09:00,v3.2-pagination-gps,gps,jour,1915481,https://fr.getaround.com/location-voiture/nanterre/peugeot-308-1915481?program=getaround&searched_address%5Blatitude%5D=48.8847&searched_address%5Blongitude%5D=2.2386,Peugeot 308,2018,GETAROUND CONNECT,COMPACTE,THERMIQUE,,,deduite,False,106.0,,5.0,2,Puteaux,Nanterre,Puteaux
20260728T141950,A2,2026-07-29T09:00,2026-07-30T09:00,v3.2-pagination-gps,gps,jour,1432561,https://fr.getaround.com/location-voiture/paris/citroen-c3-1432561?program=getaround&searched_address%5Blatitude%5D=48.8847&searched_address%5Blongitude%5D=2.2386,Citroen C3,2023,GETAROUND CONNECT,CITADINE,THERMIQUE,,,deduite,False,75.0,,4.42,39,Puteaux,Paris,Puteaux|Asnières-sur-Seine
20260728T141950,A2,2026-07-29T09:00,2026-07-30T09:00,v3.2-pagination-gps,gps,jour,1272472,https://fr.getaround.com/location-voiture/bois-colombes/toyota-yaris-hybride-1272472?program=getaround&searched_address%5Blatitude%5D=48.8847&searched_address%5Blongitude%5D=2.2386,Toyota Yaris Hybride,2018,GETAROUND CONNECT,CITADINE,HYBRIDE,,,deduite,False,88.0,,4.96,83,Puteaux,Bois Colombes,Puteaux|Asnières-sur-Seine
20260728T141950,A2,2026-07-29T09:00,2026-07-30T09:00,v3.2-pagination-gps,gps,jour,1432562,https://fr.getaround.com/location-voiture/paris/citroen-c3-1432562?program=getaround&searched_address%5Blatitude%5D=48.8847&searched_address%5Blongitude%5D=2.2386,Citroen C3,2023,GETAROUND CONNECT,CITADINE,THERMIQUE,,,deduite,False,75.0,,4.48,45,Puteaux,Paris,Puteaux|Asnières-sur-Seine
20260728T141950,A2,2026-07-29T09:00,2026-07-30T09:00,v3.2-pagination-gps,gps,jour,484151,https://fr.getaround.com/location-voiture/rueil-malmaison/smart-fortwo-coupe-484151?program=getaround&searched_address%5Blatitude%5D=48.8847&searched_address%5Blongitude%5D=2.2386,Smart Fortwo Coupé,2016,GETAROUND CONNECT,MICRO_CITADINE,THERMIQUE,,,deduite,False,56.0,,4.72,171,Puteaux,Rueil Malmaison,Puteaux|Asnières-sur-Seine
20260728T141950,A2,2026-07-29T09:00,2026-07-30T09:00,v3.2-pagination-gps,gps,jour,1691386,https://fr.getaround.com/location-voiture/paris/peugeot-208-1691386?program=getaround&searched_address%5Blatitude%5D=48.8847&searched_address%5Blongitude%5D=2.2386,Peugeot 208,2025,GETAROUND CONNECT,CITADINE,THERMIQUE,,,deduite,False,84.0,,3.14,7,Puteaux,Paris,Puteaux|Asnières-sur-Seine
20260728T141950,A2,2026-07-29T09:00,2026-07-30T09:00,v3.2-pagination-gps,gps,jour,1442853,https://fr.getaround.com/location-voiture/paris/citroen-c3-1442853?program=getaround&searched_address%5Blatitude%5D=48.8847&searched_address%5Blongitude%5D=2.2386,Citroen C3,2023,GETAROUND CONNECT,CITADINE,THERMIQUE,,,deduite,False,75.0,,4.19,45,Puteaux,Paris,Puteaux|Asnières-sur-Seine
20260728T141950,A2,2026-07-29T09:00,2026-07-30T09:00,v3.2-pagination-gps,gps,jour,842529,https://fr.getaround.com/location-voiture/paris/renault-clio-842529?program=getaround&searched_address%5Blatitude%5D=48.8847&searched_address%5Blongitude%5D=2.2386,Renault Clio,2018,GETAROUND CONNECT,CITADINE,THERMIQUE,,,deduite,False,53.0,,4.25,123,Puteaux,Paris,Puteaux|Asnières-sur-Seine
20260728T141950,A2,2026-07-29T09:00,2026-07-30T09:00,v3.2-pagination-gps,gps,jour,478983,https://fr.getaround.com/location-voiture/paris/renault-clio-478983?program=getaround&searched_address%5Blatitude%5D=48.9175&searched_address%5Blongitude%5D=2.2869,Renault Clio,2019,GETAROUND CONNECT,CITADINE,THERMIQUE,,,deduite,False,52.0,,4.41,206,Asnières-sur-Seine,Paris,Asnières-sur-Seine
20260728T141950,A2,2026-07-29T09:00,2026-07-30T09:00,v3.2-pagination-gps,gps,jour,1031523,https://fr.getaround.com/location-voiture/paris/fiat-500-1031523?program=getaround&searched_address%5Blatitude%5D=48.8847&searched_address%5Blongitude%5D=2.2386,Fiat 500,2019,GETAROUND CONNECT,CITADINE,THERMIQUE,,,deduite,False,70.0,,4.98,208,Puteaux,Paris,Puteaux|Asnières-sur-Seine
20260728T141950,A2,2026-07-29T09:00,2026-07-30T09:00,v3.2-pagination-gps,gps,jour,1928674,https://fr.getaround.com/location-voiture/paris/fiat-500l-1928674?program=getaround&searched_address%5Blatitude%5D=48.8847&searched_address%5Blongitude%5D=2.2386,Fiat 500L,2017,GETAROUND CONNECT,CITADINE,THERMIQUE,,,deduite,False,78.0,,5.0,1,Puteaux,Paris,Puteaux|Asnières-sur-Seine
20260728T141950,A2,2026-07-29T09:00,2026-07-30T09:00,v3.2-pagination-gps,gps,jour,1668619,https://fr.getaround.com/location-voiture/paris/peugeot-2008-1668619?program=getaround&searched_address%5Blatitude%5D=48.9175&searched_address%5Blongitude%5D=2.2869,Peugeot 2008,2021,GETAROUND CONNECT,SUV_COMPACT,THERMIQUE,,,deduite,False,77.0,,4.59,27,Asnières-sur-Seine,Paris,Asnières-sur-Seine
20260728T141950,A2,2026-07-29T09:00,2026-07-30T09:00,v3.2-pagination-gps,gps,jour,1631676,https://fr.getaround.com/location-voiture/levallois-perret/opel-corsa-1631676?program=getaround&searched_address%5Blatitude%5D=48.8847&searched_address%5Blongitude%5D=2.2386,Opel Corsa,2024,GETAROUND CONNECT,CITADINE,THERMIQUE,,,deduite,False,84.0,,4.77,45,Puteaux,Levallois Perret,Puteaux|Asnières-sur-Seine
20260728T141950,A2,2026-07-29T09:00,2026-07-30T09:00,v3.2-pagination-gps,gps,jour,1034222,https://fr.getaround.com/location-voiture/paris/peugeot-208-1034222?program=getaround&searched_address%5Blatitude%5D=48.8847&searched_address%5Blongitude%5D=2.2386,Peugeot 208,2016,GETAROUND CONNECT,CITADINE,THERMIQUE,,,deduite,False,54.0,,4.53,58,Puteaux,Paris,Puteaux|Asnières-sur-Seine
20260728T141950,A2,2026-07-29T09:00,2026-07-30T09:00,v3.2-pagination-gps,gps,jour,1002068,https://fr.getaround.com/location-voiture/paris/peugeot-208-1002068?program=getaround&searched_address%5Blatitude%5D=48.8847&searched_address%5Blongitude%5D=2.2386,Peugeot 208,2021,GETAROUND CONNECT,CITADINE,THERMIQUE,,,deduite,False,53.0,,3.74,114,Puteaux,Paris,Puteaux|Asnières-sur-Seine
20260728T141950,A2,2026-07-29T09:00,2026-07-30T09:00,v3.2-pagination-gps,gps,jour,1732897,https://fr.getaround.com/location-voiture/sartrouville/renault-clio-1732897?program=getaround&searched_address%5Blatitude%5D=48.8847&searched_address%5Blongitude%5D=2.2386,Renault Clio,2019,GETAROUND CONNECT,CITADINE,THERMIQUE,,,deduite,False,53.0,,4.83,12,Puteaux,Sartrouville,Puteaux|Asnières-sur-Seine
20260728T141950,A2,2026-07-29T09:00,2026-07-30T09:00,v3.2-pagination-gps,gps,jour,1728863,https://fr.getaround.com/location-voiture/paris/citroen-c4-1728863?program=getaround&searched_address%5Blatitude%5D=48.8847&searched_address%5Blongitude%5D=2.2386,Citroen C4,2015,GETAROUND CONNECT,COMPACTE,THERMIQUE,,,deduite,False,65.0,,4.83,29,Puteaux,Paris,Puteaux|Asnières-sur-Seine
20260728T141950,A2,2026-07-29T09:00,2026-07-30T09:00,v3.2-pagination-gps,gps,jour,1631664,https://fr.getaround.com/location-voiture/levallois-perret/opel-corsa-1631664?program=getaround&searched_address%5Blatitude%5D=48.8847&searched_address%5Blongitude%5D=2.2386,Opel Corsa,2024,GETAROUND CONNECT,CITADINE,THERMIQUE,,,deduite,False,84.0,,4.87,31,Puteaux,Levallois Perret,Puteaux|Asnières-sur-Seine
20260728T141950,A2,2026-07-29T09:00,2026-07-30T09:00,v3.2-pagination-gps,gps,jour,1675509,https://fr.getaround.com/location-voiture/paris/peugeot-208-1675509?program=getaround&searched_address%5Blatitude%5D=48.8847&searched_address%5Blongitude%5D=2.2386,Peugeot 208,2025,GETAROUND CONNECT,CITADINE,THERMIQUE,,,deduite,False,84.0,,3.85,27,Puteaux,Paris,Puteaux|Asnières-sur-Seine
20260728T141950,A2,2026-07-29T09:00,2026-07-30T09:00,v3.2-pagination-gps,gps,jour,845062,https://fr.getaround.com/location-voiture/paris/renault-clio-845062?program=getaround&searched_address%5Blatitude%5D=48.9175&searched_address%5Blongitude%5D=2.2869,Renault Clio,2019,GETAROUND CONNECT,CITADINE,THERMIQUE,,,deduite,False,53.0,,4.03,144,Asnières-sur-Seine,Paris,Asnières-sur-Seine
20260728T141950,A2,2026-07-29T09:00,2026-07-30T09:00,v3.2-pagination-gps,gps,jour,985117,https://fr.getaround.com/location-voiture/paris/peugeot-208-985117?program=getaround&searched_address%5Blatitude%5D=48.8847&searched_address%5Blongitude%5D=2.2386,Peugeot 208,2021,GETAROUND CONNECT,CITADINE,THERMIQUE,,,deduite,False,53.0,,4.05,114,Puteaux,Paris,Puteaux|Asnières-sur-Seine
20260728T141950,A2,2026-07-29T09:00,2026-07-30T09:00,v3.2-pagination-gps,gps,jour,1139133,https://fr.getaround.com/location-voiture/paris/citroen-c3-1139133?program=getaround&searched_address%5Blatitude%5D=48.8847&searched_address%5Blongitude%5D=2.2386,Citroen C3,2021,GETAROUND CONNECT,CITADINE,THERMIQUE,,,deduite,False,53.0,,3.96,64,Puteaux,Paris,Puteaux|Asnières-sur-Seine
20260728T141950,A2,2026-07-29T09:00,2026-07-30T09:00,v3.2-pagination-gps,gps,jour,1793951,https://fr.getaround.com/location-voiture/paris/volkswagen-golf-1793951?program=getaround&searched_address%5Blatitude%5D=48.9175&searched_address%5Blongitude%5D=2.2869,Volkswagen Golf,2018,GETAROUND CONNECT,COMPACTE,THERMIQUE,,,deduite,False,81.0,,4.7,30,Asnières-sur-Seine,Paris,Asnières-sur-Seine
20260728T141950,A2,2026-07-29T09:00,2026-07-30T09:00,v3.2-pagination-gps,gps,jour,1191742,https://fr.getaround.com/location-voiture/paris/renault-clio-1191742?program=getaround&searched_address%5Blatitude%5D=48.9175&searched_address%5Blongitude%5D=2.2869,Renault Clio,2020,GETAROUND CONNECT,CITADINE,THERMIQUE,,,deduite,False,57.0,,4.71,58,Asnières-sur-Seine,Paris,Asnières-sur-Seine
20260728T141950,A2,2026-07-29T09:00,2026-07-30T09:00,v3.2-pagination-gps,gps,jour,1835792,https://fr.getaround.com/location-voiture/boulogne-billancourt/toyota-aygo-ii-1835792?program=getaround&searched_address%5Blatitude%5D=48.8847&searched_address%5Blongitude%5D=2.2386,Toyota Aygo II,2019,GETAROUND CONNECT,MICRO_CITADINE,THERMIQUE,,,deduite,False,63.0,,4.92,12,Puteaux,Boulogne Billancourt,Puteaux|Asnières-sur-Seine
20260728T141950,A2,2026-07-29T09:00,2026-07-30T09:00,v3.2-pagination-gps,gps,jour,985204,https://fr.getaround.com/location-voiture/paris/renault-clio-985204?program=getaround&searched_address%5Blatitude%5D=48.9175&searched_address%5Blongitude%5D=2.2869,Renault Clio,2021,GETAROUND CONNECT,CITADINE,THERMIQUE,,,deduite,False,53.0,,4.36,105,Asnières-sur-Seine,Paris,Asnières-sur-Seine
20260728T141950,A2,2026-07-29T09:00,2026-07-30T09:00,v3.2-pagination-gps,gps,jour,1336183,https://fr.getaround.com/location-voiture/paris/peugeot-208-1336183?program=getaround&searched_address%5Blatitude%5D=48.8847&searched_address%5Blongitude%5D=2.2386,Peugeot 208,2017,GETAROUND CONNECT,CITADINE,THERMIQUE,,,deduite,False,65.0,,4.67,44,Puteaux,Paris,Puteaux|Asnières-sur-Seine
20260728T141950,A2,2026-07-29T09:00,2026-07-30T09:00,v3.2-pagination-gps,gps,jour,1409654,https://fr.getaround.com/location-voiture/levallois-perret/citroen-c4-1409654?program=getaround&searched_address%5Blatitude%5D=48.8847&searched_address%5Blongitude%5D=2.2386,Citroen C4,2015,GETAROUND CONNECT,COMPACTE,THERMIQUE,,,deduite,False,72.0,,4.33,52,Puteaux,Levallois Perret,Puteaux|Asnières-sur-Seine
20260728T141950,A2,2026-07-29T09:00,2026-07-30T09:00,v3.2-pagination-gps,gps,jour,1650443,https://fr.getaround.com/location-voiture/paris/volkswagen-t-cross-1650443?program=getaround&searched_address%5Blatitude%5D=48.8847&searched_address%5Blongitude%5D=2.2386,Volkswagen T-Cross,2024,GETAROUND CONNECT,SUV_COMPACT,THERMIQUE,,,deduite,False,89.0,,4.57,35,Puteaux,Paris,Puteaux|Asnières-sur-Seine
20260728T141950,A2,2026-07-29T09:00,2026-07-30T09:00,v3.2-pagination-gps,gps,jour,1762369,https://fr.getaround.com/location-voiture/paris/renault-captur-1762369?program=getaround&searched_address%5Blatitude%5D=48.8847&searched_address%5Blongitude%5D=2.2386,Renault Captur,2024,GETAROUND CONNECT,SUV_COMPACT,THERMIQUE,,,deduite,False,91.0,,4.57,7,Puteaux,Paris,Puteaux|Asnières-sur-Seine
20260728T141950,A2,2026-07-29T09:00,2026-07-30T09:00,v3.2-pagination-gps,gps,jour,1865414,https://fr.getaround.com/location-voiture/rueil-malmaison/peugeot-108-1865414?program=getaround&searched_address%5Blatitude%5D=48.8847&searched_address%5Blongitude%5D=2.2386,Peugeot 108,2016,GETAROUND CONNECT,MICRO_CITADINE,THERMIQUE,,,deduite,False,55.0,,5.0,9,Puteaux,Rueil Malmaison,Puteaux|Asnières-sur-Seine
20260728T141950,A2,2026-07-29T09:00,2026-07-30T09:00,v3.2-pagination-gps,gps,jour,1839091,https://fr.getaround.com/location-voiture/paris/citroen-c4-picasso-1839091?program=getaround&searched_address%5Blatitude%5D=48.8847&searched_address%5Blongitude%5D=2.2386,Citroen C4 Picasso,2015,GETAROUND CONNECT,MONOSPACE,THERMIQUE,,,deduite,False,60.0,,5.0,8,Puteaux,Paris,Puteaux
20260728T141950,A2,2026-07-29T09:00,2026-07-30T09:00,v3.2-pagination-gps,gps,jour,1882593,https://fr.getaround.com/location-voiture/paris/peugeot-208-1882593?program=getaround&searched_address%5Blatitude%5D=48.8847&searched_address%5Blongitude%5D=2.2386,Peugeot 208,2025,GETAROUND CONNECT,CITADINE,THERMIQUE,,,deduite,False,84.0,,5.0,6,Puteaux,Paris,Puteaux|Asnières-sur-Seine
20260728T141950,A2,2026-07-29T09:00,2026-07-30T09:00,v3.2-pagination-gps,gps,jour,701664,https://fr.getaround.com/location-voiture/paris/renault-twingo-701664?program=getaround&searched_address%5Blatitude%5D=48.8847&searched_address%5Blongitude%5D=2.2386,Renault Twingo,2017,GETAROUND CONNECT,MICRO_CITADINE,THERMIQUE,,,deduite,False,59.0,,4.72,225,Puteaux,Paris,Puteaux|Asnières-sur-Seine
20260728T141950,A2,2026-07-29T09:00,2026-07-30T09:00,v3.2-pagination-gps,gps,jour,1839703,https://fr.getaround.com/location-voiture/paris/renault-zoe-1839703?program=getaround&searched_address%5Blatitude%5D=48.8847&searched_address%5Blongitude%5D=2.2386,Renault ZOE,2020,GETAROUND CONNECT,CITADINE,ELECTRIQUE,,,deduite,False,57.0,,4.79,14,Puteaux,Paris,Puteaux
20260728T141950,A2,2026-07-29T09:00,2026-07-30T09:00,v3.2-pagination-gps,gps,jour,1722656,https://fr.getaround.com/location-voiture/paris/citroen-c3-1722656?program=getaround&searched_address%5Blatitude%5D=48.8847&searched_address%5Blongitude%5D=2.2386,Citroen C3,2021,GETAROUND CONNECT,CITADINE,THERMIQUE,,,deduite,False,53.0,,4.36,22,Puteaux,Paris,Puteaux|Asnières-sur-Seine
20260728T141950,A2,2026-07-29T09:00,2026-07-30T09:00,v3.2-pagination-gps,gps,jour,1841451,https://fr.getaround.com/location-voiture/paris/renault-clio-e-tech-1841451?program=getaround&searched_address%5Blatitude%5D=48.8847&searched_address%5Blongitude%5D=2.2386,Renault Clio E-tech,2021,GETAROUND CONNECT,CITADINE,ELECTRIQUE,,,deduite,False,65.0,,4.5,2,Puteaux,Paris,Puteaux|Asnières-sur-Seine
20260728T141950,A2,2026-07-29T09:00,2026-07-30T09:00,v3.2-pagination-gps,gps,jour,1650510,https://fr.getaround.com/location-voiture/paris/volkswagen-t-cross-1650510?program=getaround&searched_address%5Blatitude%5D=48.8847&searched_address%5Blongitude%5D=2.2386,Volkswagen T-Cross,2024,GETAROUND CONNECT,SUV_COMPACT,THERMIQUE,,,deduite,False,89.0,,4.38,26,Puteaux,Paris,Puteaux|Asnières-sur-Seine
20260728T141950,A2,2026-07-29T09:00,2026-07-30T09:00,v3.2-pagination-gps,gps,jour,1881937,https://fr.getaround.com/location-voiture/paris/peugeot-2008-1881937?program=getaround&searched_address%5Blatitude%5D=48.8847&searched_address%5Blongitude%5D=2.2386,Peugeot 2008,2026,GETAROUND CONNECT,SUV_COMPACT,THERMIQUE,,,deduite,False,103.0,,4.8,5,Puteaux,Paris,Puteaux|Asnières-sur-Seine
20260728T141950,A2,2026-07-29T09:00,2026-07-30T09:00,v3.2-pagination-gps,gps,jour,783686,https://fr.getaround.com/location-voiture/paris/renault-clio-783686?program=getaround&searched_address%5Blatitude%5D=48.9175&searched_address%5Blongitude%5D=2.2869,Renault Clio,2017,GETAROUND CONNECT,CITADINE,THERMIQUE,,,deduite,False,53.0,,4.25,133,Asnières-sur-Seine,Paris,Asnières-sur-Seine
20260728T141950,A2,2026-07-29T09:00,2026-07-30T09:00,v3.2-pagination-gps,gps,jour,1350729,https://fr.getaround.com/location-voiture/paris/renault-clio-1350729?program=getaround&searched_address%5Blatitude%5D=48.8847&searched_address%5Blongitude%5D=2.2386,Renault Clio,2012,Sur rendez-vous,CITADINE,THERMIQUE,,,deduite,False,50.0,,5.0,44,Puteaux,Paris,Puteaux|Asnières-sur-Seine
20260728T141950,A2,2026-07-29T09:00,2026-07-30T09:00,v3.2-pagination-gps,gps,jour,1909635,https://fr.getaround.com/location-voiture/drancy/peugeot-208-1909635?program=getaround&searched_address%5Blatitude%5D=48.9175&searched_address%5Blongitude%5D=2.2869,Peugeot 208,2016,GETAROUND CONNECT,CITADINE,THERMIQUE,,,deduite,False,50.0,,5.0,1,Asnières-sur-Seine,Drancy,Asnières-sur-Seine
20260728T141950,A2,2026-07-29T09:00,2026-07-30T09:00,v3.2-pagination-gps,gps,jour,1639244,https://fr.getaround.com/location-voiture/paris/peugeot-3008-1639244?program=getaround&searched_address%5Blatitude%5D=48.9175&searched_address%5Blongitude%5D=2.2869,Peugeot 3008,2018,GETAROUND CONNECT,SUV_COMPACT,THERMIQUE,,,deduite,False,77.0,,4.19,16,Asnières-sur-Seine,Paris,Asnières-sur-Seine
20260728T141950,A2,2026-07-29T09:00,2026-07-30T09:00,v3.2-pagination-gps,gps,jour,1691309,https://fr.getaround.com/location-voiture/paris/peugeot-208-1691309?program=getaround&searched_address%5Blatitude%5D=48.8847&searched_address%5Blongitude%5D=2.2386,Peugeot 208,2025,GETAROUND CONNECT,CITADINE,THERMIQUE,,,deduite,False,84.0,,4.44,18,Puteaux,Paris,Puteaux|Asnières-sur-Seine
20260728T141950,A2,2026-07-29T09:00,2026-07-30T09:00,v3.2-pagination-gps,gps,jour,1708120,https://fr.getaround.com/location-voiture/paris/peugeot-208-1708120?program=getaround&searched_address%5Blatitude%5D=48.8847&searched_address%5Blongitude%5D=2.2386,Peugeot 208,2025,GETAROUND CONNECT,CITADINE,THERMIQUE,,,deduite,False,81.0,,4.62,21,Puteaux,Paris,Puteaux|Asnières-sur-Seine
20260728T141950,A2,2026-07-29T09:00,2026-07-30T09:00,v3.2-pagination-gps,gps,jour,1540709,https://fr.getaround.com/location-voiture/paris/kia-niro-hybride-1540709?program=getaround&searched_address%5Blatitude%5D=48.9175&searched_address%5Blongitude%5D=2.2869,Kia Niro Hybride,2024,Sur rendez-vous,SUV_COMPACT,HYBRIDE,,,deduite,False,116.0,,5.0,5,Asnières-sur-Seine,Paris,Asnières-sur-Seine
20260728T141950,A2,2026-07-29T09:00,2026-07-30T09:00,v3.2-pagination-gps,gps,jour,1447401,https://fr.getaround.com/location-voiture/paris/renault-clio-1447401?program=getaround&searched_address%5Blatitude%5D=48.8847&searched_address%5Blongitude%5D=2.2386,Renault Clio,2021,GETAROUND CONNECT,CITADINE,THERMIQUE,,,deduite,False,57.0,,4.83,162,Puteaux,Paris,Puteaux|Asnières-sur-Seine
20260728T141950,A2,2026-07-29T09:00,2026-07-30T09:00,v3.2-pagination-gps,gps,jour,1878010,https://fr.getaround.com/location-voiture/paris/renault-clio-e-tech-1878010?program=getaround&searched_address%5Blatitude%5D=48.9175&searched_address%5Blongitude%5D=2.2869,Renault Clio E-tech,2021,GETAROUND CONNECT,CITADINE,ELECTRIQUE,,,deduite,False,70.0,,5.0,1,Asnières-sur-Seine,Paris,Asnières-sur-Seine
20260728T141950,A2,2026-07-29T09:00,2026-07-30T09:00,v3.2-pagination-gps,gps,jour,823365,https://fr.getaround.com/location-voiture/paris/renault-clio-e-tech-823365?program=getaround&searched_address%5Blatitude%5D=48.8847&searched_address%5Blongitude%5D=2.2386,Renault Clio E-tech,2021,GETAROUND CONNECT,CITADINE,ELECTRIQUE,,,deduite,False,57.0,,4.15,104,Puteaux,Paris,Puteaux|Asnières-sur-Seine
20260728T141950,A2,2026-07-29T09:00,2026-07-30T09:00,v3.2-pagination-gps,gps,jour,1534593,https://fr.getaround.com/location-voiture/paris/peugeot-208-1534593?program=getaround&searched_address%5Blatitude%5D=48.9175&searched_address%5Blongitude%5D=2.2869,Peugeot 208,2020,GETAROUND CONNECT,CITADINE,THERMIQUE,,,deduite,False,65.0,,4.74,44,Asnières-sur-Seine,Paris,Asnières-sur-Seine
20260728T141950,A2,2026-07-29T09:00,2026-07-30T09:00,v3.2-pagination-gps,gps,jour,1009443,https://fr.getaround.com/location-voiture/paris/citroen-c3-1009443?program=getaround&searched_address%5Blatitude%5D=48.8847&searched_address%5Blongitude%5D=2.2386,Citroen C3,2022,GETAROUND CONNECT,CITADINE,THERMIQUE,,,deduite,False,53.0,,4.5,103,Puteaux,Paris,Puteaux|Asnières-sur-Seine
20260728T141950,A2,2026-07-29T09:00,2026-07-30T09:00,v3.2-pagination-gps,gps,jour,1464351,https://fr.getaround.com/location-voiture/paris/peugeot-208-1464351?program=getaround&searched_address%5Blatitude%5D=48.9175&searched_address%5Blongitude%5D=2.2869,Peugeot 208,2020,GETAROUND CONNECT,CITADINE,THERMIQUE,,,deduite,False,57.0,,4.43,57,Asnières-sur-Seine,Paris,Asnières-sur-Seine
20260728T141950,A2,2026-07-29T09:00,2026-07-30T09:00,v3.2-pagination-gps,gps,jour,1881900,https://fr.getaround.com/location-voiture/paris/peugeot-2008-1881900?program=getaround&searched_address%5Blatitude%5D=48.8847&searched_address%5Blongitude%5D=2.2386,Peugeot 2008,2026,GETAROUND CONNECT,SUV_COMPACT,THERMIQUE,,,deduite,False,102.0,,5.0,4,Puteaux,Paris,Puteaux|Asnières-sur-Seine
20260728T141950,A2,2026-07-29T09:00,2026-07-30T09:00,v3.2-pagination-gps,gps,jour,1474918,https://fr.getaround.com/location-voiture/paris/peugeot-208-1474918?program=getaround&searched_address%5Blatitude%5D=48.8847&searched_address%5Blongitude%5D=2.2386,Peugeot 208,2023,GETAROUND CONNECT,CITADINE,THERMIQUE,,,deduite,False,61.0,,4.4,15,Puteaux,Paris,Puteaux|Asnières-sur-Seine
20260728T141950,A2,2026-07-29T09:00,2026-07-30T09:00,v3.2-pagination-gps,gps,jour,1926929,https://fr.getaround.com/location-voiture/la-garenne-colombes/citroen-berlingo-multispace-1926929?program=getaround&searched_address%5Blatitude%5D=48.8847&searched_address%5Blongitude%5D=2.2386,Citroen Berlingo Multispace,2018,GETAROUND CONNECT,UTILITAIRE,THERMIQUE,,,deduite,False,84.0,,5.0,1,Puteaux,La Garenne Colombes,Puteaux|Asnières-sur-Seine
20260728T141950,A2,2026-07-29T09:00,2026-07-30T09:00,v3.2-pagination-gps,gps,jour,1746942,https://fr.getaround.com/location-voiture/eaubonne/citroen-c3-1746942?program=getaround&searched_address%5Blatitude%5D=48.9175&searched_address%5Blongitude%5D=2.2869,Citroen C3,2014,GETAROUND CONNECT,CITADINE,THERMIQUE,,,deduite,False,46.0,,4.65,26,Asnières-sur-Seine,Eaubonne,Asnières-sur-Seine
20260728T141950,A2,2026-07-29T09:00,2026-07-30T09:00,v3.2-pagination-gps,gps,jour,1708132,https://fr.getaround.com/location-voiture/paris/peugeot-208-1708132?program=getaround&searched_address%5Blatitude%5D=48.8847&searched_address%5Blongitude%5D=2.2386,Peugeot 208,2025,GETAROUND CONNECT,CITADINE,THERMIQUE,,,deduite,False,84.0,,4.42,19,Puteaux,Paris,Puteaux|Asnières-sur-Seine
20260728T141950,A2,2026-07-29T09:00,2026-07-30T09:00,v3.2-pagination-gps,gps,jour,1802217,https://fr.getaround.com/location-voiture/paris/renault-clio-1802217?program=getaround&searched_address%5Blatitude%5D=48.9175&searched_address%5Blongitude%5D=2.2869,Renault Clio,2021,GETAROUND CONNECT,CITADINE,THERMIQUE,,,deduite,False,57.0,,4.73,15,Asnières-sur-Seine,Paris,Asnières-sur-Seine
20260728T141950,A2,2026-07-29T09:00,2026-07-30T09:00,v3.2-pagination-gps,gps,jour,1650445,https://fr.getaround.com/location-voiture/paris/volkswagen-t-cross-1650445?program=getaround&searched_address%5Blatitude%5D=48.8847&searched_address%5Blongitude%5D=2.2386,Volkswagen T-Cross,2024,GETAROUND CONNECT,SUV_COMPACT,THERMIQUE,,,deduite,False,89.0,,4.0,32,Puteaux,Paris,Puteaux|Asnières-sur-Seine
20260728T141950,A2,2026-07-29T09:00,2026-07-30T09:00,v3.2-pagination-gps,gps,jour,1127703,https://fr.getaround.com/location-voiture/rueil-malmaison/peugeot-208-1127703?program=getaround&searched_address%5Blatitude%5D=48.8847&searched_address%5Blongitude%5D=2.2386,Peugeot 208,2013,GETAROUND CONNECT,CITADINE,THERMIQUE,,,deduite,False,56.0,,4.65,79,Puteaux,Rueil Malmaison,Puteaux|Asnières-sur-Seine
20260728T141950,A2,2026-07-29T09:00,2026-07-30T09:00,v3.2-pagination-gps,gps,jour,1145798,https://fr.getaround.com/location-voiture/asnieres-sur-seine/citroen-c4-cactus-1145798?program=getaround&searched_address%5Blatitude%5D=48.9175&searched_address%5Blongitude%5D=2.2869,Citroen C4 Cactus,2019,Sur rendez-vous,COMPACTE,THERMIQUE,,,deduite,False,130.0,,5.0,8,Asnières-sur-Seine,Asnieres Sur Seine,Asnières-sur-Seine
20260728T141950,A2,2026-07-29T09:00,2026-07-30T09:00,v3.2-pagination-gps,gps,jour,1866470,https://fr.getaround.com/location-voiture/saint-gratien/renault-clio-e-tech-1866470?program=getaround&searched_address%5Blatitude%5D=48.9175&searched_address%5Blongitude%5D=2.2869,Renault Clio E-tech,2022,GETAROUND CONNECT,CITADINE,ELECTRIQUE,,,deduite,False,93.0,,4.95,20,Asnières-sur-Seine,Saint Gratien,Asnières-sur-Seine
20260728T141950,A2,2026-07-29T09:00,2026-07-30T09:00,v3.2-pagination-gps,gps,jour,1929288,https://fr.getaround.com/location-voiture/garches/dacia-sandero-1929288?program=getaround&searched_address%5Blatitude%5D=48.8847&searched_address%5Blongitude%5D=2.2386,Dacia Sandero,2015,Sur rendez-vous,CITADINE,THERMIQUE,,,deduite,False,33.0,,5.0,1,Puteaux,Garches,Puteaux|Asnières-sur-Seine
20260728T141950,A2,2026-07-29T09:00,2026-07-30T09:00,v3.2-pagination-gps,gps,jour,703728,https://fr.getaround.com/location-voiture/montmagny/renault-clio-703728?program=getaround&searched_address%5Blatitude%5D=48.9175&searched_address%5Blongitude%5D=2.2869,Renault Clio,2019,GETAROUND CONNECT,CITADINE,THERMIQUE,,,deduite,False,57.0,,4.53,111,Asnières-sur-Seine,Montmagny,Asnières-sur-Seine
20260728T141950,A2,2026-07-29T09:00,2026-07-30T09:00,v3.2-pagination-gps,gps,jour,1829324,https://fr.getaround.com/location-voiture/boulogne-billancourt/fiat-panda-1829324?program=getaround&searched_address%5Blatitude%5D=48.8847&searched_address%5Blongitude%5D=2.2386,Fiat Panda,2016,GETAROUND CONNECT,MICRO_CITADINE,THERMIQUE,,,deduite,False,60.0,,4.97,29,Puteaux,Boulogne Billancourt,Puteaux|Asnières-sur-Seine
20260728T141950,A2,2026-07-29T09:00,2026-07-30T09:00,v3.2-pagination-gps,gps,jour,1911418,https://fr.getaround.com/location-voiture/sannois/renault-twingo-iii-1911418?program=getaround&searched_address%5Blatitude%5D=48.9175&searched_address%5Blongitude%5D=2.2869,Renault Twingo III,2018,GETAROUND CONNECT,MICRO_CITADINE,THERMIQUE,,,deduite,False,52.0,,5.0,2,Asnières-sur-Seine,Sannois,Asnières-sur-Seine
20260728T141950,A2,2026-07-29T09:00,2026-07-30T09:00,v3.2-pagination-gps,gps,jour,1786831,https://fr.getaround.com/location-voiture/rueil-malmaison/renault-clio-1786831?program=getaround&searched_address%5Blatitude%5D=48.8847&searched_address%5Blongitude%5D=2.2386,Renault Clio,2023,GETAROUND CONNECT,CITADINE,THERMIQUE,,,deduite,False,76.0,,4.81,16,Puteaux,Rueil Malmaison,Puteaux|Asnières-sur-Seine
20260728T141950,A2,2026-07-29T09:00,2026-07-30T09:00,v3.2-pagination-gps,gps,jour,1883676,https://fr.getaround.com/location-voiture/paris/fiat-500-1883676?program=getaround&searched_address%5Blatitude%5D=48.9175&searched_address%5Blongitude%5D=2.2869,Fiat 500,2015,GETAROUND CONNECT,CITADINE,THERMIQUE,,,deduite,False,58.0,,4.56,9,Asnières-sur-Seine,Paris,Asnières-sur-Seine
20260728T141950,A2,2026-07-29T09:00,2026-07-30T09:00,v3.2-pagination-gps,gps,jour,1925584,https://fr.getaround.com/location-voiture/nanterre/land-rover-range-rover-evoque-1925584?program=getaround&searched_address%5Blatitude%5D=48.8847&searched_address%5Blongitude%5D=2.2386,Land-Rover Range Rover Evoque,2015,Sur rendez-vous,NON_CLASSE,THERMIQUE,,,deduite,False,118.0,,5.0,2,Puteaux,Nanterre,Puteaux|Asnières-sur-Seine
20260728T141950,A2,2026-07-29T09:00,2026-07-30T09:00,v3.2-pagination-gps,gps,jour,1851591,https://fr.getaround.com/location-voiture/paris/renault-clio-1851591?program=getaround&searched_address%5Blatitude%5D=48.8847&searched_address%5Blongitude%5D=2.2386,Renault Clio,2018,GETAROUND CONNECT,CITADINE,THERMIQUE,,,deduite,False,70.0,,4.86,7,Puteaux,Paris,Puteaux|Asnières-sur-Seine
20260728T141950,A2,2026-07-29T09:00,2026-07-30T09:00,v3.2-pagination-gps,gps,jour,1752835,https://fr.getaround.com/location-voiture/paris/citroen-c3-1752835?program=getaround&searched_address%5Blatitude%5D=48.9175&searched_address%5Blongitude%5D=2.2869,Citroen C3,2019,GETAROUND CONNECT,CITADINE,THERMIQUE,,,deduite,False,57.0,,4.11,18,Asnières-sur-Seine,Paris,Asnières-sur-Seine
20260728T141950,A2,2026-07-29T09:00,2026-07-30T09:00,v3.2-pagination-gps,gps,jour,733694,https://fr.getaround.com/location-voiture/paris/fiat-500-733694?program=getaround&searched_address%5Blatitude%5D=48.8847&searched_address%5Blongitude%5D=2.2386,Fiat 500,2017,GETAROUND CONNECT,CITADINE,THERMIQUE,,,deduite,False,65.0,,4.5,53,Puteaux,Paris,Puteaux
20260728T141950,A2,2026-07-29T09:00,2026-07-30T09:00,v3.2-pagination-gps,gps,jour,1041838,https://fr.getaround.com/location-voiture/paris/fiat-panda-1041838?program=getaround&searched_address%5Blatitude%5D=48.8847&searched_address%5Blongitude%5D=2.2386,Fiat Panda,2017,GETAROUND CONNECT,MICRO_CITADINE,THERMIQUE,,,deduite,False,49.0,,4.62,20,Puteaux,Paris,Puteaux|Asnières-sur-Seine
20260728T141950,A2,2026-07-29T09:00,2026-07-30T09:00,v3.2-pagination-gps,gps,jour,1357432,https://fr.getaround.com/location-voiture/levallois-perret/peugeot-2008-1357432?program=getaround&searched_address%5Blatitude%5D=48.8847&searched_address%5Blongitude%5D=2.2386,Peugeot 2008,2023,GETAROUND CONNECT,SUV_COMPACT,THERMIQUE,,,deduite,False,95.0,,4.4,68,Puteaux,Levallois Perret,Puteaux|Asnières-sur-Seine
20260728T141950,A2,2026-07-29T09:00,2026-07-30T09:00,v3.2-pagination-gps,gps,jour,1590454,https://fr.getaround.com/location-voiture/paris/peugeot-2008-1590454?program=getaround&searched_address%5Blatitude%5D=48.9175&searched_address%5Blongitude%5D=2.2869,Peugeot 2008,2023,GETAROUND CONNECT,SUV_COMPACT,THERMIQUE,,,deduite,False,75.0,,4.78,44,Asnières-sur-Seine,Paris,Asnières-sur-Seine
20260728T141950,A2,2026-07-29T09:00,2026-07-30T09:00,v3.2-pagination-gps,gps,jour,558456,https://fr.getaround.com/location-voiture/nanterre/citroen-c3-558456?program=getaround&searched_address%5Blatitude%5D=48.8847&searched_address%5Blongitude%5D=2.2386,Citroen C3,2015,Sur rendez-vous,CITADINE,THERMIQUE,,,deduite,False,64.0,,4.72,99,Puteaux,Nanterre,Puteaux
20260728T141950,A2,2026-07-29T09:00,2026-07-30T09:00,v3.2-pagination-gps,gps,jour,1898548,https://fr.getaround.com/location-voiture/saint-ouen-sur-seine/seat-arona-1898548?program=getaround&searched_address%5Blatitude%5D=48.8847&searched_address%5Blongitude%5D=2.2386,Seat Arona,2018,GETAROUND CONNECT,SUV_COMPACT,THERMIQUE,,,deduite,False,83.0,,4.8,5,Puteaux,Saint Ouen Sur Seine,Puteaux|Asnières-sur-Seine
20260728T141950,A2,2026-07-29T09:00,2026-07-30T09:00,v3.2-pagination-gps,gps,jour,1737221,https://fr.getaround.com/location-voiture/argenteuil/renault-twingo-ii-1737221?program=getaround&searched_address%5Blatitude%5D=48.8847&searched_address%5Blongitude%5D=2.2386,Renault Twingo II,2014,GETAROUND CONNECT,MICRO_CITADINE,THERMIQUE,,,deduite,False,55.0,,4.76,17,Puteaux,Argenteuil,Puteaux|Asnières-sur-Seine
20260728T141950,A2,2026-07-29T09:00,2026-07-30T09:00,v3.2-pagination-gps,gps,jour,1745072,https://fr.getaround.com/location-voiture/paris/peugeot-208-1745072?program=getaround&searched_address%5Blatitude%5D=48.8847&searched_address%5Blongitude%5D=2.2386,Peugeot 208,2020,GETAROUND CONNECT,CITADINE,THERMIQUE,,,deduite,False,65.0,,4.39,28,Puteaux,Paris,Puteaux|Asnières-sur-Seine
20260728T141950,A2,2026-07-29T09:00,2026-07-30T09:00,v3.2-pagination-gps,gps,jour,1241184,https://fr.getaround.com/location-voiture/paris/peugeot-208-1241184?program=getaround&searched_address%5Blatitude%5D=48.8847&searched_address%5Blongitude%5D=2.2386,Peugeot 208,2023,GETAROUND CONNECT,CITADINE,THERMIQUE,,,deduite,False,79.0,,4.59,61,Puteaux,Paris,Puteaux|Asnières-sur-Seine
20260728T141950,A2,2026-07-29T09:00,2026-07-30T09:00,v3.2-pagination-gps,gps,jour,1875699,https://fr.getaround.com/location-voiture/enghien-les-bains/citroen-c4-picasso-1875699?program=getaround&searched_address%5Blatitude%5D=48.9175&searched_address%5Blongitude%5D=2.2869,Citroen C4 Picasso,2017,GETAROUND CONNECT,MONOSPACE,THERMIQUE,,,deduite,False,64.0,,,,Asnières-sur-Seine,Enghien Les Bains,Asnières-sur-Seine
20260728T141950,A2,2026-07-29T09:00,2026-07-30T09:00,v3.2-pagination-gps,gps,jour,1787779,https://fr.getaround.com/location-voiture/paris/peugeot-208-1787779?program=getaround&searched_address%5Blatitude%5D=48.8847&searched_address%5Blongitude%5D=2.2386,Peugeot 208,2025,GETAROUND CONNECT,CITADINE,THERMIQUE,,,deduite,False,84.0,,3.56,9,Puteaux,Paris,Puteaux|Asnières-sur-Seine
20260728T141950,A2,2026-07-29T09:00,2026-07-30T09:00,v3.2-pagination-gps,gps,jour,1763978,https://fr.getaround.com/location-voiture/colombes/toyota-yaris-hybride-1763978?program=getaround&searched_address%5Blatitude%5D=48.8847&searched_address%5Blongitude%5D=2.2386,Toyota Yaris Hybride,2019,GETAROUND CONNECT,CITADINE,HYBRIDE,,,deduite,False,90.0,,5.0,31,Puteaux,Colombes,Puteaux|Asnières-sur-Seine
20260728T141950,A2,2026-07-29T09:00,2026-07-30T09:00,v3.2-pagination-gps,gps,jour,1856299,https://fr.getaround.com/location-voiture/paris/renault-clio-1856299?program=getaround&searched_address%5Blatitude%5D=48.9175&searched_address%5Blongitude%5D=2.2869,Renault Clio,2019,GETAROUND CONNECT,CITADINE,THERMIQUE,,,deduite,False,57.0,,,,Asnières-sur-Seine,Paris,Asnières-sur-Seine
20260728T141950,A2,2026-07-29T09:00,2026-07-30T09:00,v3.2-pagination-gps,gps,jour,1613045,https://fr.getaround.com/location-voiture/puteaux/toyota-corolla-break-hybride-1613045?program=getaround&searched_address%5Blatitude%5D=48.8847&searched_address%5Blongitude%5D=2.2386,Toyota Corolla Break Hybride,2020,Sur rendez-vous,BREAK,HYBRIDE,,,deduite,False,82.0,,,,Puteaux,Puteaux,Puteaux
20260728T141950,A2,2026-07-29T09:00,2026-07-30T09:00,v3.2-pagination-gps,gps,jour,1717722,https://fr.getaround.com/location-voiture/paris/renault-clio-e-tech-1717722?program=getaround&searched_address%5Blatitude%5D=48.8847&searched_address%5Blongitude%5D=2.2386,Renault Clio E-tech,2021,GETAROUND CONNECT,CITADINE,ELECTRIQUE,,,deduite,False,65.0,,4.52,21,Puteaux,Paris,Puteaux|Asnières-sur-Seine
20260728T141950,A2,2026-07-29T09:00,2026-07-30T09:00,v3.2-pagination-gps,gps,jour,714807,https://fr.getaround.com/location-voiture/paris/renault-clio-714807?program=getaround&searched_address%5Blatitude%5D=48.8847&searched_address%5Blongitude%5D=2.2386,Renault Clio,2020,GETAROUND CONNECT,CITADINE,THERMIQUE,,,deduite,False,54.0,,4.25,179,Puteaux,Paris,Puteaux|Asnières-sur-Seine
20260728T141950,A2,2026-07-29T09:00,2026-07-30T09:00,v3.2-pagination-gps,gps,jour,711416,https://fr.getaround.com/location-voiture/paris/peugeot-2008-711416?program=getaround&searched_address%5Blatitude%5D=48.9175&searched_address%5Blongitude%5D=2.2869,Peugeot 2008,2019,GETAROUND CONNECT,SUV_COMPACT,THERMIQUE,,,deduite,False,62.0,,4.0,45,Asnières-sur-Seine,Paris,Asnières-sur-Seine
20260728T141950,A2,2026-07-29T09:00,2026-07-30T09:00,v3.2-pagination-gps,gps,jour,1665189,https://fr.getaround.com/location-voiture/paris/peugeot-208-1665189?program=getaround&searched_address%5Blatitude%5D=48.9175&searched_address%5Blongitude%5D=2.2869,Peugeot 208,2019,GETAROUND CONNECT,CITADINE,THERMIQUE,,,deduite,False,53.0,,4.05,43,Asnières-sur-Seine,Paris,Asnières-sur-Seine
20260728T141950,A2,2026-07-29T09:00,2026-07-30T09:00,v3.2-pagination-gps,gps,jour,1787693,https://fr.getaround.com/location-voiture/paris/peugeot-208-1787693?program=getaround&searched_address%5Blatitude%5D=48.8847&searched_address%5Blongitude%5D=2.2386,Peugeot 208,2025,GETAROUND CONNECT,CITADINE,THERMIQUE,,,deduite,False,84.0,,3.4,5,Puteaux,Paris,Puteaux|Asnières-sur-Seine
20260728T141950,A2,2026-07-29T09:00,2026-07-30T09:00,v3.2-pagination-gps,gps,jour,1374147,https://fr.getaround.com/location-voiture/saint-ouen-sur-seine/renault-clio-1374147?program=getaround&searched_address%5Blatitude%5D=48.9175&searched_address%5Blongitude%5D=2.2869,Renault Clio,2019,GETAROUND CONNECT,CITADINE,THERMIQUE,,,deduite,False,70.0,,4.83,52,Asnières-sur-Seine,Saint Ouen Sur Seine,Asnières-sur-Seine
20260728T141950,A2,2026-07-29T09:00,2026-07-30T09:00,v3.2-pagination-gps,gps,jour,1274902,https://fr.getaround.com/location-voiture/paris/renault-clio-1274902?program=getaround&searched_address%5Blatitude%5D=48.8847&searched_address%5Blongitude%5D=2.2386,Renault Clio,2023,GETAROUND CONNECT,CITADINE,THERMIQUE,,,deduite,False,75.0,,4.02,26,Puteaux,Paris,Puteaux|Asnières-sur-Seine
20260728T141950,A2,2026-07-29T09:00,2026-07-30T09:00,v3.2-pagination-gps,gps,jour,1655119,https://fr.getaround.com/location-voiture/saint-gratien/renault-clio-e-tech-1655119?program=getaround&searched_address%5Blatitude%5D=48.9175&searched_address%5Blongitude%5D=2.2869,Renault Clio E-tech,2022,GETAROUND CONNECT,CITADINE,ELECTRIQUE,,,deduite,False,93.0,,4.74,19,Asnières-sur-Seine,Saint Gratien,Asnières-sur-Seine
20260728T141950,A2,2026-07-29T09:00,2026-07-30T09:00,v3.2-pagination-gps,gps,jour,1853404,https://fr.getaround.com/location-voiture/paris/toyota-corolla-break-hybride-1853404?program=getaround&searched_address%5Blatitude%5D=48.8847&searched_address%5Blongitude%5D=2.2386,Toyota Corolla Break Hybride,2024,GETAROUND CONNECT,BREAK,HYBRIDE,,,deduite,False,81.0,,5.0,4,Puteaux,Paris,Puteaux|Asnières-sur-Seine
20260728T141950,A2,2026-07-29T09:00,2026-07-30T09:00,v3.2-pagination-gps,gps,jour,1686169,https://fr.getaround.com/location-voiture/paris/renault-megane-estate-1686169?program=getaround&searched_address%5Blatitude%5D=48.8847&searched_address%5Blongitude%5D=2.2386,Renault Mégane Estate,2019,GETAROUND CONNECT,BREAK,THERMIQUE,,,deduite,False,80.0,,4.22,9,Puteaux,Paris,Puteaux|Asnières-sur-Seine
20260728T141950,A2,2026-07-29T09:00,2026-07-30T09:00,v3.2-pagination-gps,gps,jour,851209,https://fr.getaround.com/location-voiture/boulogne-billancourt/peugeot-208-851209?program=getaround&searched_address%5Blatitude%5D=48.8847&searched_address%5Blongitude%5D=2.2386,Peugeot 208,2021,GETAROUND CONNECT,CITADINE,THERMIQUE,,,deduite,False,62.0,,4.44,115,Puteaux,Boulogne Billancourt,Puteaux|Asnières-sur-Seine
20260728T141950,A2,2026-07-29T09:00,2026-07-30T09:00,v3.2-pagination-gps,gps,jour,1804473,https://fr.getaround.com/location-voiture/colombes/ford-fiesta-1804473?program=getaround&searched_address%5Blatitude%5D=48.8847&searched_address%5Blongitude%5D=2.2386,Ford Fiesta,2019,Sur rendez-vous,CITADINE,THERMIQUE,,,deduite,False,46.0,,4.0,4,Puteaux,Colombes,Puteaux|Asnières-sur-Seine
20260728T141950,A2,2026-07-29T09:00,2026-07-30T09:00,v3.2-pagination-gps,gps,jour,1572029,https://fr.getaround.com/location-voiture/montesson/renault-clio-1572029?program=getaround&searched_address%5Blatitude%5D=48.8847&searched_address%5Blongitude%5D=2.2386,Renault Clio,2024,GETAROUND CONNECT,CITADINE,THERMIQUE,,,deduite,False,64.0,,4.7,38,Puteaux,Montesson,Puteaux
20260728T141950,A2,2026-07-29T09:00,2026-07-30T09:00,v3.2-pagination-gps,gps,jour,823380,https://fr.getaround.com/location-voiture/paris/renault-clio-e-tech-823380?program=getaround&searched_address%5Blatitude%5D=48.9175&searched_address%5Blongitude%5D=2.2869,Renault Clio E-tech,2021,GETAROUND CONNECT,CITADINE,ELECTRIQUE,,,deduite,False,59.0,,4.21,140,Asnières-sur-Seine,Paris,Asnières-sur-Seine
20260728T141950,A2,2026-07-29T09:00,2026-07-30T09:00,v3.2-pagination-gps,gps,jour,714802,https://fr.getaround.com/location-voiture/paris/fiat-500-x-714802?program=getaround&searched_address%5Blatitude%5D=48.8847&searched_address%5Blongitude%5D=2.2386,Fiat 500 X,2020,GETAROUND CONNECT,CITADINE,THERMIQUE,,,deduite,False,62.0,,3.75,101,Puteaux,Paris,Puteaux|Asnières-sur-Seine
20260728T141950,A2,2026-07-29T09:00,2026-07-30T09:00,v3.2-pagination-gps,gps,jour,1543440,https://fr.getaround.com/location-voiture/aubervilliers/volkswagen-polo-1543440?program=getaround&searched_address%5Blatitude%5D=48.9175&searched_address%5Blongitude%5D=2.2869,Volkswagen Polo,2014,Sur rendez-vous,CITADINE,THERMIQUE,,,deduite,False,68.0,,5.0,13,Asnières-sur-Seine,Aubervilliers,Asnières-sur-Seine
20260728T141950,A2,2026-07-29T09:00,2026-07-30T09:00,v3.2-pagination-gps,gps,jour,1918285,https://fr.getaround.com/location-voiture/la-garenne-colombes/dacia-spring-1918285?program=getaround&searched_address%5Blatitude%5D=48.8847&searched_address%5Blongitude%5D=2.2386,Dacia Spring,2022,GETAROUND CONNECT,CITADINE,THERMIQUE,,,deduite,False,65.0,,,,Puteaux,La Garenne Colombes,Puteaux|Asnières-sur-Seine
20260728T141950,A2,2026-07-29T09:00,2026-07-30T09:00,v3.2-pagination-gps,gps,jour,1911653,https://fr.getaround.com/location-voiture/asnieres-sur-seine/fiat-500-x-1911653?program=getaround&searched_address%5Blatitude%5D=48.9175&searched_address%5Blongitude%5D=2.2869,Fiat 500 X,2018,Sur rendez-vous,CITADINE,THERMIQUE,,,deduite,False,78.0,,,,Asnières-sur-Seine,Asnieres Sur Seine,Asnières-sur-Seine
20260728T141950,A2,2026-07-29T09:00,2026-07-30T09:00,v3.2-pagination-gps,gps,jour,829228,https://fr.getaround.com/location-voiture/paris/citroen-c4-cactus-829228?program=getaround&searched_address%5Blatitude%5D=48.8847&searched_address%5Blongitude%5D=2.2386,Citroen C4 Cactus,2018,GETAROUND CONNECT,COMPACTE,THERMIQUE,,,deduite,False,65.0,,3.96,136,Puteaux,Paris,Puteaux|Asnières-sur-Seine
20260728T141950,A2,2026-07-29T09:00,2026-07-30T09:00,v3.2-pagination-gps,gps,jour,1476506,https://fr.getaround.com/location-voiture/paris/peugeot-3008-1476506?program=getaround&searched_address%5Blatitude%5D=48.8847&searched_address%5Blongitude%5D=2.2386,Peugeot 3008,2021,GETAROUND CONNECT,SUV_COMPACT,THERMIQUE,,,deduite,False,83.0,,3.9,53,Puteaux,Paris,Puteaux|Asnières-sur-Seine
20260728T141950,A2,2026-07-29T09:00,2026-07-30T09:00,v3.2-pagination-gps,gps,jour,1806944,https://fr.getaround.com/location-voiture/paris/fiat-500-hybride-1806944?program=getaround&searched_address%5Blatitude%5D=48.8847&searched_address%5Blongitude%5D=2.2386,Fiat 500 Hybride,2023,GETAROUND CONNECT,CITADINE,HYBRIDE,,,deduite,False,62.0,,4.33,12,Puteaux,Paris,Puteaux|Asnières-sur-Seine
20260728T141950,A2,2026-07-29T09:00,2026-07-30T09:00,v3.2-pagination-gps,gps,jour,1745274,https://fr.getaround.com/location-voiture/paris/peugeot-308-gt-1745274?program=getaround&searched_address%5Blatitude%5D=48.8847&searched_address%5Blongitude%5D=2.2386,Peugeot 308 GT,2019,GETAROUND CONNECT,COMPACTE,THERMIQUE,,,deduite,False,59.0,,,,Puteaux,Paris,Puteaux|Asnières-sur-Seine
20260728T141950,A2,2026-07-29T09:00,2026-07-30T09:00,v3.2-pagination-gps,gps,jour,1219229,https://fr.getaround.com/location-voiture/paris/peugeot-208-1219229?program=getaround&searched_address%5Blatitude%5D=48.8847&searched_address%5Blongitude%5D=2.2386,Peugeot 208,2023,GETAROUND CONNECT,CITADINE,THERMIQUE,,,deduite,False,75.0,,4.21,33,Puteaux,Paris,Puteaux|Asnières-sur-Seine
20260728T141950,A2,2026-07-29T09:00,2026-07-30T09:00,v3.2-pagination-gps,gps,jour,1427180,https://fr.getaround.com/location-voiture/paris/toyota-c-hr-hybrid-1427180?program=getaround&searched_address%5Blatitude%5D=48.8847&searched_address%5Blongitude%5D=2.2386,Toyota C-HR Hybrid,2021,GETAROUND CONNECT,SUV_COMPACT,HYBRIDE,,,deduite,False,90.0,,4.53,57,Puteaux,Paris,Puteaux|Asnières-sur-Seine
20260728T141950,A2,2026-07-29T09:00,2026-07-30T09:00,v3.2-pagination-gps,gps,jour,1310301,https://fr.getaround.com/location-voiture/paris/peugeot-208-1310301?program=getaround&searched_address%5Blatitude%5D=48.8847&searched_address%5Blongitude%5D=2.2386,Peugeot 208,2023,GETAROUND CONNECT,CITADINE,THERMIQUE,,,deduite,False,79.0,,4.64,59,Puteaux,Paris,Puteaux|Asnières-sur-Seine
20260728T141950,A2,2026-07-29T09:00,2026-07-30T09:00,v3.2-pagination-gps,gps,jour,1442843,https://fr.getaround.com/location-voiture/paris/citroen-c3-1442843?program=getaround&searched_address%5Blatitude%5D=48.8847&searched_address%5Blongitude%5D=2.2386,Citroen C3,2023,GETAROUND CONNECT,CITADINE,THERMIQUE,,,deduite,False,79.0,,4.78,40,Puteaux,Paris,Puteaux|Asnières-sur-Seine
20260728T141950,A2,2026-07-29T09:00,2026-07-30T09:00,v3.2-pagination-gps,gps,jour,1401206,https://fr.getaround.com/location-voiture/paris/dacia-sandero-expression-1401206?program=getaround&searched_address%5Blatitude%5D=48.8847&searched_address%5Blongitude%5D=2.2386,Dacia Sandero Expression,2023,GETAROUND CONNECT,CITADINE,THERMIQUE,,,deduite,False,75.0,,5.0,41,Puteaux,Paris,Puteaux|Asnières-sur-Seine
20260728T141950,A2,2026-07-29T09:00,2026-07-30T09:00,v3.2-pagination-gps,gps,jour,1895320,https://fr.getaround.com/location-voiture/paris/volkswagen-polo-1895320?program=getaround&searched_address%5Blatitude%5D=48.9175&searched_address%5Blongitude%5D=2.2869,Volkswagen Polo,2024,GETAROUND CONNECT,CITADINE,THERMIQUE,,,deduite,False,87.0,,4.5,2,Asnières-sur-Seine,Paris,Asnières-sur-Seine
20260728T141950,A2,2026-07-29T09:00,2026-07-30T09:00,v3.2-pagination-gps,gps,jour,1365096,https://fr.getaround.com/location-voiture/paris/volkswagen-polo-1365096?program=getaround&searched_address%5Blatitude%5D=48.9175&searched_address%5Blongitude%5D=2.2869,Volkswagen Polo,2018,GETAROUND CONNECT,CITADINE,THERMIQUE,,,deduite,False,57.0,,4.61,74,Asnières-sur-Seine,Paris,Asnières-sur-Seine
20260728T141950,A2,2026-07-29T09:00,2026-07-30T09:00,v3.2-pagination-gps,gps,jour,1285003,https://fr.getaround.com/location-voiture/neuilly-sur-seine/renault-grand-scenic-1285003?program=getaround&searched_address%5Blatitude%5D=48.8847&searched_address%5Blongitude%5D=2.2386,Renault Grand Scenic,2018,GETAROUND CONNECT,MONOSPACE,THERMIQUE,,,deduite,False,115.0,,4.92,59,Puteaux,Neuilly Sur Seine,Puteaux|Asnières-sur-Seine
20260728T141950,A2,2026-07-29T09:00,2026-07-30T09:00,v3.2-pagination-gps,gps,jour,846345,https://fr.getaround.com/location-voiture/paris/dacia-sandero-846345?program=getaround&searched_address%5Blatitude%5D=48.9175&searched_address%5Blongitude%5D=2.2869,Dacia Sandero,2021,GETAROUND CONNECT,CITADINE,THERMIQUE,,,deduite,False,52.0,,4.2,108,Asnières-sur-Seine,Paris,Asnières-sur-Seine
20260728T141950,A2,2026-07-29T09:00,2026-07-30T09:00,v3.2-pagination-gps,gps,jour,1173353,https://fr.getaround.com/location-voiture/boulogne-billancourt/renault-twingo-iii-1173353?program=getaround&searched_address%5Blatitude%5D=48.8847&searched_address%5Blongitude%5D=2.2386,Renault Twingo III,2018,GETAROUND CONNECT,MICRO_CITADINE,THERMIQUE,,,deduite,False,63.0,,4.96,113,Puteaux,Boulogne Billancourt,Puteaux|Asnières-sur-Seine
20260728T141950,A2,2026-07-29T09:00,2026-07-30T09:00,v3.2-pagination-gps,gps,jour,623886,https://fr.getaround.com/location-voiture/paris/renault-twingo-623886?program=getaround&searched_address%5Blatitude%5D=48.9175&searched_address%5Blongitude%5D=2.2869,Renault Twingo,2011,GETAROUND CONNECT,MICRO_CITADINE,THERMIQUE,,,deduite,False,45.0,,4.14,86,Asnières-sur-Seine,Paris,Asnières-sur-Seine
20260728T141950,A2,2026-07-29T09:00,2026-07-30T09:00,v3.2-pagination-gps,gps,jour,1940209,https://fr.getaround.com/location-voiture/neuilly-sur-seine/peugeot-2008-1940209?program=getaround&searched_address%5Blatitude%5D=48.8847&searched_address%5Blongitude%5D=2.2386,Peugeot 2008,2023,Sur rendez-vous,SUV_COMPACT,THERMIQUE,,,deduite,False,95.0,,,,Puteaux,Neuilly Sur Seine,Puteaux|Asnières-sur-Seine
20260728T141950,A2,2026-07-29T09:00,2026-07-30T09:00,v3.2-pagination-gps,gps,jour,705443,https://fr.getaround.com/location-voiture/paris/peugeot-208-705443?program=getaround&searched_address%5Blatitude%5D=48.8847&searched_address%5Blongitude%5D=2.2386,Peugeot 208,2020,GETAROUND CONNECT,CITADINE,THERMIQUE,,,deduite,False,57.0,,4.32,210,Puteaux,Paris,Puteaux|Asnières-sur-Seine
20260728T141950,A2,2026-07-29T09:00,2026-07-30T09:00,v3.2-pagination-gps,gps,jour,1510039,https://fr.getaround.com/location-voiture/paris/renault-twingo-1510039?program=getaround&searched_address%5Blatitude%5D=48.9175&searched_address%5Blongitude%5D=2.2869,Renault Twingo,2015,GETAROUND CONNECT,MICRO_CITADINE,THERMIQUE,,,deduite,False,52.0,,4.35,24,Asnières-sur-Seine,Paris,Asnières-sur-Seine
20260728T141950,A2,2026-07-29T09:00,2026-07-30T09:00,v3.2-pagination-gps,gps,jour,1734856,https://fr.getaround.com/location-voiture/paris/renault-clio-e-tech-1734856?program=getaround&searched_address%5Blatitude%5D=48.8847&searched_address%5Blongitude%5D=2.2386,Renault Clio E-tech,2021,Sur rendez-vous,CITADINE,ELECTRIQUE,,,deduite,False,78.0,,5.0,15,Puteaux,Paris,Puteaux|Asnières-sur-Seine
20260728T141950,A2,2026-07-29T09:00,2026-07-30T09:00,v3.2-pagination-gps,gps,jour,1881904,https://fr.getaround.com/location-voiture/paris/peugeot-2008-1881904?program=getaround&searched_address%5Blatitude%5D=48.8847&searched_address%5Blongitude%5D=2.2386,Peugeot 2008,2026,GETAROUND CONNECT,SUV_COMPACT,THERMIQUE,,,deduite,False,109.0,,5.0,5,Puteaux,Paris,Puteaux|Asnières-sur-Seine
20260728T141950,A2,2026-07-29T09:00,2026-07-30T09:00,v3.2-pagination-gps,gps,jour,1298895,https://fr.getaround.com/location-voiture/paris/peugeot-208-1298895?program=getaround&searched_address%5Blatitude%5D=48.8847&searched_address%5Blongitude%5D=2.2386,Peugeot 208,2023,GETAROUND CONNECT,CITADINE,THERMIQUE,,,deduite,False,79.0,,4.41,59,Puteaux,Paris,Puteaux|Asnières-sur-Seine
20260728T141950,A2,2026-07-29T09:00,2026-07-30T09:00,v3.2-pagination-gps,gps,jour,1927205,https://fr.getaround.com/location-voiture/gennevilliers/renault-captur-1927205?program=getaround&searched_address%5Blatitude%5D=48.8847&searched_address%5Blongitude%5D=2.2386,Renault Captur,2015,Sur rendez-vous,SUV_COMPACT,THERMIQUE,,,deduite,False,74.0,,5.0,1,Puteaux,Gennevilliers,Puteaux|Asnières-sur-Seine
20260728T141950,A2,2026-07-29T09:00,2026-07-30T09:00,v3.2-pagination-gps,gps,jour,1879471,https://fr.getaround.com/location-voiture/paris/renault-twingo-iii-1879471?program=getaround&searched_address%5Blatitude%5D=48.8847&searched_address%5Blongitude%5D=2.2386,Renault Twingo III,2016,GETAROUND CONNECT,MICRO_CITADINE,THERMIQUE,,,deduite,False,60.0,,4.91,11,Puteaux,Paris,Puteaux|Asnières-sur-Seine
20260728T141950,A2,2026-07-29T09:00,2026-07-30T09:00,v3.2-pagination-gps,gps,jour,1684302,https://fr.getaround.com/location-voiture/courbevoie/peugeot-208-1684302?program=getaround&searched_address%5Blatitude%5D=48.9175&searched_address%5Blongitude%5D=2.2869,Peugeot 208,2013,Sur rendez-vous,CITADINE,THERMIQUE,,,deduite,False,64.0,,5.0,8,Asnières-sur-Seine,Courbevoie,Asnières-sur-Seine
20260728T141950,A2,2026-07-29T09:00,2026-07-30T09:00,v3.2-pagination-gps,gps,jour,1521392,https://fr.getaround.com/location-voiture/la-garenne-colombes/peugeot-207-1521392?program=getaround&searched_address%5Blatitude%5D=48.8847&searched_address%5Blongitude%5D=2.2386,Peugeot 207+,2014,Sur rendez-vous,CITADINE,THERMIQUE,,,deduite,False,61.0,,5.0,5,Puteaux,La Garenne Colombes,Puteaux|Asnières-sur-Seine
20260728T141950,A2,2026-07-29T09:00,2026-07-30T09:00,v3.2-pagination-gps,gps,jour,1911274,https://fr.getaround.com/location-voiture/paris/citroen-c3-1911274?program=getaround&searched_address%5Blatitude%5D=48.9175&searched_address%5Blongitude%5D=2.2869,Citroen C3,2022,GETAROUND CONNECT,CITADINE,THERMIQUE,,,deduite,False,53.0,,,,Asnières-sur-Seine,Paris,Asnières-sur-Seine
20260728T141950,A2,2026-07-29T09:00,2026-07-30T09:00,v3.2-pagination-gps,gps,jour,846352,https://fr.getaround.com/location-voiture/paris/volkswagen-polo-846352?program=getaround&searched_address%5Blatitude%5D=48.8847&searched_address%5Blongitude%5D=2.2386,Volkswagen Polo,2021,GETAROUND CONNECT,CITADINE,THERMIQUE,,,deduite,False,57.0,,3.9,147,Puteaux,Paris,Puteaux|Asnières-sur-Seine
20260728T141950,A2,2026-07-29T09:00,2026-07-30T09:00,v3.2-pagination-gps,gps,jour,1813494,https://fr.getaround.com/location-voiture/paris/peugeot-2008-1813494?program=getaround&searched_address%5Blatitude%5D=48.9175&searched_address%5Blongitude%5D=2.2869,Peugeot 2008,2020,GETAROUND CONNECT,SUV_COMPACT,THERMIQUE,,,deduite,False,83.0,,5.0,4,Asnières-sur-Seine,Paris,Asnières-sur-Seine
20260728T141950,A2,2026-07-29T09:00,2026-07-30T09:00,v3.2-pagination-gps,gps,jour,1934966,https://fr.getaround.com/location-voiture/courbevoie/renault-arkana-business-1934966?program=getaround&searched_address%5Blatitude%5D=48.8847&searched_address%5Blongitude%5D=2.2386,Renault Arkana Business,2021,Sur rendez-vous,SUV_COMPACT,THERMIQUE,,,deduite,False,99.0,,5.0,1,Puteaux,Courbevoie,Puteaux|Asnières-sur-Seine
20260728T141950,A2,2026-07-29T09:00,2026-07-30T09:00,v3.2-pagination-gps,gps,jour,1873564,https://fr.getaround.com/location-voiture/boulogne-billancourt/fiat-500-1873564?program=getaround&searched_address%5Blatitude%5D=48.8847&searched_address%5Blongitude%5D=2.2386,Fiat 500,2022,GETAROUND CONNECT,CITADINE,THERMIQUE,,,deduite,False,70.0,,4.78,9,Puteaux,Boulogne Billancourt,Puteaux|Asnières-sur-Seine
20260728T141950,A2,2026-07-29T09:00,2026-07-30T09:00,v3.2-pagination-gps,gps,jour,1848751,https://fr.getaround.com/location-voiture/deuil-la-barre/renault-clio-1848751?program=getaround&searched_address%5Blatitude%5D=48.9175&searched_address%5Blongitude%5D=2.2869,Renault Clio,2019,GETAROUND CONNECT,CITADINE,THERMIQUE,,,deduite,False,59.0,,5.0,10,Asnières-sur-Seine,Deuil La Barre,Asnières-sur-Seine
20260728T141950,A2,2026-07-29T09:00,2026-07-30T09:00,v3.2-pagination-gps,gps,jour,1374242,https://fr.getaround.com/location-voiture/paris/kia-rio-1374242?program=getaround&searched_address%5Blatitude%5D=48.8847&searched_address%5Blongitude%5D=2.2386,Kia Rio,2016,GETAROUND CONNECT,CITADINE,THERMIQUE,,,deduite,False,60.0,,4.9,20,Puteaux,Paris,Puteaux|Asnières-sur-Seine
20260728T141950,A2,2026-07-29T09:00,2026-07-30T09:00,v3.2-pagination-gps,gps,jour,1881169,https://fr.getaround.com/location-voiture/soisy-sous-montmorency/renault-clio-1881169?program=getaround&searched_address%5Blatitude%5D=48.9175&searched_address%5Blongitude%5D=2.2869,Renault Clio,2018,GETAROUND CONNECT,CITADINE,THERMIQUE,,,deduite,False,60.0,,5.0,4,Asnières-sur-Seine,Soisy Sous Montmorency,Asnières-sur-Seine
20260728T141950,A2,2026-07-29T09:00,2026-07-30T09:00,v3.2-pagination-gps,gps,jour,846347,https://fr.getaround.com/location-voiture/paris/dacia-sandero-846347?program=getaround&searched_address%5Blatitude%5D=48.8847&searched_address%5Blongitude%5D=2.2386,Dacia Sandero,2021,GETAROUND CONNECT,CITADINE,THERMIQUE,,,deduite,False,47.0,,4.28,127,Puteaux,Paris,Puteaux|Asnières-sur-Seine
20260728T141950,A2,2026-07-29T09:00,2026-07-30T09:00,v3.2-pagination-gps,gps,jour,1612903,https://fr.getaround.com/location-voiture/rueil-malmaison/toyota-aygo-1612903?program=getaround&searched_address%5Blatitude%5D=48.8847&searched_address%5Blongitude%5D=2.2386,Toyota Aygo,2018,Sur rendez-vous,MICRO_CITADINE,THERMIQUE,,,deduite,False,62.0,,4.8,15,Puteaux,Rueil Malmaison,Puteaux|Asnières-sur-Seine
20260728T141950,A2,2026-07-29T09:00,2026-07-30T09:00,v3.2-pagination-gps,gps,jour,1297395,https://fr.getaround.com/location-voiture/sartrouville/renault-clio-1297395?program=getaround&searched_address%5Blatitude%5D=48.8847&searched_address%5Blongitude%5D=2.2386,Renault Clio,2014,GETAROUND CONNECT,CITADINE,THERMIQUE,,,deduite,False,57.0,,4.92,101,Puteaux,Sartrouville,Puteaux|Asnières-sur-Seine
20260728T141950,A2,2026-07-29T09:00,2026-07-30T09:00,v3.2-pagination-gps,gps,jour,1916392,https://fr.getaround.com/location-voiture/paris/peugeot-208-1916392?program=getaround&searched_address%5Blatitude%5D=48.9175&searched_address%5Blongitude%5D=2.2869,Peugeot 208,2026,GETAROUND CONNECT,CITADINE,THERMIQUE,,,deduite,False,75.0,,,,Asnières-sur-Seine,Paris,Asnières-sur-Seine
20260728T141950,A2,2026-07-29T09:00,2026-07-30T09:00,v3.2-pagination-gps,gps,jour,1589883,https://fr.getaround.com/location-voiture/neuilly-sur-seine/peugeot-2008-1589883?program=getaround&searched_address%5Blatitude%5D=48.8847&searched_address%5Blongitude%5D=2.2386,Peugeot 2008,2023,GETAROUND CONNECT,SUV_COMPACT,THERMIQUE,,,deduite,False,87.0,,3.83,44,Puteaux,Neuilly Sur Seine,Puteaux|Asnières-sur-Seine
20260728T141950,A2,2026-07-29T09:00,2026-07-30T09:00,v3.2-pagination-gps,gps,jour,1401103,https://fr.getaround.com/location-voiture/paris/peugeot-2008-1401103?program=getaround&searched_address%5Blatitude%5D=48.8847&searched_address%5Blongitude%5D=2.2386,Peugeot 2008,2023,GETAROUND CONNECT,SUV_COMPACT,THERMIQUE,,,deduite,False,95.0,,4.67,63,Puteaux,Paris,Puteaux|Asnières-sur-Seine
20260728T141950,A2,2026-07-29T09:00,2026-07-30T09:00,v3.2-pagination-gps,gps,jour,1752944,https://fr.getaround.com/location-voiture/saint-gratien/renault-clio-e-tech-1752944?program=getaround&searched_address%5Blatitude%5D=48.9175&searched_address%5Blongitude%5D=2.2869,Renault Clio E-tech,2022,GETAROUND CONNECT,CITADINE,ELECTRIQUE,,,deduite,False,93.0,,4.94,31,Asnières-sur-Seine,Saint Gratien,Asnières-sur-Seine
20260728T141950,A2,2026-07-29T09:00,2026-07-30T09:00,v3.2-pagination-gps,gps,jour,1815674,https://fr.getaround.com/location-voiture/paris/renault-clio-1815674?program=getaround&searched_address%5Blatitude%5D=48.9175&searched_address%5Blongitude%5D=2.2869,Renault Clio,2021,GETAROUND CONNECT,CITADINE,THERMIQUE,,,deduite,False,57.0,,4.89,9,Asnières-sur-Seine,Paris,Asnières-sur-Seine
20260728T141950,A2,2026-07-29T09:00,2026-07-30T09:00,v3.2-pagination-gps,gps,jour,1794291,https://fr.getaround.com/location-voiture/ermont/renault-twingo-iii-1794291?program=getaround&searched_address%5Blatitude%5D=48.9175&searched_address%5Blongitude%5D=2.2869,Renault Twingo III,2018,GETAROUND CONNECT,MICRO_CITADINE,THERMIQUE,,,deduite,False,54.0,,4.85,26,Asnières-sur-Seine,Ermont,Asnières-sur-Seine
20260728T141950,A2,2026-07-29T09:00,2026-07-30T09:00,v3.2-pagination-gps,gps,jour,1274540,https://fr.getaround.com/location-voiture/paris/peugeot-208-1274540?program=getaround&searched_address%5Blatitude%5D=48.8847&searched_address%5Blongitude%5D=2.2386,Peugeot 208,2023,GETAROUND CONNECT,CITADINE,THERMIQUE,,,deduite,False,75.0,,4.13,50,Puteaux,Paris,Puteaux
20260728T141950,A2,2026-07-29T09:00,2026-07-30T09:00,v3.2-pagination-gps,gps,jour,1881892,https://fr.getaround.com/location-voiture/paris/peugeot-2008-1881892?program=getaround&searched_address%5Blatitude%5D=48.8847&searched_address%5Blongitude%5D=2.2386,Peugeot 2008,2026,GETAROUND CONNECT,SUV_COMPACT,THERMIQUE,,,deduite,False,109.0,,5.0,3,Puteaux,Paris,Puteaux|Asnières-sur-Seine
20260728T141950,A2,2026-07-29T09:00,2026-07-30T09:00,v3.2-pagination-gps,gps,jour,1534592,https://fr.getaround.com/location-voiture/paris/peugeot-208-1534592?program=getaround&searched_address%5Blatitude%5D=48.9175&searched_address%5Blongitude%5D=2.2869,Peugeot 208,2019,GETAROUND CONNECT,CITADINE,THERMIQUE,,,deduite,False,57.0,,4.55,43,Asnières-sur-Seine,Paris,Asnières-sur-Seine
20260728T141950,A2,2026-07-29T09:00,2026-07-30T09:00,v3.2-pagination-gps,gps,jour,1215389,https://fr.getaround.com/location-voiture/paris/renault-megane-estate-1215389?program=getaround&searched_address%5Blatitude%5D=48.8847&searched_address%5Blongitude%5D=2.2386,Renault Mégane Estate,2022,GETAROUND CONNECT,BREAK,THERMIQUE,,,deduite,False,96.0,,4.81,40,Puteaux,Paris,Puteaux|Asnières-sur-Seine
20260728T141950,A2,2026-07-29T09:00,2026-07-30T09:00,v3.2-pagination-gps,gps,jour,1685956,https://fr.getaround.com/location-voiture/paris/peugeot-308-1685956?program=getaround&searched_address%5Blatitude%5D=48.8847&searched_address%5Blongitude%5D=2.2386,Peugeot 308,2019,GETAROUND CONNECT,COMPACTE,THERMIQUE,,,deduite,False,59.0,,4.62,29,Puteaux,Paris,Puteaux|Asnières-sur-Seine
20260728T141950,A2,2026-07-29T09:00,2026-07-30T09:00,v3.2-pagination-gps,gps,jour,1442836,https://fr.getaround.com/location-voiture/paris/citroen-c3-1442836?program=getaround&searched_address%5Blatitude%5D=48.9175&searched_address%5Blongitude%5D=2.2869,Citroen C3,2023,GETAROUND CONNECT,CITADINE,THERMIQUE,,,deduite,False,79.0,,4.83,54,Asnières-sur-Seine,Paris,Asnières-sur-Seine
20260728T141950,A2,2026-07-29T09:00,2026-07-30T09:00,v3.2-pagination-gps,gps,jour,1226020,https://fr.getaround.com/location-voiture/paris/citroen-c3-1226020?program=getaround&searched_address%5Blatitude%5D=48.8847&searched_address%5Blongitude%5D=2.2386,Citroen C3,2023,GETAROUND CONNECT,CITADINE,THERMIQUE,,,deduite,False,58.0,,3.92,75,Puteaux,Paris,Puteaux|Asnières-sur-Seine
20260728T141950,A2,2026-07-29T09:00,2026-07-30T09:00,v3.2-pagination-gps,gps,jour,1897879,https://fr.getaround.com/location-voiture/paris/nissan-leaf-1897879?program=getaround&searched_address%5Blatitude%5D=48.8847&searched_address%5Blongitude%5D=2.2386,Nissan Leaf,2019,GETAROUND CONNECT,NON_CLASSE,THERMIQUE,,,deduite,False,66.0,,5.0,3,Puteaux,Paris,Puteaux|Asnières-sur-Seine
20260728T141950,A2,2026-07-29T09:00,2026-07-30T09:00,v3.2-pagination-gps,gps,jour,1308555,https://fr.getaround.com/location-voiture/soisy-sous-montmorency/peugeot-208-1308555?program=getaround&searched_address%5Blatitude%5D=48.9175&searched_address%5Blongitude%5D=2.2869,Peugeot 208,2013,GETAROUND CONNECT,CITADINE,THERMIQUE,,,deduite,False,45.0,,4.27,28,Asnières-sur-Seine,Soisy Sous Montmorency,Asnières-sur-Seine
20260728T141950,A2,2026-07-29T09:00,2026-07-30T09:00,v3.2-pagination-gps,gps,jour,733239,https://fr.getaround.com/location-voiture/sartrouville/fiat-500-733239?program=getaround&searched_address%5Blatitude%5D=48.8847&searched_address%5Blongitude%5D=2.2386,Fiat 500,2016,GETAROUND CONNECT,CITADINE,THERMIQUE,,,deduite,False,58.0,,4.86,60,Puteaux,Sartrouville,Puteaux|Asnières-sur-Seine
20260728T141950,A2,2026-07-29T09:00,2026-07-30T09:00,v3.2-pagination-gps,gps,jour,1377553,https://fr.getaround.com/location-voiture/paris/peugeot-2008-1377553?program=getaround&searched_address%5Blatitude%5D=48.8847&searched_address%5Blongitude%5D=2.2386,Peugeot 2008,2023,GETAROUND CONNECT,SUV_COMPACT,THERMIQUE,,,deduite,False,87.0,,4.14,51,Puteaux,Paris,Puteaux|Asnières-sur-Seine
20260728T141950,A2,2026-07-29T09:00,2026-07-30T09:00,v3.2-pagination-gps,gps,jour,1694516,https://fr.getaround.com/location-voiture/paris/opel-crossland-1694516?program=getaround&searched_address%5Blatitude%5D=48.9175&searched_address%5Blongitude%5D=2.2869,Opel Crossland,2024,GETAROUND CONNECT,SUV_COMPACT,THERMIQUE,,,deduite,False,62.0,,4.75,12,Asnières-sur-Seine,Paris,Asnières-sur-Seine
20260728T141950,A2,2026-07-29T09:00,2026-07-30T09:00,v3.2-pagination-gps,gps,jour,1826672,https://fr.getaround.com/location-voiture/argenteuil/renault-clio-1826672?program=getaround&searched_address%5Blatitude%5D=48.8847&searched_address%5Blongitude%5D=2.2386,Renault Clio,2022,GETAROUND CONNECT,CITADINE,THERMIQUE,,,deduite,False,76.0,,4.67,9,Puteaux,Argenteuil,Puteaux|Asnières-sur-Seine
20260728T141950,A2,2026-07-29T09:00,2026-07-30T09:00,v3.2-pagination-gps,gps,jour,1650514,https://fr.getaround.com/location-voiture/pantin/volkswagen-t-cross-1650514?program=getaround&searched_address%5Blatitude%5D=48.9175&searched_address%5Blongitude%5D=2.2869,Volkswagen T-Cross,2024,GETAROUND CONNECT,SUV_COMPACT,THERMIQUE,,,deduite,False,76.0,,4.76,41,Asnières-sur-Seine,Pantin,Asnières-sur-Seine
20260728T141950,A2,2026-07-29T09:00,2026-07-30T09:00,v3.2-pagination-gps,gps,jour,1675505,https://fr.getaround.com/location-voiture/paris/peugeot-208-1675505?program=getaround&searched_address%5Blatitude%5D=48.8847&searched_address%5Blongitude%5D=2.2386,Peugeot 208,2025,GETAROUND CONNECT,CITADINE,THERMIQUE,,,deduite,False,79.0,,3.0,11,Puteaux,Paris,Puteaux|Asnières-sur-Seine
20260728T141950,A2,2026-07-29T09:00,2026-07-30T09:00,v3.2-pagination-gps,gps,jour,1474093,https://fr.getaround.com/location-voiture/la-celle-saint-cloud/toyota-yaris-1474093?program=getaround&searched_address%5Blatitude%5D=48.8847&searched_address%5Blongitude%5D=2.2386,Toyota Yaris,2017,GETAROUND CONNECT,CITADINE,THERMIQUE,,,deduite,False,67.0,,4.71,73,Puteaux,La Celle Saint Cloud,Puteaux|Asnières-sur-Seine
20260728T141950,A2,2026-07-29T09:00,2026-07-30T09:00,v3.2-pagination-gps,gps,jour,1650452,https://fr.getaround.com/location-voiture/paris/volkswagen-t-cross-1650452?program=getaround&searched_address%5Blatitude%5D=48.8847&searched_address%5Blongitude%5D=2.2386,Volkswagen T-Cross,2024,GETAROUND CONNECT,SUV_COMPACT,THERMIQUE,,,deduite,False,89.0,,3.27,22,Puteaux,Paris,Puteaux|Asnières-sur-Seine
20260728T141950,A2,2026-07-29T09:00,2026-07-30T09:00,v3.2-pagination-gps,gps,jour,1442840,https://fr.getaround.com/location-voiture/paris/citroen-c3-1442840?program=getaround&searched_address%5Blatitude%5D=48.8847&searched_address%5Blongitude%5D=2.2386,Citroen C3,2023,GETAROUND CONNECT,CITADINE,THERMIQUE,,,deduite,False,79.0,,4.65,51,Puteaux,Paris,Puteaux
20260728T141950,A2,2026-07-29T09:00,2026-07-30T09:00,v3.2-pagination-gps,gps,jour,1650434,https://fr.getaround.com/location-voiture/paris/volkswagen-t-cross-1650434?program=getaround&searched_address%5Blatitude%5D=48.9175&searched_address%5Blongitude%5D=2.2869,Volkswagen T-Cross,2024,GETAROUND CONNECT,SUV_COMPACT,THERMIQUE,,,deduite,False,89.0,,4.46,37,Asnières-sur-Seine,Paris,Asnières-sur-Seine
20260728T141950,A2,2026-07-29T09:00,2026-07-30T09:00,v3.2-pagination-gps,gps,jour,1834680,https://fr.getaround.com/location-voiture/boulogne-billancourt/peugeot-208-1834680?program=getaround&searched_address%5Blatitude%5D=48.8847&searched_address%5Blongitude%5D=2.2386,Peugeot 208,2016,Sur rendez-vous,CITADINE,THERMIQUE,,,deduite,False,66.0,,5.0,8,Puteaux,Boulogne Billancourt,Puteaux|Asnières-sur-Seine
20260728T141950,A2,2026-07-29T09:00,2026-07-30T09:00,v3.2-pagination-gps,gps,jour,1756733,https://fr.getaround.com/location-voiture/paris/renault-clio-1756733?program=getaround&searched_address%5Blatitude%5D=48.8847&searched_address%5Blongitude%5D=2.2386,Renault Clio,2024,GETAROUND CONNECT,CITADINE,THERMIQUE,,,deduite,False,79.0,,4.53,17,Puteaux,Paris,Puteaux|Asnières-sur-Seine
20260728T141950,A2,2026-07-29T09:00,2026-07-30T09:00,v3.2-pagination-gps,gps,jour,1787775,https://fr.getaround.com/location-voiture/paris/peugeot-208-1787775?program=getaround&searched_address%5Blatitude%5D=48.9175&searched_address%5Blongitude%5D=2.2869,Peugeot 208,2025,GETAROUND CONNECT,CITADINE,THERMIQUE,,,deduite,False,84.0,,4.33,12,Asnières-sur-Seine,Paris,Asnières-sur-Seine
20260728T141950,A2,2026-07-29T09:00,2026-07-30T09:00,v3.2-pagination-gps,gps,jour,1584217,https://fr.getaround.com/location-voiture/neuilly-sur-seine/renault-grand-scenic-1584217?program=getaround&searched_address%5Blatitude%5D=48.8847&searched_address%5Blongitude%5D=2.2386,Renault Grand Scenic,2018,GETAROUND CONNECT,MONOSPACE,THERMIQUE,,,deduite,False,114.0,,4.94,31,Puteaux,Neuilly Sur Seine,Puteaux|Asnières-sur-Seine
20260728T141950,A2,2026-07-29T09:00,2026-07-30T09:00,v3.2-pagination-gps,gps,jour,1889322,https://fr.getaround.com/location-voiture/paris/opel-adam-1889322?program=getaround&searched_address%5Blatitude%5D=48.9175&searched_address%5Blongitude%5D=2.2869,Opel Adam,2016,GETAROUND CONNECT,NON_CLASSE,THERMIQUE,,,deduite,False,54.0,,4.83,6,Asnières-sur-Seine,Paris,Asnières-sur-Seine
20260728T141950,A2,2026-07-29T09:00,2026-07-30T09:00,v3.2-pagination-gps,gps,jour,1370312,https://fr.getaround.com/location-voiture/saint-ouen-sur-seine/citroen-c3-1370312?program=getaround&searched_address%5Blatitude%5D=48.9175&searched_address%5Blongitude%5D=2.2869,Citroen C3,2020,GETAROUND CONNECT,CITADINE,THERMIQUE,,,deduite,False,70.0,,4.66,41,Asnières-sur-Seine,Saint Ouen Sur Seine,Asnières-sur-Seine
20260728T141950,A2,2026-07-29T09:00,2026-07-30T09:00,v3.2-pagination-gps,gps,jour,940720,https://fr.getaround.com/location-voiture/boulogne-billancourt/dacia-spring-940720?program=getaround&searched_address%5Blatitude%5D=48.8847&searched_address%5Blongitude%5D=2.2386,Dacia Spring,2021,GETAROUND CONNECT,CITADINE,THERMIQUE,,,deduite,False,52.0,,4.34,88,Puteaux,Boulogne Billancourt,Puteaux|Asnières-sur-Seine
20260728T141950,A2,2026-07-29T09:00,2026-07-30T09:00,v3.2-pagination-gps,gps,jour,1320462,https://fr.getaround.com/location-voiture/paris/peugeot-208-1320462?program=getaround&searched_address%5Blatitude%5D=48.9175&searched_address%5Blongitude%5D=2.2869,Peugeot 208,2023,GETAROUND CONNECT,CITADINE,THERMIQUE,,,deduite,False,75.0,,4.21,45,Asnières-sur-Seine,Paris,Asnières-sur-Seine
20260728T141950,A2,2026-07-29T09:00,2026-07-30T09:00,v3.2-pagination-gps,gps,jour,1931323,https://fr.getaround.com/location-voiture/colombes/skoda-fabia-combi-1931323?program=getaround&searched_address%5Blatitude%5D=48.9175&searched_address%5Blongitude%5D=2.2869,Skoda Fabia Combi,2015,Sur rendez-vous,CITADINE,THERMIQUE,,,deduite,False,59.0,,,,Asnières-sur-Seine,Colombes,Asnières-sur-Seine
20260728T141950,A2,2026-07-29T09:00,2026-07-30T09:00,v3.2-pagination-gps,gps,jour,1707222,https://fr.getaround.com/location-voiture/paris/peugeot-208-1707222?program=getaround&searched_address%5Blatitude%5D=48.8847&searched_address%5Blongitude%5D=2.2386,Peugeot 208,2025,GETAROUND CONNECT,CITADINE,THERMIQUE,,,deduite,False,84.0,,4.26,23,Puteaux,Paris,Puteaux|Asnières-sur-Seine
20260728T141950,A2,2026-07-29T09:00,2026-07-30T09:00,v3.2-pagination-gps,gps,jour,1841453,https://fr.getaround.com/location-voiture/paris/renault-arkana-e-tech-1841453?program=getaround&searched_address%5Blatitude%5D=48.9175&searched_address%5Blongitude%5D=2.2869,Renault Arkana E-Tech,2023,GETAROUND CONNECT,SUV_COMPACT,ELECTRIQUE,,,deduite,False,89.0,,4.83,12,Asnières-sur-Seine,Paris,Asnières-sur-Seine
20260728T141950,A2,2026-07-29T09:00,2026-07-30T09:00,v3.2-pagination-gps,gps,jour,1007447,https://fr.getaround.com/location-voiture/paris/fiat-500-1007447?program=getaround&searched_address%5Blatitude%5D=48.9175&searched_address%5Blongitude%5D=2.2869,Fiat 500,2012,GETAROUND CONNECT,CITADINE,THERMIQUE,,,deduite,False,52.0,,3.87,56,Asnières-sur-Seine,Paris,Asnières-sur-Seine
20260728T141950,A2,2026-07-29T09:00,2026-07-30T09:00,v3.2-pagination-gps,gps,jour,1637857,https://fr.getaround.com/location-voiture/argenteuil/peugeot-208-1637857?program=getaround&searched_address%5Blatitude%5D=48.8847&searched_address%5Blongitude%5D=2.2386,Peugeot 208,2019,GETAROUND CONNECT,CITADINE,THERMIQUE,,,deduite,False,70.0,,5.0,15,Puteaux,Argenteuil,Puteaux|Asnières-sur-Seine
20260728T141950,A2,2026-07-29T09:00,2026-07-30T09:00,v3.2-pagination-gps,gps,jour,1759940,https://fr.getaround.com/location-voiture/rueil-malmaison/fiat-500-1759940?program=getaround&searched_address%5Blatitude%5D=48.8847&searched_address%5Blongitude%5D=2.2386,Fiat 500,2011,Sur rendez-vous,CITADINE,THERMIQUE,,,deduite,False,59.0,,5.0,6,Puteaux,Rueil Malmaison,Puteaux|Asnières-sur-Seine
20260728T141950,A2,2026-07-29T09:00,2026-07-30T09:00,v3.2-pagination-gps,gps,jour,1877581,https://fr.getaround.com/location-voiture/paris/renault-clio-1877581?program=getaround&searched_address%5Blatitude%5D=48.9175&searched_address%5Blongitude%5D=2.2869,Renault Clio,2022,GETAROUND CONNECT,CITADINE,THERMIQUE,,,deduite,False,57.0,,4.0,8,Asnières-sur-Seine,Paris,Asnières-sur-Seine
20260728T141950,A2,2026-07-29T09:00,2026-07-30T09:00,v3.2-pagination-gps,gps,jour,1713378,https://fr.getaround.com/location-voiture/paris/volkswagen-polo-1713378?program=getaround&searched_address%5Blatitude%5D=48.8847&searched_address%5Blongitude%5D=2.2386,Volkswagen Polo,2025,GETAROUND CONNECT,CITADINE,THERMIQUE,,,deduite,False,100.0,,4.91,11,Puteaux,Paris,Puteaux|Asnières-sur-Seine
20260728T141950,A2,2026-07-29T09:00,2026-07-30T09:00,v3.2-pagination-gps,gps,jour,1791863,https://fr.getaround.com/location-voiture/paris/renault-scenic-1791863?program=getaround&searched_address%5Blatitude%5D=48.8847&searched_address%5Blongitude%5D=2.2386,Renault Scenic,2021,GETAROUND CONNECT,MONOSPACE,THERMIQUE,,,deduite,False,71.0,,4.89,9,Puteaux,Paris,Puteaux|Asnières-sur-Seine
20260728T141950,A2,2026-07-29T09:00,2026-07-30T09:00,v3.2-pagination-gps,gps,jour,704187,https://fr.getaround.com/location-voiture/paris/bmw-serie-2-gran-tourer-704187?program=getaround&searched_address%5Blatitude%5D=48.9175&searched_address%5Blongitude%5D=2.2869,BMW Série 2 Gran Tourer,2017,GETAROUND CONNECT,NON_CLASSE,THERMIQUE,,,deduite,False,62.0,,3.87,170,Asnières-sur-Seine,Paris,Asnières-sur-Seine
20260728T141950,A2,2026-07-29T09:00,2026-07-30T09:00,v3.2-pagination-gps,gps,jour,1839323,https://fr.getaround.com/location-voiture/bezons/citroen-c3-1839323?program=getaround&searched_address%5Blatitude%5D=48.8847&searched_address%5Blongitude%5D=2.2386,Citroen C3,2021,GETAROUND CONNECT,CITADINE,THERMIQUE,,,deduite,False,75.0,,4.76,17,Puteaux,Bezons,Puteaux|Asnières-sur-Seine
20260728T141950,A2,2026-07-29T09:00,2026-07-30T09:00,v3.2-pagination-gps,gps,jour,1297193,https://fr.getaround.com/location-voiture/paris/renault-clio-1297193?program=getaround&searched_address%5Blatitude%5D=48.9175&searched_address%5Blongitude%5D=2.2869,Renault Clio,2015,GETAROUND CONNECT,CITADINE,THERMIQUE,,,deduite,False,55.0,,4.45,56,Asnières-sur-Seine,Paris,Asnières-sur-Seine
20260728T141950,A2,2026-07-29T09:00,2026-07-30T09:00,v3.2-pagination-gps,gps,jour,1857069,https://fr.getaround.com/location-voiture/paris/renault-grand-scenic-1857069?program=getaround&searched_address%5Blatitude%5D=48.8847&searched_address%5Blongitude%5D=2.2386,Renault Grand Scenic,2020,GETAROUND CONNECT,MONOSPACE,THERMIQUE,,,deduite,False,120.0,,5.0,6,Puteaux,Paris,Puteaux|Asnières-sur-Seine
20260728T141950,A2,2026-07-29T09:00,2026-07-30T09:00,v3.2-pagination-gps,gps,jour,275988,https://fr.getaround.com/location-voiture/courbevoie/toyota-prius-275988?program=getaround&searched_address%5Blatitude%5D=48.8847&searched_address%5Blongitude%5D=2.2386,Toyota Prius,2012,Sur rendez-vous,BERLINE,HYBRIDE,,,deduite,False,106.0,,4.83,12,Puteaux,Courbevoie,Puteaux
20260728T141950,A2,2026-07-29T09:00,2026-07-30T09:00,v3.2-pagination-gps,gps,jour,1931412,https://fr.getaround.com/location-voiture/suresnes/toyota-yaris-5-door-l-1931412?program=getaround&searched_address%5Blatitude%5D=48.8847&searched_address%5Blongitude%5D=2.2386,Toyota Yaris 5-Door L,2019,Sur rendez-vous,CITADINE,THERMIQUE,,,deduite,False,70.0,,,,Puteaux,Suresnes,Puteaux
20260728T141950,A2,2026-07-29T09:00,2026-07-30T09:00,v3.2-pagination-gps,gps,jour,845057,https://fr.getaround.com/location-voiture/paris/renault-clio-845057?program=getaround&searched_address%5Blatitude%5D=48.9175&searched_address%5Blongitude%5D=2.2869,Renault Clio,2018,GETAROUND CONNECT,CITADINE,THERMIQUE,,,deduite,False,53.0,,3.99,141,Asnières-sur-Seine,Paris,Asnières-sur-Seine
20260728T141950,A2,2026-07-29T09:00,2026-07-30T09:00,v3.2-pagination-gps,gps,jour,1582295,https://fr.getaround.com/location-voiture/asnieres-sur-seine/citroen-c3-1582295?program=getaround&searched_address%5Blatitude%5D=48.8847&searched_address%5Blongitude%5D=2.2386,Citroen C3,2021,GETAROUND CONNECT,CITADINE,THERMIQUE,,,deduite,False,78.0,,4.75,24,Puteaux,Asnieres Sur Seine,Puteaux
20260728T141950,A2,2026-07-29T09:00,2026-07-30T09:00,v3.2-pagination-gps,gps,jour,1829992,https://fr.getaround.com/location-voiture/paris/renault-clio-1829992?program=getaround&searched_address%5Blatitude%5D=48.9175&searched_address%5Blongitude%5D=2.2869,Renault Clio,2025,GETAROUND CONNECT,CITADINE,THERMIQUE,,,deduite,False,66.0,,4.97,31,Asnières-sur-Seine,Paris,Asnières-sur-Seine
20260728T141950,A2,2026-07-29T09:00,2026-07-30T09:00,v3.2-pagination-gps,gps,jour,1762373,https://fr.getaround.com/location-voiture/paris/renault-captur-1762373?program=getaround&searched_address%5Blatitude%5D=48.8847&searched_address%5Blongitude%5D=2.2386,Renault Captur,2024,GETAROUND CONNECT,SUV_COMPACT,THERMIQUE,,,deduite,False,92.0,,4.68,28,Puteaux,Paris,Puteaux|Asnières-sur-Seine
20260728T141950,A2,2026-07-29T09:00,2026-07-30T09:00,v3.2-pagination-gps,gps,jour,758464,https://fr.getaround.com/location-voiture/ville-d-avray/renault-megane-758464?program=getaround&searched_address%5Blatitude%5D=48.8847&searched_address%5Blongitude%5D=2.2386,Renault Mégane,2011,GETAROUND CONNECT,COMPACTE,THERMIQUE,,,deduite,False,59.0,,4.87,115,Puteaux,Ville D Avray,Puteaux
20260728T141950,A2,2026-07-29T09:00,2026-07-30T09:00,v3.2-pagination-gps,gps,jour,1830090,https://fr.getaround.com/location-voiture/soisy-sous-montmorency/peugeot-5008-1830090?program=getaround&searched_address%5Blatitude%5D=48.9175&searched_address%5Blongitude%5D=2.2869,Peugeot 5008,2025,Sur rendez-vous,MONOSPACE,THERMIQUE,,,deduite,False,143.0,,5.0,3,Asnières-sur-Seine,Soisy Sous Montmorency,Asnières-sur-Seine
20260728T141950,A2,2026-07-29T09:00,2026-07-30T09:00,v3.2-pagination-gps,gps,jour,994695,https://fr.getaround.com/location-voiture/paris/renault-twingo-994695?program=getaround&searched_address%5Blatitude%5D=48.8847&searched_address%5Blongitude%5D=2.2386,Renault Twingo,2017,GETAROUND CONNECT,MICRO_CITADINE,THERMIQUE,,,deduite,False,59.0,,4.76,89,Puteaux,Paris,Puteaux|Asnières-sur-Seine
20260728T141950,A2,2026-07-29T09:00,2026-07-30T09:00,v3.2-pagination-gps,gps,jour,1424176,https://fr.getaround.com/location-voiture/paris/fiat-500-1424176?program=getaround&searched_address%5Blatitude%5D=48.9175&searched_address%5Blongitude%5D=2.2869,Fiat 500,2013,GETAROUND CONNECT,CITADINE,THERMIQUE,,,deduite,False,60.0,,4.95,104,Asnières-sur-Seine,Paris,Asnières-sur-Seine
20260728T141950,A2,2026-07-29T09:00,2026-07-30T09:00,v3.2-pagination-gps,gps,jour,1650472,https://fr.getaround.com/location-voiture/paris/volkswagen-t-cross-1650472?program=getaround&searched_address%5Blatitude%5D=48.8847&searched_address%5Blongitude%5D=2.2386,Volkswagen T-Cross,2024,GETAROUND CONNECT,SUV_COMPACT,THERMIQUE,,,deduite,False,89.0,,4.73,22,Puteaux,Paris,Puteaux|Asnières-sur-Seine
20260728T141950,A2,2026-07-29T09:00,2026-07-30T09:00,v3.2-pagination-gps,gps,jour,1881941,https://fr.getaround.com/location-voiture/paris/peugeot-2008-1881941?program=getaround&searched_address%5Blatitude%5D=48.8847&searched_address%5Blongitude%5D=2.2386,Peugeot 2008,2026,GETAROUND CONNECT,SUV_COMPACT,THERMIQUE,,,deduite,False,109.0,,5.0,4,Puteaux,Paris,Puteaux|Asnières-sur-Seine
20260728T141950,A2,2026-07-29T09:00,2026-07-30T09:00,v3.2-pagination-gps,gps,jour,1211495,https://fr.getaround.com/location-voiture/sartrouville/volkswagen-polo-1211495?program=getaround&searched_address%5Blatitude%5D=48.8847&searched_address%5Blongitude%5D=2.2386,Volkswagen Polo,2016,GETAROUND CONNECT,CITADINE,THERMIQUE,,,deduite,False,64.0,,4.96,37,Puteaux,Sartrouville,Puteaux|Asnières-sur-Seine
20260728T141950,A2,2026-07-29T09:00,2026-07-30T09:00,v3.2-pagination-gps,gps,jour,1691365,https://fr.getaround.com/location-voiture/paris/peugeot-208-1691365?program=getaround&searched_address%5Blatitude%5D=48.9175&searched_address%5Blongitude%5D=2.2869,Peugeot 208,2025,GETAROUND CONNECT,CITADINE,THERMIQUE,,,deduite,False,84.0,,4.0,23,Asnières-sur-Seine,Paris,Asnières-sur-Seine
20260728T141950,A2,2026-07-29T09:00,2026-07-30T09:00,v3.2-pagination-gps,gps,jour,1881886,https://fr.getaround.com/location-voiture/paris/peugeot-2008-1881886?program=getaround&searched_address%5Blatitude%5D=48.9175&searched_address%5Blongitude%5D=2.2869,Peugeot 2008,2026,GETAROUND CONNECT,SUV_COMPACT,THERMIQUE,,,deduite,False,107.0,,5.0,3,Asnières-sur-Seine,Paris,Asnières-sur-Seine
20260728T141950,A2,2026-07-29T09:00,2026-07-30T09:00,v3.2-pagination-gps,gps,jour,1853405,https://fr.getaround.com/location-voiture/vaucresson/toyota-corolla-break-hybride-1853405?program=getaround&searched_address%5Blatitude%5D=48.8847&searched_address%5Blongitude%5D=2.2386,Toyota Corolla Break Hybride,2024,GETAROUND CONNECT,BREAK,HYBRIDE,,,deduite,False,77.0,,4.0,2,Puteaux,Vaucresson,Puteaux|Asnières-sur-Seine
20260728T141950,A2,2026-07-29T09:00,2026-07-30T09:00,v3.2-pagination-gps,gps,jour,1675475,https://fr.getaround.com/location-voiture/paris/peugeot-208-1675475?program=getaround&searched_address%5Blatitude%5D=48.8847&searched_address%5Blongitude%5D=2.2386,Peugeot 208,2025,GETAROUND CONNECT,CITADINE,THERMIQUE,,,deduite,False,84.0,,4.24,29,Puteaux,Paris,Puteaux|Asnières-sur-Seine
20260728T141950,A2,2026-07-29T09:00,2026-07-30T09:00,v3.2-pagination-gps,gps,jour,1421288,https://fr.getaround.com/location-voiture/rueil-malmaison/dacia-sandero-1421288?program=getaround&searched_address%5Blatitude%5D=48.8847&searched_address%5Blongitude%5D=2.2386,Dacia Sandero,2018,GETAROUND CONNECT,CITADINE,THERMIQUE,,,deduite,False,63.0,,4.74,42,Puteaux,Rueil Malmaison,Puteaux
20260728T141950,A2,2026-07-29T09:00,2026-07-30T09:00,v3.2-pagination-gps,gps,jour,1882596,https://fr.getaround.com/location-voiture/paris/renault-clio-1882596?program=getaround&searched_address%5Blatitude%5D=48.8847&searched_address%5Blongitude%5D=2.2386,Renault Clio,2024,GETAROUND CONNECT,CITADINE,THERMIQUE,,,deduite,False,79.0,,4.5,6,Puteaux,Paris,Puteaux|Asnières-sur-Seine
20260728T141950,A2,2026-07-29T09:00,2026-07-30T09:00,v3.2-pagination-gps,gps,jour,1478188,https://fr.getaround.com/location-voiture/paris/renault-clio-e-tech-1478188?program=getaround&searched_address%5Blatitude%5D=48.8847&searched_address%5Blongitude%5D=2.2386,Renault Clio E-tech,2020,GETAROUND CONNECT,CITADINE,ELECTRIQUE,,,deduite,False,59.0,,3.17,18,Puteaux,Paris,Puteaux|Asnières-sur-Seine
20260728T141950,A2,2026-07-29T09:00,2026-07-30T09:00,v3.2-pagination-gps,gps,jour,1677610,https://fr.getaround.com/location-voiture/paris/renault-clio-1677610?program=getaround&searched_address%5Blatitude%5D=48.8847&searched_address%5Blongitude%5D=2.2386,Renault Clio,2025,GETAROUND CONNECT,CITADINE,THERMIQUE,,,deduite,False,75.0,,4.41,17,Puteaux,Paris,Puteaux|Asnières-sur-Seine
20260728T141950,A2,2026-07-29T09:00,2026-07-30T09:00,v3.2-pagination-gps,gps,jour,1817646,https://fr.getaround.com/location-voiture/paris/renault-captur-1817646?program=getaround&searched_address%5Blatitude%5D=48.8847&searched_address%5Blongitude%5D=2.2386,Renault Captur,2018,Sur rendez-vous,SUV_COMPACT,THERMIQUE,,,deduite,False,77.0,,5.0,5,Puteaux,Paris,Puteaux|Asnières-sur-Seine
20260728T141950,A2,2026-07-29T09:00,2026-07-30T09:00,v3.2-pagination-gps,gps,jour,1877578,https://fr.getaround.com/location-voiture/paris/renault-arkana-e-tech-1877578?program=getaround&searched_address%5Blatitude%5D=48.9175&searched_address%5Blongitude%5D=2.2869,Renault Arkana E-Tech,2023,GETAROUND CONNECT,SUV_COMPACT,ELECTRIQUE,,,deduite,False,89.0,,5.0,1,Asnières-sur-Seine,Paris,Asnières-sur-Seine
20260728T141950,A2,2026-07-29T09:00,2026-07-30T09:00,v3.2-pagination-gps,gps,jour,1442857,https://fr.getaround.com/location-voiture/paris/citroen-c3-1442857?program=getaround&searched_address%5Blatitude%5D=48.8847&searched_address%5Blongitude%5D=2.2386,Citroen C3,2023,GETAROUND CONNECT,CITADINE,THERMIQUE,,,deduite,False,75.0,,3.86,21,Puteaux,Paris,Puteaux|Asnières-sur-Seine
20260728T141950,A2,2026-07-29T09:00,2026-07-30T09:00,v3.2-pagination-gps,gps,jour,1535149,https://fr.getaround.com/location-voiture/boulogne-billancourt/toyota-auris-1535149?program=getaround&searched_address%5Blatitude%5D=48.8847&searched_address%5Blongitude%5D=2.2386,Toyota Auris,2017,GETAROUND CONNECT,COMPACTE,THERMIQUE,,,deduite,False,84.0,,4.93,76,Puteaux,Boulogne Billancourt,Puteaux|Asnières-sur-Seine
20260728T141950,A2,2026-07-29T09:00,2026-07-30T09:00,v3.2-pagination-gps,gps,jour,1179601,https://fr.getaround.com/location-voiture/issy-les-moulineaux/kia-cee-d-sw-1179601?program=getaround&searched_address%5Blatitude%5D=48.8847&searched_address%5Blongitude%5D=2.2386,Kia Cee'd SW,2013,Sur rendez-vous,BREAK,THERMIQUE,,,deduite,False,74.0,,5.0,36,Puteaux,Issy Les Moulineaux,Puteaux|Asnières-sur-Seine
20260728T141950,A2,2026-07-29T09:00,2026-07-30T09:00,v3.2-pagination-gps,gps,jour,1902907,https://fr.getaround.com/location-voiture/colombes/peugeot-108-1902907?program=getaround&searched_address%5Blatitude%5D=48.8847&searched_address%5Blongitude%5D=2.2386,Peugeot 108,2016,Sur rendez-vous,MICRO_CITADINE,THERMIQUE,,,deduite,False,62.0,,,,Puteaux,Colombes,Puteaux|Asnières-sur-Seine
20260728T141950,A2,2026-07-29T09:00,2026-07-30T09:00,v3.2-pagination-gps,gps,jour,830960,https://fr.getaround.com/location-voiture/paris/renault-twingo-830960?program=getaround&searched_address%5Blatitude%5D=48.9175&searched_address%5Blongitude%5D=2.2869,Renault Twingo,2011,GETAROUND CONNECT,MICRO_CITADINE,THERMIQUE,,,deduite,False,48.0,,4.21,94,Asnières-sur-Seine,Paris,Asnières-sur-Seine
20260728T141950,A2,2026-07-29T09:00,2026-07-30T09:00,v3.2-pagination-gps,gps,jour,1314493,https://fr.getaround.com/location-voiture/paris/peugeot-208-1314493?program=getaround&searched_address%5Blatitude%5D=48.8847&searched_address%5Blongitude%5D=2.2386,Peugeot 208,2023,GETAROUND CONNECT,CITADINE,THERMIQUE,,,deduite,False,75.0,,4.26,66,Puteaux,Paris,Puteaux|Asnières-sur-Seine
20260728T141950,A2,2026-07-29T09:00,2026-07-30T09:00,v3.2-pagination-gps,gps,jour,1608625,https://fr.getaround.com/location-voiture/paris/toyota-yaris-hybride-1608625?program=getaround&searched_address%5Blatitude%5D=48.8847&searched_address%5Blongitude%5D=2.2386,Toyota Yaris Hybride,2024,GETAROUND CONNECT,CITADINE,HYBRIDE,,,deduite,False,87.0,,5.0,24,Puteaux,Paris,Puteaux|Asnières-sur-Seine
20260728T141950,A2,2026-07-29T09:00,2026-07-30T09:00,v3.2-pagination-gps,gps,jour,823374,https://fr.getaround.com/location-voiture/boulogne-billancourt/renault-clio-e-tech-823374?program=getaround&searched_address%5Blatitude%5D=48.8847&searched_address%5Blongitude%5D=2.2386,Renault Clio E-tech,2021,GETAROUND CONNECT,CITADINE,ELECTRIQUE,,,deduite,False,69.0,,4.03,117,Puteaux,Boulogne Billancourt,Puteaux|Asnières-sur-Seine
20260728T141950,A2,2026-07-29T09:00,2026-07-30T09:00,v3.2-pagination-gps,gps,jour,1701259,https://fr.getaround.com/location-voiture/saint-gratien/renault-clio-e-tech-1701259?program=getaround&searched_address%5Blatitude%5D=48.9175&searched_address%5Blongitude%5D=2.2869,Renault Clio E-tech,2021,GETAROUND CONNECT,CITADINE,ELECTRIQUE,,,deduite,False,93.0,,4.5,14,Asnières-sur-Seine,Saint Gratien,Asnières-sur-Seine
20260728T141950,A2,2026-07-29T09:00,2026-07-30T09:00,v3.2-pagination-gps,gps,jour,1030151,https://fr.getaround.com/location-voiture/paris/peugeot-2008-1030151?program=getaround&searched_address%5Blatitude%5D=48.9175&searched_address%5Blongitude%5D=2.2869,Peugeot 2008,2016,GETAROUND CONNECT,SUV_COMPACT,THERMIQUE,,,deduite,False,59.0,,3.84,104,Asnières-sur-Seine,Paris,Asnières-sur-Seine
20260728T141950,A2,2026-07-29T09:00,2026-07-30T09:00,v3.2-pagination-gps,gps,jour,692945,https://fr.getaround.com/location-voiture/paris/renault-clio-692945?program=getaround&searched_address%5Blatitude%5D=48.9175&searched_address%5Blongitude%5D=2.2869,Renault Clio,2017,GETAROUND CONNECT,CITADINE,THERMIQUE,,,deduite,False,53.0,,4.05,153,Asnières-sur-Seine,Paris,Asnières-sur-Seine
20260728T141950,A2,2026-07-29T09:00,2026-07-30T09:00,v3.2-pagination-gps,gps,jour,1708050,https://fr.getaround.com/location-voiture/boulogne-billancourt/toyota-yaris-1708050?program=getaround&searched_address%5Blatitude%5D=48.8847&searched_address%5Blongitude%5D=2.2386,Toyota Yaris,2019,GETAROUND CONNECT,CITADINE,THERMIQUE,,,deduite,False,76.0,,4.9,20,Puteaux,Boulogne Billancourt,Puteaux
20260728T141950,A2,2026-07-29T09:00,2026-07-30T09:00,v3.2-pagination-gps,gps,jour,1784194,https://fr.getaround.com/location-voiture/gennevilliers/tesla-model-y-performance-1784194?program=getaround&searched_address%5Blatitude%5D=48.8847&searched_address%5Blongitude%5D=2.2386,Tesla Model Y Performance,2023,Sur rendez-vous,SUV_FAMILIAL,ELECTRIQUE,,,deduite,False,188.0,,,,Puteaux,Gennevilliers,Puteaux|Asnières-sur-Seine
20260728T141950,A2,2026-07-29T09:00,2026-07-30T09:00,v3.2-pagination-gps,gps,jour,699273,https://fr.getaround.com/location-voiture/paris/renault-clio-699273?program=getaround&searched_address%5Blatitude%5D=48.8847&searched_address%5Blongitude%5D=2.2386,Renault Clio,2017,GETAROUND CONNECT,CITADINE,THERMIQUE,,,deduite,False,70.0,,4.71,152,Puteaux,Paris,Puteaux|Asnières-sur-Seine
20260728T141950,A2,2026-07-29T09:00,2026-07-30T09:00,v3.2-pagination-gps,gps,jour,1572123,https://fr.getaround.com/location-voiture/clichy/mini-clubman-cooper-1572123?program=getaround&searched_address%5Blatitude%5D=48.8847&searched_address%5Blongitude%5D=2.2386,Mini Clubman Cooper,2019,Sur rendez-vous,NON_CLASSE,THERMIQUE,,,deduite,False,93.0,,4.77,31,Puteaux,Clichy,Puteaux|Asnières-sur-Seine
20260728T141950,A2,2026-07-29T09:00,2026-07-30T09:00,v3.2-pagination-gps,gps,jour,1555760,https://fr.getaround.com/location-voiture/issy-les-moulineaux/toyota-corolla-hybride-1555760?program=getaround&searched_address%5Blatitude%5D=48.8847&searched_address%5Blongitude%5D=2.2386,Toyota Corolla Hybride,2021,GETAROUND CONNECT,BERLINE,HYBRIDE,,,deduite,False,78.0,,4.67,73,Puteaux,Issy Les Moulineaux,Puteaux
20260728T141950,A2,2026-07-29T09:00,2026-07-30T09:00,v3.2-pagination-gps,gps,jour,1356038,https://fr.getaround.com/location-voiture/paris/renault-clio-1356038?program=getaround&searched_address%5Blatitude%5D=48.8847&searched_address%5Blongitude%5D=2.2386,Renault Clio,2021,GETAROUND CONNECT,CITADINE,THERMIQUE,,,deduite,False,70.0,,4.81,75,Puteaux,Paris,Puteaux|Asnières-sur-Seine
20260728T141950,A2,2026-07-29T09:00,2026-07-30T09:00,v3.2-pagination-gps,gps,jour,1787784,https://fr.getaround.com/location-voiture/paris/peugeot-208-1787784?program=getaround&searched_address%5Blatitude%5D=48.9175&searched_address%5Blongitude%5D=2.2869,Peugeot 208,2025,GETAROUND CONNECT,CITADINE,THERMIQUE,,,deduite,False,84.0,,4.73,15,Asnières-sur-Seine,Paris,Asnières-sur-Seine
20260728T141950,A2,2026-07-29T09:00,2026-07-30T09:00,v3.2-pagination-gps,gps,jour,1374847,https://fr.getaround.com/location-voiture/boulogne-billancourt/renault-clio-1374847?program=getaround&searched_address%5Blatitude%5D=48.8847&searched_address%5Blongitude%5D=2.2386,Renault Clio,2012,GETAROUND CONNECT,CITADINE,THERMIQUE,,,deduite,False,57.0,,4.41,91,Puteaux,Boulogne Billancourt,Puteaux
20260728T141950,A2,2026-07-29T09:00,2026-07-30T09:00,v3.2-pagination-gps,gps,jour,1454575,https://fr.getaround.com/location-voiture/paris/fiat-500-1454575?program=getaround&searched_address%5Blatitude%5D=48.9175&searched_address%5Blongitude%5D=2.2869,Fiat 500,2014,GETAROUND CONNECT,CITADINE,THERMIQUE,,,deduite,False,60.0,,4.98,94,Asnières-sur-Seine,Paris,Asnières-sur-Seine
20260728T141950,A2,2026-07-29T09:00,2026-07-30T09:00,v3.2-pagination-gps,gps,jour,941077,https://fr.getaround.com/location-voiture/boulogne-billancourt/dacia-spring-941077?program=getaround&searched_address%5Blatitude%5D=48.8847&searched_address%5Blongitude%5D=2.2386,Dacia Spring,2021,GETAROUND CONNECT,CITADINE,THERMIQUE,,,deduite,False,49.0,,3.74,29,Puteaux,Boulogne Billancourt,Puteaux|Asnières-sur-Seine
20260728T141950,A2,2026-07-29T09:00,2026-07-30T09:00,v3.2-pagination-gps,gps,jour,1442841,https://fr.getaround.com/location-voiture/paris/citroen-c3-1442841?program=getaround&searched_address%5Blatitude%5D=48.8847&searched_address%5Blongitude%5D=2.2386,Citroen C3,2023,GETAROUND CONNECT,CITADINE,THERMIQUE,,,deduite,False,75.0,,4.48,54,Puteaux,Paris,Puteaux|Asnières-sur-Seine
20260728T141950,A2,2026-07-29T09:00,2026-07-30T09:00,v3.2-pagination-gps,gps,jour,1897393,https://fr.getaround.com/location-voiture/paris/renault-grand-scenic-1897393?program=getaround&searched_address%5Blatitude%5D=48.8847&searched_address%5Blongitude%5D=2.2386,Renault Grand Scenic,2017,GETAROUND CONNECT,MONOSPACE,THERMIQUE,,,deduite,False,112.0,,,,Puteaux,Paris,Puteaux|Asnières-sur-Seine
20260728T141950,A2,2026-07-29T09:00,2026-07-30T09:00,v3.2-pagination-gps,gps,jour,1286312,https://fr.getaround.com/location-voiture/houilles/peugeot-508-1286312?program=getaround&searched_address%5Blatitude%5D=48.8847&searched_address%5Blongitude%5D=2.2386,Peugeot 508,2011,Sur rendez-vous,BERLINE,THERMIQUE,,,deduite,False,97.0,,5.0,11,Puteaux,Houilles,Puteaux
20260728T141950,A2,2026-07-29T09:00,2026-07-30T09:00,v3.2-pagination-gps,gps,jour,828093,https://fr.getaround.com/location-voiture/paris/toyota-yaris-hybride-828093?program=getaround&searched_address%5Blatitude%5D=48.9175&searched_address%5Blongitude%5D=2.2869,Toyota Yaris Hybride,2021,GETAROUND CONNECT,CITADINE,HYBRIDE,,,deduite,False,62.0,,4.21,169,Asnières-sur-Seine,Paris,Asnières-sur-Seine
20260728T141950,A2,2026-07-29T09:00,2026-07-30T09:00,v3.2-pagination-gps,gps,jour,1936723,https://fr.getaround.com/location-voiture/colombes/peugeot-2008-1936723?program=getaround&searched_address%5Blatitude%5D=48.8847&searched_address%5Blongitude%5D=2.2386,Peugeot 2008,2021,Sur rendez-vous,SUV_COMPACT,THERMIQUE,,,deduite,False,83.0,,,,Puteaux,Colombes,Puteaux|Asnières-sur-Seine
20260728T141950,A2,2026-07-29T09:00,2026-07-30T09:00,v3.2-pagination-gps,gps,jour,1296795,https://fr.getaround.com/location-voiture/nanterre/suzuki-baleno-1296795?program=getaround&searched_address%5Blatitude%5D=48.8847&searched_address%5Blongitude%5D=2.2386,Suzuki Baleno,2017,Sur rendez-vous,NON_CLASSE,THERMIQUE,,,deduite,False,81.0,,,,Puteaux,Nanterre,Puteaux
20260728T141950,A2,2026-07-29T09:00,2026-07-30T09:00,v3.2-pagination-gps,gps,jour,1769815,https://fr.getaround.com/location-voiture/paris/peugeot-3008-1769815?program=getaround&searched_address%5Blatitude%5D=48.8847&searched_address%5Blongitude%5D=2.2386,Peugeot 3008,2020,GETAROUND CONNECT,SUV_COMPACT,THERMIQUE,,,deduite,False,114.0,,4.72,18,Puteaux,Paris,Puteaux|Asnières-sur-Seine
20260728T141950,A2,2026-07-29T09:00,2026-07-30T09:00,v3.2-pagination-gps,gps,jour,714809,https://fr.getaround.com/location-voiture/boulogne-billancourt/renault-captur-714809?program=getaround&searched_address%5Blatitude%5D=48.8847&searched_address%5Blongitude%5D=2.2386,Renault Captur,2020,GETAROUND CONNECT,SUV_COMPACT,THERMIQUE,,,deduite,False,69.0,,4.07,133,Puteaux,Boulogne Billancourt,Puteaux|Asnières-sur-Seine
20260728T141950,A2,2026-07-29T09:00,2026-07-30T09:00,v3.2-pagination-gps,gps,jour,1452801,https://fr.getaround.com/location-voiture/paris/peugeot-208-1452801?program=getaround&searched_address%5Blatitude%5D=48.8847&searched_address%5Blongitude%5D=2.2386,Peugeot 208,2023,GETAROUND CONNECT,CITADINE,THERMIQUE,,,deduite,False,79.0,,4.56,41,Puteaux,Paris,Puteaux|Asnières-sur-Seine
20260728T141950,A2,2026-07-29T09:00,2026-07-30T09:00,v3.2-pagination-gps,gps,jour,1880225,https://fr.getaround.com/location-voiture/colombes/toyota-auris-1880225?program=getaround&searched_address%5Blatitude%5D=48.8847&searched_address%5Blongitude%5D=2.2386,Toyota Auris,2014,GETAROUND CONNECT,COMPACTE,THERMIQUE,,,deduite,False,73.0,,5.0,1,Puteaux,Colombes,Puteaux
20260728T141950,A2,2026-07-29T09:00,2026-07-30T09:00,v3.2-pagination-gps,gps,jour,1935150,https://fr.getaround.com/location-voiture/bezons/renault-clio-1935150?program=getaround&searched_address%5Blatitude%5D=48.8847&searched_address%5Blongitude%5D=2.2386,Renault Clio,2012,Sur rendez-vous,CITADINE,THERMIQUE,,,deduite,False,38.0,,,,Puteaux,Bezons,Puteaux|Asnières-sur-Seine
20260728T141950,A2,2026-07-29T09:00,2026-07-30T09:00,v3.2-pagination-gps,gps,jour,1846026,https://fr.getaround.com/location-voiture/boulogne-billancourt/nissan-micra-1846026?program=getaround&searched_address%5Blatitude%5D=48.8847&searched_address%5Blongitude%5D=2.2386,Nissan Micra,2014,GETAROUND CONNECT,CITADINE,THERMIQUE,,,deduite,False,67.0,,5.0,9,Puteaux,Boulogne Billancourt,Puteaux
20260728T141950,A2,2026-07-29T09:00,2026-07-30T09:00,v3.2-pagination-gps,gps,jour,1629793,https://fr.getaround.com/location-voiture/paris/renault-clio-1629793?program=getaround&searched_address%5Blatitude%5D=48.8847&searched_address%5Blongitude%5D=2.2386,Renault Clio,2024,GETAROUND CONNECT,CITADINE,THERMIQUE,,,deduite,False,75.0,,4.33,39,Puteaux,Paris,Puteaux|Asnières-sur-Seine
20260728T141950,A2,2026-07-29T09:00,2026-07-30T09:00,v3.2-pagination-gps,gps,jour,1701804,https://fr.getaround.com/location-voiture/aubervilliers/fiat-500-lounge-1701804?program=getaround&searched_address%5Blatitude%5D=48.9175&searched_address%5Blongitude%5D=2.2869,Fiat 500 Lounge,2014,GETAROUND CONNECT,CITADINE,THERMIQUE,,,deduite,False,60.0,,4.89,9,Asnières-sur-Seine,Aubervilliers,Asnières-sur-Seine
20260728T141950,A2,2026-07-29T09:00,2026-07-30T09:00,v3.2-pagination-gps,gps,jour,1885350,https://fr.getaround.com/location-voiture/paris/renault-clio-1885350?program=getaround&searched_address%5Blatitude%5D=48.9175&searched_address%5Blongitude%5D=2.2869,Renault Clio,2019,GETAROUND CONNECT,CITADINE,THERMIQUE,,,deduite,False,57.0,,,,Asnières-sur-Seine,Paris,Asnières-sur-Seine
20260728T141950,A2,2026-07-29T09:00,2026-07-30T09:00,v3.2-pagination-gps,gps,jour,1506950,https://fr.getaround.com/location-voiture/paris/peugeot-208-1506950?program=getaround&searched_address%5Blatitude%5D=48.9175&searched_address%5Blongitude%5D=2.2869,Peugeot 208,2024,GETAROUND CONNECT,CITADINE,THERMIQUE,,,deduite,False,84.0,,4.87,42,Asnières-sur-Seine,Paris,Asnières-sur-Seine
20260728T141950,A2,2026-07-29T09:00,2026-07-30T09:00,v3.2-pagination-gps,gps,jour,1675472,https://fr.getaround.com/location-voiture/paris/peugeot-208-1675472?program=getaround&searched_address%5Blatitude%5D=48.8847&searched_address%5Blongitude%5D=2.2386,Peugeot 208,2025,GETAROUND CONNECT,CITADINE,THERMIQUE,,,deduite,False,84.0,,4.78,36,Puteaux,Paris,Puteaux|Asnières-sur-Seine
20260728T141950,A2,2026-07-29T09:00,2026-07-30T09:00,v3.2-pagination-gps,gps,jour,833696,https://fr.getaround.com/location-voiture/paris/renault-clio-833696?program=getaround&searched_address%5Blatitude%5D=48.9175&searched_address%5Blongitude%5D=2.2869,Renault Clio,2017,GETAROUND CONNECT,CITADINE,THERMIQUE,,,deduite,False,53.0,,4.1,134,Asnières-sur-Seine,Paris,Asnières-sur-Seine
20260728T141950,A2,2026-07-29T09:00,2026-07-30T09:00,v3.2-pagination-gps,gps,jour,1808709,https://fr.getaround.com/location-voiture/soisy-sous-montmorency/peugeot-208-gt-line-1808709?program=getaround&searched_address%5Blatitude%5D=48.9175&searched_address%5Blongitude%5D=2.2869,Peugeot 208 GT Line,2024,GETAROUND CONNECT,CITADINE,THERMIQUE,,,deduite,False,95.0,,4.57,14,Asnières-sur-Seine,Soisy Sous Montmorency,Asnières-sur-Seine
20260728T141950,A2,2026-07-29T09:00,2026-07-30T09:00,v3.2-pagination-gps,gps,jour,1763409,https://fr.getaround.com/location-voiture/paris/volkswagen-polo-1763409?program=getaround&searched_address%5Blatitude%5D=48.8847&searched_address%5Blongitude%5D=2.2386,Volkswagen Polo,2018,GETAROUND CONNECT,CITADINE,THERMIQUE,,,deduite,False,78.0,,5.0,17,Puteaux,Paris,Puteaux|Asnières-sur-Seine
20260728T141950,A2,2026-07-29T09:00,2026-07-30T09:00,v3.2-pagination-gps,gps,jour,1356052,https://fr.getaround.com/location-voiture/paris/renault-clio-1356052?program=getaround&searched_address%5Blatitude%5D=48.9175&searched_address%5Blongitude%5D=2.2869,Renault Clio,2021,GETAROUND CONNECT,CITADINE,THERMIQUE,,,deduite,False,70.0,,4.59,57,Asnières-sur-Seine,Paris,Asnières-sur-Seine
20260728T141950,A2,2026-07-29T09:00,2026-07-30T09:00,v3.2-pagination-gps,gps,jour,1632887,https://fr.getaround.com/location-voiture/boulogne-billancourt/toyota-corolla-break-hybride-1632887?program=getaround&searched_address%5Blatitude%5D=48.8847&searched_address%5Blongitude%5D=2.2386,Toyota Corolla Break Hybride,2021,GETAROUND CONNECT,BREAK,HYBRIDE,,,deduite,False,114.0,,5.0,22,Puteaux,Boulogne Billancourt,Puteaux|Asnières-sur-Seine
20260728T141950,A2,2026-07-29T09:00,2026-07-30T09:00,v3.2-pagination-gps,gps,jour,1894631,https://fr.getaround.com/location-voiture/paris/tesla-model-y-performance-1894631?program=getaround&searched_address%5Blatitude%5D=48.9175&searched_address%5Blongitude%5D=2.2869,Tesla Model Y Performance,2023,Sur rendez-vous,SUV_FAMILIAL,ELECTRIQUE,,,deduite,False,199.0,,,,Asnières-sur-Seine,Paris,Asnières-sur-Seine
20260728T141950,A2,2026-07-29T09:00,2026-07-30T09:00,v3.2-pagination-gps,gps,jour,1224557,https://fr.getaround.com/location-voiture/issy-les-moulineaux/peugeot-208-1224557?program=getaround&searched_address%5Blatitude%5D=48.8847&searched_address%5Blongitude%5D=2.2386,Peugeot 208,2023,GETAROUND CONNECT,CITADINE,THERMIQUE,,,deduite,False,62.0,,4.39,81,Puteaux,Issy Les Moulineaux,Puteaux|Asnières-sur-Seine
20260728T141950,A2,2026-07-29T09:00,2026-07-30T09:00,v3.2-pagination-gps,gps,jour,1886656,https://fr.getaround.com/location-voiture/paris/citroen-c1-ii-1886656?program=getaround&searched_address%5Blatitude%5D=48.8847&searched_address%5Blongitude%5D=2.2386,Citroen C1 II,2019,GETAROUND CONNECT,MICRO_CITADINE,THERMIQUE,,,deduite,False,62.0,,5.0,1,Puteaux,Paris,Puteaux|Asnières-sur-Seine
20260728T141950,A2,2026-07-29T09:00,2026-07-30T09:00,v3.2-pagination-gps,gps,jour,742295,https://fr.getaround.com/location-voiture/levallois-perret/peugeot-508-rxh-742295?program=getaround&searched_address%5Blatitude%5D=48.8847&searched_address%5Blongitude%5D=2.2386,Peugeot 508 RXH,2013,Sur rendez-vous,BREAK,HYBRIDE,,,deduite,False,92.0,,,,Puteaux,Levallois Perret,Puteaux|Asnières-sur-Seine
20260728T141950,A2,2026-07-29T09:00,2026-07-30T09:00,v3.2-pagination-gps,gps,jour,1906679,https://fr.getaround.com/location-voiture/paris/renault-megane-1906679?program=getaround&searched_address%5Blatitude%5D=48.8847&searched_address%5Blongitude%5D=2.2386,Renault Mégane,2017,Sur rendez-vous,COMPACTE,THERMIQUE,,,deduite,False,73.0,,5.0,4,Puteaux,Paris,Puteaux|Asnières-sur-Seine
20260728T141950,A2,2026-07-29T09:00,2026-07-30T09:00,v3.2-pagination-gps,gps,jour,1433801,https://fr.getaround.com/location-voiture/montmagny/renault-clio-1433801?program=getaround&searched_address%5Blatitude%5D=48.9175&searched_address%5Blongitude%5D=2.2869,Renault Clio,2013,GETAROUND CONNECT,CITADINE,THERMIQUE,,,deduite,False,59.0,,4.95,37,Asnières-sur-Seine,Montmagny,Asnières-sur-Seine
20260728T141950,A2,2026-07-29T09:00,2026-07-30T09:00,v3.2-pagination-gps,gps,jour,1731998,https://fr.getaround.com/location-voiture/paris/lexus-ux-hybride-1731998?program=getaround&searched_address%5Blatitude%5D=48.8847&searched_address%5Blongitude%5D=2.2386,Lexus UX Hybride,2024,Sur rendez-vous,NON_CLASSE,HYBRIDE,,,deduite,False,135.0,,5.0,4,Puteaux,Paris,Puteaux
20260728T141950,A2,2026-07-29T09:00,2026-07-30T09:00,v3.2-pagination-gps,gps,jour,1904339,https://fr.getaround.com/location-voiture/paris/renault-clio-1904339?program=getaround&searched_address%5Blatitude%5D=48.8847&searched_address%5Blongitude%5D=2.2386,Renault Clio,2019,GETAROUND CONNECT,CITADINE,THERMIQUE,,,deduite,False,65.0,,,,Puteaux,Paris,Puteaux
20260728T141950,A2,2026-07-29T09:00,2026-07-30T09:00,v3.2-pagination-gps,gps,jour,1901768,https://fr.getaround.com/location-voiture/paris/toyota-corolla-break-hybride-1901768?program=getaround&searched_address%5Blatitude%5D=48.9175&searched_address%5Blongitude%5D=2.2869,Toyota Corolla Break Hybride,2022,GETAROUND CONNECT,BREAK,HYBRIDE,,,deduite,False,78.0,,,,Asnières-sur-Seine,Paris,Asnières-sur-Seine
20260728T141950,A2,2026-07-29T09:00,2026-07-30T09:00,v3.2-pagination-gps,gps,jour,359982,https://fr.getaround.com/location-voiture/boulogne-billancourt/peugeot-2008-359982?program=getaround&searched_address%5Blatitude%5D=48.8847&searched_address%5Blongitude%5D=2.2386,Peugeot 2008,2018,GETAROUND CONNECT,SUV_COMPACT,THERMIQUE,,,deduite,False,71.0,,4.34,230,Puteaux,Boulogne Billancourt,Puteaux|Asnières-sur-Seine
20260728T141950,A2,2026-07-29T09:00,2026-07-30T09:00,v3.2-pagination-gps,gps,jour,1454233,https://fr.getaround.com/location-voiture/enghien-les-bains/citroen-c3-1454233?program=getaround&searched_address%5Blatitude%5D=48.9175&searched_address%5Blongitude%5D=2.2869,Citroen C3,2016,GETAROUND CONNECT,CITADINE,THERMIQUE,,,deduite,False,67.0,,4.91,32,Asnières-sur-Seine,Enghien Les Bains,Asnières-sur-Seine
20260728T141950,A2,2026-07-29T09:00,2026-07-30T09:00,v3.2-pagination-gps,gps,jour,1787695,https://fr.getaround.com/location-voiture/paris/peugeot-208-1787695?program=getaround&searched_address%5Blatitude%5D=48.8847&searched_address%5Blongitude%5D=2.2386,Peugeot 208,2025,GETAROUND CONNECT,CITADINE,THERMIQUE,,,deduite,False,84.0,,3.5,14,Puteaux,Paris,Puteaux|Asnières-sur-Seine
20260728T141950,A2,2026-07-29T09:00,2026-07-30T09:00,v3.2-pagination-gps,gps,jour,1831047,https://fr.getaround.com/location-voiture/paris/renault-clio-1831047?program=getaround&searched_address%5Blatitude%5D=48.9175&searched_address%5Blongitude%5D=2.2869,Renault Clio,2025,GETAROUND CONNECT,CITADINE,THERMIQUE,,,deduite,False,66.0,,5.0,25,Asnières-sur-Seine,Paris,Asnières-sur-Seine
20260728T141950,A2,2026-07-29T09:00,2026-07-30T09:00,v3.2-pagination-gps,gps,jour,1851073,https://fr.getaround.com/location-voiture/paris/peugeot-208-1851073?program=getaround&searched_address%5Blatitude%5D=48.8847&searched_address%5Blongitude%5D=2.2386,Peugeot 208,2023,Sur rendez-vous,CITADINE,THERMIQUE,,,deduite,False,76.0,,5.0,4,Puteaux,Paris,Puteaux|Asnières-sur-Seine
20260728T141950,A2,2026-07-29T09:00,2026-07-30T09:00,v3.2-pagination-gps,gps,jour,1196070,https://fr.getaround.com/location-voiture/courbevoie/honda-cr-v-1196070?program=getaround&searched_address%5Blatitude%5D=48.8847&searched_address%5Blongitude%5D=2.2386,Honda CR-V,2015,Sur rendez-vous,SUV_FAMILIAL,THERMIQUE,,,deduite,False,122.0,,,,Puteaux,Courbevoie,Puteaux
20260728T141950,A2,2026-07-29T09:00,2026-07-30T09:00,v3.2-pagination-gps,gps,jour,661155,https://fr.getaround.com/location-voiture/paris/renault-captur-661155?program=getaround&searched_address%5Blatitude%5D=48.9175&searched_address%5Blongitude%5D=2.2869,Renault Captur,2016,GETAROUND CONNECT,SUV_COMPACT,THERMIQUE,,,deduite,False,54.0,,4.15,169,Asnières-sur-Seine,Paris,Asnières-sur-Seine
20260728T141950,A2,2026-07-29T09:00,2026-07-30T09:00,v3.2-pagination-gps,gps,jour,1216442,https://fr.getaround.com/location-voiture/paris/peugeot-208-1216442?program=getaround&searched_address%5Blatitude%5D=48.8847&searched_address%5Blongitude%5D=2.2386,Peugeot 208,2023,GETAROUND CONNECT,CITADINE,THERMIQUE,,,deduite,False,79.0,,4.72,76,Puteaux,Paris,Puteaux|Asnières-sur-Seine
20260728T141950,A2,2026-07-29T09:00,2026-07-30T09:00,v3.2-pagination-gps,gps,jour,1220297,https://fr.getaround.com/location-voiture/paris/fiat-500-1220297?program=getaround&searched_address%5Blatitude%5D=48.9175&searched_address%5Blongitude%5D=2.2869,Fiat 500,2012,GETAROUND CONNECT,CITADINE,THERMIQUE,,,deduite,False,52.0,,3.73,37,Asnières-sur-Seine,Paris,Asnières-sur-Seine
20260728T141950,A2,2026-07-29T09:00,2026-07-30T09:00,v3.2-pagination-gps,gps,jour,1322902,https://fr.getaround.com/location-voiture/paris/toyota-corolla-break-hybride-1322902?program=getaround&searched_address%5Blatitude%5D=48.8847&searched_address%5Blongitude%5D=2.2386,Toyota Corolla Break Hybride,2020,GETAROUND CONNECT,BREAK,HYBRIDE,,,deduite,False,88.0,,4.35,42,Puteaux,Paris,Puteaux|Asnières-sur-Seine
20260728T141950,A2,2026-07-29T09:00,2026-07-30T09:00,v3.2-pagination-gps,gps,jour,1881938,https://fr.getaround.com/location-voiture/paris/peugeot-2008-1881938?program=getaround&searched_address%5Blatitude%5D=48.9175&searched_address%5Blongitude%5D=2.2869,Peugeot 2008,2026,GETAROUND CONNECT,SUV_COMPACT,THERMIQUE,,,deduite,False,107.0,,5.0,1,Asnières-sur-Seine,Paris,Asnières-sur-Seine
20260728T141950,A2,2026-07-29T09:00,2026-07-30T09:00,v3.2-pagination-gps,gps,jour,1689747,https://fr.getaround.com/location-voiture/paris/renault-clio-1689747?program=getaround&searched_address%5Blatitude%5D=48.8847&searched_address%5Blongitude%5D=2.2386,Renault Clio,2024,GETAROUND CONNECT,CITADINE,THERMIQUE,,,deduite,False,75.0,,4.05,21,Puteaux,Paris,Puteaux|Asnières-sur-Seine
20260728T141950,A2,2026-07-29T09:00,2026-07-30T09:00,v3.2-pagination-gps,gps,jour,1401435,https://fr.getaround.com/location-voiture/gennevilliers/bmw-serie-2-active-tourer-1401435?program=getaround&searched_address%5Blatitude%5D=48.8847&searched_address%5Blongitude%5D=2.2386,BMW Série 2 Active Tourer,2016,Sur rendez-vous,NON_CLASSE,THERMIQUE,,,deduite,False,117.0,,4.33,6,Puteaux,Gennevilliers,Puteaux|Asnières-sur-Seine
20260728T141950,A2,2026-07-29T09:00,2026-07-30T09:00,v3.2-pagination-gps,gps,jour,1833543,https://fr.getaround.com/location-voiture/argenteuil/citroen-c3-1833543?program=getaround&searched_address%5Blatitude%5D=48.8847&searched_address%5Blongitude%5D=2.2386,Citroen C3,2019,GETAROUND CONNECT,CITADINE,THERMIQUE,,,deduite,False,65.0,,5.0,2,Puteaux,Argenteuil,Puteaux|Asnières-sur-Seine
20260728T141950,A2,2026-07-29T09:00,2026-07-30T09:00,v3.2-pagination-gps,gps,jour,1007375,https://fr.getaround.com/location-voiture/paris/citroen-c3-1007375?program=getaround&searched_address%5Blatitude%5D=48.9175&searched_address%5Blongitude%5D=2.2869,Citroen C3,2022,GETAROUND CONNECT,CITADINE,THERMIQUE,,,deduite,False,53.0,,4.23,84,Asnières-sur-Seine,Paris,Asnières-sur-Seine
20260728T141950,A2,2026-07-29T09:00,2026-07-30T09:00,v3.2-pagination-gps,gps,jour,1777304,https://fr.getaround.com/location-voiture/paris/peugeot-5008-1777304?program=getaround&searched_address%5Blatitude%5D=48.8847&searched_address%5Blongitude%5D=2.2386,Peugeot 5008,2019,GETAROUND CONNECT,MONOSPACE,THERMIQUE,,,deduite,False,95.0,,4.4,10,Puteaux,Paris,Puteaux|Asnières-sur-Seine
20260728T141950,A2,2026-07-29T09:00,2026-07-30T09:00,v3.2-pagination-gps,gps,jour,1686534,https://fr.getaround.com/location-voiture/issy-les-moulineaux/peugeot-308-1686534?program=getaround&searched_address%5Blatitude%5D=48.8847&searched_address%5Blongitude%5D=2.2386,Peugeot 308,2021,GETAROUND CONNECT,COMPACTE,THERMIQUE,,,deduite,False,59.0,,3.85,20,Puteaux,Issy Les Moulineaux,Puteaux
20260728T141950,A2,2026-07-29T09:00,2026-07-30T09:00,v3.2-pagination-gps,gps,jour,1570956,https://fr.getaround.com/location-voiture/bois-colombes/citroen-c4-1570956?program=getaround&searched_address%5Blatitude%5D=48.9175&searched_address%5Blongitude%5D=2.2869,Citroen C4,2018,Sur rendez-vous,COMPACTE,THERMIQUE,,,deduite,False,75.0,,,,Asnières-sur-Seine,Bois Colombes,Asnières-sur-Seine
20260728T141950,A2,2026-07-29T09:00,2026-07-30T09:00,v3.2-pagination-gps,gps,jour,1681647,https://fr.getaround.com/location-voiture/paris/peugeot-3008-1681647?program=getaround&searched_address%5Blatitude%5D=48.8847&searched_address%5Blongitude%5D=2.2386,Peugeot 3008,2020,GETAROUND CONNECT,SUV_COMPACT,THERMIQUE,,,deduite,False,83.0,,3.86,21,Puteaux,Paris,Puteaux|Asnières-sur-Seine
20260728T141950,A2,2026-07-29T09:00,2026-07-30T09:00,v3.2-pagination-gps,gps,jour,1438150,https://fr.getaround.com/location-voiture/paris/renault-clio-1438150?program=getaround&searched_address%5Blatitude%5D=48.8847&searched_address%5Blongitude%5D=2.2386,Renault Clio,2024,GETAROUND CONNECT,CITADINE,THERMIQUE,,,deduite,False,75.0,,4.0,21,Puteaux,Paris,Puteaux|Asnières-sur-Seine
20260728T141950,A2,2026-07-29T09:00,2026-07-30T09:00,v3.2-pagination-gps,gps,jour,835612,https://fr.getaround.com/location-voiture/paris/renault-clio-835612?program=getaround&searched_address%5Blatitude%5D=48.9175&searched_address%5Blongitude%5D=2.2869,Renault Clio,2018,GETAROUND CONNECT,CITADINE,THERMIQUE,,,deduite,False,53.0,,4.12,157,Asnières-sur-Seine,Paris,Asnières-sur-Seine
20260728T141950,A2,2026-07-29T09:00,2026-07-30T09:00,v3.2-pagination-gps,gps,jour,1610891,https://fr.getaround.com/location-voiture/issy-les-moulineaux/audi-a5-sportback-1610891?program=getaround&searched_address%5Blatitude%5D=48.8847&searched_address%5Blongitude%5D=2.2386,Audi A5 Sportback,2013,Sur rendez-vous,NON_CLASSE,THERMIQUE,,,deduite,False,111.0,,5.0,4,Puteaux,Issy Les Moulineaux,Puteaux|Asnières-sur-Seine
20260728T141950,A2,2026-07-29T09:00,2026-07-30T09:00,v3.2-pagination-gps,gps,jour,1934281,https://fr.getaround.com/location-voiture/paris/peugeot-208-1934281?program=getaround&searched_address%5Blatitude%5D=48.8847&searched_address%5Blongitude%5D=2.2386,Peugeot 208,2026,GETAROUND CONNECT,CITADINE,THERMIQUE,,,deduite,False,87.0,,,,Puteaux,Paris,Puteaux|Asnières-sur-Seine
20260728T141950,A2,2026-07-29T09:00,2026-07-30T09:00,v3.2-pagination-gps,gps,jour,1608623,https://fr.getaround.com/location-voiture/paris/toyota-yaris-hybride-1608623?program=getaround&searched_address%5Blatitude%5D=48.8847&searched_address%5Blongitude%5D=2.2386,Toyota Yaris Hybride,2024,GETAROUND CONNECT,CITADINE,HYBRIDE,,,deduite,False,87.0,,4.56,26,Puteaux,Paris,Puteaux|Asnières-sur-Seine
20260728T141950,A2,2026-07-29T09:00,2026-07-30T09:00,v3.2-pagination-gps,gps,jour,1504245,https://fr.getaround.com/location-voiture/paris/peugeot-3008-1504245?program=getaround&searched_address%5Blatitude%5D=48.8847&searched_address%5Blongitude%5D=2.2386,Peugeot 3008,2024,GETAROUND CONNECT,SUV_COMPACT,THERMIQUE,,,deduite,False,132.0,,4.0,16,Puteaux,Paris,Puteaux|Asnières-sur-Seine
20260728T141950,A2,2026-07-29T09:00,2026-07-30T09:00,v3.2-pagination-gps,gps,jour,1911327,https://fr.getaround.com/location-voiture/paris/citroen-c4-grand-spacetourer-1911327?program=getaround&searched_address%5Blatitude%5D=48.8847&searched_address%5Blongitude%5D=2.2386,Citroen C4 Grand Spacetourer,2022,GETAROUND CONNECT,COMPACTE,THERMIQUE,,,deduite,False,95.0,,,,Puteaux,Paris,Puteaux|Asnières-sur-Seine
20260728T141950,A2,2026-07-29T09:00,2026-07-30T09:00,v3.2-pagination-gps,gps,jour,1787600,https://fr.getaround.com/location-voiture/vanves/fiat-500l-1787600?program=getaround&searched_address%5Blatitude%5D=48.8847&searched_address%5Blongitude%5D=2.2386,Fiat 500L,2016,GETAROUND CONNECT,CITADINE,THERMIQUE,,,deduite,False,48.0,,4.07,15,Puteaux,Vanves,Puteaux
20260728T141950,A2,2026-07-29T09:00,2026-07-30T09:00,v3.2-pagination-gps,gps,jour,831985,https://fr.getaround.com/location-voiture/paris/dacia-lodgy-831985?program=getaround&searched_address%5Blatitude%5D=48.8847&searched_address%5Blongitude%5D=2.2386,Dacia Lodgy,2021,GETAROUND CONNECT,MONOSPACE,THERMIQUE,,,deduite,False,71.0,,4.27,148,Puteaux,Paris,Puteaux|Asnières-sur-Seine
20260728T141950,A2,2026-07-29T09:00,2026-07-30T09:00,v3.2-pagination-gps,gps,jour,1780427,https://fr.getaround.com/location-voiture/epinay-sur-seine/citroen-c3-1780427?program=getaround&searched_address%5Blatitude%5D=48.9175&searched_address%5Blongitude%5D=2.2869,Citroen C3,2022,GETAROUND CONNECT,CITADINE,THERMIQUE,,,deduite,False,76.0,,4.76,21,Asnières-sur-Seine,Epinay Sur Seine,Asnières-sur-Seine
20260728T141950,A2,2026-07-29T09:00,2026-07-30T09:00,v3.2-pagination-gps,gps,jour,1670817,https://fr.getaround.com/location-voiture/paris/peugeot-208-1670817?program=getaround&searched_address%5Blatitude%5D=48.8847&searched_address%5Blongitude%5D=2.2386,Peugeot 208,2025,GETAROUND CONNECT,CITADINE,THERMIQUE,,,deduite,False,84.0,,4.46,39,Puteaux,Paris,Puteaux|Asnières-sur-Seine
20260728T141950,A2,2026-07-29T09:00,2026-07-30T09:00,v3.2-pagination-gps,gps,jour,563736,https://fr.getaround.com/location-voiture/paris/renault-clio-563736?program=getaround&searched_address%5Blatitude%5D=48.9175&searched_address%5Blongitude%5D=2.2869,Renault Clio,2014,GETAROUND CONNECT,CITADINE,THERMIQUE,,,deduite,False,54.0,,4.16,196,Asnières-sur-Seine,Paris,Asnières-sur-Seine
20260728T141950,A2,2026-07-29T09:00,2026-07-30T09:00,v3.2-pagination-gps,gps,jour,1483800,https://fr.getaround.com/location-voiture/paris/renault-twingo-iii-1483800?program=getaround&searched_address%5Blatitude%5D=48.8847&searched_address%5Blongitude%5D=2.2386,Renault Twingo III,2020,GETAROUND CONNECT,MICRO_CITADINE,THERMIQUE,,,deduite,False,65.0,,4.81,54,Puteaux,Paris,Puteaux|Asnières-sur-Seine
20260728T141950,A2,2026-07-29T09:00,2026-07-30T09:00,v3.2-pagination-gps,gps,jour,1504247,https://fr.getaround.com/location-voiture/paris/peugeot-3008-1504247?program=getaround&searched_address%5Blatitude%5D=48.8847&searched_address%5Blongitude%5D=2.2386,Peugeot 3008,2023,GETAROUND CONNECT,SUV_COMPACT,THERMIQUE,,,deduite,False,142.0,,4.96,25,Puteaux,Paris,Puteaux|Asnières-sur-Seine
20260728T141950,A2,2026-07-29T09:00,2026-07-30T09:00,v3.2-pagination-gps,gps,jour,1694498,https://fr.getaround.com/location-voiture/paris/peugeot-308-sw-1694498?program=getaround&searched_address%5Blatitude%5D=48.9175&searched_address%5Blongitude%5D=2.2869,Peugeot 308 SW,2021,GETAROUND CONNECT,BREAK,THERMIQUE,,,deduite,False,59.0,,3.76,17,Asnières-sur-Seine,Paris,Asnières-sur-Seine
20260728T141950,A2,2026-07-29T09:00,2026-07-30T09:00,v3.2-pagination-gps,gps,jour,1932353,https://fr.getaround.com/location-voiture/rueil-malmaison/peugeot-208-1932353?program=getaround&searched_address%5Blatitude%5D=48.8847&searched_address%5Blongitude%5D=2.2386,Peugeot 208,2019,GETAROUND CONNECT,CITADINE,THERMIQUE,,,deduite,False,75.0,,,,Puteaux,Rueil Malmaison,Puteaux
20260728T141950,A2,2026-07-29T09:00,2026-07-30T09:00,v3.2-pagination-gps,gps,jour,1765403,https://fr.getaround.com/location-voiture/enghien-les-bains/citroen-c3-1765403?program=getaround&searched_address%5Blatitude%5D=48.9175&searched_address%5Blongitude%5D=2.2869,Citroen C3,2020,GETAROUND CONNECT,CITADINE,THERMIQUE,,,deduite,False,69.0,,5.0,5,Asnières-sur-Seine,Enghien Les Bains,Asnières-sur-Seine
20260728T141950,A2,2026-07-29T09:00,2026-07-30T09:00,v3.2-pagination-gps,gps,jour,1631669,https://fr.getaround.com/location-voiture/boulogne-billancourt/opel-corsa-1631669?program=getaround&searched_address%5Blatitude%5D=48.8847&searched_address%5Blongitude%5D=2.2386,Opel Corsa,2024,GETAROUND CONNECT,CITADINE,THERMIQUE,,,deduite,False,84.0,,4.92,64,Puteaux,Boulogne Billancourt,Puteaux
20260728T141950,A2,2026-07-29T09:00,2026-07-30T09:00,v3.2-pagination-gps,gps,jour,1893769,https://fr.getaround.com/location-voiture/boulogne-billancourt/volkswagen-golf-1893769?program=getaround&searched_address%5Blatitude%5D=48.8847&searched_address%5Blongitude%5D=2.2386,Volkswagen Golf,2012,Sur rendez-vous,COMPACTE,THERMIQUE,,,deduite,False,50.0,,5.0,1,Puteaux,Boulogne Billancourt,Puteaux
20260728T141950,A2,2026-07-29T09:00,2026-07-30T09:00,v3.2-pagination-gps,gps,jour,1921213,https://fr.getaround.com/location-voiture/paris/peugeot-208-1921213?program=getaround&searched_address%5Blatitude%5D=48.8847&searched_address%5Blongitude%5D=2.2386,Peugeot 208,2026,GETAROUND CONNECT,CITADINE,THERMIQUE,,,deduite,False,75.0,,,,Puteaux,Paris,Puteaux|Asnières-sur-Seine
20260728T141950,A2,2026-07-29T09:00,2026-07-30T09:00,v3.2-pagination-gps,gps,jour,1665727,https://fr.getaround.com/location-voiture/paris/renault-twingo-iii-1665727?program=getaround&searched_address%5Blatitude%5D=48.8847&searched_address%5Blongitude%5D=2.2386,Renault Twingo III,2019,Sur rendez-vous,MICRO_CITADINE,THERMIQUE,,,deduite,False,47.0,,4.91,33,Puteaux,Paris,Puteaux|Asnières-sur-Seine
20260728T141950,A2,2026-07-29T09:00,2026-07-30T09:00,v3.2-pagination-gps,gps,jour,1690512,https://fr.getaround.com/location-voiture/boulogne-billancourt/peugeot-208-1690512?program=getaround&searched_address%5Blatitude%5D=48.8847&searched_address%5Blongitude%5D=2.2386,Peugeot 208,2017,GETAROUND CONNECT,CITADINE,THERMIQUE,,,deduite,False,70.0,,4.88,8,Puteaux,Boulogne Billancourt,Puteaux
20260728T141950,A2,2026-07-29T09:00,2026-07-30T09:00,v3.2-pagination-gps,gps,jour,1881858,https://fr.getaround.com/location-voiture/paris/peugeot-2008-1881858?program=getaround&searched_address%5Blatitude%5D=48.9175&searched_address%5Blongitude%5D=2.2869,Peugeot 2008,2026,GETAROUND CONNECT,SUV_COMPACT,THERMIQUE,,,deduite,False,109.0,,5.0,3,Asnières-sur-Seine,Paris,Asnières-sur-Seine
20260728T141950,A2,2026-07-29T09:00,2026-07-30T09:00,v3.2-pagination-gps,gps,jour,1528491,https://fr.getaround.com/location-voiture/paris/citroen-c3-1528491?program=getaround&searched_address%5Blatitude%5D=48.8847&searched_address%5Blongitude%5D=2.2386,Citroen C3,2024,GETAROUND CONNECT,CITADINE,THERMIQUE,,,deduite,False,84.0,,4.84,31,Puteaux,Paris,Puteaux|Asnières-sur-Seine
20260728T141950,A2,2026-07-29T09:00,2026-07-30T09:00,v3.2-pagination-gps,gps,jour,1681926,https://fr.getaround.com/location-voiture/clichy/toyota-verso-1681926?program=getaround&searched_address%5Blatitude%5D=48.9175&searched_address%5Blongitude%5D=2.2869,Toyota Verso,2014,Sur rendez-vous,NON_CLASSE,THERMIQUE,,,deduite,False,75.0,,,,Asnières-sur-Seine,Clichy,Asnières-sur-Seine
20260728T141950,A2,2026-07-29T09:00,2026-07-30T09:00,v3.2-pagination-gps,gps,jour,1076638,https://fr.getaround.com/location-voiture/paris/renault-twingo-1076638?program=getaround&searched_address%5Blatitude%5D=48.9175&searched_address%5Blongitude%5D=2.2869,Renault Twingo,2014,GETAROUND CONNECT,MICRO_CITADINE,THERMIQUE,,,deduite,False,54.0,,4.61,90,Asnières-sur-Seine,Paris,Asnières-sur-Seine
20260728T141950,A2,2026-07-29T09:00,2026-07-30T09:00,v3.2-pagination-gps,gps,jour,1922053,https://fr.getaround.com/location-voiture/nanterre/renault-clio-estate-1922053?program=getaround&searched_address%5Blatitude%5D=48.8847&searched_address%5Blongitude%5D=2.2386,Renault Clio Estate,2013,Sur rendez-vous,BREAK,THERMIQUE,,,deduite,False,59.0,,5.0,2,Puteaux,Nanterre,Puteaux
20260728T141950,A2,2026-07-29T09:00,2026-07-30T09:00,v3.2-pagination-gps,gps,jour,828092,https://fr.getaround.com/location-voiture/boulogne-billancourt/toyota-yaris-hybride-828092?program=getaround&searched_address%5Blatitude%5D=48.8847&searched_address%5Blongitude%5D=2.2386,Toyota Yaris Hybride,2021,GETAROUND CONNECT,CITADINE,HYBRIDE,,,deduite,False,69.0,,4.51,77,Puteaux,Boulogne Billancourt,Puteaux
20260728T141950,A2,2026-07-29T09:00,2026-07-30T09:00,v3.2-pagination-gps,gps,jour,1574326,https://fr.getaround.com/location-voiture/paris/renault-clio-1574326?program=getaround&searched_address%5Blatitude%5D=48.9175&searched_address%5Blongitude%5D=2.2869,Renault Clio,2021,GETAROUND CONNECT,CITADINE,THERMIQUE,,,deduite,False,53.0,,3.83,29,Asnières-sur-Seine,Paris,Asnières-sur-Seine
20260728T141950,A2,2026-07-29T09:00,2026-07-30T09:00,v3.2-pagination-gps,gps,jour,1219241,https://fr.getaround.com/location-voiture/paris/peugeot-208-1219241?program=getaround&searched_address%5Blatitude%5D=48.9175&searched_address%5Blongitude%5D=2.2869,Peugeot 208,2023,GETAROUND CONNECT,CITADINE,THERMIQUE,,,deduite,False,75.0,,3.89,48,Asnières-sur-Seine,Paris,Asnières-sur-Seine
20260728T141950,A2,2026-07-29T09:00,2026-07-30T09:00,v3.2-pagination-gps,gps,jour,1204835,https://fr.getaround.com/location-voiture/suresnes/citroen-c3-1204835?program=getaround&searched_address%5Blatitude%5D=48.8847&searched_address%5Blongitude%5D=2.2386,Citroen C3,2016,GETAROUND CONNECT,CITADINE,THERMIQUE,,,deduite,False,67.0,,3.91,28,Puteaux,Suresnes,Puteaux
20260728T141950,A2,2026-07-29T09:00,2026-07-30T09:00,v3.2-pagination-gps,gps,jour,1756735,https://fr.getaround.com/location-voiture/paris/renault-clio-1756735?program=getaround&searched_address%5Blatitude%5D=48.9175&searched_address%5Blongitude%5D=2.2869,Renault Clio,2024,GETAROUND CONNECT,CITADINE,THERMIQUE,,,deduite,False,79.0,,4.55,29,Asnières-sur-Seine,Paris,Asnières-sur-Seine
20260728T141950,A2,2026-07-29T09:00,2026-07-30T09:00,v3.2-pagination-gps,gps,jour,1821363,https://fr.getaround.com/location-voiture/nanterre/ford-fiesta-1821363?program=getaround&searched_address%5Blatitude%5D=48.8847&searched_address%5Blongitude%5D=2.2386,Ford Fiesta,2015,GETAROUND CONNECT,CITADINE,THERMIQUE,,,deduite,False,60.0,,4.0,2,Puteaux,Nanterre,Puteaux|Asnières-sur-Seine
20260728T141950,A2,2026-07-29T09:00,2026-07-30T09:00,v3.2-pagination-gps,gps,jour,1713379,https://fr.getaround.com/location-voiture/paris/volkswagen-polo-1713379?program=getaround&searched_address%5Blatitude%5D=48.8847&searched_address%5Blongitude%5D=2.2386,Volkswagen Polo,2025,GETAROUND CONNECT,CITADINE,THERMIQUE,,,deduite,False,106.0,,4.91,11,Puteaux,Paris,Puteaux|Asnières-sur-Seine
20260728T141950,A2,2026-07-29T09:00,2026-07-30T09:00,v3.2-pagination-gps,gps,jour,1291658,https://fr.getaround.com/location-voiture/vanves/toyota-yaris-hybride-1291658?program=getaround&searched_address%5Blatitude%5D=48.8847&searched_address%5Blongitude%5D=2.2386,Toyota Yaris Hybride,2022,GETAROUND CONNECT,CITADINE,HYBRIDE,,,deduite,False,71.0,,4.46,55,Puteaux,Vanves,Puteaux
20260728T141950,A2,2026-07-29T09:00,2026-07-30T09:00,v3.2-pagination-gps,gps,jour,1356027,https://fr.getaround.com/location-voiture/paris/renault-clio-1356027?program=getaround&searched_address%5Blatitude%5D=48.8847&searched_address%5Blongitude%5D=2.2386,Renault Clio,2022,GETAROUND CONNECT,CITADINE,THERMIQUE,,,deduite,False,76.0,,4.86,65,Puteaux,Paris,Puteaux|Asnières-sur-Seine
20260728T141950,A2,2026-07-29T09:00,2026-07-30T09:00,v3.2-pagination-gps,gps,jour,1926461,https://fr.getaround.com/location-voiture/paris/renault-twingo-1926461?program=getaround&searched_address%5Blatitude%5D=48.9175&searched_address%5Blongitude%5D=2.2869,Renault Twingo,2026,GETAROUND CONNECT,MICRO_CITADINE,THERMIQUE,,,deduite,False,61.0,,,,Asnières-sur-Seine,Paris,Asnières-sur-Seine
20260728T141950,A2,2026-07-29T09:00,2026-07-30T09:00,v3.2-pagination-gps,gps,jour,1638499,https://fr.getaround.com/location-voiture/issy-les-moulineaux/renault-clio-1638499?program=getaround&searched_address%5Blatitude%5D=48.8847&searched_address%5Blongitude%5D=2.2386,Renault Clio,2019,GETAROUND CONNECT,CITADINE,THERMIQUE,,,deduite,False,70.0,,4.86,21,Puteaux,Issy Les Moulineaux,Puteaux
20260728T141950,A2,2026-07-29T09:00,2026-07-30T09:00,v3.2-pagination-gps,gps,jour,1326257,https://fr.getaround.com/location-voiture/saint-denis/renault-clio-1326257?program=getaround&searched_address%5Blatitude%5D=48.9175&searched_address%5Blongitude%5D=2.2869,Renault Clio,2012,GETAROUND CONNECT,CITADINE,THERMIQUE,,,deduite,False,60.0,,4.88,17,Asnières-sur-Seine,Saint Denis,Asnières-sur-Seine
20260728T141950,A2,2026-07-29T09:00,2026-07-30T09:00,v3.2-pagination-gps,gps,jour,1634381,https://fr.getaround.com/location-voiture/boulogne-billancourt/opel-corsa-1634381?program=getaround&searched_address%5Blatitude%5D=48.8847&searched_address%5Blongitude%5D=2.2386,Opel Corsa,2024,GETAROUND CONNECT,CITADINE,THERMIQUE,,,deduite,False,84.0,,4.82,41,Puteaux,Boulogne Billancourt,Puteaux
20260728T141950,A2,2026-07-29T09:00,2026-07-30T09:00,v3.2-pagination-gps,gps,jour,1916414,https://fr.getaround.com/location-voiture/paris/peugeot-208-1916414?program=getaround&searched_address%5Blatitude%5D=48.9175&searched_address%5Blongitude%5D=2.2869,Peugeot 208,2026,GETAROUND CONNECT,CITADINE,THERMIQUE,,,deduite,False,75.0,,,,Asnières-sur-Seine,Paris,Asnières-sur-Seine
20260728T141950,A2,2026-07-29T09:00,2026-07-30T09:00,v3.2-pagination-gps,gps,jour,1900833,https://fr.getaround.com/location-voiture/soisy-sous-montmorency/peugeot-208-1900833?program=getaround&searched_address%5Blatitude%5D=48.9175&searched_address%5Blongitude%5D=2.2869,Peugeot 208,2023,Sur rendez-vous,CITADINE,THERMIQUE,,,deduite,False,70.0,,,,Asnières-sur-Seine,Soisy Sous Montmorency,Asnières-sur-Seine
20260728T141950,A2,2026-07-29T09:00,2026-07-30T09:00,v3.2-pagination-gps,gps,jour,842040,https://fr.getaround.com/location-voiture/paris/citroen-c3-aircross-842040?program=getaround&searched_address%5Blatitude%5D=48.8847&searched_address%5Blongitude%5D=2.2386,Citroen C3 Aircross,2018,GETAROUND CONNECT,SUV_COMPACT,THERMIQUE,,,deduite,False,74.0,,4.49,98,Puteaux,Paris,Puteaux
20260728T141950,A2,2026-07-29T09:00,2026-07-30T09:00,v3.2-pagination-gps,gps,jour,1691582,https://fr.getaround.com/location-voiture/paris/peugeot-2008-1691582?program=getaround&searched_address%5Blatitude%5D=48.9175&searched_address%5Blongitude%5D=2.2869,Peugeot 2008,2019,Sur rendez-vous,SUV_COMPACT,THERMIQUE,,,deduite,False,86.0,,5.0,15,Asnières-sur-Seine,Paris,Asnières-sur-Seine
20260728T141950,A2,2026-07-29T09:00,2026-07-30T09:00,v3.2-pagination-gps,gps,jour,1820985,https://fr.getaround.com/location-voiture/issy-les-moulineaux/peugeot-208-1820985?program=getaround&searched_address%5Blatitude%5D=48.8847&searched_address%5Blongitude%5D=2.2386,Peugeot 208,2017,GETAROUND CONNECT,CITADINE,THERMIQUE,,,deduite,False,65.0,,4.72,29,Puteaux,Issy Les Moulineaux,Puteaux
20260728T141950,A2,2026-07-29T09:00,2026-07-30T09:00,v3.2-pagination-gps,gps,jour,1564818,https://fr.getaround.com/location-voiture/boulogne-billancourt/renault-twingo-iii-1564818?program=getaround&searched_address%5Blatitude%5D=48.8847&searched_address%5Blongitude%5D=2.2386,Renault Twingo III,2021,GETAROUND CONNECT,MICRO_CITADINE,THERMIQUE,,,deduite,False,65.0,,4.7,41,Puteaux,Boulogne Billancourt,Puteaux
20260728T141950,A2,2026-07-29T09:00,2026-07-30T09:00,v3.2-pagination-gps,gps,jour,1556419,https://fr.getaround.com/location-voiture/paris/toyota-corolla-break-hybride-1556419?program=getaround&searched_address%5Blatitude%5D=48.9175&searched_address%5Blongitude%5D=2.2869,Toyota Corolla Break Hybride,2021,GETAROUND CONNECT,BREAK,HYBRIDE,,,deduite,False,84.0,,4.31,34,Asnières-sur-Seine,Paris,Asnières-sur-Seine
20260728T141950,A2,2026-07-29T09:00,2026-07-30T09:00,v3.2-pagination-gps,gps,jour,1629787,https://fr.getaround.com/location-voiture/paris/renault-clio-1629787?program=getaround&searched_address%5Blatitude%5D=48.8847&searched_address%5Blongitude%5D=2.2386,Renault Clio,2024,GETAROUND CONNECT,CITADINE,THERMIQUE,,,deduite,False,79.0,,4.8,45,Puteaux,Paris,Puteaux|Asnières-sur-Seine
20260728T141950,A2,2026-07-29T09:00,2026-07-30T09:00,v3.2-pagination-gps,gps,jour,1934283,https://fr.getaround.com/location-voiture/paris/peugeot-208-1934283?program=getaround&searched_address%5Blatitude%5D=48.8847&searched_address%5Blongitude%5D=2.2386,Peugeot 208,2026,GETAROUND CONNECT,CITADINE,THERMIQUE,,,deduite,False,87.0,,,,Puteaux,Paris,Puteaux|Asnières-sur-Seine
20260728T141950,A2,2026-07-29T09:00,2026-07-30T09:00,v3.2-pagination-gps,gps,jour,1712083,https://fr.getaround.com/location-voiture/sartrouville/mercedes-benz-classe-e-coupe-1712083?program=getaround&searched_address%5Blatitude%5D=48.8847&searched_address%5Blongitude%5D=2.2386,Mercedes-Benz Classe E Coupé,2014,Sur rendez-vous,BERLINE,THERMIQUE,,,deduite,False,176.0,,5.0,1,Puteaux,Sartrouville,Puteaux|Asnières-sur-Seine
20260728T141950,A2,2026-07-29T09:00,2026-07-30T09:00,v3.2-pagination-gps,gps,jour,1584797,https://fr.getaround.com/location-voiture/paris/volkswagen-polo-1584797?program=getaround&searched_address%5Blatitude%5D=48.8847&searched_address%5Blongitude%5D=2.2386,Volkswagen Polo,2016,GETAROUND CONNECT,CITADINE,THERMIQUE,,,deduite,False,90.0,,4.48,27,Puteaux,Paris,Puteaux|Asnières-sur-Seine
20260728T141950,A2,2026-07-29T09:00,2026-07-30T09:00,v3.2-pagination-gps,gps,jour,1666424,https://fr.getaround.com/location-voiture/paris/peugeot-208-1666424?program=getaround&searched_address%5Blatitude%5D=48.8847&searched_address%5Blongitude%5D=2.2386,Peugeot 208,2025,GETAROUND CONNECT,CITADINE,THERMIQUE,,,deduite,False,84.0,,4.19,21,Puteaux,Paris,Puteaux|Asnières-sur-Seine
20260728T141950,A2,2026-07-29T09:00,2026-07-30T09:00,v3.2-pagination-gps,gps,jour,1891065,https://fr.getaround.com/location-voiture/drancy/renault-clio-1891065?program=getaround&searched_address%5Blatitude%5D=48.9175&searched_address%5Blongitude%5D=2.2869,Renault Clio,2015,GETAROUND CONNECT,CITADINE,THERMIQUE,,,deduite,False,66.0,,5.0,3,Asnières-sur-Seine,Drancy,Asnières-sur-Seine
20260728T141950,A2,2026-07-29T09:00,2026-07-30T09:00,v3.2-pagination-gps,gps,jour,1721129,https://fr.getaround.com/location-voiture/issy-les-moulineaux/smart-forfour-1721129?program=getaround&searched_address%5Blatitude%5D=48.8847&searched_address%5Blongitude%5D=2.2386,Smart Forfour,2015,GETAROUND CONNECT,MICRO_CITADINE,THERMIQUE,,,deduite,False,60.0,,4.54,13,Puteaux,Issy Les Moulineaux,Puteaux|Asnières-sur-Seine
20260728T141950,A2,2026-07-29T09:00,2026-07-30T09:00,v3.2-pagination-gps,gps,jour,985160,https://fr.getaround.com/location-voiture/paris/peugeot-208-985160?program=getaround&searched_address%5Blatitude%5D=48.9175&searched_address%5Blongitude%5D=2.2869,Peugeot 208,2021,GETAROUND CONNECT,CITADINE,THERMIQUE,,,deduite,False,53.0,,3.82,61,Asnières-sur-Seine,Paris,Asnières-sur-Seine
20260728T141950,A2,2026-07-29T09:00,2026-07-30T09:00,v3.2-pagination-gps,gps,jour,1376882,https://fr.getaround.com/location-voiture/paris/peugeot-2008-1376882?program=getaround&searched_address%5Blatitude%5D=48.8847&searched_address%5Blongitude%5D=2.2386,Peugeot 2008,2023,GETAROUND CONNECT,SUV_COMPACT,THERMIQUE,,,deduite,False,95.0,,4.51,63,Puteaux,Paris,Puteaux|Asnières-sur-Seine
20260728T141950,A2,2026-07-29T09:00,2026-07-30T09:00,v3.2-pagination-gps,gps,jour,958409,https://fr.getaround.com/location-voiture/gennevilliers/renault-twingo-958409?program=getaround&searched_address%5Blatitude%5D=48.9175&searched_address%5Blongitude%5D=2.2869,Renault Twingo,2021,Sur rendez-vous,MICRO_CITADINE,THERMIQUE,,,deduite,False,57.0,,,,Asnières-sur-Seine,Gennevilliers,Asnières-sur-Seine
20260728T141950,A2,2026-07-29T09:00,2026-07-30T09:00,v3.2-pagination-gps,gps,jour,1888038,https://fr.getaround.com/location-voiture/colombes/peugeot-5008-1888038?program=getaround&searched_address%5Blatitude%5D=48.8847&searched_address%5Blongitude%5D=2.2386,Peugeot 5008,2013,Sur rendez-vous,MONOSPACE,THERMIQUE,,,deduite,False,112.0,,,,Puteaux,Colombes,Puteaux|Asnières-sur-Seine
20260728T141950,A2,2026-07-29T09:00,2026-07-30T09:00,v3.2-pagination-gps,gps,jour,1711649,https://fr.getaround.com/location-voiture/deuil-la-barre/citroen-c4-1711649?program=getaround&searched_address%5Blatitude%5D=48.9175&searched_address%5Blongitude%5D=2.2869,Citroen C4,2016,GETAROUND CONNECT,COMPACTE,THERMIQUE,,,deduite,False,67.0,,4.86,14,Asnières-sur-Seine,Deuil La Barre,Asnières-sur-Seine
20260728T141950,A2,2026-07-29T09:00,2026-07-30T09:00,v3.2-pagination-gps,gps,jour,1880601,https://fr.getaround.com/location-voiture/paris/peugeot-2008-1880601?program=getaround&searched_address%5Blatitude%5D=48.8847&searched_address%5Blongitude%5D=2.2386,Peugeot 2008,2026,GETAROUND CONNECT,SUV_COMPACT,THERMIQUE,,,deduite,False,109.0,,5.0,3,Puteaux,Paris,Puteaux|Asnières-sur-Seine
20260728T141950,A2,2026-07-29T09:00,2026-07-30T09:00,v3.2-pagination-gps,gps,jour,1644100,https://fr.getaround.com/location-voiture/paris/peugeot-308-1644100?program=getaround&searched_address%5Blatitude%5D=48.8847&searched_address%5Blongitude%5D=2.2386,Peugeot 308,2019,GETAROUND CONNECT,COMPACTE,THERMIQUE,,,deduite,False,59.0,,4.3,20,Puteaux,Paris,Puteaux|Asnières-sur-Seine
20260728T141950,A2,2026-07-29T09:00,2026-07-30T09:00,v3.2-pagination-gps,gps,jour,1078159,https://fr.getaround.com/location-voiture/paris/renault-twingo-1078159?program=getaround&searched_address%5Blatitude%5D=48.9175&searched_address%5Blongitude%5D=2.2869,Renault Twingo,2015,GETAROUND CONNECT,MICRO_CITADINE,THERMIQUE,,,deduite,False,48.0,,4.04,37,Asnières-sur-Seine,Paris,Asnières-sur-Seine
20260728T141950,A2,2026-07-29T09:00,2026-07-30T09:00,v3.2-pagination-gps,gps,jour,1878628,https://fr.getaround.com/location-voiture/paris/peugeot-2008-1878628?program=getaround&searched_address%5Blatitude%5D=48.8847&searched_address%5Blongitude%5D=2.2386,Peugeot 2008,2026,GETAROUND CONNECT,SUV_COMPACT,THERMIQUE,,,deduite,False,107.0,,5.0,3,Puteaux,Paris,Puteaux|Asnières-sur-Seine
20260728T141950,A2,2026-07-29T09:00,2026-07-30T09:00,v3.2-pagination-gps,gps,jour,1556516,https://fr.getaround.com/location-voiture/paris/toyota-corolla-break-hybride-1556516?program=getaround&searched_address%5Blatitude%5D=48.9175&searched_address%5Blongitude%5D=2.2869,Toyota Corolla Break Hybride,2022,GETAROUND CONNECT,BREAK,HYBRIDE,,,deduite,False,78.0,,4.78,23,Asnières-sur-Seine,Paris,Asnières-sur-Seine
20260728T141950,A2,2026-07-29T09:00,2026-07-30T09:00,v3.2-pagination-gps,gps,jour,1650447,https://fr.getaround.com/location-voiture/paris/volkswagen-t-cross-1650447?program=getaround&searched_address%5Blatitude%5D=48.9175&searched_address%5Blongitude%5D=2.2869,Volkswagen T-Cross,2024,GETAROUND CONNECT,SUV_COMPACT,THERMIQUE,,,deduite,False,89.0,,4.86,36,Asnières-sur-Seine,Paris,Asnières-sur-Seine
20260728T141950,A2,2026-07-29T09:00,2026-07-30T09:00,v3.2-pagination-gps,gps,jour,1542094,https://fr.getaround.com/location-voiture/vaucresson/toyota-yaris-cross-hybrid-1542094?program=getaround&searched_address%5Blatitude%5D=48.8847&searched_address%5Blongitude%5D=2.2386,Toyota Yaris Cross Hybrid,2023,GETAROUND CONNECT,SUV_COMPACT,HYBRIDE,,,deduite,False,87.0,,4.36,25,Puteaux,Vaucresson,Puteaux
20260728T141950,A2,2026-07-29T09:00,2026-07-30T09:00,v3.2-pagination-gps,gps,jour,1686548,https://fr.getaround.com/location-voiture/paris/peugeot-2008-1686548?program=getaround&searched_address%5Blatitude%5D=48.8847&searched_address%5Blongitude%5D=2.2386,Peugeot 2008,2021,GETAROUND CONNECT,SUV_COMPACT,THERMIQUE,,,deduite,False,78.0,,4.11,27,Puteaux,Paris,Puteaux|Asnières-sur-Seine
20260728T141950,A2,2026-07-29T09:00,2026-07-30T09:00,v3.2-pagination-gps,gps,jour,1699930,https://fr.getaround.com/location-voiture/levallois-perret/citroen-c4-1699930?program=getaround&searched_address%5Blatitude%5D=48.8847&searched_address%5Blongitude%5D=2.2386,Citroen C4,2023,Sur rendez-vous,COMPACTE,THERMIQUE,,,deduite,False,72.0,,5.0,2,Puteaux,Levallois Perret,Puteaux|Asnières-sur-Seine
20260728T141950,A2,2026-07-29T09:00,2026-07-30T09:00,v3.2-pagination-gps,gps,jour,1622219,https://fr.getaround.com/location-voiture/paris/peugeot-208-1622219?program=getaround&searched_address%5Blatitude%5D=48.8847&searched_address%5Blongitude%5D=2.2386,Peugeot 208,2017,GETAROUND CONNECT,CITADINE,THERMIQUE,,,deduite,False,70.0,,4.85,41,Puteaux,Paris,Puteaux
20260728T141950,A2,2026-07-29T09:00,2026-07-30T09:00,v3.2-pagination-gps,gps,jour,1574328,https://fr.getaround.com/location-voiture/paris/renault-clio-1574328?program=getaround&searched_address%5Blatitude%5D=48.9175&searched_address%5Blongitude%5D=2.2869,Renault Clio,2021,GETAROUND CONNECT,CITADINE,THERMIQUE,,,deduite,False,53.0,,3.36,28,Asnières-sur-Seine,Paris,Asnières-sur-Seine
20260728T141950,A2,2026-07-29T09:00,2026-07-30T09:00,v3.2-pagination-gps,gps,jour,1881944,https://fr.getaround.com/location-voiture/paris/peugeot-2008-1881944?program=getaround&searched_address%5Blatitude%5D=48.9175&searched_address%5Blongitude%5D=2.2869,Peugeot 2008,2026,GETAROUND CONNECT,SUV_COMPACT,THERMIQUE,,,deduite,False,109.0,,5.0,4,Asnières-sur-Seine,Paris,Asnières-sur-Seine
20260728T141950,A2,2026-07-29T09:00,2026-07-30T09:00,v3.2-pagination-gps,gps,jour,1873949,https://fr.getaround.com/location-voiture/paris/peugeot-208-gt-line-1873949?program=getaround&searched_address%5Blatitude%5D=48.8847&searched_address%5Blongitude%5D=2.2386,Peugeot 208 GT Line,2021,Sur rendez-vous,CITADINE,THERMIQUE,,,deduite,False,77.0,,,,Puteaux,Paris,Puteaux|Asnières-sur-Seine
20260728T141950,A2,2026-07-29T09:00,2026-07-30T09:00,v3.2-pagination-gps,gps,jour,1600723,https://fr.getaround.com/location-voiture/paris/peugeot-2008-1600723?program=getaround&searched_address%5Blatitude%5D=48.8847&searched_address%5Blongitude%5D=2.2386,Peugeot 2008,2023,GETAROUND CONNECT,SUV_COMPACT,THERMIQUE,,,deduite,False,87.0,,3.75,16,Puteaux,Paris,Puteaux|Asnières-sur-Seine
20260728T141950,A2,2026-07-29T09:00,2026-07-30T09:00,v3.2-pagination-gps,gps,jour,1556430,https://fr.getaround.com/location-voiture/paris/toyota-corolla-break-hybride-1556430?program=getaround&searched_address%5Blatitude%5D=48.9175&searched_address%5Blongitude%5D=2.2869,Toyota Corolla Break Hybride,2021,GETAROUND CONNECT,BREAK,HYBRIDE,,,deduite,False,94.0,,4.79,35,Asnières-sur-Seine,Paris,Asnières-sur-Seine
20260728T141950,A2,2026-07-29T09:00,2026-07-30T09:00,v3.2-pagination-gps,gps,jour,945215,https://fr.getaround.com/location-voiture/paris/renault-grand-scenic-945215?program=getaround&searched_address%5Blatitude%5D=48.8847&searched_address%5Blongitude%5D=2.2386,Renault Grand Scenic,2016,GETAROUND CONNECT,MONOSPACE,THERMIQUE,,,deduite,False,114.0,,4.48,85,Puteaux,Paris,Puteaux
20260728T141950,A2,2026-07-29T09:00,2026-07-30T09:00,v3.2-pagination-gps,gps,jour,1823655,https://fr.getaround.com/location-voiture/issy-les-moulineaux/citroen-c3-1823655?program=getaround&searched_address%5Blatitude%5D=48.8847&searched_address%5Blongitude%5D=2.2386,Citroen C3,2022,GETAROUND CONNECT,CITADINE,THERMIQUE,,,deduite,False,70.0,,4.58,19,Puteaux,Issy Les Moulineaux,Puteaux
20260728T141950,A2,2026-07-29T09:00,2026-07-30T09:00,v3.2-pagination-gps,gps,jour,1675484,https://fr.getaround.com/location-voiture/paris/peugeot-208-1675484?program=getaround&searched_address%5Blatitude%5D=48.9175&searched_address%5Blongitude%5D=2.2869,Peugeot 208,2025,GETAROUND CONNECT,CITADINE,THERMIQUE,,,deduite,False,84.0,,3.57,14,Asnières-sur-Seine,Paris,Asnières-sur-Seine
20260728T141950,A2,2026-07-29T09:00,2026-07-30T09:00,v3.2-pagination-gps,gps,jour,1721538,https://fr.getaround.com/location-voiture/saint-gratien/renault-captur-1721538?program=getaround&searched_address%5Blatitude%5D=48.9175&searched_address%5Blongitude%5D=2.2869,Renault Captur,2021,GETAROUND CONNECT,SUV_COMPACT,THERMIQUE,,,deduite,False,83.0,,5.0,17,Asnières-sur-Seine,Saint Gratien,Asnières-sur-Seine
20260728T141950,A2,2026-07-29T09:00,2026-07-30T09:00,v3.2-pagination-gps,gps,jour,1618557,https://fr.getaround.com/location-voiture/levallois-perret/tesla-model-y-1618557?program=getaround&searched_address%5Blatitude%5D=48.8847&searched_address%5Blongitude%5D=2.2386,Tesla Model Y,2024,Sur rendez-vous,SUV_FAMILIAL,ELECTRIQUE,,,deduite,False,141.0,,,,Puteaux,Levallois Perret,Puteaux|Asnières-sur-Seine
20260728T141950,A2,2026-07-29T09:00,2026-07-30T09:00,v3.2-pagination-gps,gps,jour,1745226,https://fr.getaround.com/location-voiture/paris/peugeot-3008-1745226?program=getaround&searched_address%5Blatitude%5D=48.8847&searched_address%5Blongitude%5D=2.2386,Peugeot 3008,2019,GETAROUND CONNECT,SUV_COMPACT,THERMIQUE,,,deduite,False,83.0,,3.75,8,Puteaux,Paris,Puteaux|Asnières-sur-Seine
20260728T141950,A2,2026-07-29T09:00,2026-07-30T09:00,v3.2-pagination-gps,gps,jour,1002069,https://fr.getaround.com/location-voiture/paris/peugeot-208-1002069?program=getaround&searched_address%5Blatitude%5D=48.9175&searched_address%5Blongitude%5D=2.2869,Peugeot 208,2021,GETAROUND CONNECT,CITADINE,THERMIQUE,,,deduite,False,53.0,,3.83,106,Asnières-sur-Seine,Paris,Asnières-sur-Seine
20260728T141950,A2,2026-07-29T09:00,2026-07-30T09:00,v3.2-pagination-gps,gps,jour,1831570,https://fr.getaround.com/location-voiture/asnieres-sur-seine/citroen-c4-1831570?program=getaround&searched_address%5Blatitude%5D=48.8847&searched_address%5Blongitude%5D=2.2386,Citroen C4,2016,GETAROUND CONNECT,COMPACTE,THERMIQUE,,,deduite,False,83.0,,4.83,6,Puteaux,Asnieres Sur Seine,Puteaux
20260728T141950,A2,2026-07-29T09:00,2026-07-30T09:00,v3.2-pagination-gps,gps,jour,1458233,https://fr.getaround.com/location-voiture/issy-les-moulineaux/peugeot-308-sw-1458233?program=getaround&searched_address%5Blatitude%5D=48.8847&searched_address%5Blongitude%5D=2.2386,Peugeot 308 SW,2017,GETAROUND CONNECT,BREAK,THERMIQUE,,,deduite,False,84.0,,4.73,41,Puteaux,Issy Les Moulineaux,Puteaux
20260728T141950,A2,2026-07-29T09:00,2026-07-30T09:00,v3.2-pagination-gps,gps,jour,1660692,https://fr.getaround.com/location-voiture/paris/peugeot-2008-1660692?program=getaround&searched_address%5Blatitude%5D=48.9175&searched_address%5Blongitude%5D=2.2869,Peugeot 2008,2016,Sur rendez-vous,SUV_COMPACT,THERMIQUE,,,deduite,False,79.0,,5.0,11,Asnières-sur-Seine,Paris,Asnières-sur-Seine
20260728T141950,A2,2026-07-29T09:00,2026-07-30T09:00,v3.2-pagination-gps,gps,jour,1671475,https://fr.getaround.com/location-voiture/paris/peugeot-3008-1671475?program=getaround&searched_address%5Blatitude%5D=48.8847&searched_address%5Blongitude%5D=2.2386,Peugeot 3008,2020,GETAROUND CONNECT,SUV_COMPACT,THERMIQUE,,,deduite,False,83.0,,4.5,32,Puteaux,Paris,Puteaux
20260728T141950,A2,2026-07-29T09:00,2026-07-30T09:00,v3.2-pagination-gps,gps,jour,1502565,https://fr.getaround.com/location-voiture/paris/renault-clio-1502565?program=getaround&searched_address%5Blatitude%5D=48.9175&searched_address%5Blongitude%5D=2.2869,Renault Clio,2014,GETAROUND CONNECT,CITADINE,THERMIQUE,,,deduite,False,60.0,,4.47,34,Asnières-sur-Seine,Paris,Asnières-sur-Seine
20260728T141950,A2,2026-07-29T09:00,2026-07-30T09:00,v3.2-pagination-gps,gps,jour,1357355,https://fr.getaround.com/location-voiture/paris/peugeot-2008-1357355?program=getaround&searched_address%5Blatitude%5D=48.8847&searched_address%5Blongitude%5D=2.2386,Peugeot 2008,2023,GETAROUND CONNECT,SUV_COMPACT,THERMIQUE,,,deduite,False,95.0,,4.63,68,Puteaux,Paris,Puteaux|Asnières-sur-Seine
20260728T141950,A2,2026-07-29T09:00,2026-07-30T09:00,v3.2-pagination-gps,gps,jour,1931434,https://fr.getaround.com/location-voiture/epinay-sur-seine/fiat-500-c-1931434?program=getaround&searched_address%5Blatitude%5D=48.9175&searched_address%5Blongitude%5D=2.2869,Fiat 500 C,2019,GETAROUND CONNECT,CABRIOLET,THERMIQUE,,,deduite,False,81.0,,,,Asnières-sur-Seine,Epinay Sur Seine,Asnières-sur-Seine
20260728T141950,A2,2026-07-29T09:00,2026-07-30T09:00,v3.2-pagination-gps,gps,jour,1203644,https://fr.getaround.com/location-voiture/paris/citroen-c3-1203644?program=getaround&searched_address%5Blatitude%5D=48.8847&searched_address%5Blongitude%5D=2.2386,Citroen C3,2023,GETAROUND CONNECT,CITADINE,THERMIQUE,,,deduite,False,62.0,,4.22,85,Puteaux,Paris,Puteaux
20260728T141950,A2,2026-07-29T09:00,2026-07-30T09:00,v3.2-pagination-gps,gps,jour,1440909,https://fr.getaround.com/location-voiture/paris/renault-clio-1440909?program=getaround&searched_address%5Blatitude%5D=48.8847&searched_address%5Blongitude%5D=2.2386,Renault Clio,2024,GETAROUND CONNECT,CITADINE,THERMIQUE,,,deduite,False,79.0,,4.83,52,Puteaux,Paris,Puteaux
20260728T141950,A2,2026-07-29T09:00,2026-07-30T09:00,v3.2-pagination-gps,gps,jour,1894949,https://fr.getaround.com/location-voiture/asnieres-sur-seine/citroen-c1-ii-1894949?program=getaround&searched_address%5Blatitude%5D=48.8847&searched_address%5Blongitude%5D=2.2386,Citroen C1 II,2017,Sur rendez-vous,MICRO_CITADINE,THERMIQUE,,,deduite,False,78.0,,5.0,1,Puteaux,Asnieres Sur Seine,Puteaux|Asnières-sur-Seine
20260728T141950,A2,2026-07-29T09:00,2026-07-30T09:00,v3.2-pagination-gps,gps,jour,1813056,https://fr.getaround.com/location-voiture/paris/volkswagen-polo-1813056?program=getaround&searched_address%5Blatitude%5D=48.8847&searched_address%5Blongitude%5D=2.2386,Volkswagen Polo,2011,Sur rendez-vous,CITADINE,THERMIQUE,,,deduite,False,87.0,,4.89,9,Puteaux,Paris,Puteaux
20260728T141950,A2,2026-07-29T09:00,2026-07-30T09:00,v3.2-pagination-gps,gps,jour,1927762,https://fr.getaround.com/location-voiture/puteaux/smart-fortwo-electric-drive-1927762?program=getaround&searched_address%5Blatitude%5D=48.8847&searched_address%5Blongitude%5D=2.2386,Smart Fortwo Electric Drive,2020,Sur rendez-vous,MICRO_CITADINE,ELECTRIQUE,,,deduite,False,85.0,,,,Puteaux,Puteaux,Puteaux
20260728T141950,A2,2026-07-29T09:00,2026-07-30T09:00,v3.2-pagination-gps,gps,jour,1909716,https://fr.getaround.com/location-voiture/paris/peugeot-208-1909716?program=getaround&searched_address%5Blatitude%5D=48.9175&searched_address%5Blongitude%5D=2.2869,Peugeot 208,2026,GETAROUND CONNECT,CITADINE,THERMIQUE,,,deduite,False,79.0,,5.0,2,Asnières-sur-Seine,Paris,Asnières-sur-Seine
20260728T141950,A2,2026-07-29T09:00,2026-07-30T09:00,v3.2-pagination-gps,gps,jour,1916387,https://fr.getaround.com/location-voiture/carrieres-sur-seine/citroen-c3-1916387?program=getaround&searched_address%5Blatitude%5D=48.8847&searched_address%5Blongitude%5D=2.2386,Citroen C3,2014,Sur rendez-vous,CITADINE,THERMIQUE,,,deduite,False,54.0,,5.0,1,Puteaux,Carrieres Sur Seine,Puteaux
20260728T141950,A2,2026-07-29T09:00,2026-07-30T09:00,v3.2-pagination-gps,gps,jour,1848158,https://fr.getaround.com/location-voiture/boulogne-billancourt/peugeot-e-2008-1848158?program=getaround&searched_address%5Blatitude%5D=48.8847&searched_address%5Blongitude%5D=2.2386,Peugeot e-2008,2022,Sur rendez-vous,SUV_COMPACT,THERMIQUE,,,deduite,False,82.0,,5.0,2,Puteaux,Boulogne Billancourt,Puteaux
20260728T141950,A2,2026-07-29T09:00,2026-07-30T09:00,v3.2-pagination-gps,gps,jour,1519739,https://fr.getaround.com/location-voiture/pantin/peugeot-208-1519739?program=getaround&searched_address%5Blatitude%5D=48.9175&searched_address%5Blongitude%5D=2.2869,Peugeot 208,2023,GETAROUND CONNECT,CITADINE,THERMIQUE,,,deduite,False,75.0,,4.95,60,Asnières-sur-Seine,Pantin,Asnières-sur-Seine
20260728T141950,A2,2026-07-29T09:00,2026-07-30T09:00,v3.2-pagination-gps,gps,jour,1822160,https://fr.getaround.com/location-voiture/saint-cloud/smart-fortwo-passion-1822160?program=getaround&searched_address%5Blatitude%5D=48.8847&searched_address%5Blongitude%5D=2.2386,Smart Fortwo Passion,2017,GETAROUND CONNECT,MICRO_CITADINE,THERMIQUE,,,deduite,False,78.0,,5.0,3,Puteaux,Saint Cloud,Puteaux
20260728T141950,A2,2026-07-29T09:00,2026-07-30T09:00,v3.2-pagination-gps,gps,jour,1812855,https://fr.getaround.com/location-voiture/paris/volkswagen-polo-1812855?program=getaround&searched_address%5Blatitude%5D=48.8847&searched_address%5Blongitude%5D=2.2386,Volkswagen Polo,2011,Sur rendez-vous,CITADINE,THERMIQUE,,,deduite,False,79.0,,4.29,7,Puteaux,Paris,Puteaux
20260728T141950,A2,2026-07-29T09:00,2026-07-30T09:00,v3.2-pagination-gps,gps,jour,1881888,https://fr.getaround.com/location-voiture/paris/peugeot-2008-1881888?program=getaround&searched_address%5Blatitude%5D=48.8847&searched_address%5Blongitude%5D=2.2386,Peugeot 2008,2026,GETAROUND CONNECT,SUV_COMPACT,THERMIQUE,,,deduite,False,104.0,,3.0,2,Puteaux,Paris,Puteaux|Asnières-sur-Seine
20260728T141950,A2,2026-07-29T09:00,2026-07-30T09:00,v3.2-pagination-gps,gps,jour,1717710,https://fr.getaround.com/location-voiture/paris/citroen-c3-1717710?program=getaround&searched_address%5Blatitude%5D=48.9175&searched_address%5Blongitude%5D=2.2869,Citroen C3,2019,GETAROUND CONNECT,CITADINE,THERMIQUE,,,deduite,False,57.0,,4.79,28,Asnières-sur-Seine,Paris,Asnières-sur-Seine
20260728T141950,A2,2026-07-29T09:00,2026-07-30T09:00,v3.2-pagination-gps,gps,jour,1351756,https://fr.getaround.com/location-voiture/paris/peugeot-2008-1351756?program=getaround&searched_address%5Blatitude%5D=48.8847&searched_address%5Blongitude%5D=2.2386,Peugeot 2008,2023,GETAROUND CONNECT,SUV_COMPACT,THERMIQUE,,,deduite,False,87.0,,3.68,36,Puteaux,Paris,Puteaux|Asnières-sur-Seine
20260728T141950,A2,2026-07-29T09:00,2026-07-30T09:00,v3.2-pagination-gps,gps,jour,1194707,https://fr.getaround.com/location-voiture/franconville/toyota-yaris-hybride-1194707?program=getaround&searched_address%5Blatitude%5D=48.9175&searched_address%5Blongitude%5D=2.2869,Toyota Yaris Hybride,2017,GETAROUND CONNECT,CITADINE,HYBRIDE,,,deduite,False,60.0,,4.65,62,Asnières-sur-Seine,Franconville,Asnières-sur-Seine
20260728T141950,A2,2026-07-29T09:00,2026-07-30T09:00,v3.2-pagination-gps,gps,jour,1815369,https://fr.getaround.com/location-voiture/saint-cloud/audi-a4-2-0t-premium-plus-1815369?program=getaround&searched_address%5Blatitude%5D=48.8847&searched_address%5Blongitude%5D=2.2386,Audi  A4 2.0T Premium Plus,2014,Sur rendez-vous,BERLINE,THERMIQUE,,,deduite,False,106.0,,,,Puteaux,Saint Cloud,Puteaux
20260728T141950,A2,2026-07-29T09:00,2026-07-30T09:00,v3.2-pagination-gps,gps,jour,1892221,https://fr.getaround.com/location-voiture/paris/toyota-corolla-hybride-1892221?program=getaround&searched_address%5Blatitude%5D=48.8847&searched_address%5Blongitude%5D=2.2386,Toyota Corolla Hybride,2020,GETAROUND CONNECT,BERLINE,HYBRIDE,,,deduite,False,104.0,,5.0,3,Puteaux,Paris,Puteaux
20260728T141950,A2,2026-07-29T09:00,2026-07-30T09:00,v3.2-pagination-gps,gps,jour,1920362,https://fr.getaround.com/location-voiture/asnieres-sur-seine/ford-fiesta-1920362?program=getaround&searched_address%5Blatitude%5D=48.8847&searched_address%5Blongitude%5D=2.2386,Ford Fiesta,2015,Sur rendez-vous,CITADINE,THERMIQUE,,,deduite,False,73.0,,,,Puteaux,Asnieres Sur Seine,Puteaux|Asnières-sur-Seine
20260728T141950,A2,2026-07-29T09:00,2026-07-30T09:00,v3.2-pagination-gps,gps,jour,1024471,https://fr.getaround.com/location-voiture/clichy/dacia-dokker-1024471?program=getaround&searched_address%5Blatitude%5D=48.8847&searched_address%5Blongitude%5D=2.2386,Dacia Dokker,2014,Sur rendez-vous,NON_CLASSE,THERMIQUE,,,deduite,False,65.0,,4.83,36,Puteaux,Clichy,Puteaux
20260728T141950,A2,2026-07-29T09:00,2026-07-30T09:00,v3.2-pagination-gps,gps,jour,1879658,https://fr.getaround.com/location-voiture/paris/peugeot-2008-1879658?program=getaround&searched_address%5Blatitude%5D=48.9175&searched_address%5Blongitude%5D=2.2869,Peugeot 2008,2026,GETAROUND CONNECT,SUV_COMPACT,THERMIQUE,,,deduite,False,109.0,,5.0,4,Asnières-sur-Seine,Paris,Asnières-sur-Seine
20260728T141950,A2,2026-07-29T09:00,2026-07-30T09:00,v3.2-pagination-gps,gps,jour,1042974,https://fr.getaround.com/location-voiture/malakoff/dacia-lodgy-1042974?program=getaround&searched_address%5Blatitude%5D=48.8847&searched_address%5Blongitude%5D=2.2386,Dacia Lodgy,2015,GETAROUND CONNECT,MONOSPACE,THERMIQUE,,,deduite,False,79.0,,4.41,71,Puteaux,Malakoff,Puteaux
20260728T141950,A2,2026-07-29T09:00,2026-07-30T09:00,v3.2-pagination-gps,gps,jour,722942,https://fr.getaround.com/location-voiture/paris/renault-clio-722942?program=getaround&searched_address%5Blatitude%5D=48.9175&searched_address%5Blongitude%5D=2.2869,Renault Clio,2018,GETAROUND CONNECT,CITADINE,THERMIQUE,,,deduite,False,70.0,,4.68,149,Asnières-sur-Seine,Paris,Asnières-sur-Seine
20260728T141950,A2,2026-07-29T09:00,2026-07-30T09:00,v3.2-pagination-gps,gps,jour,1370309,https://fr.getaround.com/location-voiture/issy-les-moulineaux/citroen-c3-1370309?program=getaround&searched_address%5Blatitude%5D=48.8847&searched_address%5Blongitude%5D=2.2386,Citroen C3,2020,GETAROUND CONNECT,CITADINE,THERMIQUE,,,deduite,False,70.0,,4.22,65,Puteaux,Issy Les Moulineaux,Puteaux
20260728T141950,A2,2026-07-29T09:00,2026-07-30T09:00,v3.2-pagination-gps,gps,jour,1664955,https://fr.getaround.com/location-voiture/paris/renault-captur-1664955?program=getaround&searched_address%5Blatitude%5D=48.9175&searched_address%5Blongitude%5D=2.2869,Renault Captur,2024,GETAROUND CONNECT,SUV_COMPACT,THERMIQUE,,,deduite,False,84.0,,3.64,25,Asnières-sur-Seine,Paris,Asnières-sur-Seine
20260728T141950,A2,2026-07-29T09:00,2026-07-30T09:00,v3.2-pagination-gps,gps,jour,1450226,https://fr.getaround.com/location-voiture/levallois-perret/citroen-c3-picasso-1450226?program=getaround&searched_address%5Blatitude%5D=48.8847&searched_address%5Blongitude%5D=2.2386,Citroen C3 Picasso,2013,Sur rendez-vous,MONOSPACE,THERMIQUE,,,deduite,False,81.0,,5.0,9,Puteaux,Levallois Perret,Puteaux|Asnières-sur-Seine
20260728T141950,A2,2026-07-29T09:00,2026-07-30T09:00,v3.2-pagination-gps,gps,jour,1681055,https://fr.getaround.com/location-voiture/paris/peugeot-208-1681055?program=getaround&searched_address%5Blatitude%5D=48.9175&searched_address%5Blongitude%5D=2.2869,Peugeot 208,2023,GETAROUND CONNECT,CITADINE,THERMIQUE,,,deduite,False,84.0,,4.28,25,Asnières-sur-Seine,Paris,Asnières-sur-Seine
20260728T141950,A2,2026-07-29T09:00,2026-07-30T09:00,v3.2-pagination-gps,gps,jour,1557780,https://fr.getaround.com/location-voiture/paris/renault-clio-campus-1557780?program=getaround&searched_address%5Blatitude%5D=48.8847&searched_address%5Blongitude%5D=2.2386,Renault Clio Campus,2011,Sur rendez-vous,CITADINE,THERMIQUE,,,deduite,False,65.0,,5.0,10,Puteaux,Paris,Puteaux
20260728T141950,A2,2026-07-29T09:00,2026-07-30T09:00,v3.2-pagination-gps,gps,jour,1814059,https://fr.getaround.com/location-voiture/colombes/mazda-cx-3-1814059?program=getaround&searched_address%5Blatitude%5D=48.8847&searched_address%5Blongitude%5D=2.2386,Mazda CX-3,2016,Sur rendez-vous,NON_CLASSE,THERMIQUE,,,deduite,False,85.0,,5.0,2,Puteaux,Colombes,Puteaux|Asnières-sur-Seine
20260728T141950,A2,2026-07-29T09:00,2026-07-30T09:00,v3.2-pagination-gps,gps,jour,763196,https://fr.getaround.com/location-voiture/paris/peugeot-108-763196?program=getaround&searched_address%5Blatitude%5D=48.8847&searched_address%5Blongitude%5D=2.2386,Peugeot 108,2017,GETAROUND CONNECT,MICRO_CITADINE,THERMIQUE,,,deduite,False,63.0,,4.63,116,Puteaux,Paris,Puteaux
20260728T141950,A2,2026-07-29T09:00,2026-07-30T09:00,v3.2-pagination-gps,gps,jour,1893660,https://fr.getaround.com/location-voiture/herblay-sur-seine/nissan-pulsar-1893660?program=getaround&searched_address%5Blatitude%5D=48.9175&searched_address%5Blongitude%5D=2.2869,Nissan Pulsar,2014,GETAROUND CONNECT,NON_CLASSE,THERMIQUE,,,deduite,False,54.0,,,,Asnières-sur-Seine,Herblay Sur Seine,Asnières-sur-Seine
20260728T141950,A2,2026-07-29T09:00,2026-07-30T09:00,v3.2-pagination-gps,gps,jour,1314301,https://fr.getaround.com/location-voiture/paris/fiat-500-1314301?program=getaround&searched_address%5Blatitude%5D=48.9175&searched_address%5Blongitude%5D=2.2869,Fiat 500,2012,GETAROUND CONNECT,CITADINE,THERMIQUE,,,deduite,False,52.0,,3.63,31,Asnières-sur-Seine,Paris,Asnières-sur-Seine
20260728T141950,A2,2026-07-29T09:00,2026-07-30T09:00,v3.2-pagination-gps,gps,jour,1937431,https://fr.getaround.com/location-voiture/paris/smart-fortwo-coupe-1937431?program=getaround&searched_address%5Blatitude%5D=48.8847&searched_address%5Blongitude%5D=2.2386,Smart Fortwo Coupé,2013,Sur rendez-vous,MICRO_CITADINE,THERMIQUE,,,deduite,False,74.0,,,,Puteaux,Paris,Puteaux
20260728T141950,A2,2026-07-29T09:00,2026-07-30T09:00,v3.2-pagination-gps,gps,jour,1306895,https://fr.getaround.com/location-voiture/paris/peugeot-2008-1306895?program=getaround&searched_address%5Blatitude%5D=48.9175&searched_address%5Blongitude%5D=2.2869,Peugeot 2008,2023,GETAROUND CONNECT,SUV_COMPACT,THERMIQUE,,,deduite,False,97.0,,4.49,58,Asnières-sur-Seine,Paris,Asnières-sur-Seine
20260728T141950,A2,2026-07-29T09:00,2026-07-30T09:00,v3.2-pagination-gps,gps,jour,1541850,https://fr.getaround.com/location-voiture/garches/renault-clio-1541850?program=getaround&searched_address%5Blatitude%5D=48.8847&searched_address%5Blongitude%5D=2.2386,Renault Clio,2016,Sur rendez-vous,CITADINE,THERMIQUE,,,deduite,False,63.0,,5.0,2,Puteaux,Garches,Puteaux
20260728T141950,A2,2026-07-29T09:00,2026-07-30T09:00,v3.2-pagination-gps,gps,jour,1613974,https://fr.getaround.com/location-voiture/paris/honda-civic-1613974?program=getaround&searched_address%5Blatitude%5D=48.8847&searched_address%5Blongitude%5D=2.2386,Honda Civic,2016,Sur rendez-vous,COMPACTE,THERMIQUE,,,deduite,False,70.0,,5.0,2,Puteaux,Paris,Puteaux|Asnières-sur-Seine
20260728T141950,A2,2026-07-29T09:00,2026-07-30T09:00,v3.2-pagination-gps,gps,jour,851259,https://fr.getaround.com/location-voiture/paris/skoda-fabia-851259?program=getaround&searched_address%5Blatitude%5D=48.9175&searched_address%5Blongitude%5D=2.2869,Skoda Fabia,2021,GETAROUND CONNECT,CITADINE,THERMIQUE,,,deduite,False,71.0,,4.9,103,Asnières-sur-Seine,Paris,Asnières-sur-Seine
20260728T141950,A2,2026-07-29T09:00,2026-07-30T09:00,v3.2-pagination-gps,gps,jour,1760447,https://fr.getaround.com/location-voiture/boulogne-billancourt/mercedes-benz-classe-c-1760447?program=getaround&searched_address%5Blatitude%5D=48.8847&searched_address%5Blongitude%5D=2.2386,Mercedes-Benz Classe C,2022,Sur rendez-vous,BERLINE,THERMIQUE,,,deduite,False,174.0,,4.88,8,Puteaux,Boulogne Billancourt,Puteaux
20260728T141950,A2,2026-07-29T09:00,2026-07-30T09:00,v3.2-pagination-gps,gps,jour,1695612,https://fr.getaround.com/location-voiture/nanterre/renault-twingo-iii-1695612?program=getaround&searched_address%5Blatitude%5D=48.8847&searched_address%5Blongitude%5D=2.2386,Renault Twingo III,2020,Sur rendez-vous,MICRO_CITADINE,THERMIQUE,,,deduite,False,78.0,,,,Puteaux,Nanterre,Puteaux
20260728T141950,A2,2026-07-29T09:00,2026-07-30T09:00,v3.2-pagination-gps,gps,jour,1272663,https://fr.getaround.com/location-voiture/paris/toyota-corolla-hybride-1272663?program=getaround&searched_address%5Blatitude%5D=48.9175&searched_address%5Blongitude%5D=2.2869,Toyota Corolla Hybride,2022,GETAROUND CONNECT,BERLINE,HYBRIDE,,,deduite,False,100.0,,4.55,57,Asnières-sur-Seine,Paris,Asnières-sur-Seine
20260728T141950,A2,2026-07-29T09:00,2026-07-30T09:00,v3.2-pagination-gps,gps,jour,1927778,https://fr.getaround.com/location-voiture/paris/opel-corsa-1927778?program=getaround&searched_address%5Blatitude%5D=48.8847&searched_address%5Blongitude%5D=2.2386,Opel Corsa,2018,GETAROUND CONNECT,CITADINE,THERMIQUE,,,deduite,False,75.0,,,,Puteaux,Paris,Puteaux
20260728T141950,A2,2026-07-29T09:00,2026-07-30T09:00,v3.2-pagination-gps,gps,jour,1591649,https://fr.getaround.com/location-voiture/gennevilliers/renault-clio-1591649?program=getaround&searched_address%5Blatitude%5D=48.9175&searched_address%5Blongitude%5D=2.2869,Renault Clio,2020,Sur rendez-vous,CITADINE,THERMIQUE,,,deduite,False,91.0,,,,Asnières-sur-Seine,Gennevilliers,Asnières-sur-Seine
20260728T141950,A2,2026-07-29T09:00,2026-07-30T09:00,v3.2-pagination-gps,gps,jour,1650440,https://fr.getaround.com/location-voiture/issy-les-moulineaux/volkswagen-t-cross-1650440?program=getaround&searched_address%5Blatitude%5D=48.8847&searched_address%5Blongitude%5D=2.2386,Volkswagen T-Cross,2024,GETAROUND CONNECT,SUV_COMPACT,THERMIQUE,,,deduite,False,89.0,,3.35,17,Puteaux,Issy Les Moulineaux,Puteaux
20260728T141950,A2,2026-07-29T09:00,2026-07-30T09:00,v3.2-pagination-gps,gps,jour,680037,https://fr.getaround.com/location-voiture/saint-cloud/peugeot-5008-680037?program=getaround&searched_address%5Blatitude%5D=48.8847&searched_address%5Blongitude%5D=2.2386,Peugeot 5008,2020,Sur rendez-vous,MONOSPACE,THERMIQUE,,,deduite,False,142.0,,4.96,50,Puteaux,Saint Cloud,Puteaux
20260728T141950,A2,2026-07-29T09:00,2026-07-30T09:00,v3.2-pagination-gps,gps,jour,1757197,https://fr.getaround.com/location-voiture/paris/citroen-c5-aircross-1757197?program=getaround&searched_address%5Blatitude%5D=48.8847&searched_address%5Blongitude%5D=2.2386,Citroen C5 Aircross,2019,Sur rendez-vous,SUV_COMPACT,THERMIQUE,,,deduite,False,120.0,,,,Puteaux,Paris,Puteaux
20260728T141950,A2,2026-07-29T09:00,2026-07-30T09:00,v3.2-pagination-gps,gps,jour,1806943,https://fr.getaround.com/location-voiture/paris/fiat-500-hybride-1806943?program=getaround&searched_address%5Blatitude%5D=48.9175&searched_address%5Blongitude%5D=2.2869,Fiat 500 Hybride,2022,GETAROUND CONNECT,CITADINE,HYBRIDE,,,deduite,False,57.0,,4.42,12,Asnières-sur-Seine,Paris,Asnières-sur-Seine
20260728T141950,A2,2026-07-29T09:00,2026-07-30T09:00,v3.2-pagination-gps,gps,jour,1629808,https://fr.getaround.com/location-voiture/paris/renault-clio-1629808?program=getaround&searched_address%5Blatitude%5D=48.8847&searched_address%5Blongitude%5D=2.2386,Renault Clio,2024,GETAROUND CONNECT,CITADINE,THERMIQUE,,,deduite,False,79.0,,4.7,46,Puteaux,Paris,Puteaux
20260728T141950,A2,2026-07-29T09:00,2026-07-30T09:00,v3.2-pagination-gps,gps,jour,1775080,https://fr.getaround.com/location-voiture/paris/renault-kadjar-1775080?program=getaround&searched_address%5Blatitude%5D=48.9175&searched_address%5Blongitude%5D=2.2869,Renault Kadjar,2016,GETAROUND CONNECT,SUV_COMPACT,THERMIQUE,,,deduite,False,75.0,,5.0,4,Asnières-sur-Seine,Paris,Asnières-sur-Seine
20260728T141950,A2,2026-07-29T09:00,2026-07-30T09:00,v3.2-pagination-gps,gps,jour,1816320,https://fr.getaround.com/location-voiture/saint-cloud/hyundai-inster-1816320?program=getaround&searched_address%5Blatitude%5D=48.8847&searched_address%5Blongitude%5D=2.2386,Hyundai Inster,2025,Sur rendez-vous,NON_CLASSE,THERMIQUE,,,deduite,False,87.0,,5.0,1,Puteaux,Saint Cloud,Puteaux
20260728T141950,A2,2026-07-29T09:00,2026-07-30T09:00,v3.2-pagination-gps,gps,jour,1670797,https://fr.getaround.com/location-voiture/paris/peugeot-208-1670797?program=getaround&searched_address%5Blatitude%5D=48.9175&searched_address%5Blongitude%5D=2.2869,Peugeot 208,2025,GETAROUND CONNECT,CITADINE,THERMIQUE,,,deduite,False,84.0,,3.81,16,Asnières-sur-Seine,Paris,Asnières-sur-Seine
20260728T141950,A2,2026-07-29T09:00,2026-07-30T09:00,v3.2-pagination-gps,gps,jour,1708959,https://fr.getaround.com/location-voiture/paris/peugeot-208-1708959?program=getaround&searched_address%5Blatitude%5D=48.8847&searched_address%5Blongitude%5D=2.2386,Peugeot 208,2017,GETAROUND CONNECT,CITADINE,THERMIQUE,,,deduite,False,71.0,,4.4,10,Puteaux,Paris,Puteaux
20260728T141950,A2,2026-07-29T09:00,2026-07-30T09:00,v3.2-pagination-gps,gps,jour,1873408,https://fr.getaround.com/location-voiture/paris/toyota-yaris-hybride-1873408?program=getaround&searched_address%5Blatitude%5D=48.9175&searched_address%5Blongitude%5D=2.2869,Toyota Yaris Hybride,2015,GETAROUND CONNECT,CITADINE,HYBRIDE,,,deduite,False,72.0,,4.89,9,Asnières-sur-Seine,Paris,Asnières-sur-Seine
20260728T141950,A2,2026-07-29T09:00,2026-07-30T09:00,v3.2-pagination-gps,gps,jour,1706202,https://fr.getaround.com/location-voiture/levallois-perret/peugeot-2008-1706202?program=getaround&searched_address%5Blatitude%5D=48.8847&searched_address%5Blongitude%5D=2.2386,Peugeot 2008,2018,Sur rendez-vous,SUV_COMPACT,THERMIQUE,,,deduite,False,75.0,,5.0,4,Puteaux,Levallois Perret,Puteaux|Asnières-sur-Seine
20260728T141950,A2,2026-07-29T09:00,2026-07-30T09:00,v3.2-pagination-gps,gps,jour,1819391,https://fr.getaround.com/location-voiture/issy-les-moulineaux/citroen-c3-1819391?program=getaround&searched_address%5Blatitude%5D=48.8847&searched_address%5Blongitude%5D=2.2386,Citroen C3,2020,Sur rendez-vous,CITADINE,THERMIQUE,,,deduite,False,71.0,,5.0,8,Puteaux,Issy Les Moulineaux,Puteaux
20260728T141950,A2,2026-07-29T09:00,2026-07-30T09:00,v3.2-pagination-gps,gps,jour,1756251,https://fr.getaround.com/location-voiture/vanves/toyota-c-hr-1756251?program=getaround&searched_address%5Blatitude%5D=48.8847&searched_address%5Blongitude%5D=2.2386,Toyota C-HR,2019,GETAROUND CONNECT,SUV_COMPACT,THERMIQUE,,,deduite,False,89.0,,4.3,23,Puteaux,Vanves,Puteaux
20260728T141950,A2,2026-07-29T09:00,2026-07-30T09:00,v3.2-pagination-gps,gps,jour,1847744,https://fr.getaround.com/location-voiture/paris/renault-clio-1847744?program=getaround&searched_address%5Blatitude%5D=48.9175&searched_address%5Blongitude%5D=2.2869,Renault Clio,2025,GETAROUND CONNECT,CITADINE,THERMIQUE,,,deduite,False,84.0,,4.83,6,Asnières-sur-Seine,Paris,Asnières-sur-Seine
20260728T141950,A2,2026-07-29T09:00,2026-07-30T09:00,v3.2-pagination-gps,gps,jour,1933549,https://fr.getaround.com/location-voiture/argenteuil/citroen-c3-1933549?program=getaround&searched_address%5Blatitude%5D=48.8847&searched_address%5Blongitude%5D=2.2386,Citroen C3,2018,Sur rendez-vous,CITADINE,THERMIQUE,,,deduite,False,67.0,,,,Puteaux,Argenteuil,Puteaux|Asnières-sur-Seine
20260728T141950,A2,2026-07-29T09:00,2026-07-30T09:00,v3.2-pagination-gps,gps,jour,890107,https://fr.getaround.com/location-voiture/paris/fiat-500-890107?program=getaround&searched_address%5Blatitude%5D=48.9175&searched_address%5Blongitude%5D=2.2869,Fiat 500,2013,GETAROUND CONNECT,CITADINE,THERMIQUE,,,deduite,False,52.0,,3.67,78,Asnières-sur-Seine,Paris,Asnières-sur-Seine
20260728T141950,A2,2026-07-29T09:00,2026-07-30T09:00,v3.2-pagination-gps,gps,jour,1837677,https://fr.getaround.com/location-voiture/chatou/fiat-500e-1837677?program=getaround&searched_address%5Blatitude%5D=48.8847&searched_address%5Blongitude%5D=2.2386,Fiat 500e,2021,Sur rendez-vous,NON_CLASSE,THERMIQUE,,,deduite,False,58.0,,5.0,1,Puteaux,Chatou,Puteaux
20260728T141950,A2,2026-07-29T09:00,2026-07-30T09:00,v3.2-pagination-gps,gps,jour,1584195,https://fr.getaround.com/location-voiture/bezons/lynk-co-01-1584195?program=getaround&searched_address%5Blatitude%5D=48.8847&searched_address%5Blongitude%5D=2.2386,Lynk & Co 01,2021,Sur rendez-vous,NON_CLASSE,THERMIQUE,,,deduite,False,124.0,,5.0,2,Puteaux,Bezons,Puteaux|Asnières-sur-Seine
20260728T141950,A2,2026-07-29T09:00,2026-07-30T09:00,v3.2-pagination-gps,gps,jour,1852946,https://fr.getaround.com/location-voiture/asnieres-sur-seine/bmw-x1-sdrive18d-1852946?program=getaround&searched_address%5Blatitude%5D=48.9175&searched_address%5Blongitude%5D=2.2869,BMW X1 sDrive18d,2018,Sur rendez-vous,NON_CLASSE,THERMIQUE,,,deduite,False,125.0,,,,Asnières-sur-Seine,Asnieres Sur Seine,Asnières-sur-Seine
20260728T141950,A2,2026-07-29T09:00,2026-07-30T09:00,v3.2-pagination-gps,gps,jour,1412609,https://fr.getaround.com/location-voiture/boulogne-billancourt/renault-zoe-1412609?program=getaround&searched_address%5Blatitude%5D=48.8847&searched_address%5Blongitude%5D=2.2386,Renault ZOE,2020,GETAROUND CONNECT,CITADINE,ELECTRIQUE,,,deduite,False,70.0,,4.71,21,Puteaux,Boulogne Billancourt,Puteaux
20260728T141950,A2,2026-07-29T09:00,2026-07-30T09:00,v3.2-pagination-gps,gps,jour,1904984,https://fr.getaround.com/location-voiture/eaubonne/peugeot-2008-1904984?program=getaround&searched_address%5Blatitude%5D=48.9175&searched_address%5Blongitude%5D=2.2869,Peugeot 2008,2017,Sur rendez-vous,SUV_COMPACT,THERMIQUE,,,deduite,False,85.0,,5.0,1,Asnières-sur-Seine,Eaubonne,Asnières-sur-Seine
20260728T141950,A2,2026-07-29T09:00,2026-07-30T09:00,v3.2-pagination-gps,gps,jour,1692718,https://fr.getaround.com/location-voiture/paris/peugeot-208-1692718?program=getaround&searched_address%5Blatitude%5D=48.8847&searched_address%5Blongitude%5D=2.2386,Peugeot 208,2016,GETAROUND CONNECT,CITADINE,THERMIQUE,,,deduite,False,67.0,,4.17,29,Puteaux,Paris,Puteaux
20260728T141950,A2,2026-07-29T09:00,2026-07-30T09:00,v3.2-pagination-gps,gps,jour,1790194,https://fr.getaround.com/location-voiture/paris/peugeot-107-1790194?program=getaround&searched_address%5Blatitude%5D=48.8847&searched_address%5Blongitude%5D=2.2386,Peugeot 107,2012,Sur rendez-vous,MICRO_CITADINE,THERMIQUE,,,deduite,False,64.0,,4.92,12,Puteaux,Paris,Puteaux|Asnières-sur-Seine
20260728T141950,A2,2026-07-29T09:00,2026-07-30T09:00,v3.2-pagination-gps,gps,jour,1005693,https://fr.getaround.com/location-voiture/paris/dacia-lodgy-1005693?program=getaround&searched_address%5Blatitude%5D=48.9175&searched_address%5Blongitude%5D=2.2869,Dacia Lodgy,2017,GETAROUND CONNECT,MONOSPACE,THERMIQUE,,,deduite,False,95.0,,4.78,76,Asnières-sur-Seine,Paris,Asnières-sur-Seine
20260728T141950,A2,2026-07-29T09:00,2026-07-30T09:00,v3.2-pagination-gps,gps,jour,1572041,https://fr.getaround.com/location-voiture/paris/renault-grand-scenic-1572041?program=getaround&searched_address%5Blatitude%5D=48.8847&searched_address%5Blongitude%5D=2.2386,Renault Grand Scenic,2015,GETAROUND CONNECT,MONOSPACE,THERMIQUE,,,deduite,False,106.0,,4.97,31,Puteaux,Paris,Puteaux
20260728T141950,A2,2026-07-29T09:00,2026-07-30T09:00,v3.2-pagination-gps,gps,jour,1849526,https://fr.getaround.com/location-voiture/boulogne-billancourt/ds-3-1849526?program=getaround&searched_address%5Blatitude%5D=48.8847&searched_address%5Blongitude%5D=2.2386,DS 3,2019,Sur rendez-vous,CITADINE,THERMIQUE,,,deduite,False,90.0,,5.0,1,Puteaux,Boulogne Billancourt,Puteaux
20260728T141950,A2,2026-07-29T09:00,2026-07-30T09:00,v3.2-pagination-gps,gps,jour,854615,https://fr.getaround.com/location-voiture/courbevoie/mg-zs-ev-854615?program=getaround&searched_address%5Blatitude%5D=48.8847&searched_address%5Blongitude%5D=2.2386,Mg ZS EV,2020,Sur rendez-vous,SUV_COMPACT,ELECTRIQUE,,,deduite,False,156.0,,5.0,8,Puteaux,Courbevoie,Puteaux
20260728T141950,A2,2026-07-29T09:00,2026-07-30T09:00,v3.2-pagination-gps,gps,jour,1206340,https://fr.getaround.com/location-voiture/boulogne-billancourt/renault-grand-scenic-1206340?program=getaround&searched_address%5Blatitude%5D=48.8847&searched_address%5Blongitude%5D=2.2386,Renault Grand Scenic,2017,GETAROUND CONNECT,MONOSPACE,THERMIQUE,,,deduite,False,130.0,,4.94,47,Puteaux,Boulogne Billancourt,Puteaux
20260728T141950,A2,2026-07-29T09:00,2026-07-30T09:00,v3.2-pagination-gps,gps,jour,1666425,https://fr.getaround.com/location-voiture/paris/peugeot-208-1666425?program=getaround&searched_address%5Blatitude%5D=48.9175&searched_address%5Blongitude%5D=2.2869,Peugeot 208,2025,GETAROUND CONNECT,CITADINE,THERMIQUE,,,deduite,False,84.0,,4.75,8,Asnières-sur-Seine,Paris,Asnières-sur-Seine
20260728T141950,A2,2026-07-29T09:00,2026-07-30T09:00,v3.2-pagination-gps,gps,jour,1718217,https://fr.getaround.com/location-voiture/suresnes/mercedes-benz-classe-e-e-300-1718217?program=getaround&searched_address%5Blatitude%5D=48.8847&searched_address%5Blongitude%5D=2.2386,Mercedes-Benz Classe E E 300,2024,Sur rendez-vous,BERLINE,THERMIQUE,,,deduite,False,246.0,,,,Puteaux,Suresnes,Puteaux
20260728T141950,A2,2026-07-29T09:00,2026-07-30T09:00,v3.2-pagination-gps,gps,jour,1681623,https://fr.getaround.com/location-voiture/paris/peugeot-208-1681623?program=getaround&searched_address%5Blatitude%5D=48.9175&searched_address%5Blongitude%5D=2.2869,Peugeot 208,2022,GETAROUND CONNECT,CITADINE,THERMIQUE,,,deduite,False,53.0,,3.79,29,Asnières-sur-Seine,Paris,Asnières-sur-Seine
20260728T141950,A2,2026-07-29T09:00,2026-07-30T09:00,v3.2-pagination-gps,gps,jour,1697007,https://fr.getaround.com/location-voiture/nanterre/volkswagen-golf-1697007?program=getaround&searched_address%5Blatitude%5D=48.8847&searched_address%5Blongitude%5D=2.2386,Volkswagen Golf,2014,Sur rendez-vous,COMPACTE,THERMIQUE,,,deduite,False,94.0,,5.0,1,Puteaux,Nanterre,Puteaux
20260728T141950,A2,2026-07-29T09:00,2026-07-30T09:00,v3.2-pagination-gps,gps,jour,1889838,https://fr.getaround.com/location-voiture/sevres/renault-twingo-iii-1889838?program=getaround&searched_address%5Blatitude%5D=48.8847&searched_address%5Blongitude%5D=2.2386,Renault Twingo III,2020,GETAROUND CONNECT,MICRO_CITADINE,THERMIQUE,,,deduite,False,75.0,,5.0,8,Puteaux,Sevres,Puteaux
20260728T141950,A2,2026-07-29T09:00,2026-07-30T09:00,v3.2-pagination-gps,gps,jour,1940728,https://fr.getaround.com/location-voiture/paris/audi-q4-sportback-35-e-tron-1940728?program=getaround&searched_address%5Blatitude%5D=48.8847&searched_address%5Blongitude%5D=2.2386,Audi Q4 Sportback 35 e-tron,2022,Sur rendez-vous,NON_CLASSE,THERMIQUE,,,deduite,False,161.0,,,,Puteaux,Paris,Puteaux
20260728T141950,A2,2026-07-29T09:00,2026-07-30T09:00,v3.2-pagination-gps,gps,jour,1927747,https://fr.getaround.com/location-voiture/villeneuve-la-garenne/peugeot-208-1927747?program=getaround&searched_address%5Blatitude%5D=48.8847&searched_address%5Blongitude%5D=2.2386,Peugeot 208,2017,Sur rendez-vous,CITADINE,THERMIQUE,,,deduite,False,52.0,,,,Puteaux,Villeneuve La Garenne,Puteaux|Asnières-sur-Seine
20260728T141950,A2,2026-07-29T09:00,2026-07-30T09:00,v3.2-pagination-gps,gps,jour,1851732,https://fr.getaround.com/location-voiture/la-celle-saint-cloud/fiat-600e-1851732?program=getaround&searched_address%5Blatitude%5D=48.8847&searched_address%5Blongitude%5D=2.2386,Fiat 600e,2024,Sur rendez-vous,SUV_COMPACT,THERMIQUE,,,deduite,False,69.0,,5.0,1,Puteaux,La Celle Saint Cloud,Puteaux
20260728T141950,A2,2026-07-29T09:00,2026-07-30T09:00,v3.2-pagination-gps,gps,jour,1894571,https://fr.getaround.com/location-voiture/paris/renault-clio-1894571?program=getaround&searched_address%5Blatitude%5D=48.9175&searched_address%5Blongitude%5D=2.2869,Renault Clio,2021,GETAROUND CONNECT,CITADINE,THERMIQUE,,,deduite,False,70.0,,5.0,1,Asnières-sur-Seine,Paris,Asnières-sur-Seine
20260728T141950,A2,2026-07-29T09:00,2026-07-30T09:00,v3.2-pagination-gps,gps,jour,1608624,https://fr.getaround.com/location-voiture/paris/toyota-yaris-hybride-1608624?program=getaround&searched_address%5Blatitude%5D=48.8847&searched_address%5Blongitude%5D=2.2386,Toyota Yaris Hybride,2024,GETAROUND CONNECT,CITADINE,HYBRIDE,,,deduite,False,87.0,,4.42,26,Puteaux,Paris,Puteaux
20260728T141950,A2,2026-07-29T09:00,2026-07-30T09:00,v3.2-pagination-gps,gps,jour,1291656,https://fr.getaround.com/location-voiture/paris/toyota-c-hr-hybrid-1291656?program=getaround&searched_address%5Blatitude%5D=48.9175&searched_address%5Blongitude%5D=2.2869,Toyota C-HR Hybrid,2020,GETAROUND CONNECT,SUV_COMPACT,HYBRIDE,,,deduite,False,90.0,,4.75,84,Asnières-sur-Seine,Paris,Asnières-sur-Seine
20260728T141950,A2,2026-07-29T09:00,2026-07-30T09:00,v3.2-pagination-gps,gps,jour,945216,https://fr.getaround.com/location-voiture/paris/renault-grand-scenic-945216?program=getaround&searched_address%5Blatitude%5D=48.8847&searched_address%5Blongitude%5D=2.2386,Renault Grand Scenic,2015,GETAROUND CONNECT,MONOSPACE,THERMIQUE,,,deduite,False,106.0,,4.74,115,Puteaux,Paris,Puteaux
20260728T141950,A2,2026-07-29T09:00,2026-07-30T09:00,v3.2-pagination-gps,gps,jour,1378087,https://fr.getaround.com/location-voiture/sarcelles/nissan-juke-1378087?program=getaround&searched_address%5Blatitude%5D=48.9175&searched_address%5Blongitude%5D=2.2869,Nissan Juke,2013,GETAROUND CONNECT,SUV_COMPACT,THERMIQUE,,,deduite,False,65.0,,4.61,14,Asnières-sur-Seine,Sarcelles,Asnières-sur-Seine
20260728T141950,A2,2026-07-29T09:00,2026-07-30T09:00,v3.2-pagination-gps,gps,jour,1879734,https://fr.getaround.com/location-voiture/paris/renault-captur-1879734?program=getaround&searched_address%5Blatitude%5D=48.8847&searched_address%5Blongitude%5D=2.2386,Renault Captur,2021,Sur rendez-vous,SUV_COMPACT,THERMIQUE,,,deduite,False,83.0,,,,Puteaux,Paris,Puteaux
20260728T141950,A2,2026-07-29T09:00,2026-07-30T09:00,v3.2-pagination-gps,gps,jour,473620,https://fr.getaround.com/location-voiture/paris/dacia-lodgy-473620?program=getaround&searched_address%5Blatitude%5D=48.9175&searched_address%5Blongitude%5D=2.2869,Dacia Lodgy,2017,GETAROUND CONNECT,MONOSPACE,THERMIQUE,,,deduite,False,59.0,,4.34,230,Asnières-sur-Seine,Paris,Asnières-sur-Seine
20260728T141950,A2,2026-07-29T09:00,2026-07-30T09:00,v3.2-pagination-gps,gps,jour,1868615,https://fr.getaround.com/location-voiture/paris/nissan-micra-1868615?program=getaround&searched_address%5Blatitude%5D=48.8847&searched_address%5Blongitude%5D=2.2386,Nissan Micra,2022,GETAROUND CONNECT,CITADINE,THERMIQUE,,,deduite,False,84.0,,4.91,11,Puteaux,Paris,Puteaux
20260728T141950,A2,2026-07-29T09:00,2026-07-30T09:00,v3.2-pagination-gps,gps,jour,1506949,https://fr.getaround.com/location-voiture/paris/peugeot-208-1506949?program=getaround&searched_address%5Blatitude%5D=48.9175&searched_address%5Blongitude%5D=2.2869,Peugeot 208,2024,GETAROUND CONNECT,CITADINE,THERMIQUE,,,deduite,False,84.0,,4.8,53,Asnières-sur-Seine,Paris,Asnières-sur-Seine
20260728T141950,A2,2026-07-29T09:00,2026-07-30T09:00,v3.2-pagination-gps,gps,jour,1922215,https://fr.getaround.com/location-voiture/paris/toyota-yaris-hybride-1922215?program=getaround&searched_address%5Blatitude%5D=48.8847&searched_address%5Blongitude%5D=2.2386,Toyota Yaris Hybride,2026,Sur rendez-vous,CITADINE,HYBRIDE,,,deduite,False,84.0,,,,Puteaux,Paris,Puteaux
20260728T141950,A2,2026-07-29T09:00,2026-07-30T09:00,v3.2-pagination-gps,gps,jour,1159197,https://fr.getaround.com/location-voiture/paris/citroen-c3-1159197?program=getaround&searched_address%5Blatitude%5D=48.8847&searched_address%5Blongitude%5D=2.2386,Citroen C3,2020,GETAROUND CONNECT,CITADINE,THERMIQUE,,,deduite,False,53.0,,3.49,67,Puteaux,Paris,Puteaux|Asnières-sur-Seine
20260728T141950,A2,2026-07-29T09:00,2026-07-30T09:00,v3.2-pagination-gps,gps,jour,1240925,https://fr.getaround.com/location-voiture/paris/peugeot-208-1240925?program=getaround&searched_address%5Blatitude%5D=48.9175&searched_address%5Blongitude%5D=2.2869,Peugeot 208,2023,GETAROUND CONNECT,CITADINE,THERMIQUE,,,deduite,False,62.0,,3.87,50,Asnières-sur-Seine,Paris,Asnières-sur-Seine
20260728T141950,A2,2026-07-29T09:00,2026-07-30T09:00,v3.2-pagination-gps,gps,jour,973946,https://fr.getaround.com/location-voiture/boulogne-billancourt/fiat-500-973946?program=getaround&searched_address%5Blatitude%5D=48.8847&searched_address%5Blongitude%5D=2.2386,Fiat 500,2019,Sur rendez-vous,CITADINE,THERMIQUE,,,deduite,False,75.0,,5.0,32,Puteaux,Boulogne Billancourt,Puteaux
20260728T141950,A2,2026-07-29T09:00,2026-07-30T09:00,v3.2-pagination-gps,gps,jour,1226214,https://fr.getaround.com/location-voiture/argenteuil/renault-twingo-ii-1226214?program=getaround&searched_address%5Blatitude%5D=48.9175&searched_address%5Blongitude%5D=2.2869,Renault Twingo II,2013,Sur rendez-vous,MICRO_CITADINE,THERMIQUE,,,deduite,False,60.0,,5.0,7,Asnières-sur-Seine,Argenteuil,Asnières-sur-Seine
20260728T141950,A2,2026-07-29T09:00,2026-07-30T09:00,v3.2-pagination-gps,gps,jour,1731967,https://fr.getaround.com/location-voiture/houilles/bmw-ix1-1731967?program=getaround&searched_address%5Blatitude%5D=48.8847&searched_address%5Blongitude%5D=2.2386,BMW iX1,2021,Sur rendez-vous,NON_CLASSE,THERMIQUE,,,deduite,False,146.0,,,,Puteaux,Houilles,Puteaux
20260728T141950,A2,2026-07-29T09:00,2026-07-30T09:00,v3.2-pagination-gps,gps,jour,784637,https://fr.getaround.com/location-voiture/sartrouville/peugeot-308-784637?program=getaround&searched_address%5Blatitude%5D=48.8847&searched_address%5Blongitude%5D=2.2386,Peugeot 308,2018,GETAROUND CONNECT,COMPACTE,THERMIQUE,,,deduite,False,84.0,,4.86,92,Puteaux,Sartrouville,Puteaux
20260728T141950,A2,2026-07-29T09:00,2026-07-30T09:00,v3.2-pagination-gps,gps,jour,1871183,https://fr.getaround.com/location-voiture/paris/dacia-sandero-stepway-1871183?program=getaround&searched_address%5Blatitude%5D=48.8847&searched_address%5Blongitude%5D=2.2386,Dacia Sandero Stepway,2016,Sur rendez-vous,CITADINE,THERMIQUE,,,deduite,False,64.0,,,,Puteaux,Paris,Puteaux|Asnières-sur-Seine
20260728T141950,A2,2026-07-29T09:00,2026-07-30T09:00,v3.2-pagination-gps,gps,jour,1232078,https://fr.getaround.com/location-voiture/paris/peugeot-208-1232078?program=getaround&searched_address%5Blatitude%5D=48.9175&searched_address%5Blongitude%5D=2.2869,Peugeot 208,2023,GETAROUND CONNECT,CITADINE,THERMIQUE,,,deduite,False,75.0,,4.74,42,Asnières-sur-Seine,Paris,Asnières-sur-Seine
20260728T141950,A2,2026-07-29T09:00,2026-07-30T09:00,v3.2-pagination-gps,gps,jour,1883872,https://fr.getaround.com/location-voiture/paris/fiat-500-c-1883872?program=getaround&searched_address%5Blatitude%5D=48.8847&searched_address%5Blongitude%5D=2.2386,Fiat 500 C,2014,GETAROUND CONNECT,CABRIOLET,THERMIQUE,,,deduite,False,74.0,,,,Puteaux,Paris,Puteaux
20260728T141950,A2,2026-07-29T09:00,2026-07-30T09:00,v3.2-pagination-gps,gps,jour,1926026,https://fr.getaround.com/location-voiture/nanterre/peugeot-5008-1926026?program=getaround&searched_address%5Blatitude%5D=48.8847&searched_address%5Blongitude%5D=2.2386,Peugeot 5008,2025,Sur rendez-vous,MONOSPACE,THERMIQUE,,,deduite,False,183.0,,,,Puteaux,Nanterre,Puteaux
20260728T141950,A2,2026-07-29T09:00,2026-07-30T09:00,v3.2-pagination-gps,gps,jour,1117220,https://fr.getaround.com/location-voiture/paris/renault-clio-1117220?program=getaround&searched_address%5Blatitude%5D=48.8847&searched_address%5Blongitude%5D=2.2386,Renault Clio,2014,GETAROUND CONNECT,CITADINE,THERMIQUE,,,deduite,False,79.0,,4.74,19,Puteaux,Paris,Puteaux
20260728T141950,A2,2026-07-29T09:00,2026-07-30T09:00,v3.2-pagination-gps,gps,jour,1880595,https://fr.getaround.com/location-voiture/paris/peugeot-2008-1880595?program=getaround&searched_address%5Blatitude%5D=48.9175&searched_address%5Blongitude%5D=2.2869,Peugeot 2008,2026,GETAROUND CONNECT,SUV_COMPACT,THERMIQUE,,,deduite,False,107.0,,4.5,2,Asnières-sur-Seine,Paris,Asnières-sur-Seine
20260728T141950,A2,2026-07-29T09:00,2026-07-30T09:00,v3.2-pagination-gps,gps,jour,1932446,https://fr.getaround.com/location-voiture/chatou/ford-fiesta-1932446?program=getaround&searched_address%5Blatitude%5D=48.8847&searched_address%5Blongitude%5D=2.2386,Ford Fiesta,2014,Sur rendez-vous,CITADINE,THERMIQUE,,,deduite,False,66.0,,,,Puteaux,Chatou,Puteaux
20260728T141950,A2,2026-07-29T09:00,2026-07-30T09:00,v3.2-pagination-gps,gps,jour,1939019,https://fr.getaround.com/location-voiture/issy-les-moulineaux/chevrolet-aveo-1939019?program=getaround&searched_address%5Blatitude%5D=48.8847&searched_address%5Blongitude%5D=2.2386,Chevrolet Aveo,2012,Sur rendez-vous,NON_CLASSE,THERMIQUE,,,deduite,False,63.0,,,,Puteaux,Issy Les Moulineaux,Puteaux
20260728T141950,A2,2026-07-29T09:00,2026-07-30T09:00,v3.2-pagination-gps,gps,jour,845066,https://fr.getaround.com/location-voiture/paris/renault-clio-845066?program=getaround&searched_address%5Blatitude%5D=48.9175&searched_address%5Blongitude%5D=2.2869,Renault Clio,2018,GETAROUND CONNECT,CITADINE,THERMIQUE,,,deduite,False,53.0,,4.06,140,Asnières-sur-Seine,Paris,Asnières-sur-Seine
20260728T141950,A2,2026-07-29T09:00,2026-07-30T09:00,v3.2-pagination-gps,gps,jour,1828643,https://fr.getaround.com/location-voiture/paris/smart-fortwo-cabriolet-1828643?program=getaround&searched_address%5Blatitude%5D=48.8847&searched_address%5Blongitude%5D=2.2386,Smart Fortwo Cabriolet,2012,Sur rendez-vous,CABRIOLET,THERMIQUE,,,deduite,False,78.0,,,,Puteaux,Paris,Puteaux
20260728T141950,A2,2026-07-29T09:00,2026-07-30T09:00,v3.2-pagination-gps,gps,jour,1890607,https://fr.getaround.com/location-voiture/sartrouville/fiat-doblo-1890607?program=getaround&searched_address%5Blatitude%5D=48.9175&searched_address%5Blongitude%5D=2.2869,Fiat Doblo,2022,GETAROUND CONNECT,UTILITAIRE,THERMIQUE,,,deduite,False,71.0,,5.0,1,Asnières-sur-Seine,Sartrouville,Asnières-sur-Seine
20260728T141950,A2,2026-07-29T09:00,2026-07-30T09:00,v3.2-pagination-gps,gps,jour,1748735,https://fr.getaround.com/location-voiture/rueil-malmaison/renault-captur-1748735?program=getaround&searched_address%5Blatitude%5D=48.8847&searched_address%5Blongitude%5D=2.2386,Renault Captur,2014,Sur rendez-vous,SUV_COMPACT,THERMIQUE,,,deduite,False,68.0,,,,Puteaux,Rueil Malmaison,Puteaux
20260728T141950,A2,2026-07-29T09:00,2026-07-30T09:00,v3.2-pagination-gps,gps,jour,1885082,https://fr.getaround.com/location-voiture/paris/renault-captur-1885082?program=getaround&searched_address%5Blatitude%5D=48.9175&searched_address%5Blongitude%5D=2.2869,Renault Captur,2016,GETAROUND CONNECT,SUV_COMPACT,THERMIQUE,,,deduite,False,74.0,,5.0,5,Asnières-sur-Seine,Paris,Asnières-sur-Seine
20260728T141950,A2,2026-07-29T09:00,2026-07-30T09:00,v3.2-pagination-gps,gps,jour,1632665,https://fr.getaround.com/location-voiture/paris/renault-twingo-iii-1632665?program=getaround&searched_address%5Blatitude%5D=48.8847&searched_address%5Blongitude%5D=2.2386,Renault Twingo III,2018,GETAROUND CONNECT,MICRO_CITADINE,THERMIQUE,,,deduite,False,78.0,,4.76,45,Puteaux,Paris,Puteaux
20260728T141950,A2,2026-07-29T09:00,2026-07-30T09:00,v3.2-pagination-gps,gps,jour,1893707,https://fr.getaround.com/location-voiture/paris/citroen-c3-generation-1893707?program=getaround&searched_address%5Blatitude%5D=48.8847&searched_address%5Blongitude%5D=2.2386,Citroen C3 Génération,2017,GETAROUND CONNECT,CITADINE,THERMIQUE,,,deduite,False,76.0,,,,Puteaux,Paris,Puteaux|Asnières-sur-Seine
20260728T141950,A2,2026-07-29T09:00,2026-07-30T09:00,v3.2-pagination-gps,gps,jour,1665207,https://fr.getaround.com/location-voiture/paris/peugeot-308-1665207?program=getaround&searched_address%5Blatitude%5D=48.9175&searched_address%5Blongitude%5D=2.2869,Peugeot 308,2019,GETAROUND CONNECT,COMPACTE,THERMIQUE,,,deduite,False,59.0,,4.5,26,Asnières-sur-Seine,Paris,Asnières-sur-Seine
20260728T141950,A2,2026-07-29T09:00,2026-07-30T09:00,v3.2-pagination-gps,gps,jour,1117375,https://fr.getaround.com/location-voiture/boulogne-billancourt/peugeot-308-sw-1117375?program=getaround&searched_address%5Blatitude%5D=48.8847&searched_address%5Blongitude%5D=2.2386,Peugeot 308 SW,2018,Sur rendez-vous,BREAK,THERMIQUE,,,deduite,False,111.0,,4.77,24,Puteaux,Boulogne Billancourt,Puteaux
20260728T141950,A2,2026-07-29T09:00,2026-07-30T09:00,v3.2-pagination-gps,gps,jour,1691376,https://fr.getaround.com/location-voiture/paris/peugeot-208-1691376?program=getaround&searched_address%5Blatitude%5D=48.9175&searched_address%5Blongitude%5D=2.2869,Peugeot 208,2025,GETAROUND CONNECT,CITADINE,THERMIQUE,,,deduite,False,84.0,,4.56,27,Asnières-sur-Seine,Paris,Asnières-sur-Seine
20260728T141950,A2,2026-07-29T09:00,2026-07-30T09:00,v3.2-pagination-gps,gps,jour,1749372,https://fr.getaround.com/location-voiture/bezons/dacia-spring-1749372?program=getaround&searched_address%5Blatitude%5D=48.8847&searched_address%5Blongitude%5D=2.2386,Dacia Spring,2025,Sur rendez-vous,CITADINE,THERMIQUE,,,deduite,False,64.0,,5.0,6,Puteaux,Bezons,Puteaux
20260728T141950,A2,2026-07-29T09:00,2026-07-30T09:00,v3.2-pagination-gps,gps,jour,1807347,https://fr.getaround.com/location-voiture/asnieres-sur-seine/peugeot-308-sw-1807347?program=getaround&searched_address%5Blatitude%5D=48.8847&searched_address%5Blongitude%5D=2.2386,Peugeot 308 SW,2019,Sur rendez-vous,BREAK,THERMIQUE,,,deduite,False,88.0,,5.0,1,Puteaux,Asnieres Sur Seine,Puteaux|Asnières-sur-Seine
20260728T141950,A2,2026-07-29T09:00,2026-07-30T09:00,v3.2-pagination-gps,gps,jour,1557087,https://fr.getaround.com/location-voiture/paris/peugeot-208-1557087?program=getaround&searched_address%5Blatitude%5D=48.8847&searched_address%5Blongitude%5D=2.2386,Peugeot 208,2023,GETAROUND CONNECT,CITADINE,THERMIQUE,,,deduite,False,66.0,,3.3,51,Puteaux,Paris,Puteaux
20260728T141950,A2,2026-07-29T09:00,2026-07-30T09:00,v3.2-pagination-gps,gps,jour,1881884,https://fr.getaround.com/location-voiture/paris/peugeot-2008-1881884?program=getaround&searched_address%5Blatitude%5D=48.9175&searched_address%5Blongitude%5D=2.2869,Peugeot 2008,2026,GETAROUND CONNECT,SUV_COMPACT,THERMIQUE,,,deduite,False,109.0,,5.0,3,Asnières-sur-Seine,Paris,Asnières-sur-Seine
20260728T141950,A2,2026-07-29T09:00,2026-07-30T09:00,v3.2-pagination-gps,gps,jour,1538749,https://fr.getaround.com/location-voiture/houilles/renault-twingo-ii-1538749?program=getaround&searched_address%5Blatitude%5D=48.8847&searched_address%5Blongitude%5D=2.2386,Renault Twingo II,2013,Sur rendez-vous,MICRO_CITADINE,THERMIQUE,,,deduite,False,40.0,,,,Puteaux,Houilles,Puteaux
20260728T141950,A2,2026-07-29T09:00,2026-07-30T09:00,v3.2-pagination-gps,gps,jour,1670801,https://fr.getaround.com/location-voiture/paris/peugeot-208-1670801?program=getaround&searched_address%5Blatitude%5D=48.9175&searched_address%5Blongitude%5D=2.2869,Peugeot 208,2025,GETAROUND CONNECT,CITADINE,THERMIQUE,,,deduite,False,84.0,,4.17,18,Asnières-sur-Seine,Paris,Asnières-sur-Seine
20260728T141950,A2,2026-07-29T09:00,2026-07-30T09:00,v3.2-pagination-gps,gps,jour,1586588,https://fr.getaround.com/location-voiture/boulogne-billancourt/peugeot-308-1586588?program=getaround&searched_address%5Blatitude%5D=48.8847&searched_address%5Blongitude%5D=2.2386,Peugeot 308,2022,Sur rendez-vous,COMPACTE,THERMIQUE,,,deduite,False,81.0,,,,Puteaux,Boulogne Billancourt,Puteaux
20260728T141950,A2,2026-07-29T09:00,2026-07-30T09:00,v3.2-pagination-gps,gps,jour,1701429,https://fr.getaround.com/location-voiture/neuilly-sur-seine/nissan-juke-1701429?program=getaround&searched_address%5Blatitude%5D=48.9175&searched_address%5Blongitude%5D=2.2869,Nissan Juke,2014,Sur rendez-vous,SUV_COMPACT,THERMIQUE,,,deduite,False,78.0,,5.0,5,Asnières-sur-Seine,Neuilly Sur Seine,Asnières-sur-Seine
20260728T141950,A2,2026-07-29T09:00,2026-07-30T09:00,v3.2-pagination-gps,gps,jour,1807035,https://fr.getaround.com/location-voiture/paris/fiat-500-hybride-1807035?program=getaround&searched_address%5Blatitude%5D=48.9175&searched_address%5Blongitude%5D=2.2869,Fiat 500 Hybride,2023,GETAROUND CONNECT,CITADINE,HYBRIDE,,,deduite,False,62.0,,4.86,7,Asnières-sur-Seine,Paris,Asnières-sur-Seine
20260728T141950,A2,2026-07-29T09:00,2026-07-30T09:00,v3.2-pagination-gps,gps,jour,1787205,https://fr.getaround.com/location-voiture/paris/smart-fortwo-passion-1787205?program=getaround&searched_address%5Blatitude%5D=48.8847&searched_address%5Blongitude%5D=2.2386,Smart Fortwo Passion,2016,Sur rendez-vous,MICRO_CITADINE,THERMIQUE,,,deduite,False,71.0,,5.0,4,Puteaux,Paris,Puteaux
20260728T141950,A2,2026-07-29T09:00,2026-07-30T09:00,v3.2-pagination-gps,gps,jour,839114,https://fr.getaround.com/location-voiture/paris/dacia-sandero-839114?program=getaround&searched_address%5Blatitude%5D=48.9175&searched_address%5Blongitude%5D=2.2869,Dacia Sandero,2014,GETAROUND CONNECT,CITADINE,THERMIQUE,,,deduite,False,50.0,,3.92,91,Asnières-sur-Seine,Paris,Asnières-sur-Seine
20260728T141950,A2,2026-07-29T09:00,2026-07-30T09:00,v3.2-pagination-gps,gps,jour,1943972,https://fr.getaround.com/location-voiture/issy-les-moulineaux/renault-captur-1943972?program=getaround&searched_address%5Blatitude%5D=48.8847&searched_address%5Blongitude%5D=2.2386,Renault Captur,2013,Sur rendez-vous,SUV_COMPACT,THERMIQUE,,,deduite,False,63.0,,,,Puteaux,Issy Les Moulineaux,Puteaux
20260728T141950,A2,2026-07-29T09:00,2026-07-30T09:00,v3.2-pagination-gps,gps,jour,1531978,https://fr.getaround.com/location-voiture/boulogne-billancourt/jeep-renegade-limited-1531978?program=getaround&searched_address%5Blatitude%5D=48.8847&searched_address%5Blongitude%5D=2.2386,Jeep Renegade Limited,2019,Sur rendez-vous,NON_CLASSE,THERMIQUE,,,deduite,False,273.0,,5.0,5,Puteaux,Boulogne Billancourt,Puteaux
20260728T141950,A2,2026-07-29T09:00,2026-07-30T09:00,v3.2-pagination-gps,gps,jour,1323004,https://fr.getaround.com/location-voiture/paris/toyota-corolla-hybride-1323004?program=getaround&searched_address%5Blatitude%5D=48.9175&searched_address%5Blongitude%5D=2.2869,Toyota Corolla Hybride,2020,GETAROUND CONNECT,BERLINE,HYBRIDE,,,deduite,False,78.0,,4.22,39,Asnières-sur-Seine,Paris,Asnières-sur-Seine
20260728T141950,A2,2026-07-29T09:00,2026-07-30T09:00,v3.2-pagination-gps,gps,jour,1924671,https://fr.getaround.com/location-voiture/rueil-malmaison/renault-megane-iv-1924671?program=getaround&searched_address%5Blatitude%5D=48.8847&searched_address%5Blongitude%5D=2.2386,Renault Mégane IV,2021,GETAROUND CONNECT,COMPACTE,THERMIQUE,,,deduite,False,94.0,,,,Puteaux,Rueil Malmaison,Puteaux
20260728T141950,A2,2026-07-29T09:00,2026-07-30T09:00,v3.2-pagination-gps,gps,jour,1558419,https://fr.getaround.com/location-voiture/paris/citroen-c3-1558419?program=getaround&searched_address%5Blatitude%5D=48.9175&searched_address%5Blongitude%5D=2.2869,Citroen C3,2019,GETAROUND CONNECT,CITADINE,THERMIQUE,,,deduite,False,65.0,,4.67,45,Asnières-sur-Seine,Paris,Asnières-sur-Seine
20260728T141950,A2,2026-07-29T09:00,2026-07-30T09:00,v3.2-pagination-gps,gps,jour,1569930,https://fr.getaround.com/location-voiture/paris/renault-twingo-1569930?program=getaround&searched_address%5Blatitude%5D=48.8847&searched_address%5Blongitude%5D=2.2386,Renault Twingo,2019,Sur rendez-vous,MICRO_CITADINE,THERMIQUE,,,deduite,False,85.0,,5.0,4,Puteaux,Paris,Puteaux
20260728T141950,A2,2026-07-29T09:00,2026-07-30T09:00,v3.2-pagination-gps,gps,jour,1863796,https://fr.getaround.com/location-voiture/paris/tesla-model-3-1863796?program=getaround&searched_address%5Blatitude%5D=48.8847&searched_address%5Blongitude%5D=2.2386,Tesla Model 3,2023,Sur rendez-vous,BERLINE,ELECTRIQUE,,,deduite,False,130.0,,5.0,2,Puteaux,Paris,Puteaux
20260728T141950,A2,2026-07-29T09:00,2026-07-30T09:00,v3.2-pagination-gps,gps,jour,1650442,https://fr.getaround.com/location-voiture/paris/volkswagen-t-cross-1650442?program=getaround&searched_address%5Blatitude%5D=48.9175&searched_address%5Blongitude%5D=2.2869,Volkswagen T-Cross,2024,GETAROUND CONNECT,SUV_COMPACT,THERMIQUE,,,deduite,False,89.0,,3.5,18,Asnières-sur-Seine,Paris,Asnières-sur-Seine
20260728T141950,A2,2026-07-29T09:00,2026-07-30T09:00,v3.2-pagination-gps,gps,jour,1935040,https://fr.getaround.com/location-voiture/sartrouville/fiat-panda-1935040?program=getaround&searched_address%5Blatitude%5D=48.8847&searched_address%5Blongitude%5D=2.2386,Fiat Panda,2014,Sur rendez-vous,MICRO_CITADINE,THERMIQUE,,,deduite,False,65.0,,,,Puteaux,Sartrouville,Puteaux
20260728T141950,A2,2026-07-29T09:00,2026-07-30T09:00,v3.2-pagination-gps,gps,jour,1942770,https://fr.getaround.com/location-voiture/paris/dacia-jogger-1942770?program=getaround&searched_address%5Blatitude%5D=48.8847&searched_address%5Blongitude%5D=2.2386,Dacia Jogger,2023,Sur rendez-vous,MONOSPACE,THERMIQUE,,,deduite,False,105.0,,,,Puteaux,Paris,Puteaux
20260728T141950,A2,2026-07-29T09:00,2026-07-30T09:00,v3.2-pagination-gps,gps,jour,1906993,https://fr.getaround.com/location-voiture/villeneuve-la-garenne/ford-mondeo-hybride-1906993?program=getaround&searched_address%5Blatitude%5D=48.8847&searched_address%5Blongitude%5D=2.2386,Ford Mondeo Hybride,2018,Sur rendez-vous,BERLINE,HYBRIDE,,,deduite,False,88.0,,,,Puteaux,Villeneuve La Garenne,Puteaux|Asnières-sur-Seine
20260728T141950,A2,2026-07-29T09:00,2026-07-30T09:00,v3.2-pagination-gps,gps,jour,1643095,https://fr.getaround.com/location-voiture/rueil-malmaison/volkswagen-coccinelle-cabriolet-1643095?program=getaround&searched_address%5Blatitude%5D=48.8847&searched_address%5Blongitude%5D=2.2386,Volkswagen Coccinelle Cabriolet,1970,Sur rendez-vous,CABRIOLET,THERMIQUE,,,deduite,False,248.0,,4.8,5,Puteaux,Rueil Malmaison,Puteaux
20260728T141950,A2,2026-07-29T09:00,2026-07-30T09:00,v3.2-pagination-gps,gps,jour,1702914,https://fr.getaround.com/location-voiture/paris/renault-scenic-1702914?program=getaround&searched_address%5Blatitude%5D=48.8847&searched_address%5Blongitude%5D=2.2386,Renault Scenic,2012,Sur rendez-vous,MONOSPACE,THERMIQUE,,,deduite,False,106.0,,5.0,10,Puteaux,Paris,Puteaux
20260728T141950,A2,2026-07-29T09:00,2026-07-30T09:00,v3.2-pagination-gps,gps,jour,1875617,https://fr.getaround.com/location-voiture/sartrouville/ford-ka-1875617?program=getaround&searched_address%5Blatitude%5D=48.8847&searched_address%5Blongitude%5D=2.2386,Ford Ka,2016,Sur rendez-vous,CITADINE,THERMIQUE,,,deduite,False,59.0,,5.0,4,Puteaux,Sartrouville,Puteaux
20260728T141950,A2,2026-07-29T09:00,2026-07-30T09:00,v3.2-pagination-gps,gps,jour,1650460,https://fr.getaround.com/location-voiture/paris/volkswagen-t-cross-1650460?program=getaround&searched_address%5Blatitude%5D=48.9175&searched_address%5Blongitude%5D=2.2869,Volkswagen T-Cross,2024,GETAROUND CONNECT,SUV_COMPACT,THERMIQUE,,,deduite,False,89.0,,3.28,18,Asnières-sur-Seine,Paris,Asnières-sur-Seine
20260728T141950,A2,2026-07-29T09:00,2026-07-30T09:00,v3.2-pagination-gps,gps,jour,1545704,https://fr.getaround.com/location-voiture/boulogne-billancourt/land-rover-range-rover-evoque-1545704?program=getaround&searched_address%5Blatitude%5D=48.8847&searched_address%5Blongitude%5D=2.2386,Land-Rover Range Rover Evoque,2014,Sur rendez-vous,NON_CLASSE,THERMIQUE,,,deduite,False,135.0,,4.88,4,Puteaux,Boulogne Billancourt,Puteaux
20260728T141950,A2,2026-07-29T09:00,2026-07-30T09:00,v3.2-pagination-gps,gps,jour,1009327,https://fr.getaround.com/location-voiture/paris/citroen-c3-1009327?program=getaround&searched_address%5Blatitude%5D=48.9175&searched_address%5Blongitude%5D=2.2869,Citroen C3,2019,GETAROUND CONNECT,CITADINE,THERMIQUE,,,deduite,False,53.0,,4.21,114,Asnières-sur-Seine,Paris,Asnières-sur-Seine
20260728T141950,A2,2026-07-29T09:00,2026-07-30T09:00,v3.2-pagination-gps,gps,jour,1846783,https://fr.getaround.com/location-voiture/rueil-malmaison/hyundai-i20-1846783?program=getaround&searched_address%5Blatitude%5D=48.8847&searched_address%5Blongitude%5D=2.2386,Hyundai i20,2020,Sur rendez-vous,CITADINE,THERMIQUE,,,deduite,False,102.0,,,,Puteaux,Rueil Malmaison,Puteaux
20260728T141950,A2,2026-07-29T09:00,2026-07-30T09:00,v3.2-pagination-gps,gps,jour,1617403,https://fr.getaround.com/location-voiture/paris/smart-fortwo-coupe-1617403?program=getaround&searched_address%5Blatitude%5D=48.8847&searched_address%5Blongitude%5D=2.2386,Smart Fortwo Coupé,2019,GETAROUND CONNECT,MICRO_CITADINE,THERMIQUE,,,deduite,False,86.0,,,,Puteaux,Paris,Puteaux
20260728T141950,A2,2026-07-29T09:00,2026-07-30T09:00,v3.2-pagination-gps,gps,jour,1671440,https://fr.getaround.com/location-voiture/paris/peugeot-2008-1671440?program=getaround&searched_address%5Blatitude%5D=48.9175&searched_address%5Blongitude%5D=2.2869,Peugeot 2008,2021,GETAROUND CONNECT,SUV_COMPACT,THERMIQUE,,,deduite,False,78.0,,3.95,42,Asnières-sur-Seine,Paris,Asnières-sur-Seine
20260728T141950,A2,2026-07-29T09:00,2026-07-30T09:00,v3.2-pagination-gps,gps,jour,1296508,https://fr.getaround.com/location-voiture/paris/mercedes-benz-classe-e-1296508?program=getaround&searched_address%5Blatitude%5D=48.8847&searched_address%5Blongitude%5D=2.2386,Mercedes-Benz Classe E,2015,Sur rendez-vous,BERLINE,THERMIQUE,,,deduite,False,97.0,,4.64,7,Puteaux,Paris,Puteaux
20260728T141950,A2,2026-07-29T09:00,2026-07-30T09:00,v3.2-pagination-gps,gps,jour,1670785,https://fr.getaround.com/location-voiture/paris/peugeot-208-1670785?program=getaround&searched_address%5Blatitude%5D=48.9175&searched_address%5Blongitude%5D=2.2869,Peugeot 208,2025,GETAROUND CONNECT,CITADINE,THERMIQUE,,,deduite,False,91.0,,4.33,18,Asnières-sur-Seine,Paris,Asnières-sur-Seine
20260728T141950,A2,2026-07-29T09:00,2026-07-30T09:00,v3.2-pagination-gps,gps,jour,1067334,https://fr.getaround.com/location-voiture/nanterre/citroen-c5-cross-tourer-1067334?program=getaround&searched_address%5Blatitude%5D=48.8847&searched_address%5Blongitude%5D=2.2386,Citroen C5 Cross Tourer,2022,Sur rendez-vous,BREAK,THERMIQUE,,,deduite,False,134.0,,,,Puteaux,Nanterre,Puteaux
20260728T141950,A2,2026-07-29T09:00,2026-07-30T09:00,v3.2-pagination-gps,gps,jour,1692885,https://fr.getaround.com/location-voiture/bobigny/citroen-c4-1692885?program=getaround&searched_address%5Blatitude%5D=48.9175&searched_address%5Blongitude%5D=2.2869,Citroen C4,2015,GETAROUND CONNECT,COMPACTE,THERMIQUE,,,deduite,False,64.0,,4.6,50,Asnières-sur-Seine,Bobigny,Asnières-sur-Seine
20260728T141950,A2,2026-07-29T09:00,2026-07-30T09:00,v3.2-pagination-gps,gps,jour,1736314,https://fr.getaround.com/location-voiture/boulogne-billancourt/smart-fortwo-passion-1736314?program=getaround&searched_address%5Blatitude%5D=48.8847&searched_address%5Blongitude%5D=2.2386,Smart Fortwo Passion,2015,Sur rendez-vous,MICRO_CITADINE,THERMIQUE,,,deduite,False,75.0,,5.0,2,Puteaux,Boulogne Billancourt,Puteaux
20260728T141950,A2,2026-07-29T09:00,2026-07-30T09:00,v3.2-pagination-gps,gps,jour,1569354,https://fr.getaround.com/location-voiture/paris/toyota-yaris-hybride-1569354?program=getaround&searched_address%5Blatitude%5D=48.9175&searched_address%5Blongitude%5D=2.2869,Toyota Yaris Hybride,2017,GETAROUND CONNECT,CITADINE,HYBRIDE,,,deduite,False,65.0,,4.95,63,Asnières-sur-Seine,Paris,Asnières-sur-Seine
20260728T141950,A2,2026-07-29T09:00,2026-07-30T09:00,v3.2-pagination-gps,gps,jour,1105416,https://fr.getaround.com/location-voiture/paris/renault-zoe-1105416?program=getaround&searched_address%5Blatitude%5D=48.8847&searched_address%5Blongitude%5D=2.2386,Renault ZOE,2020,GETAROUND CONNECT,CITADINE,ELECTRIQUE,,,deduite,False,88.0,,4.65,57,Puteaux,Paris,Puteaux|Asnières-sur-Seine
20260728T141950,A2,2026-07-29T09:00,2026-07-30T09:00,v3.2-pagination-gps,gps,jour,1867943,https://fr.getaround.com/location-voiture/suresnes/skoda-kamiq-1867943?program=getaround&searched_address%5Blatitude%5D=48.8847&searched_address%5Blongitude%5D=2.2386,Skoda Kamiq,2025,Sur rendez-vous,SUV_COMPACT,THERMIQUE,,,deduite,False,121.0,,,,Puteaux,Suresnes,Puteaux
20260728T141950,A2,2026-07-29T09:00,2026-07-30T09:00,v3.2-pagination-gps,gps,jour,1650463,https://fr.getaround.com/location-voiture/paris/volkswagen-t-cross-1650463?program=getaround&searched_address%5Blatitude%5D=48.9175&searched_address%5Blongitude%5D=2.2869,Volkswagen T-Cross,2024,GETAROUND CONNECT,SUV_COMPACT,THERMIQUE,,,deduite,False,89.0,,4.34,28,Asnières-sur-Seine,Paris,Asnières-sur-Seine
20260728T141950,A2,2026-07-29T09:00,2026-07-30T09:00,v3.2-pagination-gps,gps,jour,1888564,https://fr.getaround.com/location-voiture/bezons/renault-scenic-1888564?program=getaround&searched_address%5Blatitude%5D=48.8847&searched_address%5Blongitude%5D=2.2386,Renault Scenic,2017,Sur rendez-vous,MONOSPACE,THERMIQUE,,,deduite,False,92.0,,5.0,1,Puteaux,Bezons,Puteaux
20260728T141950,A2,2026-07-29T09:00,2026-07-30T09:00,v3.2-pagination-gps,gps,jour,1925730,https://fr.getaround.com/location-voiture/paris/skoda-superb-1925730?program=getaround&searched_address%5Blatitude%5D=48.9175&searched_address%5Blongitude%5D=2.2869,Skoda Superb,2015,Sur rendez-vous,BERLINE,THERMIQUE,,,deduite,False,48.0,,5.0,1,Asnières-sur-Seine,Paris,Asnières-sur-Seine
20260728T141950,A2,2026-07-29T09:00,2026-07-30T09:00,v3.2-pagination-gps,gps,jour,1751139,https://fr.getaround.com/location-voiture/gennevilliers/toyota-c-hr-hybrid-1751139?program=getaround&searched_address%5Blatitude%5D=48.8847&searched_address%5Blongitude%5D=2.2386,Toyota C-HR Hybrid,2017,Sur rendez-vous,SUV_COMPACT,HYBRIDE,,,deduite,False,83.0,,,,Puteaux,Gennevilliers,Puteaux|Asnières-sur-Seine
20260728T141950,A2,2026-07-29T09:00,2026-07-30T09:00,v3.2-pagination-gps,gps,jour,1597078,https://fr.getaround.com/location-voiture/houilles/toyota-yaris-1597078?program=getaround&searched_address%5Blatitude%5D=48.8847&searched_address%5Blongitude%5D=2.2386,Toyota Yaris,2013,Sur rendez-vous,CITADINE,THERMIQUE,,,deduite,False,73.0,,,,Puteaux,Houilles,Puteaux
20260728T141950,A2,2026-07-29T09:00,2026-07-30T09:00,v3.2-pagination-gps,gps,jour,1614145,https://fr.getaround.com/location-voiture/courbevoie/peugeot-208-1614145?program=getaround&searched_address%5Blatitude%5D=48.8847&searched_address%5Blongitude%5D=2.2386,Peugeot 208,2024,Sur rendez-vous,CITADINE,THERMIQUE,,,deduite,False,165.0,,,,Puteaux,Courbevoie,Puteaux
20260728T141950,A2,2026-07-29T09:00,2026-07-30T09:00,v3.2-pagination-gps,gps,jour,1777327,https://fr.getaround.com/location-voiture/paris/citroen-c4-cactus-1777327?program=getaround&searched_address%5Blatitude%5D=48.9175&searched_address%5Blongitude%5D=2.2869,Citroen C4 Cactus,2020,GETAROUND CONNECT,COMPACTE,THERMIQUE,,,deduite,False,65.0,,5.0,7,Asnières-sur-Seine,Paris,Asnières-sur-Seine
20260728T141950,A2,2026-07-29T09:00,2026-07-30T09:00,v3.2-pagination-gps,gps,jour,1705445,https://fr.getaround.com/location-voiture/sartrouville/peugeot-208-1705445?program=getaround&searched_address%5Blatitude%5D=48.8847&searched_address%5Blongitude%5D=2.2386,Peugeot 208,2015,Sur rendez-vous,CITADINE,THERMIQUE,,,deduite,False,75.0,,5.0,4,Puteaux,Sartrouville,Puteaux
20260728T141950,A2,2026-07-29T09:00,2026-07-30T09:00,v3.2-pagination-gps,gps,jour,1155983,https://fr.getaround.com/location-voiture/paris/peugeot-108-1155983?program=getaround&searched_address%5Blatitude%5D=48.9175&searched_address%5Blongitude%5D=2.2869,Peugeot 108,2018,GETAROUND CONNECT,MICRO_CITADINE,THERMIQUE,,,deduite,False,63.0,,4.58,46,Asnières-sur-Seine,Paris,Asnières-sur-Seine
20260728T141950,A2,2026-07-29T09:00,2026-07-30T09:00,v3.2-pagination-gps,gps,jour,1139784,https://fr.getaround.com/location-voiture/courbevoie/peugeot-208-1139784?program=getaround&searched_address%5Blatitude%5D=48.8847&searched_address%5Blongitude%5D=2.2386,Peugeot 208,2015,Sur rendez-vous,CITADINE,THERMIQUE,,,deduite,False,100.0,,,,Puteaux,Courbevoie,Puteaux
20260728T141950,A2,2026-07-29T09:00,2026-07-30T09:00,v3.2-pagination-gps,gps,jour,1880597,https://fr.getaround.com/location-voiture/paris/peugeot-2008-1880597?program=getaround&searched_address%5Blatitude%5D=48.9175&searched_address%5Blongitude%5D=2.2869,Peugeot 2008,2026,GETAROUND CONNECT,SUV_COMPACT,THERMIQUE,,,deduite,False,107.0,,4.6,5,Asnières-sur-Seine,Paris,Asnières-sur-Seine
20260728T141950,A2,2026-07-29T09:00,2026-07-30T09:00,v3.2-pagination-gps,gps,jour,1230139,https://fr.getaround.com/location-voiture/paris/peugeot-108-cabriolet-1230139?program=getaround&searched_address%5Blatitude%5D=48.8847&searched_address%5Blongitude%5D=2.2386,Peugeot 108 Cabriolet,2014,Sur rendez-vous,CABRIOLET,THERMIQUE,,,deduite,False,106.0,,5.0,5,Puteaux,Paris,Puteaux
20260728T141950,A2,2026-07-29T09:00,2026-07-30T09:00,v3.2-pagination-gps,gps,jour,1694514,https://fr.getaround.com/location-voiture/paris/opel-crossland-1694514?program=getaround&searched_address%5Blatitude%5D=48.9175&searched_address%5Blongitude%5D=2.2869,Opel Crossland,2024,GETAROUND CONNECT,SUV_COMPACT,THERMIQUE,,,deduite,False,62.0,,5.0,17,Asnières-sur-Seine,Paris,Asnières-sur-Seine
20260728T141950,A2,2026-07-29T09:00,2026-07-30T09:00,v3.2-pagination-gps,gps,jour,1083759,https://fr.getaround.com/location-voiture/rueil-malmaison/renault-zoe-1083759?program=getaround&searched_address%5Blatitude%5D=48.8847&searched_address%5Blongitude%5D=2.2386,Renault ZOE,2018,Sur rendez-vous,CITADINE,ELECTRIQUE,,,deduite,False,75.0,,,,Puteaux,Rueil Malmaison,Puteaux
20260728T141950,A2,2026-07-29T09:00,2026-07-30T09:00,v3.2-pagination-gps,gps,jour,1931432,https://fr.getaround.com/location-voiture/herblay-sur-seine/audi-a1-sportback-1931432?program=getaround&searched_address%5Blatitude%5D=48.9175&searched_address%5Blongitude%5D=2.2869,Audi A1 Sportback,2012,Sur rendez-vous,CITADINE,THERMIQUE,,,deduite,False,83.0,,,,Asnières-sur-Seine,Herblay Sur Seine,Asnières-sur-Seine
20260728T141950,A2,2026-07-29T09:00,2026-07-30T09:00,v3.2-pagination-gps,gps,jour,1883063,https://fr.getaround.com/location-voiture/rueil-malmaison/bmw-x1-sdrive18i-1883063?program=getaround&searched_address%5Blatitude%5D=48.8847&searched_address%5Blongitude%5D=2.2386,BMW X1 sDrive18i,2019,Sur rendez-vous,NON_CLASSE,THERMIQUE,,,deduite,False,171.0,,,,Puteaux,Rueil Malmaison,Puteaux
20260728T141950,A2,2026-07-29T09:00,2026-07-30T09:00,v3.2-pagination-gps,gps,jour,1938839,https://fr.getaround.com/location-voiture/cormeilles-en-parisis/peugeot-208-1938839?program=getaround&searched_address%5Blatitude%5D=48.9175&searched_address%5Blongitude%5D=2.2869,Peugeot 208,2018,GETAROUND CONNECT,CITADINE,THERMIQUE,,,deduite,False,79.0,,,,Asnières-sur-Seine,Cormeilles En Parisis,Asnières-sur-Seine
20260728T141950,A2,2026-07-29T09:00,2026-07-30T09:00,v3.2-pagination-gps,gps,jour,1639801,https://fr.getaround.com/location-voiture/houilles/peugeot-308-1639801?program=getaround&searched_address%5Blatitude%5D=48.8847&searched_address%5Blongitude%5D=2.2386,Peugeot 308,2012,Sur rendez-vous,COMPACTE,THERMIQUE,,,deduite,False,75.0,,,,Puteaux,Houilles,Puteaux
20260728T141950,A2,2026-07-29T09:00,2026-07-30T09:00,v3.2-pagination-gps,gps,jour,1841262,https://fr.getaround.com/location-voiture/nanterre/ford-puma-1841262?program=getaround&searched_address%5Blatitude%5D=48.8847&searched_address%5Blongitude%5D=2.2386,Ford Puma,2021,Sur rendez-vous,SUV_COMPACT,THERMIQUE,,,deduite,False,171.0,,,,Puteaux,Nanterre,Puteaux
20260728T141950,A2,2026-07-29T09:00,2026-07-30T09:00,v3.2-pagination-gps,gps,jour,1788487,https://fr.getaround.com/location-voiture/asnieres-sur-seine/tesla-model-y-standard-range-1788487?program=getaround&searched_address%5Blatitude%5D=48.9175&searched_address%5Blongitude%5D=2.2869,Tesla Model Y Standard Range,2023,Sur rendez-vous,SUV_FAMILIAL,ELECTRIQUE,,,deduite,False,129.0,,,,Asnières-sur-Seine,Asnieres Sur Seine,Asnières-sur-Seine
20260728T141950,A2,2026-07-29T09:00,2026-07-30T09:00,v3.2-pagination-gps,gps,jour,1640739,https://fr.getaround.com/location-voiture/boulogne-billancourt/lancia-voyager-1640739?program=getaround&searched_address%5Blatitude%5D=48.8847&searched_address%5Blongitude%5D=2.2386,Lancia Voyager,2014,Sur rendez-vous,NON_CLASSE,THERMIQUE,,,deduite,False,177.0,,,,Puteaux,Boulogne Billancourt,Puteaux
20260728T141950,A2,2026-07-29T09:00,2026-07-30T09:00,v3.2-pagination-gps,gps,jour,1864308,https://fr.getaround.com/location-voiture/colombes/renault-clio-1864308?program=getaround&searched_address%5Blatitude%5D=48.8847&searched_address%5Blongitude%5D=2.2386,Renault Clio,2021,Sur rendez-vous,CITADINE,THERMIQUE,,,deduite,False,91.0,,5.0,1,Puteaux,Colombes,Puteaux
20260728T141950,A2,2026-07-29T09:00,2026-07-30T09:00,v3.2-pagination-gps,gps,jour,776791,https://fr.getaround.com/location-voiture/paris/dacia-sandero-776791?program=getaround&searched_address%5Blatitude%5D=48.9175&searched_address%5Blongitude%5D=2.2869,Dacia Sandero,2017,GETAROUND CONNECT,CITADINE,THERMIQUE,,,deduite,False,57.0,,4.09,71,Asnières-sur-Seine,Paris,Asnières-sur-Seine
20260728T141950,A2,2026-07-29T09:00,2026-07-30T09:00,v3.2-pagination-gps,gps,jour,1848146,https://fr.getaround.com/location-voiture/rueil-malmaison/mercedes-benz-gla-250-4matic-1848146?program=getaround&searched_address%5Blatitude%5D=48.8847&searched_address%5Blongitude%5D=2.2386,Mercedes-Benz GLA 250 4MATIC,2021,Sur rendez-vous,SUV_COMPACT,THERMIQUE,,,deduite,False,115.0,,,,Puteaux,Rueil Malmaison,Puteaux
20260728T141950,A2,2026-07-29T09:00,2026-07-30T09:00,v3.2-pagination-gps,gps,jour,1544484,https://fr.getaround.com/location-voiture/sannois/toyota-yaris-hybride-1544484?program=getaround&searched_address%5Blatitude%5D=48.9175&searched_address%5Blongitude%5D=2.2869,Toyota Yaris Hybride,2022,Sur rendez-vous,CITADINE,HYBRIDE,,,deduite,False,80.0,,5.0,1,Asnières-sur-Seine,Sannois,Asnières-sur-Seine
20260728T141950,A2,2026-07-29T09:00,2026-07-30T09:00,v3.2-pagination-gps,gps,jour,1665565,https://fr.getaround.com/location-voiture/nanterre/land-rover-range-rover-evoque-1665565?program=getaround&searched_address%5Blatitude%5D=48.8847&searched_address%5Blongitude%5D=2.2386,Land-Rover Range Rover Evoque,2013,Sur rendez-vous,NON_CLASSE,THERMIQUE,,,deduite,False,143.0,,,,Puteaux,Nanterre,Puteaux
20260728T141950,A2,2026-07-29T09:00,2026-07-30T09:00,v3.2-pagination-gps,gps,jour,1616323,https://fr.getaround.com/location-voiture/paris/tesla-model-3-long-range-1616323?program=getaround&searched_address%5Blatitude%5D=48.8847&searched_address%5Blongitude%5D=2.2386,Tesla Model 3 Long Range,2019,Sur rendez-vous,BERLINE,ELECTRIQUE,,,deduite,False,205.0,,5.0,2,Puteaux,Paris,Puteaux
20260728T141950,A2,2026-07-29T09:00,2026-07-30T09:00,v3.2-pagination-gps,gps,jour,1199921,https://fr.getaround.com/location-voiture/argenteuil/mg-mg4-1199921?program=getaround&searched_address%5Blatitude%5D=48.8847&searched_address%5Blongitude%5D=2.2386,Mg MG4,2022,Sur rendez-vous,NON_CLASSE,THERMIQUE,,,deduite,False,100.0,,,,Puteaux,Argenteuil,Puteaux
20260728T141950,A2,2026-07-29T09:00,2026-07-30T09:00,v3.2-pagination-gps,gps,jour,1570773,https://fr.getaround.com/location-voiture/bezons/audi-q3-1570773?program=getaround&searched_address%5Blatitude%5D=48.8847&searched_address%5Blongitude%5D=2.2386,Audi Q3,2015,Sur rendez-vous,SUV_COMPACT,THERMIQUE,,,deduite,False,119.0,,5.0,3,Puteaux,Bezons,Puteaux
20260728T141950,A2,2026-07-29T09:00,2026-07-30T09:00,v3.2-pagination-gps,gps,jour,852766,https://fr.getaround.com/location-voiture/paris/citroen-2cv-852766?program=getaround&searched_address%5Blatitude%5D=48.8847&searched_address%5Blongitude%5D=2.2386,Citroen 2CV,1982,Sur rendez-vous,NON_CLASSE,THERMIQUE,,,deduite,False,149.0,,4.68,11,Puteaux,Paris,Puteaux
20260728T141950,A2,2026-07-29T09:00,2026-07-30T09:00,v3.2-pagination-gps,gps,jour,1644098,https://fr.getaround.com/location-voiture/paris/peugeot-208-1644098?program=getaround&searched_address%5Blatitude%5D=48.9175&searched_address%5Blongitude%5D=2.2869,Peugeot 208,2020,GETAROUND CONNECT,CITADINE,THERMIQUE,,,deduite,False,59.0,,4.09,29,Asnières-sur-Seine,Paris,Asnières-sur-Seine
20260728T141950,A2,2026-07-29T09:00,2026-07-30T09:00,v3.2-pagination-gps,gps,jour,1533284,https://fr.getaround.com/location-voiture/chatou/renault-clio-1533284?program=getaround&searched_address%5Blatitude%5D=48.8847&searched_address%5Blongitude%5D=2.2386,Renault Clio,2021,Sur rendez-vous,CITADINE,THERMIQUE,,,deduite,False,95.0,,,,Puteaux,Chatou,Puteaux
20260728T141950,A2,2026-07-29T09:00,2026-07-30T09:00,v3.2-pagination-gps,gps,jour,1806891,https://fr.getaround.com/location-voiture/paris/peugeot-e-2008-1806891?program=getaround&searched_address%5Blatitude%5D=48.9175&searched_address%5Blongitude%5D=2.2869,Peugeot e-2008,2025,Sur rendez-vous,SUV_COMPACT,THERMIQUE,,,deduite,False,95.0,,5.0,1,Asnières-sur-Seine,Paris,Asnières-sur-Seine
20260728T141950,A2,2026-07-29T09:00,2026-07-30T09:00,v3.2-pagination-gps,gps,jour,1920131,https://fr.getaround.com/location-voiture/aubervilliers/peugeot-208-1920131?program=getaround&searched_address%5Blatitude%5D=48.9175&searched_address%5Blongitude%5D=2.2869,Peugeot 208,2024,Sur rendez-vous,CITADINE,THERMIQUE,,,deduite,False,74.0,,5.0,3,Asnières-sur-Seine,Aubervilliers,Asnières-sur-Seine
20260728T141950,A2,2026-07-29T09:00,2026-07-30T09:00,v3.2-pagination-gps,gps,jour,1790478,https://fr.getaround.com/location-voiture/saint-gratien/smart-fortwo-cabriolet-1790478?program=getaround&searched_address%5Blatitude%5D=48.9175&searched_address%5Blongitude%5D=2.2869,Smart Fortwo Cabriolet,2019,GETAROUND CONNECT,CABRIOLET,THERMIQUE,,,deduite,False,93.0,,5.0,5,Asnières-sur-Seine,Saint Gratien,Asnières-sur-Seine
20260728T141950,A2,2026-07-29T09:00,2026-07-30T09:00,v3.2-pagination-gps,gps,jour,1942583,https://fr.getaround.com/location-voiture/paris/renault-twingo-iii-1942583?program=getaround&searched_address%5Blatitude%5D=48.9175&searched_address%5Blongitude%5D=2.2869,Renault Twingo III,2016,Sur rendez-vous,MICRO_CITADINE,THERMIQUE,,,deduite,False,54.0,,,,Asnières-sur-Seine,Paris,Asnières-sur-Seine
20260728T141950,A2,2026-07-29T09:00,2026-07-30T09:00,v3.2-pagination-gps,gps,jour,1882814,https://fr.getaround.com/location-voiture/sartrouville/citroen-c3-1882814?program=getaround&searched_address%5Blatitude%5D=48.8847&searched_address%5Blongitude%5D=2.2386,Citroen C3,2015,Sur rendez-vous,CITADINE,THERMIQUE,,,deduite,False,73.0,,,,Puteaux,Sartrouville,Puteaux
20260728T141950,A2,2026-07-29T09:00,2026-07-30T09:00,v3.2-pagination-gps,gps,jour,766571,https://fr.getaround.com/location-voiture/maisons-laffitte/renault-clio-766571?program=getaround&searched_address%5Blatitude%5D=48.8847&searched_address%5Blongitude%5D=2.2386,Renault Clio,2018,Sur rendez-vous,CITADINE,THERMIQUE,,,deduite,False,77.0,,4.85,72,Puteaux,Maisons Laffitte,Puteaux
20260728T141950,A2,2026-07-29T09:00,2026-07-30T09:00,v3.2-pagination-gps,gps,jour,1457837,https://fr.getaround.com/location-voiture/boulogne-billancourt/smart-fortwo-cabriolet-1457837?program=getaround&searched_address%5Blatitude%5D=48.8847&searched_address%5Blongitude%5D=2.2386,Smart Fortwo Cabriolet,2017,Sur rendez-vous,CABRIOLET,THERMIQUE,,,deduite,False,91.0,,5.0,2,Puteaux,Boulogne Billancourt,Puteaux
20260728T141950,A2,2026-07-29T09:00,2026-07-30T09:00,v3.2-pagination-gps,gps,jour,1797688,https://fr.getaround.com/location-voiture/neuilly-sur-seine/mercedes-benz-classe-b-1797688?program=getaround&searched_address%5Blatitude%5D=48.8847&searched_address%5Blongitude%5D=2.2386,Mercedes-Benz Classe B,2019,Sur rendez-vous,MONOSPACE,THERMIQUE,,,deduite,False,125.0,,5.0,1,Puteaux,Neuilly Sur Seine,Puteaux
20260728T141950,A2,2026-07-29T09:00,2026-07-30T09:00,v3.2-pagination-gps,gps,jour,1802893,https://fr.getaround.com/location-voiture/argenteuil/renault-clio-1802893?program=getaround&searched_address%5Blatitude%5D=48.9175&searched_address%5Blongitude%5D=2.2869,Renault Clio,2021,GETAROUND CONNECT,CITADINE,THERMIQUE,,,deduite,False,79.0,,5.0,2,Asnières-sur-Seine,Argenteuil,Asnières-sur-Seine
20260728T141950,A2,2026-07-29T09:00,2026-07-30T09:00,v3.2-pagination-gps,gps,jour,1874723,https://fr.getaround.com/location-voiture/sartrouville/citroen-c3-1874723?program=getaround&searched_address%5Blatitude%5D=48.8847&searched_address%5Blongitude%5D=2.2386,Citroen C3,2019,Sur rendez-vous,CITADINE,THERMIQUE,,,deduite,False,85.0,,,,Puteaux,Sartrouville,Puteaux
20260728T141950,A2,2026-07-29T09:00,2026-07-30T09:00,v3.2-pagination-gps,gps,jour,1382784,https://fr.getaround.com/location-voiture/paris/peugeot-5008-1382784?program=getaround&searched_address%5Blatitude%5D=48.9175&searched_address%5Blongitude%5D=2.2869,Peugeot 5008,2019,GETAROUND CONNECT,MONOSPACE,THERMIQUE,,,deduite,False,132.0,,4.53,39,Asnières-sur-Seine,Paris,Asnières-sur-Seine
20260728T141950,A2,2026-07-29T09:00,2026-07-30T09:00,v3.2-pagination-gps,gps,jour,454116,https://fr.getaround.com/location-voiture/paris/volkswagen-coccinelle-454116?program=getaround&searched_address%5Blatitude%5D=48.8847&searched_address%5Blongitude%5D=2.2386,Volkswagen Coccinelle,1971,Sur rendez-vous,COLLECTION,THERMIQUE,,,deduite,False,214.0,,5.0,11,Puteaux,Paris,Puteaux
20260728T141950,A2,2026-07-29T09:00,2026-07-30T09:00,v3.2-pagination-gps,gps,jour,1530499,https://fr.getaround.com/location-voiture/nanterre/renault-clio-1530499?program=getaround&searched_address%5Blatitude%5D=48.8847&searched_address%5Blongitude%5D=2.2386,Renault Clio,2020,Sur rendez-vous,CITADINE,THERMIQUE,,,deduite,False,97.0,,,,Puteaux,Nanterre,Puteaux
20260728T141950,A2,2026-07-29T09:00,2026-07-30T09:00,v3.2-pagination-gps,gps,jour,1533270,https://fr.getaround.com/location-voiture/colombes/renault-clio-1533270?program=getaround&searched_address%5Blatitude%5D=48.9175&searched_address%5Blongitude%5D=2.2869,Renault Clio,2014,Sur rendez-vous,CITADINE,THERMIQUE,,,deduite,False,69.0,,4.57,7,Asnières-sur-Seine,Colombes,Asnières-sur-Seine
20260728T141950,A2,2026-07-29T09:00,2026-07-30T09:00,v3.2-pagination-gps,gps,jour,1461054,https://fr.getaround.com/location-voiture/boulogne-billancourt/toyota-aygo-1461054?program=getaround&searched_address%5Blatitude%5D=48.8847&searched_address%5Blongitude%5D=2.2386,Toyota Aygo,2011,Sur rendez-vous,MICRO_CITADINE,THERMIQUE,,,deduite,False,118.0,,4.93,14,Puteaux,Boulogne Billancourt,Puteaux
20260728T141950,A2,2026-07-29T09:00,2026-07-30T09:00,v3.2-pagination-gps,gps,jour,701657,https://fr.getaround.com/location-voiture/paris/renault-twingo-701657?program=getaround&searched_address%5Blatitude%5D=48.9175&searched_address%5Blongitude%5D=2.2869,Renault Twingo,2017,GETAROUND CONNECT,MICRO_CITADINE,THERMIQUE,,,deduite,False,59.0,,4.77,152,Asnières-sur-Seine,Paris,Asnières-sur-Seine
20260728T141950,A2,2026-07-29T09:00,2026-07-30T09:00,v3.2-pagination-gps,gps,jour,1720938,https://fr.getaround.com/location-voiture/levallois-perret/renault-clio-1720938?program=getaround&searched_address%5Blatitude%5D=48.8847&searched_address%5Blongitude%5D=2.2386,Renault Clio,2013,Sur rendez-vous,CITADINE,THERMIQUE,,,deduite,False,75.0,,,,Puteaux,Levallois Perret,Puteaux
20260728T141950,A2,2026-07-29T09:00,2026-07-30T09:00,v3.2-pagination-gps,gps,jour,765741,https://fr.getaround.com/location-voiture/maisons-laffitte/toyota-aygo-ii-765741?program=getaround&searched_address%5Blatitude%5D=48.8847&searched_address%5Blongitude%5D=2.2386,Toyota Aygo II,2019,GETAROUND CONNECT,MICRO_CITADINE,THERMIQUE,,,deduite,False,83.0,,4.66,116,Puteaux,Maisons Laffitte,Puteaux
20260728T141950,A2,2026-07-29T09:00,2026-07-30T09:00,v3.2-pagination-gps,gps,jour,767156,https://fr.getaround.com/location-voiture/maisons-laffitte/renault-clio-767156?program=getaround&searched_address%5Blatitude%5D=48.8847&searched_address%5Blongitude%5D=2.2386,Renault Clio,2019,Sur rendez-vous,CITADINE,THERMIQUE,,,deduite,False,72.0,,4.44,106,Puteaux,Maisons Laffitte,Puteaux
20260728T141950,A2,2026-07-29T09:00,2026-07-30T09:00,v3.2-pagination-gps,gps,jour,1524455,https://fr.getaround.com/location-voiture/villeneuve-la-garenne/skoda-kamiq-1524455?program=getaround&searched_address%5Blatitude%5D=48.8847&searched_address%5Blongitude%5D=2.2386,Skoda Kamiq,2024,Sur rendez-vous,SUV_COMPACT,THERMIQUE,,,deduite,False,112.0,,4.67,3,Puteaux,Villeneuve La Garenne,Puteaux
20260728T141950,A2,2026-07-29T09:00,2026-07-30T09:00,v3.2-pagination-gps,gps,jour,1555698,https://fr.getaround.com/location-voiture/paris/toyota-corolla-break-hybride-1555698?program=getaround&searched_address%5Blatitude%5D=48.9175&searched_address%5Blongitude%5D=2.2869,Toyota Corolla Break Hybride,2021,GETAROUND CONNECT,BREAK,HYBRIDE,,,deduite,False,84.0,,4.66,48,Asnières-sur-Seine,Paris,Asnières-sur-Seine
20260728T141950,A2,2026-07-29T09:00,2026-07-30T09:00,v3.2-pagination-gps,gps,jour,1290758,https://fr.getaround.com/location-voiture/sartrouville/citroen-c3-1290758?program=getaround&searched_address%5Blatitude%5D=48.8847&searched_address%5Blongitude%5D=2.2386,Citroen C3,2018,Sur rendez-vous,CITADINE,THERMIQUE,,,deduite,False,86.0,,4.46,13,Puteaux,Sartrouville,Puteaux
20260728T141950,A2,2026-07-29T09:00,2026-07-30T09:00,v3.2-pagination-gps,gps,jour,1370314,https://fr.getaround.com/location-voiture/paris/citroen-c3-1370314?program=getaround&searched_address%5Blatitude%5D=48.9175&searched_address%5Blongitude%5D=2.2869,Citroen C3,2020,GETAROUND CONNECT,CITADINE,THERMIQUE,,,deduite,False,70.0,,4.55,50,Asnières-sur-Seine,Paris,Asnières-sur-Seine
20260728T141950,A2,2026-07-29T09:00,2026-07-30T09:00,v3.2-pagination-gps,gps,jour,1916635,https://fr.getaround.com/location-voiture/paris/tesla-model-y-1916635?program=getaround&searched_address%5Blatitude%5D=48.8847&searched_address%5Blongitude%5D=2.2386,Tesla Model Y,2022,Sur rendez-vous,SUV_FAMILIAL,ELECTRIQUE,,,deduite,False,171.0,,,,Puteaux,Paris,Puteaux
20260728T141950,A2,2026-07-29T09:00,2026-07-30T09:00,v3.2-pagination-gps,gps,jour,1834784,https://fr.getaround.com/location-voiture/argenteuil/renault-clio-1834784?program=getaround&searched_address%5Blatitude%5D=48.8847&searched_address%5Blongitude%5D=2.2386,Renault Clio,2021,Sur rendez-vous,CITADINE,THERMIQUE,,,deduite,False,78.0,,,,Puteaux,Argenteuil,Puteaux
20260728T141950,A2,2026-07-29T09:00,2026-07-30T09:00,v3.2-pagination-gps,gps,jour,1598746,https://fr.getaround.com/location-voiture/paris/dacia-sandero-stepway-1598746?program=getaround&searched_address%5Blatitude%5D=48.9175&searched_address%5Blongitude%5D=2.2869,Dacia Sandero Stepway,2024,GETAROUND CONNECT,CITADINE,THERMIQUE,,,deduite,False,75.0,,4.36,33,Asnières-sur-Seine,Paris,Asnières-sur-Seine
20260728T141950,A2,2026-07-29T09:00,2026-07-30T09:00,v3.2-pagination-gps,gps,jour,612510,https://fr.getaround.com/location-voiture/neuilly-sur-seine/bmw-serie-1-612510?program=getaround&searched_address%5Blatitude%5D=48.8847&searched_address%5Blongitude%5D=2.2386,BMW Série 1,2018,Sur rendez-vous,COMPACTE,THERMIQUE,,,deduite,False,149.0,,5.0,1,Puteaux,Neuilly Sur Seine,Puteaux
20260728T141950,A2,2026-07-29T09:00,2026-07-30T09:00,v3.2-pagination-gps,gps,jour,1463106,https://fr.getaround.com/location-voiture/clichy/bmw-x2-1463106?program=getaround&searched_address%5Blatitude%5D=48.8847&searched_address%5Blongitude%5D=2.2386,BMW X2,2018,Sur rendez-vous,NON_CLASSE,THERMIQUE,,,deduite,False,211.0,,,,Puteaux,Clichy,Puteaux
20260728T141950,A2,2026-07-29T09:00,2026-07-30T09:00,v3.2-pagination-gps,gps,jour,1739099,https://fr.getaround.com/location-voiture/rueil-malmaison/renault-megane-1739099?program=getaround&searched_address%5Blatitude%5D=48.8847&searched_address%5Blongitude%5D=2.2386,Renault Mégane,2016,Sur rendez-vous,COMPACTE,THERMIQUE,,,deduite,False,111.0,,,,Puteaux,Rueil Malmaison,Puteaux
20260728T141950,A2,2026-07-29T09:00,2026-07-30T09:00,v3.2-pagination-gps,gps,jour,1881883,https://fr.getaround.com/location-voiture/paris/peugeot-2008-1881883?program=getaround&searched_address%5Blatitude%5D=48.9175&searched_address%5Blongitude%5D=2.2869,Peugeot 2008,2026,GETAROUND CONNECT,SUV_COMPACT,THERMIQUE,,,deduite,False,109.0,,5.0,4,Asnières-sur-Seine,Paris,Asnières-sur-Seine
20260728T141950,A2,2026-07-29T09:00,2026-07-30T09:00,v3.2-pagination-gps,gps,jour,495420,https://fr.getaround.com/location-voiture/clichy/citroen-c4-495420?program=getaround&searched_address%5Blatitude%5D=48.8847&searched_address%5Blongitude%5D=2.2386,Citroen C4,2011,Sur rendez-vous,COMPACTE,THERMIQUE,,,deduite,False,81.0,,,,Puteaux,Clichy,Puteaux|Asnières-sur-Seine
20260728T141950,A2,2026-07-29T09:00,2026-07-30T09:00,v3.2-pagination-gps,gps,jour,1406256,https://fr.getaround.com/location-voiture/paris/citroen-c5-aircross-1406256?program=getaround&searched_address%5Blatitude%5D=48.8847&searched_address%5Blongitude%5D=2.2386,Citroen C5 Aircross,2020,Sur rendez-vous,SUV_COMPACT,THERMIQUE,,,deduite,False,125.0,,,,Puteaux,Paris,Puteaux
20260728T141950,A2,2026-07-29T09:00,2026-07-30T09:00,v3.2-pagination-gps,gps,jour,1773988,https://fr.getaround.com/location-voiture/colombes/volkswagen-polo-r-line-1773988?program=getaround&searched_address%5Blatitude%5D=48.8847&searched_address%5Blongitude%5D=2.2386,Volkswagen Polo R-Line,2022,Sur rendez-vous,CITADINE,THERMIQUE,,,deduite,False,131.0,,,,Puteaux,Colombes,Puteaux
20260728T141950,A2,2026-07-29T09:00,2026-07-30T09:00,v3.2-pagination-gps,gps,jour,1280421,https://fr.getaround.com/location-voiture/gennevilliers/smart-fortwo-cabriolet-1280421?program=getaround&searched_address%5Blatitude%5D=48.8847&searched_address%5Blongitude%5D=2.2386,Smart Fortwo Cabriolet,2014,Sur rendez-vous,CABRIOLET,THERMIQUE,,,deduite,False,80.0,,,,Puteaux,Gennevilliers,Puteaux|Asnières-sur-Seine
20260728T141950,A2,2026-07-29T09:00,2026-07-30T09:00,v3.2-pagination-gps,gps,jour,1589885,https://fr.getaround.com/location-voiture/paris/peugeot-2008-1589885?program=getaround&searched_address%5Blatitude%5D=48.9175&searched_address%5Blongitude%5D=2.2869,Peugeot 2008,2023,GETAROUND CONNECT,SUV_COMPACT,THERMIQUE,,,deduite,False,87.0,,4.03,34,Asnières-sur-Seine,Paris,Asnières-sur-Seine
20260728T141950,A2,2026-07-29T09:00,2026-07-30T09:00,v3.2-pagination-gps,gps,jour,1261374,https://fr.getaround.com/location-voiture/bezons/renault-zoe-1261374?program=getaround&searched_address%5Blatitude%5D=48.8847&searched_address%5Blongitude%5D=2.2386,Renault ZOE,2017,Sur rendez-vous,CITADINE,ELECTRIQUE,,,deduite,False,77.0,,,,Puteaux,Bezons,Puteaux
20260728T141950,A2,2026-07-29T09:00,2026-07-30T09:00,v3.2-pagination-gps,gps,jour,813514,https://fr.getaround.com/location-voiture/paris/renault-clio-813514?program=getaround&searched_address%5Blatitude%5D=48.9175&searched_address%5Blongitude%5D=2.2869,Renault Clio,2013,GETAROUND CONNECT,CITADINE,THERMIQUE,,,deduite,False,57.0,,4.3,72,Asnières-sur-Seine,Paris,Asnières-sur-Seine
20260728T141950,A2,2026-07-29T09:00,2026-07-30T09:00,v3.2-pagination-gps,gps,jour,559425,https://fr.getaround.com/location-voiture/la-celle-saint-cloud/fiat-500-559425?program=getaround&searched_address%5Blatitude%5D=48.8847&searched_address%5Blongitude%5D=2.2386,Fiat 500,2018,Sur rendez-vous,CITADINE,THERMIQUE,,,deduite,False,108.0,,4.94,18,Puteaux,La Celle Saint Cloud,Puteaux
20260728T141950,A2,2026-07-29T09:00,2026-07-30T09:00,v3.2-pagination-gps,gps,jour,1339800,https://fr.getaround.com/location-voiture/paris/renault-clio-1339800?program=getaround&searched_address%5Blatitude%5D=48.9175&searched_address%5Blongitude%5D=2.2869,Renault Clio,2023,GETAROUND CONNECT,CITADINE,THERMIQUE,,,deduite,False,68.0,,4.16,51,Asnières-sur-Seine,Paris,Asnières-sur-Seine
20260728T141950,A2,2026-07-29T09:00,2026-07-30T09:00,v3.2-pagination-gps,gps,jour,552262,https://fr.getaround.com/location-voiture/la-celle-saint-cloud/fiat-500-552262?program=getaround&searched_address%5Blatitude%5D=48.8847&searched_address%5Blongitude%5D=2.2386,Fiat 500,2018,Sur rendez-vous,CITADINE,THERMIQUE,,,deduite,False,108.0,,4.67,20,Puteaux,La Celle Saint Cloud,Puteaux
20260728T141950,A2,2026-07-29T09:00,2026-07-30T09:00,v3.2-pagination-gps,gps,jour,1590279,https://fr.getaround.com/location-voiture/paris/fiat-500-1590279?program=getaround&searched_address%5Blatitude%5D=48.9175&searched_address%5Blongitude%5D=2.2869,Fiat 500,2018,GETAROUND CONNECT,CITADINE,THERMIQUE,,,deduite,False,59.0,,4.67,47,Asnières-sur-Seine,Paris,Asnières-sur-Seine
20260728T141950,A2,2026-07-29T09:00,2026-07-30T09:00,v3.2-pagination-gps,gps,jour,1156569,https://fr.getaround.com/location-voiture/colombes/mercedes-classe-a-1156569?program=getaround&searched_address%5Blatitude%5D=48.8847&searched_address%5Blongitude%5D=2.2386,Mercedes Classe A,2013,Sur rendez-vous,BERLINE,THERMIQUE,,,deduite,False,177.0,,,,Puteaux,Colombes,Puteaux
20260728T141950,A2,2026-07-29T09:00,2026-07-30T09:00,v3.2-pagination-gps,gps,jour,1929307,https://fr.getaround.com/location-voiture/pantin/volkswagen-polo-1929307?program=getaround&searched_address%5Blatitude%5D=48.9175&searched_address%5Blongitude%5D=2.2869,Volkswagen Polo,2012,Sur rendez-vous,CITADINE,THERMIQUE,,,deduite,False,66.0,,5.0,1,Asnières-sur-Seine,Pantin,Asnières-sur-Seine
20260728T141950,A2,2026-07-29T09:00,2026-07-30T09:00,v3.2-pagination-gps,gps,jour,1428328,https://fr.getaround.com/location-voiture/bezons/toyota-c-hr-1428328?program=getaround&searched_address%5Blatitude%5D=48.8847&searched_address%5Blongitude%5D=2.2386,Toyota C-HR,2018,Sur rendez-vous,SUV_COMPACT,THERMIQUE,,,deduite,False,92.0,,4.0,3,Puteaux,Bezons,Puteaux
20260728T141950,A2,2026-07-29T09:00,2026-07-30T09:00,v3.2-pagination-gps,gps,jour,1542069,https://fr.getaround.com/location-voiture/paris/toyota-yaris-cross-hybrid-1542069?program=getaround&searched_address%5Blatitude%5D=48.9175&searched_address%5Blongitude%5D=2.2869,Toyota Yaris Cross Hybrid,2022,GETAROUND CONNECT,SUV_COMPACT,HYBRIDE,,,deduite,False,83.0,,4.71,24,Asnières-sur-Seine,Paris,Asnières-sur-Seine
20260728T141950,A2,2026-07-29T09:00,2026-07-30T09:00,v3.2-pagination-gps,gps,jour,1437323,https://fr.getaround.com/location-voiture/houilles/peugeot-3008-1437323?program=getaround&searched_address%5Blatitude%5D=48.8847&searched_address%5Blongitude%5D=2.2386,Peugeot 3008,2013,Sur rendez-vous,SUV_COMPACT,THERMIQUE,,,deduite,False,125.0,,,,Puteaux,Houilles,Puteaux
20260728T141950,A2,2026-07-29T09:00,2026-07-30T09:00,v3.2-pagination-gps,gps,jour,820919,https://fr.getaround.com/location-voiture/paris/renault-clio-820919?program=getaround&searched_address%5Blatitude%5D=48.9175&searched_address%5Blongitude%5D=2.2869,Renault Clio,2017,GETAROUND CONNECT,CITADINE,THERMIQUE,,,deduite,False,70.0,,4.73,102,Asnières-sur-Seine,Paris,Asnières-sur-Seine
20260728T141950,A2,2026-07-29T09:00,2026-07-30T09:00,v3.2-pagination-gps,gps,jour,1932888,https://fr.getaround.com/location-voiture/paris/renault-kangoo-1932888?program=getaround&searched_address%5Blatitude%5D=48.8847&searched_address%5Blongitude%5D=2.2386,Renault Kangoo,2012,Sur rendez-vous,UTILITAIRE,THERMIQUE,,,deduite,False,71.0,,,,Puteaux,Paris,Puteaux
20260728T141950,A2,2026-07-29T09:00,2026-07-30T09:00,v3.2-pagination-gps,gps,jour,1436995,https://fr.getaround.com/location-voiture/paris/peugeot-208-1436995?program=getaround&searched_address%5Blatitude%5D=48.9175&searched_address%5Blongitude%5D=2.2869,Peugeot 208,2014,GETAROUND CONNECT,CITADINE,THERMIQUE,,,deduite,False,60.0,,4.21,38,Asnières-sur-Seine,Paris,Asnières-sur-Seine
20260728T141950,A2,2026-07-29T09:00,2026-07-30T09:00,v3.2-pagination-gps,gps,jour,1679927,https://fr.getaround.com/location-voiture/bezons/nissan-micra-1679927?program=getaround&searched_address%5Blatitude%5D=48.8847&searched_address%5Blongitude%5D=2.2386,Nissan Micra,2017,Sur rendez-vous,CITADINE,THERMIQUE,,,deduite,False,83.0,,,,Puteaux,Bezons,Puteaux
20260728T141950,A2,2026-07-29T09:00,2026-07-30T09:00,v3.2-pagination-gps,gps,jour,1777318,https://fr.getaround.com/location-voiture/paris/peugeot-308-1777318?program=getaround&searched_address%5Blatitude%5D=48.9175&searched_address%5Blongitude%5D=2.2869,Peugeot 308,2019,GETAROUND CONNECT,COMPACTE,THERMIQUE,,,deduite,False,59.0,,4.14,14,Asnières-sur-Seine,Paris,Asnières-sur-Seine
20260728T141950,A2,2026-07-29T09:00,2026-07-30T09:00,v3.2-pagination-gps,gps,jour,100528,https://fr.getaround.com/location-voiture/maisons-laffitte/mg-b-cabriolet-100528?program=getaround&searched_address%5Blatitude%5D=48.8847&searched_address%5Blongitude%5D=2.2386,Mg B Cabriolet,1978,Sur rendez-vous,CABRIOLET,THERMIQUE,,,deduite,False,301.0,,4.94,18,Puteaux,Maisons Laffitte,Puteaux
20260728T141950,A2,2026-07-29T09:00,2026-07-30T09:00,v3.2-pagination-gps,gps,jour,948339,https://fr.getaround.com/location-voiture/paris/nissan-qashqai-948339?program=getaround&searched_address%5Blatitude%5D=48.8847&searched_address%5Blongitude%5D=2.2386,Nissan Qashqai,2016,Sur rendez-vous,SUV_COMPACT,THERMIQUE,,,deduite,False,90.0,,5.0,3,Puteaux,Paris,Puteaux
20260728T141950,A2,2026-07-29T09:00,2026-07-30T09:00,v3.2-pagination-gps,gps,jour,1644598,https://fr.getaround.com/location-voiture/argenteuil/audi-a1-sportback-1644598?program=getaround&searched_address%5Blatitude%5D=48.8847&searched_address%5Blongitude%5D=2.2386,Audi A1 Sportback,2024,Sur rendez-vous,CITADINE,THERMIQUE,,,deduite,False,134.0,,,,Puteaux,Argenteuil,Puteaux
20260728T141950,A2,2026-07-29T09:00,2026-07-30T09:00,v3.2-pagination-gps,gps,jour,763159,https://fr.getaround.com/location-voiture/maisons-laffitte/citroen-c3-763159?program=getaround&searched_address%5Blatitude%5D=48.8847&searched_address%5Blongitude%5D=2.2386,Citroen C3,2019,Sur rendez-vous,CITADINE,THERMIQUE,,,deduite,False,139.0,,4.77,79,Puteaux,Maisons Laffitte,Puteaux
20260728T141950,A2,2026-07-29T09:00,2026-07-30T09:00,v3.2-pagination-gps,gps,jour,1293598,https://fr.getaround.com/location-voiture/paris/renault-clio-1293598?program=getaround&searched_address%5Blatitude%5D=48.9175&searched_address%5Blongitude%5D=2.2869,Renault Clio,2020,GETAROUND CONNECT,CITADINE,THERMIQUE,,,deduite,False,76.0,,4.49,46,Asnières-sur-Seine,Paris,Asnières-sur-Seine
20260728T141950,A2,2026-07-29T09:00,2026-07-30T09:00,v3.2-pagination-gps,gps,jour,1924550,https://fr.getaround.com/location-voiture/paris/renault-zoe-1924550?program=getaround&searched_address%5Blatitude%5D=48.8847&searched_address%5Blongitude%5D=2.2386,Renault ZOE,2015,GETAROUND CONNECT,CITADINE,ELECTRIQUE,,,deduite,False,104.0,,,,Puteaux,Paris,Puteaux
20260728T141950,A2,2026-07-29T09:00,2026-07-30T09:00,v3.2-pagination-gps,gps,jour,1803883,https://fr.getaround.com/location-voiture/houilles/peugeot-2008-1803883?program=getaround&searched_address%5Blatitude%5D=48.8847&searched_address%5Blongitude%5D=2.2386,Peugeot 2008,2024,Sur rendez-vous,SUV_COMPACT,THERMIQUE,,,deduite,False,101.0,,1.0,1,Puteaux,Houilles,Puteaux
20260728T141950,A2,2026-07-29T09:00,2026-07-30T09:00,v3.2-pagination-gps,gps,jour,1589894,https://fr.getaround.com/location-voiture/paris/peugeot-2008-1589894?program=getaround&searched_address%5Blatitude%5D=48.9175&searched_address%5Blongitude%5D=2.2869,Peugeot 2008,2023,GETAROUND CONNECT,SUV_COMPACT,THERMIQUE,,,deduite,False,87.0,,3.89,33,Asnières-sur-Seine,Paris,Asnières-sur-Seine
20260728T141950,A2,2026-07-29T09:00,2026-07-30T09:00,v3.2-pagination-gps,gps,jour,847824,https://fr.getaround.com/location-voiture/neuilly-sur-seine/toyota-yaris-hybride-847824?program=getaround&searched_address%5Blatitude%5D=48.9175&searched_address%5Blongitude%5D=2.2869,Toyota Yaris Hybride,2020,Sur rendez-vous,CITADINE,HYBRIDE,,,deduite,False,68.0,,4.97,45,Asnières-sur-Seine,Neuilly Sur Seine,Asnières-sur-Seine
20260728T141950,A2,2026-07-29T09:00,2026-07-30T09:00,v3.2-pagination-gps,gps,jour,836035,https://fr.getaround.com/location-voiture/paris/toyota-yaris-hybride-836035?program=getaround&searched_address%5Blatitude%5D=48.9175&searched_address%5Blongitude%5D=2.2869,Toyota Yaris Hybride,2021,GETAROUND CONNECT,CITADINE,HYBRIDE,,,deduite,False,57.0,,3.95,87,Asnières-sur-Seine,Paris,Asnières-sur-Seine
20260728T141950,A2,2026-07-29T09:00,2026-07-30T09:00,v3.2-pagination-gps,gps,jour,1275063,https://fr.getaround.com/location-voiture/paris/renault-twingo-iii-1275063?program=getaround&searched_address%5Blatitude%5D=48.9175&searched_address%5Blongitude%5D=2.2869,Renault Twingo III,2016,GETAROUND CONNECT,MICRO_CITADINE,THERMIQUE,,,deduite,False,54.0,,4.45,28,Asnières-sur-Seine,Paris,Asnières-sur-Seine
20260728T141950,A2,2026-07-29T09:00,2026-07-30T09:00,v3.2-pagination-gps,gps,jour,1731790,https://fr.getaround.com/location-voiture/argenteuil/citroen-c3-1731790?program=getaround&searched_address%5Blatitude%5D=48.9175&searched_address%5Blongitude%5D=2.2869,Citroen C3,2020,GETAROUND CONNECT,CITADINE,THERMIQUE,,,deduite,False,78.0,,5.0,1,Asnières-sur-Seine,Argenteuil,Asnières-sur-Seine
20260728T141950,A2,2026-07-29T09:00,2026-07-30T09:00,v3.2-pagination-gps,gps,jour,1236915,https://fr.getaround.com/location-voiture/asnieres-sur-seine/toyota-c-hr-1236915?program=getaround&searched_address%5Blatitude%5D=48.9175&searched_address%5Blongitude%5D=2.2869,Toyota C-HR,2018,Sur rendez-vous,SUV_COMPACT,THERMIQUE,,,deduite,False,138.0,,,,Asnières-sur-Seine,Asnieres Sur Seine,Asnières-sur-Seine
20260728T141950,A2,2026-07-29T09:00,2026-07-30T09:00,v3.2-pagination-gps,gps,jour,1231237,https://fr.getaround.com/location-voiture/paris/peugeot-208-1231237?program=getaround&searched_address%5Blatitude%5D=48.9175&searched_address%5Blongitude%5D=2.2869,Peugeot 208,2023,GETAROUND CONNECT,CITADINE,THERMIQUE,,,deduite,False,79.0,,4.47,62,Asnières-sur-Seine,Paris,Asnières-sur-Seine
20260728T141950,A2,2026-07-29T09:00,2026-07-30T09:00,v3.2-pagination-gps,gps,jour,1820372,https://fr.getaround.com/location-voiture/saint-denis/hyundai-i20-1820372?program=getaround&searched_address%5Blatitude%5D=48.9175&searched_address%5Blongitude%5D=2.2869,Hyundai i20,2012,Sur rendez-vous,CITADINE,THERMIQUE,,,deduite,False,60.0,,4.6,5,Asnières-sur-Seine,Saint Denis,Asnières-sur-Seine
20260728T141950,A2,2026-07-29T09:00,2026-07-30T09:00,v3.2-pagination-gps,gps,jour,1438248,https://fr.getaround.com/location-voiture/paris/toyota-yaris-hybride-1438248?program=getaround&searched_address%5Blatitude%5D=48.9175&searched_address%5Blongitude%5D=2.2869,Toyota Yaris Hybride,2021,GETAROUND CONNECT,CITADINE,HYBRIDE,,,deduite,False,71.0,,4.57,82,Asnières-sur-Seine,Paris,Asnières-sur-Seine
20260728T141950,A2,2026-07-29T09:00,2026-07-30T09:00,v3.2-pagination-gps,gps,jour,1322999,https://fr.getaround.com/location-voiture/paris/toyota-yaris-hybride-1322999?program=getaround&searched_address%5Blatitude%5D=48.9175&searched_address%5Blongitude%5D=2.2869,Toyota Yaris Hybride,2021,GETAROUND CONNECT,CITADINE,HYBRIDE,,,deduite,False,68.0,,4.66,44,Asnières-sur-Seine,Paris,Asnières-sur-Seine
20260728T141950,A2,2026-07-29T09:00,2026-07-30T09:00,v3.2-pagination-gps,gps,jour,1541399,https://fr.getaround.com/location-voiture/paris/toyota-yaris-cross-hybrid-1541399?program=getaround&searched_address%5Blatitude%5D=48.9175&searched_address%5Blongitude%5D=2.2869,Toyota Yaris Cross Hybrid,2021,GETAROUND CONNECT,SUV_COMPACT,HYBRIDE,,,deduite,False,86.0,,4.39,42,Asnières-sur-Seine,Paris,Asnières-sur-Seine
20260728T141950,A2,2026-07-29T09:00,2026-07-30T09:00,v3.2-pagination-gps,gps,jour,824592,https://fr.getaround.com/location-voiture/bagnolet/renault-clio-824592?program=getaround&searched_address%5Blatitude%5D=48.9175&searched_address%5Blongitude%5D=2.2869,Renault Clio,2017,GETAROUND CONNECT,CITADINE,THERMIQUE,,,deduite,False,53.0,,3.74,110,Asnières-sur-Seine,Bagnolet,Asnières-sur-Seine
20260728T141950,A2,2026-07-29T09:00,2026-07-30T09:00,v3.2-pagination-gps,gps,jour,1818875,https://fr.getaround.com/location-voiture/paris/citroen-c3-picasso-1818875?program=getaround&searched_address%5Blatitude%5D=48.9175&searched_address%5Blongitude%5D=2.2869,Citroen C3 Picasso,2012,Sur rendez-vous,MONOSPACE,THERMIQUE,,,deduite,False,60.0,,4.94,18,Asnières-sur-Seine,Paris,Asnières-sur-Seine
20260728T141950,A2,2026-07-29T09:00,2026-07-30T09:00,v3.2-pagination-gps,gps,jour,1749905,https://fr.getaround.com/location-voiture/paris/fiat-500-1749905?program=getaround&searched_address%5Blatitude%5D=48.9175&searched_address%5Blongitude%5D=2.2869,Fiat 500,2012,Sur rendez-vous,CITADINE,THERMIQUE,,,deduite,False,51.0,,4.93,28,Asnières-sur-Seine,Paris,Asnières-sur-Seine
20260728T141950,A2,2026-07-29T09:00,2026-07-30T09:00,v3.2-pagination-gps,gps,jour,1693831,https://fr.getaround.com/location-voiture/franconville/peugeot-207-1693831?program=getaround&searched_address%5Blatitude%5D=48.9175&searched_address%5Blongitude%5D=2.2869,Peugeot 207,2012,Sur rendez-vous,CITADINE,THERMIQUE,,,deduite,False,70.0,,5.0,22,Asnières-sur-Seine,Franconville,Asnières-sur-Seine
20260728T141950,A2,2026-07-29T09:00,2026-07-30T09:00,v3.2-pagination-gps,gps,jour,1542085,https://fr.getaround.com/location-voiture/paris/toyota-yaris-cross-hybrid-1542085?program=getaround&searched_address%5Blatitude%5D=48.9175&searched_address%5Blongitude%5D=2.2869,Toyota Yaris Cross Hybrid,2023,GETAROUND CONNECT,SUV_COMPACT,HYBRIDE,,,deduite,False,87.0,,4.71,24,Asnières-sur-Seine,Paris,Asnières-sur-Seine
20260728T141950,A2,2026-07-29T09:00,2026-07-30T09:00,v3.2-pagination-gps,gps,jour,1622264,https://fr.getaround.com/location-voiture/paris/renault-twingo-iii-1622264?program=getaround&searched_address%5Blatitude%5D=48.9175&searched_address%5Blongitude%5D=2.2869,Renault Twingo III,2016,GETAROUND CONNECT,MICRO_CITADINE,THERMIQUE,,,deduite,False,60.0,,4.79,57,Asnières-sur-Seine,Paris,Asnières-sur-Seine
20260728T141950,A2,2026-07-29T09:00,2026-07-30T09:00,v3.2-pagination-gps,gps,jour,1797736,https://fr.getaround.com/location-voiture/paris/peugeot-5008-1797736?program=getaround&searched_address%5Blatitude%5D=48.9175&searched_address%5Blongitude%5D=2.2869,Peugeot 5008,2019,GETAROUND CONNECT,MONOSPACE,THERMIQUE,,,deduite,False,125.0,,4.06,16,Asnières-sur-Seine,Paris,Asnières-sur-Seine
20260728T141950,A2,2026-07-29T09:00,2026-07-30T09:00,v3.2-pagination-gps,gps,jour,1291651,https://fr.getaround.com/location-voiture/paris/toyota-yaris-hybride-1291651?program=getaround&searched_address%5Blatitude%5D=48.9175&searched_address%5Blongitude%5D=2.2869,Toyota Yaris Hybride,2021,GETAROUND CONNECT,CITADINE,HYBRIDE,,,deduite,False,65.0,,4.36,51,Asnières-sur-Seine,Paris,Asnières-sur-Seine
20260728T141950,A2,2026-07-29T09:00,2026-07-30T09:00,v3.2-pagination-gps,gps,jour,1226250,https://fr.getaround.com/location-voiture/saint-denis/peugeot-2008-1226250?program=getaround&searched_address%5Blatitude%5D=48.9175&searched_address%5Blongitude%5D=2.2869,Peugeot 2008,2019,Sur rendez-vous,SUV_COMPACT,THERMIQUE,,,deduite,False,91.0,,5.0,12,Asnières-sur-Seine,Saint Denis,Asnières-sur-Seine
20260728T141950,A2,2026-07-29T09:00,2026-07-30T09:00,v3.2-pagination-gps,gps,jour,1884148,https://fr.getaround.com/location-voiture/soisy-sous-montmorency/citroen-c3-aircross-1884148?program=getaround&searched_address%5Blatitude%5D=48.9175&searched_address%5Blongitude%5D=2.2869,Citroen C3 Aircross,2018,Sur rendez-vous,SUV_COMPACT,THERMIQUE,,,deduite,False,48.0,,5.0,3,Asnières-sur-Seine,Soisy Sous Montmorency,Asnières-sur-Seine
20260728T141950,A2,2026-07-29T09:00,2026-07-30T09:00,v3.2-pagination-gps,gps,jour,787200,https://fr.getaround.com/location-voiture/paris/renault-clio-787200?program=getaround&searched_address%5Blatitude%5D=48.9175&searched_address%5Blongitude%5D=2.2869,Renault Clio,2020,GETAROUND CONNECT,CITADINE,THERMIQUE,,,deduite,False,57.0,,4.24,188,Asnières-sur-Seine,Paris,Asnières-sur-Seine
20260728T141950,A2,2026-07-29T09:00,2026-07-30T09:00,v3.2-pagination-gps,gps,jour,1895765,https://fr.getaround.com/location-voiture/paris/bmw-serie-1-1895765?program=getaround&searched_address%5Blatitude%5D=48.9175&searched_address%5Blongitude%5D=2.2869,BMW Série 1,2012,GETAROUND CONNECT,COMPACTE,THERMIQUE,,,deduite,False,70.0,,4.5,2,Asnières-sur-Seine,Paris,Asnières-sur-Seine
20260728T141950,A2,2026-07-29T09:00,2026-07-30T09:00,v3.2-pagination-gps,gps,jour,835614,https://fr.getaround.com/location-voiture/paris/renault-zoe-835614?program=getaround&searched_address%5Blatitude%5D=48.9175&searched_address%5Blongitude%5D=2.2869,Renault ZOE,2017,GETAROUND CONNECT,CITADINE,ELECTRIQUE,,,deduite,False,47.0,,4.44,215,Asnières-sur-Seine,Paris,Asnières-sur-Seine
20260728T141950,A2,2026-07-29T09:00,2026-07-30T09:00,v3.2-pagination-gps,gps,jour,1257197,https://fr.getaround.com/location-voiture/la-garenne-colombes/honda-cr-v-hybride-1257197?program=getaround&searched_address%5Blatitude%5D=48.9175&searched_address%5Blongitude%5D=2.2869,Honda CR-V Hybride,2021,Sur rendez-vous,SUV_FAMILIAL,HYBRIDE,,,deduite,False,153.0,,,,Asnières-sur-Seine,La Garenne Colombes,Asnières-sur-Seine
20260728T141950,A2,2026-07-29T09:00,2026-07-30T09:00,v3.2-pagination-gps,gps,jour,1851427,https://fr.getaround.com/location-voiture/paris/renault-megane-e-tech-hybride-1851427?program=getaround&searched_address%5Blatitude%5D=48.9175&searched_address%5Blongitude%5D=2.2869,Renault Mégane E-tech Hybride,2021,Sur rendez-vous,COMPACTE,ELECTRIQUE,,,deduite,False,98.0,,5.0,2,Asnières-sur-Seine,Paris,Asnières-sur-Seine
20260728T141950,A2,2026-07-29T09:00,2026-07-30T09:00,v3.2-pagination-gps,gps,jour,1811673,https://fr.getaround.com/location-voiture/paris/peugeot-e-2008-1811673?program=getaround&searched_address%5Blatitude%5D=48.9175&searched_address%5Blongitude%5D=2.2869,Peugeot e-2008,2023,GETAROUND CONNECT,SUV_COMPACT,THERMIQUE,,,deduite,False,120.0,,5.0,5,Asnières-sur-Seine,Paris,Asnières-sur-Seine
20260728T141950,A2,2026-07-29T09:00,2026-07-30T09:00,v3.2-pagination-gps,gps,jour,1556483,https://fr.getaround.com/location-voiture/paris/toyota-yaris-cross-hybrid-1556483?program=getaround&searched_address%5Blatitude%5D=48.9175&searched_address%5Blongitude%5D=2.2869,Toyota Yaris Cross Hybrid,2021,GETAROUND CONNECT,SUV_COMPACT,HYBRIDE,,,deduite,False,88.0,,4.53,54,Asnières-sur-Seine,Paris,Asnières-sur-Seine
20260728T141950,A2,2026-07-29T09:00,2026-07-30T09:00,v3.2-pagination-gps,gps,jour,808153,https://fr.getaround.com/location-voiture/les-lilas/peugeot-208-808153?program=getaround&searched_address%5Blatitude%5D=48.9175&searched_address%5Blongitude%5D=2.2869,Peugeot 208,2015,GETAROUND CONNECT,CITADINE,THERMIQUE,,,deduite,False,67.0,,4.84,22,Asnières-sur-Seine,Les Lilas,Asnières-sur-Seine
20260728T141950,A2,2026-07-29T09:00,2026-07-30T09:00,v3.2-pagination-gps,gps,jour,1787967,https://fr.getaround.com/location-voiture/paris/dacia-jogger-1787967?program=getaround&searched_address%5Blatitude%5D=48.9175&searched_address%5Blongitude%5D=2.2869,Dacia Jogger,2023,GETAROUND CONNECT,MONOSPACE,THERMIQUE,,,deduite,False,108.0,,4.94,18,Asnières-sur-Seine,Paris,Asnières-sur-Seine
20260728T141950,A2,2026-07-29T09:00,2026-07-30T09:00,v3.2-pagination-gps,gps,jour,1908762,https://fr.getaround.com/location-voiture/stains/renault-clio-1908762?program=getaround&searched_address%5Blatitude%5D=48.9175&searched_address%5Blongitude%5D=2.2869,Renault Clio,2015,Sur rendez-vous,CITADINE,THERMIQUE,,,deduite,False,58.0,,5.0,2,Asnières-sur-Seine,Stains,Asnières-sur-Seine
20260728T141950,A2,2026-07-29T09:00,2026-07-30T09:00,v3.2-pagination-gps,gps,jour,1153936,https://fr.getaround.com/location-voiture/paris/smart-fortwo-coupe-1153936?program=getaround&searched_address%5Blatitude%5D=48.9175&searched_address%5Blongitude%5D=2.2869,Smart Fortwo Coupé,2017,GETAROUND CONNECT,MICRO_CITADINE,THERMIQUE,,,deduite,False,59.0,,4.49,37,Asnières-sur-Seine,Paris,Asnières-sur-Seine
20260728T141950,A2,2026-07-29T09:00,2026-07-30T09:00,v3.2-pagination-gps,gps,jour,1722616,https://fr.getaround.com/location-voiture/paris/peugeot-3008-1722616?program=getaround&searched_address%5Blatitude%5D=48.9175&searched_address%5Blongitude%5D=2.2869,Peugeot 3008,2020,GETAROUND CONNECT,SUV_COMPACT,THERMIQUE,,,deduite,False,83.0,,4.07,14,Asnières-sur-Seine,Paris,Asnières-sur-Seine
20260728T141950,A2,2026-07-29T09:00,2026-07-30T09:00,v3.2-pagination-gps,gps,jour,1894570,https://fr.getaround.com/location-voiture/paris/toyota-yaris-hybride-1894570?program=getaround&searched_address%5Blatitude%5D=48.9175&searched_address%5Blongitude%5D=2.2869,Toyota Yaris Hybride,2021,GETAROUND CONNECT,CITADINE,HYBRIDE,,,deduite,False,81.0,,5.0,7,Asnières-sur-Seine,Paris,Asnières-sur-Seine
20260728T141950,A2,2026-07-29T09:00,2026-07-30T09:00,v3.2-pagination-gps,gps,jour,1542682,https://fr.getaround.com/location-voiture/paris/toyota-corolla-hybride-1542682?program=getaround&searched_address%5Blatitude%5D=48.9175&searched_address%5Blongitude%5D=2.2869,Toyota Corolla Hybride,2020,GETAROUND CONNECT,BERLINE,HYBRIDE,,,deduite,False,78.0,,4.55,39,Asnières-sur-Seine,Paris,Asnières-sur-Seine
20260728T141950,A2,2026-07-29T09:00,2026-07-30T09:00,v3.2-pagination-gps,gps,jour,1680745,https://fr.getaround.com/location-voiture/paris/citroen-c3-1680745?program=getaround&searched_address%5Blatitude%5D=48.9175&searched_address%5Blongitude%5D=2.2869,Citroen C3,2024,Sur rendez-vous,CITADINE,THERMIQUE,,,deduite,False,85.0,,5.0,1,Asnières-sur-Seine,Paris,Asnières-sur-Seine
20260728T141950,A2,2026-07-29T09:00,2026-07-30T09:00,v3.2-pagination-gps,gps,jour,844874,https://fr.getaround.com/location-voiture/paris/renault-clio-estate-844874?program=getaround&searched_address%5Blatitude%5D=48.9175&searched_address%5Blongitude%5D=2.2869,Renault Clio Estate,2016,GETAROUND CONNECT,BREAK,THERMIQUE,,,deduite,False,70.0,,4.8,77,Asnières-sur-Seine,Paris,Asnières-sur-Seine
20260728T141950,A2,2026-07-29T09:00,2026-07-30T09:00,v3.2-pagination-gps,gps,jour,1778631,https://fr.getaround.com/location-voiture/bois-colombes/peugeot-5008-1778631?program=getaround&searched_address%5Blatitude%5D=48.9175&searched_address%5Blongitude%5D=2.2869,Peugeot 5008,2020,Sur rendez-vous,MONOSPACE,THERMIQUE,,,deduite,False,191.0,,5.0,1,Asnières-sur-Seine,Bois Colombes,Asnières-sur-Seine
20260728T141950,A2,2026-07-29T09:00,2026-07-30T09:00,v3.2-pagination-gps,gps,jour,1650453,https://fr.getaround.com/location-voiture/paris/volkswagen-t-cross-1650453?program=getaround&searched_address%5Blatitude%5D=48.9175&searched_address%5Blongitude%5D=2.2869,Volkswagen T-Cross,2024,GETAROUND CONNECT,SUV_COMPACT,THERMIQUE,,,deduite,False,89.0,,4.17,15,Asnières-sur-Seine,Paris,Asnières-sur-Seine
20260728T141950,A2,2026-07-29T09:00,2026-07-30T09:00,v3.2-pagination-gps,gps,jour,762727,https://fr.getaround.com/location-voiture/paris/opel-agila-762727?program=getaround&searched_address%5Blatitude%5D=48.9175&searched_address%5Blongitude%5D=2.2869,Opel Agila,2012,GETAROUND CONNECT,NON_CLASSE,THERMIQUE,,,deduite,False,52.0,,4.43,88,Asnières-sur-Seine,Paris,Asnières-sur-Seine
20260728T141950,A2,2026-07-29T09:00,2026-07-30T09:00,v3.2-pagination-gps,gps,jour,1232062,https://fr.getaround.com/location-voiture/paris/peugeot-208-1232062?program=getaround&searched_address%5Blatitude%5D=48.9175&searched_address%5Blongitude%5D=2.2869,Peugeot 208,2023,GETAROUND CONNECT,CITADINE,THERMIQUE,,,deduite,False,79.0,,4.48,62,Asnières-sur-Seine,Paris,Asnières-sur-Seine
20260728T141950,A2,2026-07-29T09:00,2026-07-30T09:00,v3.2-pagination-gps,gps,jour,1502587,https://fr.getaround.com/location-voiture/clichy/mini-cooper-r56-1502587?program=getaround&searched_address%5Blatitude%5D=48.9175&searched_address%5Blongitude%5D=2.2869,Mini Cooper R56,2012,Sur rendez-vous,CITADINE,THERMIQUE,,,deduite,False,81.0,,5.0,1,Asnières-sur-Seine,Clichy,Asnières-sur-Seine
20260728T141950,A2,2026-07-29T09:00,2026-07-30T09:00,v3.2-pagination-gps,gps,jour,1905323,https://fr.getaround.com/location-voiture/paris/renault-clio-1905323?program=getaround&searched_address%5Blatitude%5D=48.9175&searched_address%5Blongitude%5D=2.2869,Renault Clio,2019,GETAROUND CONNECT,CITADINE,THERMIQUE,,,deduite,False,78.0,,5.0,3,Asnières-sur-Seine,Paris,Asnières-sur-Seine
20260728T141950,A2,2026-07-29T09:00,2026-07-30T09:00,v3.2-pagination-gps,gps,jour,1827977,https://fr.getaround.com/location-voiture/paris/fiat-500-1827977?program=getaround&searched_address%5Blatitude%5D=48.9175&searched_address%5Blongitude%5D=2.2869,Fiat 500,2014,Sur rendez-vous,CITADINE,THERMIQUE,,,deduite,False,48.0,,5.0,9,Asnières-sur-Seine,Paris,Asnières-sur-Seine
20260728T141950,A2,2026-07-29T09:00,2026-07-30T09:00,v3.2-pagination-gps,gps,jour,1532374,https://fr.getaround.com/location-voiture/paris/toyota-corolla-hybride-1532374?program=getaround&searched_address%5Blatitude%5D=48.9175&searched_address%5Blongitude%5D=2.2869,Toyota Corolla Hybride,2020,GETAROUND CONNECT,BERLINE,HYBRIDE,,,deduite,False,78.0,,4.82,55,Asnières-sur-Seine,Paris,Asnières-sur-Seine
20260728T141950,A2,2026-07-29T09:00,2026-07-30T09:00,v3.2-pagination-gps,gps,jour,1211690,https://fr.getaround.com/location-voiture/saint-denis/renault-espace-1211690?program=getaround&searched_address%5Blatitude%5D=48.9175&searched_address%5Blongitude%5D=2.2869,Renault Espace,2015,Sur rendez-vous,MONOSPACE,THERMIQUE,,,deduite,False,120.0,,4.93,22,Asnières-sur-Seine,Saint Denis,Asnières-sur-Seine
20260728T141950,A2,2026-07-29T09:00,2026-07-30T09:00,v3.2-pagination-gps,gps,jour,1929064,https://fr.getaround.com/location-voiture/paris/renault-captur-1929064?program=getaround&searched_address%5Blatitude%5D=48.9175&searched_address%5Blongitude%5D=2.2869,Renault Captur,2017,Sur rendez-vous,SUV_COMPACT,THERMIQUE,,,deduite,False,56.0,,5.0,2,Asnières-sur-Seine,Paris,Asnières-sur-Seine
20260728T141950,A2,2026-07-29T09:00,2026-07-30T09:00,v3.2-pagination-gps,gps,jour,1911322,https://fr.getaround.com/location-voiture/paris/citroen-c4-grand-spacetourer-1911322?program=getaround&searched_address%5Blatitude%5D=48.9175&searched_address%5Blongitude%5D=2.2869,Citroen C4 Grand Spacetourer,2022,GETAROUND CONNECT,COMPACTE,THERMIQUE,,,deduite,False,95.0,,,,Asnières-sur-Seine,Paris,Asnières-sur-Seine
20260728T141950,A2,2026-07-29T09:00,2026-07-30T09:00,v3.2-pagination-gps,gps,jour,1890120,https://fr.getaround.com/location-voiture/franconville/ford-kuga-1890120?program=getaround&searched_address%5Blatitude%5D=48.9175&searched_address%5Blongitude%5D=2.2869,Ford Kuga,2022,Sur rendez-vous,NON_CLASSE,THERMIQUE,,,deduite,False,102.0,,5.0,1,Asnières-sur-Seine,Franconville,Asnières-sur-Seine
20260728T141950,A2,2026-07-29T09:00,2026-07-30T09:00,v3.2-pagination-gps,gps,jour,1277964,https://fr.getaround.com/location-voiture/pantin/citroen-c1-1277964?program=getaround&searched_address%5Blatitude%5D=48.9175&searched_address%5Blongitude%5D=2.2869,Citroen C1,2014,GETAROUND CONNECT,MICRO_CITADINE,THERMIQUE,,,deduite,False,57.0,,4.78,74,Asnières-sur-Seine,Pantin,Asnières-sur-Seine
20260728T141950,A2,2026-07-29T09:00,2026-07-30T09:00,v3.2-pagination-gps,gps,jour,1198362,https://fr.getaround.com/location-voiture/paris/opel-corsa-1198362?program=getaround&searched_address%5Blatitude%5D=48.9175&searched_address%5Blongitude%5D=2.2869,Opel Corsa,2014,GETAROUND CONNECT,CITADINE,THERMIQUE,,,deduite,False,58.0,,4.67,36,Asnières-sur-Seine,Paris,Asnières-sur-Seine
20260728T141950,A2,2026-07-29T09:00,2026-07-30T09:00,v3.2-pagination-gps,gps,jour,1428949,https://fr.getaround.com/location-voiture/paris/tesla-model-3-1428949?program=getaround&searched_address%5Blatitude%5D=48.9175&searched_address%5Blongitude%5D=2.2869,Tesla Model 3,2022,Sur rendez-vous,BERLINE,ELECTRIQUE,,,deduite,False,124.0,,5.0,12,Asnières-sur-Seine,Paris,Asnières-sur-Seine
20260728T141950,A2,2026-07-29T09:00,2026-07-30T09:00,v3.2-pagination-gps,gps,jour,1911272,https://fr.getaround.com/location-voiture/paris/citroen-c3-1911272?program=getaround&searched_address%5Blatitude%5D=48.9175&searched_address%5Blongitude%5D=2.2869,Citroen C3,2022,GETAROUND CONNECT,CITADINE,THERMIQUE,,,deduite,False,53.0,,,,Asnières-sur-Seine,Paris,Asnières-sur-Seine
20260728T141950,A2,2026-07-29T09:00,2026-07-30T09:00,v3.2-pagination-gps,gps,jour,1531702,https://fr.getaround.com/location-voiture/argenteuil/seat-ibiza-1531702?program=getaround&searched_address%5Blatitude%5D=48.9175&searched_address%5Blongitude%5D=2.2869,Seat Ibiza,2017,Sur rendez-vous,CITADINE,THERMIQUE,,,deduite,False,64.0,,5.0,3,Asnières-sur-Seine,Argenteuil,Asnières-sur-Seine
20260728T141950,A2,2026-07-29T09:00,2026-07-30T09:00,v3.2-pagination-gps,gps,jour,1853407,https://fr.getaround.com/location-voiture/paris/toyota-corolla-break-hybride-1853407?program=getaround&searched_address%5Blatitude%5D=48.9175&searched_address%5Blongitude%5D=2.2869,Toyota Corolla Break Hybride,2023,GETAROUND CONNECT,BREAK,HYBRIDE,,,deduite,False,87.0,,2.8,5,Asnières-sur-Seine,Paris,Asnières-sur-Seine
20260728T141950,A2,2026-07-29T09:00,2026-07-30T09:00,v3.2-pagination-gps,gps,jour,1708107,https://fr.getaround.com/location-voiture/paris/renault-zoe-1708107?program=getaround&searched_address%5Blatitude%5D=48.9175&searched_address%5Blongitude%5D=2.2869,Renault ZOE,2015,GETAROUND CONNECT,CITADINE,ELECTRIQUE,,,deduite,False,58.0,,4.95,21,Asnières-sur-Seine,Paris,Asnières-sur-Seine
20260728T141950,A2,2026-07-29T09:00,2026-07-30T09:00,v3.2-pagination-gps,gps,jour,1874364,https://fr.getaround.com/location-voiture/pantin/toyota-yaris-hybride-1874364?program=getaround&searched_address%5Blatitude%5D=48.9175&searched_address%5Blongitude%5D=2.2869,Toyota Yaris Hybride,2020,GETAROUND CONNECT,CITADINE,HYBRIDE,,,deduite,False,76.0,,5.0,5,Asnières-sur-Seine,Pantin,Asnières-sur-Seine
20260728T141950,A2,2026-07-29T09:00,2026-07-30T09:00,v3.2-pagination-gps,gps,jour,1219464,https://fr.getaround.com/location-voiture/paris/dacia-logan-mcv-1219464?program=getaround&searched_address%5Blatitude%5D=48.9175&searched_address%5Blongitude%5D=2.2869,Dacia Logan MCV,2014,GETAROUND CONNECT,NON_CLASSE,THERMIQUE,,,deduite,False,70.0,,4.96,64,Asnières-sur-Seine,Paris,Asnières-sur-Seine
20260728T141950,A2,2026-07-29T09:00,2026-07-30T09:00,v3.2-pagination-gps,gps,jour,1139897,https://fr.getaround.com/location-voiture/paris/renault-scenic-1139897?program=getaround&searched_address%5Blatitude%5D=48.9175&searched_address%5Blongitude%5D=2.2869,Renault Scenic,2016,GETAROUND CONNECT,MONOSPACE,THERMIQUE,,,deduite,False,84.0,,4.54,34,Asnières-sur-Seine,Paris,Asnières-sur-Seine
20260728T141950,A2,2026-07-29T09:00,2026-07-30T09:00,v3.2-pagination-gps,gps,jour,1681715,https://fr.getaround.com/location-voiture/paris/peugeot-308-1681715?program=getaround&searched_address%5Blatitude%5D=48.9175&searched_address%5Blongitude%5D=2.2869,Peugeot 308,2020,GETAROUND CONNECT,COMPACTE,THERMIQUE,,,deduite,False,59.0,,4.5,35,Asnières-sur-Seine,Paris,Asnières-sur-Seine
20260728T141950,A2,2026-07-29T09:00,2026-07-30T09:00,v3.2-pagination-gps,gps,jour,1683217,https://fr.getaround.com/location-voiture/paris/renault-twingo-ii-1683217?program=getaround&searched_address%5Blatitude%5D=48.9175&searched_address%5Blongitude%5D=2.2869,Renault Twingo II,2012,Sur rendez-vous,MICRO_CITADINE,THERMIQUE,,,deduite,False,61.0,,4.97,31,Asnières-sur-Seine,Paris,Asnières-sur-Seine
20260728T141950,A2,2026-07-29T09:00,2026-07-30T09:00,v3.2-pagination-gps,gps,jour,1555703,https://fr.getaround.com/location-voiture/paris/toyota-corolla-hybride-1555703?program=getaround&searched_address%5Blatitude%5D=48.9175&searched_address%5Blongitude%5D=2.2869,Toyota Corolla Hybride,2021,GETAROUND CONNECT,BERLINE,HYBRIDE,,,deduite,False,78.0,,4.6,35,Asnières-sur-Seine,Paris,Asnières-sur-Seine
20260728T141950,A2,2026-07-29T09:00,2026-07-30T09:00,v3.2-pagination-gps,gps,jour,1289524,https://fr.getaround.com/location-voiture/asnieres-sur-seine/ds-3-1289524?program=getaround&searched_address%5Blatitude%5D=48.9175&searched_address%5Blongitude%5D=2.2869,DS 3,2018,Sur rendez-vous,CITADINE,THERMIQUE,,,deduite,False,90.0,,,,Asnières-sur-Seine,Asnieres Sur Seine,Asnières-sur-Seine
20260728T141950,A2,2026-07-29T09:00,2026-07-30T09:00,v3.2-pagination-gps,gps,jour,1756738,https://fr.getaround.com/location-voiture/paris/renault-clio-1756738?program=getaround&searched_address%5Blatitude%5D=48.9175&searched_address%5Blongitude%5D=2.2869,Renault Clio,2024,GETAROUND CONNECT,CITADINE,THERMIQUE,,,deduite,False,75.0,,3.86,14,Asnières-sur-Seine,Paris,Asnières-sur-Seine
20260728T141950,A2,2026-07-29T09:00,2026-07-30T09:00,v3.2-pagination-gps,gps,jour,1840273,https://fr.getaround.com/location-voiture/paris/volkswagen-touran-1840273?program=getaround&searched_address%5Blatitude%5D=48.9175&searched_address%5Blongitude%5D=2.2869,Volkswagen Touran,2011,Sur rendez-vous,MONOSPACE,THERMIQUE,,,deduite,False,75.0,,5.0,1,Asnières-sur-Seine,Paris,Asnières-sur-Seine
20260728T141950,A2,2026-07-29T09:00,2026-07-30T09:00,v3.2-pagination-gps,gps,jour,1670239,https://fr.getaround.com/location-voiture/paris/tesla-model-3-standard-range-plus-1670239?program=getaround&searched_address%5Blatitude%5D=48.9175&searched_address%5Blongitude%5D=2.2869,Tesla Model 3 Standard Range Plus,2022,Sur rendez-vous,BERLINE,ELECTRIQUE,,,deduite,False,130.0,,4.56,9,Asnières-sur-Seine,Paris,Asnières-sur-Seine
20260728T141950,A2,2026-07-29T09:00,2026-07-30T09:00,v3.2-pagination-gps,gps,jour,1665178,https://fr.getaround.com/location-voiture/paris/citroen-c4-cactus-1665178?program=getaround&searched_address%5Blatitude%5D=48.9175&searched_address%5Blongitude%5D=2.2869,Citroen C4 Cactus,2020,GETAROUND CONNECT,COMPACTE,THERMIQUE,,,deduite,False,65.0,,4.17,35,Asnières-sur-Seine,Paris,Asnières-sur-Seine
20260728T141950,A2,2026-07-29T09:00,2026-07-30T09:00,v3.2-pagination-gps,gps,jour,1077086,https://fr.getaround.com/location-voiture/paris/opel-corsa-1077086?program=getaround&searched_address%5Blatitude%5D=48.9175&searched_address%5Blongitude%5D=2.2869,Opel Corsa,2013,GETAROUND CONNECT,CITADINE,THERMIQUE,,,deduite,False,57.0,,4.4,39,Asnières-sur-Seine,Paris,Asnières-sur-Seine
20260728T141950,A2,2026-07-29T09:00,2026-07-30T09:00,v3.2-pagination-gps,gps,jour,1887176,https://fr.getaround.com/location-voiture/paris/renault-5-e-tech-1887176?program=getaround&searched_address%5Blatitude%5D=48.9175&searched_address%5Blongitude%5D=2.2869,Renault 5 E-Tech,2025,GETAROUND CONNECT,CITADINE,ELECTRIQUE,,,deduite,False,76.0,,5.0,2,Asnières-sur-Seine,Paris,Asnières-sur-Seine
20260728T141950,A2,2026-07-29T09:00,2026-07-30T09:00,v3.2-pagination-gps,gps,jour,1080459,https://fr.getaround.com/location-voiture/bagnolet/peugeot-2008-1080459?program=getaround&searched_address%5Blatitude%5D=48.9175&searched_address%5Blongitude%5D=2.2869,Peugeot 2008,2021,GETAROUND CONNECT,SUV_COMPACT,THERMIQUE,,,deduite,False,78.0,,4.37,123,Asnières-sur-Seine,Bagnolet,Asnières-sur-Seine
20260728T141950,A2,2026-07-29T09:00,2026-07-30T09:00,v3.2-pagination-gps,gps,jour,1851137,https://fr.getaround.com/location-voiture/argenteuil/alfa-romeo-giulietta-1851137?program=getaround&searched_address%5Blatitude%5D=48.9175&searched_address%5Blongitude%5D=2.2869,Alfa-Romeo Giulietta,2013,Sur rendez-vous,NON_CLASSE,THERMIQUE,,,deduite,False,70.0,,,,Asnières-sur-Seine,Argenteuil,Asnières-sur-Seine
20260728T141950,A2,2026-07-29T09:00,2026-07-30T09:00,v3.2-pagination-gps,gps,jour,1730373,https://fr.getaround.com/location-voiture/argenteuil/renault-megane-1730373?program=getaround&searched_address%5Blatitude%5D=48.9175&searched_address%5Blongitude%5D=2.2869,Renault Mégane,2012,Sur rendez-vous,COMPACTE,THERMIQUE,,,deduite,False,66.0,,5.0,1,Asnières-sur-Seine,Argenteuil,Asnières-sur-Seine
20260728T141950,A2,2026-07-29T09:00,2026-07-30T09:00,v3.2-pagination-gps,gps,jour,1413393,https://fr.getaround.com/location-voiture/paris/peugeot-2008-1413393?program=getaround&searched_address%5Blatitude%5D=48.9175&searched_address%5Blongitude%5D=2.2869,Peugeot 2008,2023,GETAROUND CONNECT,SUV_COMPACT,THERMIQUE,,,deduite,False,95.0,,4.08,66,Asnières-sur-Seine,Paris,Asnières-sur-Seine
20260728T141950,A2,2026-07-29T09:00,2026-07-30T09:00,v3.2-pagination-gps,gps,jour,1864980,https://fr.getaround.com/location-voiture/la-garenne-colombes/nissan-leaf-1864980?program=getaround&searched_address%5Blatitude%5D=48.9175&searched_address%5Blongitude%5D=2.2869,Nissan Leaf,2022,Sur rendez-vous,NON_CLASSE,THERMIQUE,,,deduite,False,81.0,,,,Asnières-sur-Seine,La Garenne Colombes,Asnières-sur-Seine
20260728T141950,A2,2026-07-29T09:00,2026-07-30T09:00,v3.2-pagination-gps,gps,jour,1563979,https://fr.getaround.com/location-voiture/paris/peugeot-208-1563979?program=getaround&searched_address%5Blatitude%5D=48.9175&searched_address%5Blongitude%5D=2.2869,Peugeot 208,2020,GETAROUND CONNECT,CITADINE,THERMIQUE,,,deduite,False,76.0,,4.76,46,Asnières-sur-Seine,Paris,Asnières-sur-Seine
20260728T141950,A2,2026-07-29T09:00,2026-07-30T09:00,v3.2-pagination-gps,gps,jour,1782417,https://fr.getaround.com/location-voiture/paris/renault-zoe-1782417?program=getaround&searched_address%5Blatitude%5D=48.9175&searched_address%5Blongitude%5D=2.2869,Renault ZOE,2021,GETAROUND CONNECT,CITADINE,ELECTRIQUE,,,deduite,False,70.0,,4.93,14,Asnières-sur-Seine,Paris,Asnières-sur-Seine
20260728T141950,A2,2026-07-29T09:00,2026-07-30T09:00,v3.2-pagination-gps,gps,jour,1469522,https://fr.getaround.com/location-voiture/paris/fiat-500-x-1469522?program=getaround&searched_address%5Blatitude%5D=48.9175&searched_address%5Blongitude%5D=2.2869,Fiat 500 X,2017,GETAROUND CONNECT,CITADINE,THERMIQUE,,,deduite,False,83.0,,4.8,51,Asnières-sur-Seine,Paris,Asnières-sur-Seine
20260728T141950,A2,2026-07-29T09:00,2026-07-30T09:00,v3.2-pagination-gps,gps,jour,1796631,https://fr.getaround.com/location-voiture/paris/mg-hs-phev-1796631?program=getaround&searched_address%5Blatitude%5D=48.9175&searched_address%5Blongitude%5D=2.2869,MG HS PHEV,2025,Sur rendez-vous,NON_CLASSE,THERMIQUE,,,deduite,False,118.0,,,,Asnières-sur-Seine,Paris,Asnières-sur-Seine
20260728T141950,A2,2026-07-29T09:00,2026-07-30T09:00,v3.2-pagination-gps,gps,jour,1684914,https://fr.getaround.com/location-voiture/paris/citroen-c3-1684914?program=getaround&searched_address%5Blatitude%5D=48.9175&searched_address%5Blongitude%5D=2.2869,Citroen C3,2023,GETAROUND CONNECT,CITADINE,THERMIQUE,,,deduite,False,84.0,,4.94,36,Asnières-sur-Seine,Paris,Asnières-sur-Seine
