snapshot_id,pipeline,version_collecte,fenetre_debut,fenetre_fin,annonce_id,url,modele,annee,type_connexion,segment,source_taxonomie,energie,reservation_instantanee,prix_jour,prix_heure,note,nb_avis,commune_recherche,commune_annonce,communes_recherche,nb_communes_matchees,rang_resultat,livraison_disponible,mon_vehicule,compte_proprietaire,distance_recherche,nb_resultats_total,nb_clics_pagination
20260730T110622,A2,v3.3-search-gps,2026-07-31T09:00,2026-07-31T20:00,1832158,https://fr.getaround.com/location-voiture/puteaux/renault-clio-1832158,Renault Clio (2015),2015,Getaround Connect,CITADINE,SEGMENT_RULES,THERMIQUE,False,61.0,,3.5,2,Puteaux,Puteaux,Puteaux|Asnières-sur-Seine|Paris 17e,3,1,False,True,C3,400,480,11
20260730T110622,A2,v3.3-search-gps,2026-07-31T09:00,2026-07-31T20:00,1832159,https://fr.getaround.com/location-voiture/puteaux/toyota-aygo-ii-1832159,Toyota Aygo II (2021),2021,Getaround Connect,MICRO_CITADINE,SEGMENT_RULES,THERMIQUE,False,69.0,,4.0,2,Puteaux,Puteaux,Puteaux|Asnières-sur-Seine,2,2,False,True,C3,400,480,11
20260730T110622,A2,v3.3-search-gps,2026-07-31T09:00,2026-07-31T20:00,1078506,https://fr.getaround.com/location-voiture/puteaux/renault-clio-1078506,Renault Clio (2011),2011,Sur rendez-vous,CITADINE,SEGMENT_RULES,THERMIQUE,False,65.0,,4.79,21,Puteaux,Puteaux,Puteaux|Asnières-sur-Seine|Paris 17e,3,7,False,True,C1,480,480,11
20260730T110622,A2,v3.3-search-gps,2026-07-31T09:00,2026-07-31T20:00,1881481,https://fr.getaround.com/location-voiture/puteaux/citroen-c1-1881481,Citroen C1 (2016),2016,Getaround Connect,MICRO_CITADINE,SEGMENT_RULES,THERMIQUE,False,66.0,,5.0,2,Puteaux,Puteaux,Puteaux|Asnières-sur-Seine,2,10,False,True,C2,480,480,11
20260730T110622,A2,v3.3-search-gps,2026-07-31T09:00,2026-07-31T20:00,1881624,https://fr.getaround.com/location-voiture/puteaux/renault-twingo-iii-1881624,Renault Twingo III (2015),2015,Getaround Connect,CITADINE,SEGMENT_RULES,THERMIQUE,False,68.0,,5.0,1,Puteaux,Puteaux,Puteaux|Asnières-sur-Seine,2,12,False,True,C2,480,480,11
20260730T110622,A2,v3.3-search-gps,2026-07-31T09:00,2026-07-31T20:00,1913338,https://fr.getaround.com/location-voiture/puteaux/ford-c-max-1913338,Ford C-Max (2019),2019,Getaround Connect,MONOSPACE,SEGMENT_RULES,THERMIQUE,False,84.0,,,,Puteaux,Puteaux,Puteaux|Asnières-sur-Seine,2,16,False,True,C3,480,480,11
20260730T110622,A2,v3.3-search-gps,2026-07-31T09:00,2026-07-31T20:00,1832153,https://fr.getaround.com/location-voiture/puteaux/volkswagen-tiguan-1832153,Volkswagen Tiguan (2015),2015,Getaround Connect,SUV_FAMILIAL,SEGMENT_RULES,THERMIQUE,False,89.0,,1.0,1,Puteaux,Puteaux,Puteaux|Asnières-sur-Seine,2,17,False,True,C3,400,480,11
20260730T110622,A2,v3.3-search-gps,2026-07-31T09:00,2026-07-31T20:00,1881118,https://fr.getaround.com/location-voiture/puteaux/peugeot-208-1881118,Peugeot 208 (2019),2019,Getaround Connect,CITADINE,SEGMENT_RULES,THERMIQUE,False,74.0,,3.5,2,Puteaux,Puteaux,Puteaux|Asnières-sur-Seine,2,20,False,True,C2,480,480,11
20260730T110622,A2,v3.3-search-gps,2026-07-31T09:00,2026-07-31T20:00,1881645,https://fr.getaround.com/location-voiture/puteaux/renault-clio-1881645,Renault Clio (2015),2015,Getaround Connect,CITADINE,SEGMENT_RULES,THERMIQUE,False,66.0,,4.0,1,Puteaux,Puteaux,Puteaux|Asnières-sur-Seine,2,21,False,True,C2,480,480,11
20260730T110622,A2,v3.3-search-gps,2026-07-31T09:00,2026-07-31T20:00,716035,https://fr.getaround.com/location-voiture/puteaux/citroen-c3-716035,Citroen C3 (2016),2016,Sur rendez-vous,CITADINE,SEGMENT_RULES,THERMIQUE,False,60.0,,4.54,35,Puteaux,Puteaux,Puteaux|Asnières-sur-Seine,2,22,False,True,C1,480,480,11
20260730T110622,A2,v3.3-search-gps,2026-07-31T09:00,2026-07-31T20:00,1881415,https://fr.getaround.com/location-voiture/puteaux/renault-twingo-1881415,Renault Twingo (2017),2017,Getaround Connect,CITADINE,SEGMENT_RULES,THERMIQUE,False,70.0,,,,Puteaux,Puteaux,Puteaux|Asnières-sur-Seine,2,23,False,True,C2,480,480,11
20260730T110622,A2,v3.3-search-gps,2026-07-31T09:00,2026-07-31T20:00,1881636,https://fr.getaround.com/location-voiture/puteaux/peugeot-108-1881636,Peugeot 108 (2019),2019,Getaround Connect,MICRO_CITADINE,SEGMENT_RULES,THERMIQUE,False,69.0,,3.5,4,Puteaux,Puteaux,Puteaux|Asnières-sur-Seine,2,24,False,True,C2,480,480,11
20260730T110622,A2,v3.3-search-gps,2026-07-31T09:00,2026-07-31T20:00,1718469,https://fr.getaround.com/location-voiture/puteaux/peugeot-5008-1718469,Peugeot 5008 (2014),2014,Sur rendez-vous,MONOSPACE,SEGMENT_RULES,THERMIQUE,False,120.0,,3.5,2,Puteaux,Puteaux,Puteaux|Asnières-sur-Seine,2,26,False,True,C3,400,480,11
20260730T110622,A2,v3.3-search-gps,2026-07-31T09:00,2026-07-31T20:00,1859070,https://fr.getaround.com/location-voiture/puteaux/audi-a1-1859070,Audi A1 (2011),2011,Sur rendez-vous,CITADINE,SEGMENT_RULES,THERMIQUE,False,74.0,,,,Puteaux,Puteaux,Puteaux|Asnières-sur-Seine,2,43,False,True,C3,480,480,11
20260730T110622,A2,v3.3-search-gps,2026-07-31T09:00,2026-07-31T20:00,1825239,https://fr.getaround.com/location-voiture/asnieres-sur-seine/renault-twingo-iii-1825239,Renault Twingo III (2017),2017,Getaround Connect,CITADINE,SEGMENT_RULES,THERMIQUE,False,69.0,,5.0,7,Puteaux,Asnieres Sur Seine,Puteaux|Asnières-sur-Seine|Paris 17e,3,43,False,True,C3,6580,480,11
20260730T110622,A2,v3.3-search-gps,2026-07-31T09:00,2026-07-31T20:00,1628653,https://fr.getaround.com/location-voiture/asnieres-sur-seine/fiat-500-lounge-1628653,Fiat 500 Lounge (2018),2018,Getaround Connect,CITADINE,SEGMENT_RULES,THERMIQUE,False,74.0,,4.92,63,Puteaux,Asnieres Sur Seine,Puteaux|Asnières-sur-Seine|Paris 17e,3,1,False,False,,5030,480,11
20260730T110622,A2,v3.3-search-gps,2026-07-31T09:00,2026-07-31T20:00,1241184,https://fr.getaround.com/location-voiture/paris/peugeot-208-1241184,Peugeot 208 (2023),2023,Getaround Connect,CITADINE,SEGMENT_RULES,THERMIQUE,False,79.0,,4.55,62,Puteaux,Paris,Puteaux|Asnières-sur-Seine|Paris 17e,3,1,False,False,,5420,480,11
20260730T110622,A2,v3.3-search-gps,2026-07-31T09:00,2026-07-31T20:00,1119986,https://fr.getaround.com/location-voiture/asnieres-sur-seine/renault-captur-1119986,Renault Captur (2018),2018,Getaround Connect,SUV_COMPACT,SEGMENT_RULES,THERMIQUE,False,67.0,,4.98,129,Puteaux,Asnieres Sur Seine,Puteaux|Asnières-sur-Seine|Paris 17e,3,2,False,False,,4140,480,11
20260730T110622,A2,v3.3-search-gps,2026-07-31T09:00,2026-07-31T20:00,1762373,https://fr.getaround.com/location-voiture/paris/renault-captur-1762373,Renault Captur (2024),2024,Getaround Connect,SUV_COMPACT,SEGMENT_RULES,THERMIQUE,False,83.0,,4.68,28,Puteaux,Paris,Puteaux|Asnières-sur-Seine|Paris 17e,3,2,False,False,,5420,480,11
20260730T110622,A2,v3.3-search-gps,2026-07-31T09:00,2026-07-31T20:00,835608,https://fr.getaround.com/location-voiture/courbevoie/renault-clio-835608,Renault Clio (2018),2018,Getaround Connect,CITADINE,SEGMENT_RULES,THERMIQUE,False,45.0,,3.95,124,Puteaux,Courbevoie,Puteaux|Asnières-sur-Seine|Paris 17e,3,3,False,False,,1160,480,11
20260730T110622,A2,v3.3-search-gps,2026-07-31T09:00,2026-07-31T20:00,1442853,https://fr.getaround.com/location-voiture/paris/citroen-c3-1442853,Citroen C3 (2023),2023,Getaround Connect,CITADINE,SEGMENT_RULES,THERMIQUE,False,79.0,,4.19,45,Puteaux,Paris,Puteaux|Asnières-sur-Seine|Paris 17e,3,3,False,False,,4900,480,11
20260730T110622,A2,v3.3-search-gps,2026-07-31T09:00,2026-07-31T20:00,1770026,https://fr.getaround.com/location-voiture/asnieres-sur-seine/renault-clio-1770026,Renault Clio (2018),2018,Getaround Connect,CITADINE,SEGMENT_RULES,THERMIQUE,False,74.0,,4.71,21,Puteaux,Asnieres Sur Seine,Puteaux|Asnières-sur-Seine|Paris 17e,3,3,False,False,,5570,480,11
20260730T110622,A2,v3.3-search-gps,2026-07-31T09:00,2026-07-31T20:00,1722701,https://fr.getaround.com/location-voiture/courbevoie/peugeot-208-1722701,Peugeot 208 (2023),2023,Getaround Connect,CITADINE,SEGMENT_RULES,THERMIQUE,False,50.0,,3.89,9,Puteaux,Courbevoie,Puteaux|Asnières-sur-Seine|Paris 17e,3,4,False,False,,1160,480,11
20260730T110622,A2,v3.3-search-gps,2026-07-31T09:00,2026-07-31T20:00,1187353,https://fr.getaround.com/location-voiture/paris/renault-clio-1187353,Renault Clio (2021),2021,Getaround Connect,CITADINE,SEGMENT_RULES,THERMIQUE,False,58.0,,4.61,89,Puteaux,Paris,Puteaux|Asnières-sur-Seine|Paris 17e,3,4,False,False,,5890,480,11
20260730T110622,A2,v3.3-search-gps,2026-07-31T09:00,2026-07-31T20:00,1582295,https://fr.getaround.com/location-voiture/asnieres-sur-seine/citroen-c3-1582295,Citroen C3 (2021),2021,Getaround Connect,CITADINE,SEGMENT_RULES,THERMIQUE,False,79.0,,4.76,25,Puteaux,Asnieres Sur Seine,Puteaux|Asnières-sur-Seine|Paris 17e,3,4,False,False,,4240,480,11
20260730T110622,A2,v3.3-search-gps,2026-07-31T09:00,2026-07-31T20:00,1762987,https://fr.getaround.com/location-voiture/courbevoie/peugeot-208-1762987,Peugeot 208 (2019),2019,Getaround Connect,CITADINE,SEGMENT_RULES,THERMIQUE,False,45.0,,3.83,6,Puteaux,Courbevoie,Puteaux|Asnières-sur-Seine|Paris 17e,3,5,False,False,,1340,480,11
20260730T110622,A2,v3.3-search-gps,2026-07-31T09:00,2026-07-31T20:00,1582568,https://fr.getaround.com/location-voiture/paris/peugeot-208-1582568,Peugeot 208 (2020),2020,Getaround Connect,CITADINE,SEGMENT_RULES,THERMIQUE,False,64.0,,4.31,29,Puteaux,Paris,Puteaux|Asnières-sur-Seine|Paris 17e,3,5,False,False,,4870,480,11
20260730T110622,A2,v3.3-search-gps,2026-07-31T09:00,2026-07-31T20:00,1782263,https://fr.getaround.com/location-voiture/bois-colombes/peugeot-308-1782263,Peugeot 308 (2016),2016,Getaround Connect,COMPACTE,SEGMENT_RULES,THERMIQUE,False,75.0,,5.0,5,Puteaux,Bois Colombes,Puteaux|Asnières-sur-Seine|Paris 17e,3,5,False,False,,4800,480,11
20260730T110622,A2,v3.3-search-gps,2026-07-31T09:00,2026-07-31T20:00,1007360,https://fr.getaround.com/location-voiture/suresnes/citroen-c3-1007360,Citroen C3 (2022),2022,Getaround Connect,CITADINE,SEGMENT_RULES,THERMIQUE,False,45.0,,4.0,102,Puteaux,Suresnes,Puteaux|Asnières-sur-Seine|Paris 17e,3,6,False,False,,1080,480,11
20260730T110622,A2,v3.3-search-gps,2026-07-31T09:00,2026-07-31T20:00,1670808,https://fr.getaround.com/location-voiture/paris/peugeot-208-1670808,Peugeot 208 (2025),2025,Getaround Connect,CITADINE,SEGMENT_RULES,THERMIQUE,False,89.0,,4.48,27,Puteaux,Paris,Puteaux|Asnières-sur-Seine|Paris 17e,3,6,False,False,,4900,480,11
20260730T110622,A2,v3.3-search-gps,2026-07-31T09:00,2026-07-31T20:00,1906513,https://fr.getaround.com/location-voiture/gennevilliers/fiat-500-c-1906513,Fiat 500 C (2017),2017,Getaround Connect,CABRIOLET,SEGMENT_RULES,THERMIQUE,False,80.0,,5.0,7,Puteaux,Gennevilliers,Puteaux|Asnières-sur-Seine|Paris 17e,3,6,False,False,,5920,480,11
20260730T110622,A2,v3.3-search-gps,2026-07-31T09:00,2026-07-31T20:00,1205539,https://fr.getaround.com/location-voiture/courbevoie/renault-twingo-ii-1205539,Renault Twingo II (2013),2013,Getaround Connect,CITADINE,SEGMENT_RULES,THERMIQUE,False,61.0,,4.96,81,Puteaux,Courbevoie,Puteaux|Asnières-sur-Seine|Paris 17e,3,7,False,False,,3460,480,11
20260730T110622,A2,v3.3-search-gps,2026-07-31T09:00,2026-07-31T20:00,1934281,https://fr.getaround.com/location-voiture/paris/peugeot-208-1934281,Peugeot 208 (2026),2026,Getaround Connect,CITADINE,SEGMENT_RULES,THERMIQUE,False,78.0,,,,Puteaux,Paris,Puteaux|Asnières-sur-Seine|Paris 17e,3,7,False,False,,4550,480,11
20260730T110622,A2,v3.3-search-gps,2026-07-31T09:00,2026-07-31T20:00,899374,https://fr.getaround.com/location-voiture/neuilly-sur-seine/renault-zoe-899374,Renault ZOE (2020),2020,Getaround Connect,CITADINE,SEGMENT_RULES,ELECTRIQUE,False,29.0,,4.77,160,Puteaux,Neuilly Sur Seine,Puteaux|Asnières-sur-Seine|Paris 17e,3,8,False,False,,1990,480,11
20260730T110622,A2,v3.3-search-gps,2026-07-31T09:00,2026-07-31T20:00,1601719,https://fr.getaround.com/location-voiture/colombes/peugeot-208-1601719,Peugeot 208 (2017),2017,Getaround Connect,CITADINE,SEGMENT_RULES,THERMIQUE,False,62.0,,5.0,39,Puteaux,Colombes,Puteaux|Asnières-sur-Seine|Paris 17e,3,8,False,False,,4540,480,11
20260730T110622,A2,v3.3-search-gps,2026-07-31T09:00,2026-07-31T20:00,1590444,https://fr.getaround.com/location-voiture/paris/peugeot-2008-1590444,Peugeot 2008 (2023),2023,Getaround Connect,SUV_COMPACT,SEGMENT_RULES,THERMIQUE,False,69.0,,4.14,33,Puteaux,Paris,Puteaux|Asnières-sur-Seine|Paris 17e,3,8,False,False,,4870,480,11
20260730T110622,A2,v3.3-search-gps,2026-07-31T09:00,2026-07-31T20:00,1047047,https://fr.getaround.com/location-voiture/courbevoie/renault-twingo-1047047,Renault Twingo (2017),2017,Getaround Connect,CITADINE,SEGMENT_RULES,THERMIQUE,False,63.0,,4.88,109,Puteaux,Courbevoie,Puteaux|Asnières-sur-Seine|Paris 17e,3,9,False,False,,1630,480,11
20260730T110622,A2,v3.3-search-gps,2026-07-31T09:00,2026-07-31T20:00,1650493,https://fr.getaround.com/location-voiture/levallois-perret/volkswagen-t-cross-1650493,Volkswagen T-Cross (2024),2024,Getaround Connect,SUV_COMPACT,SEGMENT_RULES,THERMIQUE,False,61.0,,4.85,26,Puteaux,Levallois Perret,Puteaux|Asnières-sur-Seine|Paris 17e,3,9,False,False,,4530,480,11
20260730T110622,A2,v3.3-search-gps,2026-07-31T09:00,2026-07-31T20:00,696488,https://fr.getaround.com/location-voiture/asnieres-sur-seine/smart-fortwo-coupe-696488,Smart Fortwo Coupé (2011),2011,Getaround Connect,MICRO_CITADINE,SEGMENT_RULES,THERMIQUE,False,60.0,,4.92,55,Puteaux,Asnieres Sur Seine,Puteaux|Asnières-sur-Seine|Paris 17e,3,9,False,False,,4120,480,11
20260730T110622,A2,v3.3-search-gps,2026-07-31T09:00,2026-07-31T20:00,1650503,https://fr.getaround.com/location-voiture/levallois-perret/volkswagen-t-cross-1650503,Volkswagen T-Cross (2024),2024,Getaround Connect,SUV_COMPACT,SEGMENT_RULES,THERMIQUE,False,61.0,,4.73,44,Puteaux,Levallois Perret,Puteaux|Asnières-sur-Seine|Paris 17e,3,10,False,False,,4530,480,11
20260730T110622,A2,v3.3-search-gps,2026-07-31T09:00,2026-07-31T20:00,1496823,https://fr.getaround.com/location-voiture/levallois-perret/renault-clio-1496823,Renault Clio (2020),2020,Getaround Connect,CITADINE,SEGMENT_RULES,THERMIQUE,False,58.0,,4.23,52,Puteaux,Levallois Perret,Puteaux|Asnières-sur-Seine|Paris 17e,3,10,False,False,,3660,480,11
20260730T110622,A2,v3.3-search-gps,2026-07-31T09:00,2026-07-31T20:00,1355472,https://fr.getaround.com/location-voiture/suresnes/peugeot-208-1355472,Peugeot 208 (2017),2017,Getaround Connect,CITADINE,SEGMENT_RULES,THERMIQUE,False,74.0,,4.96,73,Puteaux,Suresnes,Puteaux|Asnières-sur-Seine|Paris 17e,3,11,False,False,,1160,480,11
20260730T110622,A2,v3.3-search-gps,2026-07-31T09:00,2026-07-31T20:00,1604848,https://fr.getaround.com/location-voiture/asnieres-sur-seine/fiat-500-1604848,Fiat 500 (2017),2017,Getaround Connect,CITADINE,SEGMENT_RULES,THERMIQUE,False,69.0,,4.43,23,Puteaux,Asnieres Sur Seine,Puteaux|Asnières-sur-Seine|Paris 17e,3,11,False,False,,4150,480,11
20260730T110622,A2,v3.3-search-gps,2026-07-31T09:00,2026-07-31T20:00,842040,https://fr.getaround.com/location-voiture/paris/citroen-c3-aircross-842040,Citroen C3 Aircross (2018),2018,Getaround Connect,CITADINE,SEGMENT_RULES,THERMIQUE,False,73.0,,4.49,98,Puteaux,Paris,Puteaux|Asnières-sur-Seine|Paris 17e,3,11,False,False,,5790,480,11
20260730T110622,A2,v3.3-search-gps,2026-07-31T09:00,2026-07-31T20:00,1650527,https://fr.getaround.com/location-voiture/levallois-perret/volkswagen-t-cross-1650527,Volkswagen T-Cross (2024),2024,Getaround Connect,SUV_COMPACT,SEGMENT_RULES,THERMIQUE,False,61.0,,4.78,46,Puteaux,Levallois Perret,Puteaux|Asnières-sur-Seine|Paris 17e,3,12,False,False,,4530,480,11
20260730T110622,A2,v3.3-search-gps,2026-07-31T09:00,2026-07-31T20:00,1492716,https://fr.getaround.com/location-voiture/nanterre/renault-clio-1492716,Renault Clio (2021),2021,Getaround Connect,CITADINE,SEGMENT_RULES,THERMIQUE,False,45.0,,3.44,42,Puteaux,Nanterre,Puteaux|Asnières-sur-Seine|Paris 17e,3,13,False,False,,1690,480,11
20260730T110622,A2,v3.3-search-gps,2026-07-31T09:00,2026-07-31T20:00,1666439,https://fr.getaround.com/location-voiture/paris/peugeot-208-1666439,Peugeot 208 (2025),2025,Getaround Connect,CITADINE,SEGMENT_RULES,THERMIQUE,False,84.0,,4.35,23,Puteaux,Paris,Puteaux|Asnières-sur-Seine|Paris 17e,3,13,False,False,,5680,480,11
20260730T110622,A2,v3.3-search-gps,2026-07-31T09:00,2026-07-31T20:00,1753969,https://fr.getaround.com/location-voiture/asnieres-sur-seine/renault-clio-1753969,Renault Clio (2025),2025,Getaround Connect,CITADINE,SEGMENT_RULES,THERMIQUE,False,106.0,,4.71,7,Puteaux,Asnieres Sur Seine,Puteaux|Asnières-sur-Seine,2,13,False,False,,5590,480,11
20260730T110622,A2,v3.3-search-gps,2026-07-31T09:00,2026-07-31T20:00,1650497,https://fr.getaround.com/location-voiture/paris/volkswagen-t-cross-1650497,Volkswagen T-Cross (2024),2024,Getaround Connect,SUV_COMPACT,SEGMENT_RULES,THERMIQUE,False,61.0,,4.74,29,Puteaux,Paris,Puteaux|Asnières-sur-Seine|Paris 17e,3,14,False,False,,3040,480,11
20260730T110622,A2,v3.3-search-gps,2026-07-31T09:00,2026-07-31T20:00,1928674,https://fr.getaround.com/location-voiture/paris/fiat-500l-1928674,Fiat 500L (2017),2017,Getaround Connect,COMPACTE,SEGMENT_RULES,THERMIQUE,False,76.0,,5.0,1,Puteaux,Paris,Puteaux|Asnières-sur-Seine|Paris 17e,3,14,False,False,,5020,480,11
20260730T110622,A2,v3.3-search-gps,2026-07-31T09:00,2026-07-31T20:00,1093031,https://fr.getaround.com/location-voiture/nanterre/peugeot-208-1093031,Peugeot 208 (2018),2018,Getaround Connect,CITADINE,SEGMENT_RULES,THERMIQUE,False,69.0,,4.75,57,Puteaux,Nanterre,Puteaux|Asnières-sur-Seine|Paris 17e,3,15,False,False,,1670,480,11
20260730T110622,A2,v3.3-search-gps,2026-07-31T09:00,2026-07-31T20:00,1675509,https://fr.getaround.com/location-voiture/paris/peugeot-208-1675509,Peugeot 208 (2025),2025,Getaround Connect,CITADINE,SEGMENT_RULES,THERMIQUE,False,84.0,,3.85,27,Puteaux,Paris,Puteaux|Asnières-sur-Seine|Paris 17e,3,15,False,False,,5670,480,11
20260730T110622,A2,v3.3-search-gps,2026-07-31T09:00,2026-07-31T20:00,853255,https://fr.getaround.com/location-voiture/courbevoie/renault-twingo-853255,Renault Twingo (2011),2011,Getaround Connect,CITADINE,SEGMENT_RULES,THERMIQUE,False,55.0,,4.92,126,Puteaux,Courbevoie,Puteaux|Asnières-sur-Seine|Paris 17e,3,16,False,False,,3010,480,11
20260730T110622,A2,v3.3-search-gps,2026-07-31T09:00,2026-07-31T20:00,1783126,https://fr.getaround.com/location-voiture/paris/citroen-c3-1783126,Citroen C3 (2020),2020,Getaround Connect,CITADINE,SEGMENT_RULES,THERMIQUE,False,83.0,,4.9,21,Puteaux,Paris,Puteaux|Asnières-sur-Seine|Paris 17e,3,16,False,False,,4330,480,11
20260730T110622,A2,v3.3-search-gps,2026-07-31T09:00,2026-07-31T20:00,1650467,https://fr.getaround.com/location-voiture/asnieres-sur-seine/volkswagen-t-cross-1650467,Volkswagen T-Cross (2024),2024,Getaround Connect,SUV_COMPACT,SEGMENT_RULES,THERMIQUE,False,73.0,,4.58,33,Puteaux,Asnieres Sur Seine,Puteaux|Asnières-sur-Seine|Paris 17e,3,17,False,False,,5530,480,11
20260730T110622,A2,v3.3-search-gps,2026-07-31T09:00,2026-07-31T20:00,1007409,https://fr.getaround.com/location-voiture/paris/citroen-c3-1007409,Citroen C3 (2022),2022,Getaround Connect,CITADINE,SEGMENT_RULES,THERMIQUE,False,52.0,,4.17,131,Puteaux,Paris,Puteaux|Asnières-sur-Seine|Paris 17e,3,17,False,False,,5610,480,11
20260730T110622,A2,v3.3-search-gps,2026-07-31T09:00,2026-07-31T20:00,489829,https://fr.getaround.com/location-voiture/nanterre/volkswagen-polo-489829,Volkswagen Polo (2015),2015,Getaround Connect,CITADINE,SEGMENT_RULES,THERMIQUE,False,70.0,,4.52,184,Puteaux,Nanterre,Puteaux|Asnières-sur-Seine|Paris 17e,3,18,False,False,,1650,480,11
20260730T110622,A2,v3.3-search-gps,2026-07-31T09:00,2026-07-31T20:00,1424334,https://fr.getaround.com/location-voiture/bois-colombes/nissan-micra-1424334,Nissan Micra (2015),2015,Getaround Connect,CITADINE,SEGMENT_RULES,THERMIQUE,False,70.0,,4.89,79,Puteaux,Bois Colombes,Puteaux|Asnières-sur-Seine|Paris 17e,3,18,False,False,,4100,480,11
20260730T110622,A2,v3.3-search-gps,2026-07-31T09:00,2026-07-31T20:00,1893707,https://fr.getaround.com/location-voiture/paris/citroen-c3-generation-1893707,Citroen C3 Génération (2017),2017,Getaround Connect,CITADINE,SEGMENT_RULES,THERMIQUE,False,69.0,,,,Puteaux,Paris,Puteaux|Asnières-sur-Seine|Paris 17e,3,18,False,False,,5580,480,11
20260730T110622,A2,v3.3-search-gps,2026-07-31T09:00,2026-07-31T20:00,1784089,https://fr.getaround.com/location-voiture/courbevoie/renault-austral-e-tech-full-hybrid-1784089,Renault Austral E-Tech full hybrid (2024),2024,Sur rendez-vous,SUV_FAMILIAL,SEGMENT_RULES,ELECTRIQUE,False,134.0,,5.0,1,Puteaux,Courbevoie,Puteaux|Asnières-sur-Seine|Paris 17e,3,19,False,False,,880,480,11
20260730T110622,A2,v3.3-search-gps,2026-07-31T09:00,2026-07-31T20:00,1666722,https://fr.getaround.com/location-voiture/bois-colombes/fiat-500-c-1666722,Fiat 500 C (2017),2017,Getaround Connect,CABRIOLET,SEGMENT_RULES,THERMIQUE,False,75.0,,4.89,19,Puteaux,Bois Colombes,Puteaux|Asnières-sur-Seine|Paris 17e,3,19,False,False,,4010,480,11
20260730T110622,A2,v3.3-search-gps,2026-07-31T09:00,2026-07-31T20:00,1851591,https://fr.getaround.com/location-voiture/paris/renault-clio-1851591,Renault Clio (2018),2018,Getaround Connect,CITADINE,SEGMENT_RULES,THERMIQUE,False,74.0,,4.86,7,Puteaux,Paris,Puteaux|Asnières-sur-Seine|Paris 17e,3,19,False,False,,5800,480,11
20260730T110622,A2,v3.3-search-gps,2026-07-31T09:00,2026-07-31T20:00,1240924,https://fr.getaround.com/location-voiture/paris/peugeot-208-1240924,Peugeot 208 (2023),2023,Getaround Connect,CITADINE,SEGMENT_RULES,THERMIQUE,False,57.0,,4.39,71,Puteaux,Paris,Puteaux|Asnières-sur-Seine|Paris 17e,3,20,False,False,,6500,480,11
20260730T110622,A2,v3.3-search-gps,2026-07-31T09:00,2026-07-31T20:00,894064,https://fr.getaround.com/location-voiture/asnieres-sur-seine/renault-clio-894064,Renault Clio (2017),2017,Getaround Connect,CITADINE,SEGMENT_RULES,THERMIQUE,False,67.0,,4.58,92,Puteaux,Asnieres Sur Seine,Puteaux|Asnières-sur-Seine|Paris 17e,3,20,False,False,,6490,480,11
20260730T110622,A2,v3.3-search-gps,2026-07-31T09:00,2026-07-31T20:00,1110449,https://fr.getaround.com/location-voiture/colombes/ford-ka-1110449,Ford Ka (2013),2013,Getaround Connect,CITADINE,SEGMENT_RULES,THERMIQUE,False,53.0,,4.83,77,Puteaux,Colombes,Puteaux|Asnières-sur-Seine|Paris 17e,3,21,False,False,,4970,480,11
20260730T110622,A2,v3.3-search-gps,2026-07-31T09:00,2026-07-31T20:00,1790194,https://fr.getaround.com/location-voiture/paris/peugeot-107-1790194,Peugeot 107 (2012),2012,Sur rendez-vous,MICRO_CITADINE,SEGMENT_RULES,THERMIQUE,False,65.0,,4.92,12,Puteaux,Paris,Puteaux|Asnières-sur-Seine|Paris 17e,3,21,False,False,,5300,480,11
20260730T110622,A2,v3.3-search-gps,2026-07-31T09:00,2026-07-31T20:00,941338,https://fr.getaround.com/location-voiture/levallois-perret/renault-twingo-941338,Renault Twingo (2011),2011,Getaround Connect,CITADINE,SEGMENT_RULES,THERMIQUE,False,51.0,,4.56,68,Puteaux,Levallois Perret,Puteaux|Asnières-sur-Seine|Paris 17e,3,22,False,False,,4280,480,11
20260730T110622,A2,v3.3-search-gps,2026-07-31T09:00,2026-07-31T20:00,1916379,https://fr.getaround.com/location-voiture/clichy/dacia-sandero-1916379,Dacia Sandero (2016),2016,Getaround Connect,CITADINE,SEGMENT_RULES,THERMIQUE,False,60.0,,5.0,2,Puteaux,Clichy,Puteaux|Asnières-sur-Seine|Paris 17e,3,22,False,False,,5680,480,11
20260730T110622,A2,v3.3-search-gps,2026-07-31T09:00,2026-07-31T20:00,1139073,https://fr.getaround.com/location-voiture/paris/peugeot-2008-1139073,Peugeot 2008 (2021),2021,Getaround Connect,SUV_COMPACT,SEGMENT_RULES,THERMIQUE,False,70.0,,4.2,81,Puteaux,Paris,Puteaux|Asnières-sur-Seine|Paris 17e,3,23,False,False,,5720,480,11
20260730T110622,A2,v3.3-search-gps,2026-07-31T09:00,2026-07-31T20:00,1215378,https://fr.getaround.com/location-voiture/gennevilliers/toyota-yaris-hybride-1215378,Toyota Yaris Hybride (2022),2022,Sur rendez-vous,CITADINE,SEGMENT_RULES,HYBRIDE,False,80.0,,4.99,37,Puteaux,Gennevilliers,Puteaux|Asnières-sur-Seine|Paris 17e,3,23,False,False,,6230,480,11
20260730T110622,A2,v3.3-search-gps,2026-07-31T09:00,2026-07-31T20:00,958966,https://fr.getaround.com/location-voiture/levallois-perret/renault-twingo-958966,Renault Twingo (2013),2013,Getaround Connect,CITADINE,SEGMENT_RULES,THERMIQUE,False,51.0,,4.57,98,Puteaux,Levallois Perret,Puteaux|Asnières-sur-Seine|Paris 17e,3,24,False,False,,4200,480,11
20260730T110622,A2,v3.3-search-gps,2026-07-31T09:00,2026-07-31T20:00,1518486,https://fr.getaround.com/location-voiture/levallois-perret/fiat-500-1518486,Fiat 500 (2015),2015,Getaround Connect,CITADINE,SEGMENT_RULES,THERMIQUE,False,60.0,,4.59,39,Puteaux,Levallois Perret,Puteaux|Asnières-sur-Seine|Paris 17e,3,24,False,False,,4370,480,11
20260730T110622,A2,v3.3-search-gps,2026-07-31T09:00,2026-07-31T20:00,399972,https://fr.getaround.com/location-voiture/nanterre/renault-clio-399972,Renault Clio (2015),2015,Getaround Connect,CITADINE,SEGMENT_RULES,THERMIQUE,False,71.0,,4.71,188,Puteaux,Nanterre,Puteaux|Asnières-sur-Seine,2,25,False,False,,1650,480,11
20260730T110622,A2,v3.3-search-gps,2026-07-31T09:00,2026-07-31T20:00,1010342,https://fr.getaround.com/location-voiture/asnieres-sur-seine/ford-fiesta-1010342,Ford Fiesta (2017),2017,Getaround Connect,CITADINE,SEGMENT_RULES,THERMIQUE,False,64.0,,4.41,40,Puteaux,Asnieres Sur Seine,Puteaux|Asnières-sur-Seine|Paris 17e,3,25,False,False,,6680,480,11
20260730T110622,A2,v3.3-search-gps,2026-07-31T09:00,2026-07-31T20:00,1806944,https://fr.getaround.com/location-voiture/paris/fiat-500-hybride-1806944,Fiat 500 Hybride (2023),2023,Getaround Connect,CITADINE,SEGMENT_RULES,HYBRIDE,False,57.0,,4.38,13,Puteaux,Paris,Puteaux|Asnières-sur-Seine|Paris 17e,3,25,False,False,,6900,480,11
20260730T110622,A2,v3.3-search-gps,2026-07-31T09:00,2026-07-31T20:00,1641219,https://fr.getaround.com/location-voiture/bois-colombes/citroen-ds4-1641219,Citroen DS4 (2015),2015,Sur rendez-vous,BERLINE,SEGMENT_RULES,THERMIQUE,False,75.0,,5.0,5,Puteaux,Bois Colombes,Puteaux|Asnières-sur-Seine|Paris 17e,3,26,False,False,,4800,480,11
20260730T110622,A2,v3.3-search-gps,2026-07-31T09:00,2026-07-31T20:00,1802313,https://fr.getaround.com/location-voiture/courbevoie/renault-scenic-1802313,Renault Scenic (2015),2015,Getaround Connect,MONOSPACE,SEGMENT_RULES,THERMIQUE,False,51.0,,4.95,22,Puteaux,Courbevoie,Puteaux|Asnières-sur-Seine|Paris 17e,3,27,False,False,,2490,480,11
20260730T110622,A2,v3.3-search-gps,2026-07-31T09:00,2026-07-31T20:00,1686548,https://fr.getaround.com/location-voiture/paris/peugeot-2008-1686548,Peugeot 2008 (2021),2021,Getaround Connect,SUV_COMPACT,SEGMENT_RULES,THERMIQUE,False,70.0,,4.11,27,Puteaux,Paris,Puteaux|Asnières-sur-Seine|Paris 17e,3,27,False,False,,6200,480,11
20260730T110622,A2,v3.3-search-gps,2026-07-31T09:00,2026-07-31T20:00,676141,https://fr.getaround.com/location-voiture/paris/renault-clio-676141,Renault Clio (2016),2016,Getaround Connect,CITADINE,SEGMENT_RULES,THERMIQUE,False,49.0,,4.13,181,Puteaux,Paris,Puteaux|Asnières-sur-Seine|Paris 17e,3,28,False,False,,6790,480,11
20260730T110622,A2,v3.3-search-gps,2026-07-31T09:00,2026-07-31T20:00,1253598,https://fr.getaround.com/location-voiture/neuilly-sur-seine/nissan-pixo-1253598,Nissan Pixo (2013),2013,Getaround Connect,MICRO_CITADINE,SEGMENT_RULES,THERMIQUE,False,55.0,,4.77,86,Puteaux,Neuilly Sur Seine,Puteaux|Asnières-sur-Seine|Paris 17e,3,29,False,False,,2430,480,11
20260730T110622,A2,v3.3-search-gps,2026-07-31T09:00,2026-07-31T20:00,1650511,https://fr.getaround.com/location-voiture/paris/volkswagen-t-cross-1650511,Volkswagen T-Cross (2024),2024,Getaround Connect,SUV_COMPACT,SEGMENT_RULES,THERMIQUE,False,61.0,,4.7,25,Puteaux,Paris,Puteaux|Asnières-sur-Seine|Paris 17e,3,29,False,False,,5750,480,11
20260730T110622,A2,v3.3-search-gps,2026-07-31T09:00,2026-07-31T20:00,874448,https://fr.getaround.com/location-voiture/bois-colombes/toyota-yaris-874448,Toyota Yaris (2019),2019,Getaround Connect,CITADINE,SEGMENT_RULES,THERMIQUE,False,78.0,,4.94,87,Puteaux,Bois Colombes,Puteaux|Asnières-sur-Seine|Paris 17e,3,29,False,False,,3550,480,11
20260730T110622,A2,v3.3-search-gps,2026-07-31T09:00,2026-07-31T20:00,1807668,https://fr.getaround.com/location-voiture/courbevoie/peugeot-308-1807668,Peugeot 308 (2017),2017,Getaround Connect,COMPACTE,SEGMENT_RULES,THERMIQUE,False,79.0,,5.0,8,Puteaux,Courbevoie,Puteaux|Asnières-sur-Seine|Paris 17e,3,30,False,False,,1470,480,11
20260730T110622,A2,v3.3-search-gps,2026-07-31T09:00,2026-07-31T20:00,1349888,https://fr.getaround.com/location-voiture/paris/toyota-yaris-cross-hybrid-1349888,Toyota Yaris Cross Hybrid (2022),2022,Getaround Connect,SUV_COMPACT,SEGMENT_RULES,HYBRIDE,False,90.0,,4.72,69,Puteaux,Paris,Puteaux|Asnières-sur-Seine|Paris 17e,3,30,False,False,,6180,480,11
20260730T110622,A2,v3.3-search-gps,2026-07-31T09:00,2026-07-31T20:00,1629794,https://fr.getaround.com/location-voiture/levallois-perret/renault-clio-1629794,Renault Clio (2024),2024,Getaround Connect,CITADINE,SEGMENT_RULES,THERMIQUE,False,79.0,,4.76,49,Puteaux,Levallois Perret,Puteaux|Asnières-sur-Seine|Paris 17e,3,31,False,False,,4420,480,11
20260730T110622,A2,v3.3-search-gps,2026-07-31T09:00,2026-07-31T20:00,1919535,https://fr.getaround.com/location-voiture/puteaux/toyota-c-hr-hybrid-1919535,Toyota C-HR Hybrid (2025),2025,Sur rendez-vous,SUV_COMPACT,SEGMENT_RULES,HYBRIDE,False,106.0,,5.0,2,Puteaux,Puteaux,Puteaux|Asnières-sur-Seine,2,32,False,False,,520,480,11
20260730T110622,A2,v3.3-search-gps,2026-07-31T09:00,2026-07-31T20:00,1872524,https://fr.getaround.com/location-voiture/courbevoie/volkswagen-tiguan-1872524,Volkswagen Tiguan (2018),2018,Getaround Connect,SUV_FAMILIAL,SEGMENT_RULES,THERMIQUE,False,102.0,,5.0,1,Puteaux,Courbevoie,Puteaux|Asnières-sur-Seine|Paris 17e,3,32,False,False,,3770,480,11
20260730T110622,A2,v3.3-search-gps,2026-07-31T09:00,2026-07-31T20:00,1717722,https://fr.getaround.com/location-voiture/paris/renault-clio-e-tech-1717722,Renault Clio E-tech (2021),2021,Getaround Connect,CITADINE,SEGMENT_RULES,ELECTRIQUE,False,64.0,,4.52,21,Puteaux,Paris,Puteaux|Asnières-sur-Seine|Paris 17e,3,32,False,False,,6900,480,11
20260730T110622,A2,v3.3-search-gps,2026-07-31T09:00,2026-07-31T20:00,1763402,https://fr.getaround.com/location-voiture/neuilly-sur-seine/peugeot-208-1763402,Peugeot 208 (2020),2020,Getaround Connect,CITADINE,SEGMENT_RULES,THERMIQUE,False,89.0,,5.0,37,Puteaux,Neuilly Sur Seine,Puteaux|Asnières-sur-Seine|Paris 17e,3,34,False,False,,1590,480,11
20260730T110622,A2,v3.3-search-gps,2026-07-31T09:00,2026-07-31T20:00,1560314,https://fr.getaround.com/location-voiture/paris/toyota-corolla-break-hybride-1560314,Toyota Corolla Break Hybride (2020),2020,Getaround Connect,BREAK,SEGMENT_RULES,HYBRIDE,False,91.0,,4.61,57,Puteaux,Paris,Puteaux|Asnières-sur-Seine|Paris 17e,3,34,False,False,,6180,480,11
20260730T110622,A2,v3.3-search-gps,2026-07-31T09:00,2026-07-31T20:00,1792383,https://fr.getaround.com/location-voiture/bois-colombes/renault-clio-1792383,Renault Clio (2021),2021,Getaround Connect,CITADINE,SEGMENT_RULES,THERMIQUE,False,125.0,,5.0,14,Puteaux,Bois Colombes,Puteaux|Asnières-sur-Seine,2,34,False,False,,4030,480,11
20260730T110622,A2,v3.3-search-gps,2026-07-31T09:00,2026-07-31T20:00,1637484,https://fr.getaround.com/location-voiture/saint-ouen-sur-seine/renault-clio-1637484,Renault Clio (2014),2014,Getaround Connect,CITADINE,SEGMENT_RULES,THERMIQUE,False,64.0,,4.84,45,Puteaux,Saint Ouen Sur Seine,Puteaux|Asnières-sur-Seine|Paris 17e,3,35,False,False,,7130,480,11
20260730T110622,A2,v3.3-search-gps,2026-07-31T09:00,2026-07-31T20:00,1251338,https://fr.getaround.com/location-voiture/courbevoie/toyota-yaris-1251338,Toyota Yaris (2020),2020,Getaround Connect,CITADINE,SEGMENT_RULES,THERMIQUE,False,88.0,,4.74,69,Puteaux,Courbevoie,Puteaux|Asnières-sur-Seine|Paris 17e,3,36,False,False,,1450,480,11
20260730T110622,A2,v3.3-search-gps,2026-07-31T09:00,2026-07-31T20:00,1261200,https://fr.getaround.com/location-voiture/levallois-perret/renault-clio-1261200,Renault Clio (2023),2023,Getaround Connect,CITADINE,SEGMENT_RULES,THERMIQUE,False,57.0,,3.91,76,Puteaux,Levallois Perret,Puteaux|Asnières-sur-Seine|Paris 17e,3,36,False,False,,4540,480,11
20260730T110622,A2,v3.3-search-gps,2026-07-31T09:00,2026-07-31T20:00,1619485,https://fr.getaround.com/location-voiture/la-garenne-colombes/peugeot-208-1619485,Peugeot 208 (2014),2014,Getaround Connect,CITADINE,SEGMENT_RULES,THERMIQUE,False,66.0,,4.52,41,Puteaux,La Garenne Colombes,Puteaux|Asnières-sur-Seine|Paris 17e,3,37,False,False,,2620,480,11
20260730T110622,A2,v3.3-search-gps,2026-07-31T09:00,2026-07-31T20:00,841239,https://fr.getaround.com/location-voiture/paris/renault-clio-841239,Renault Clio (2021),2021,Getaround Connect,CITADINE,SEGMENT_RULES,THERMIQUE,False,52.0,,4.5,113,Puteaux,Paris,Puteaux|Asnières-sur-Seine|Paris 17e,3,37,False,False,,7200,480,11
20260730T110622,A2,v3.3-search-gps,2026-07-31T09:00,2026-07-31T20:00,1650471,https://fr.getaround.com/location-voiture/paris/volkswagen-t-cross-1650471,Volkswagen T-Cross (2024),2024,Getaround Connect,SUV_COMPACT,SEGMENT_RULES,THERMIQUE,False,61.0,,4.76,33,Puteaux,Paris,Puteaux|Asnières-sur-Seine|Paris 17e,3,38,False,False,,5190,480,11
20260730T110622,A2,v3.3-search-gps,2026-07-31T09:00,2026-07-31T20:00,1136007,https://fr.getaround.com/location-voiture/asnieres-sur-seine/dacia-jogger-1136007,Dacia Jogger (2022),2022,Getaround Connect,MONOSPACE,SEGMENT_RULES,THERMIQUE,False,104.0,,4.81,82,Puteaux,Asnieres Sur Seine,Puteaux|Asnières-sur-Seine|Paris 17e,3,38,False,False,,3150,480,11
20260730T110622,A2,v3.3-search-gps,2026-07-31T09:00,2026-07-31T20:00,1787779,https://fr.getaround.com/location-voiture/paris/peugeot-208-1787779,Peugeot 208 (2025),2025,Getaround Connect,CITADINE,SEGMENT_RULES,THERMIQUE,False,84.0,,3.7,10,Puteaux,Paris,Puteaux|Asnières-sur-Seine|Paris 17e,3,38,False,False,,6130,480,11
20260730T110622,A2,v3.3-search-gps,2026-07-31T09:00,2026-07-31T20:00,1820551,https://fr.getaround.com/location-voiture/courbevoie/peugeot-208-1820551,Peugeot 208 (2013),2013,Sur rendez-vous,CITADINE,SEGMENT_RULES,THERMIQUE,False,67.0,,4.67,3,Puteaux,Courbevoie,Puteaux|Asnières-sur-Seine|Paris 17e,3,39,False,False,,1300,480,11
20260730T110622,A2,v3.3-search-gps,2026-07-31T09:00,2026-07-31T20:00,1650506,https://fr.getaround.com/location-voiture/paris/volkswagen-t-cross-1650506,Volkswagen T-Cross (2024),2024,Getaround Connect,SUV_COMPACT,SEGMENT_RULES,THERMIQUE,False,61.0,,4.89,44,Puteaux,Paris,Puteaux|Asnières-sur-Seine|Paris 17e,3,39,False,False,,5890,480,11
20260730T110622,A2,v3.3-search-gps,2026-07-31T09:00,2026-07-31T20:00,1931910,https://fr.getaround.com/location-voiture/la-garenne-colombes/volkswagen-tiguan-1931910,Volkswagen Tiguan (2024),2024,Sur rendez-vous,SUV_FAMILIAL,SEGMENT_RULES,THERMIQUE,False,124.0,,5.0,1,Puteaux,La Garenne Colombes,Puteaux|Asnières-sur-Seine|Paris 17e,3,39,False,False,,3100,480,11
20260730T110622,A2,v3.3-search-gps,2026-07-31T09:00,2026-07-31T20:00,1881941,https://fr.getaround.com/location-voiture/paris/peugeot-2008-1881941,Peugeot 2008 (2026),2026,Getaround Connect,SUV_COMPACT,SEGMENT_RULES,THERMIQUE,False,101.0,,5.0,4,Puteaux,Paris,Puteaux|Asnières-sur-Seine|Paris 17e,3,40,False,False,,6050,480,11
20260730T110622,A2,v3.3-search-gps,2026-07-31T09:00,2026-07-31T20:00,1804181,https://fr.getaround.com/location-voiture/asnieres-sur-seine/skoda-fabia-1804181,Skoda Fabia (2016),2016,Sur rendez-vous,CITADINE,SEGMENT_RULES,THERMIQUE,False,65.0,,4.0,1,Puteaux,Asnieres Sur Seine,Puteaux|Asnières-sur-Seine,2,40,False,False,,4870,480,11
20260730T110622,A2,v3.3-search-gps,2026-07-31T09:00,2026-07-31T20:00,1879290,https://fr.getaround.com/location-voiture/puteaux/mercedes-benz-classe-a-1879290,Mercedes-Benz Classe A (2016),2016,Sur rendez-vous,COMPACTE,SEGMENT_RULES,THERMIQUE,False,110.0,,5.0,6,Puteaux,Puteaux,Puteaux|Asnières-sur-Seine,2,41,False,False,,440,480,11
20260730T110622,A2,v3.3-search-gps,2026-07-31T09:00,2026-07-31T20:00,1377553,https://fr.getaround.com/location-voiture/paris/peugeot-2008-1377553,Peugeot 2008 (2023),2023,Getaround Connect,SUV_COMPACT,SEGMENT_RULES,THERMIQUE,False,75.0,,4.14,51,Puteaux,Paris,Puteaux|Asnières-sur-Seine|Paris 17e,3,41,False,False,,5720,480,11
20260730T110622,A2,v3.3-search-gps,2026-07-31T09:00,2026-07-31T20:00,975881,https://fr.getaround.com/location-voiture/clichy/renault-clio-975881,Renault Clio (2014),2014,Sur rendez-vous,CITADINE,SEGMENT_RULES,THERMIQUE,False,76.0,,4.8,57,Puteaux,Clichy,Puteaux|Asnières-sur-Seine|Paris 17e,3,41,False,False,,4760,480,11
20260730T110622,A2,v3.3-search-gps,2026-07-31T09:00,2026-07-31T20:00,1507810,https://fr.getaround.com/location-voiture/boulogne-billancourt/renault-clio-1507810,Renault Clio (2021),2021,Getaround Connect,CITADINE,SEGMENT_RULES,THERMIQUE,False,45.0,,4.42,58,Puteaux,Boulogne Billancourt,Puteaux|Asnières-sur-Seine|Paris 17e,3,42,False,False,,4530,480,11
20260730T110622,A2,v3.3-search-gps,2026-07-31T09:00,2026-07-31T20:00,1682064,https://fr.getaround.com/location-voiture/colombes/renault-clio-1682064,Renault Clio (2020),2020,Getaround Connect,CITADINE,SEGMENT_RULES,THERMIQUE,False,79.0,,4.95,37,Puteaux,Colombes,Puteaux|Asnières-sur-Seine,2,42,False,False,,4380,480,11
20260730T110622,A2,v3.3-search-gps,2026-07-31T09:00,2026-07-31T20:00,1584797,https://fr.getaround.com/location-voiture/paris/volkswagen-polo-1584797,Volkswagen Polo (2016),2016,Getaround Connect,CITADINE,SEGMENT_RULES,THERMIQUE,False,85.0,,4.43,28,Puteaux,Paris,Puteaux|Asnières-sur-Seine|Paris 17e,3,42,False,False,,6080,480,11
20260730T110622,A2,v3.3-search-gps,2026-07-31T09:00,2026-07-31T20:00,1273046,https://fr.getaround.com/location-voiture/paris/volkswagen-up-1273046,Volkswagen Up! (2016),2016,Getaround Connect,MICRO_CITADINE,SEGMENT_RULES,THERMIQUE,False,66.0,,4.65,72,Puteaux,Paris,Puteaux|Asnières-sur-Seine|Paris 17e,3,43,False,False,,6540,480,11
20260730T110622,A2,v3.3-search-gps,2026-07-31T09:00,2026-07-31T20:00,1660563,https://fr.getaround.com/location-voiture/suresnes/peugeot-208-1660563,Peugeot 208 (2018),2018,Getaround Connect,CITADINE,SEGMENT_RULES,THERMIQUE,False,79.0,,4.83,35,Puteaux,Suresnes,Puteaux|Asnières-sur-Seine,2,45,False,False,,2190,480,11
20260730T110622,A2,v3.3-search-gps,2026-07-31T09:00,2026-07-31T20:00,1787785,https://fr.getaround.com/location-voiture/paris/peugeot-208-1787785,Peugeot 208 (2025),2025,Getaround Connect,CITADINE,SEGMENT_RULES,THERMIQUE,False,89.0,,4.57,21,Puteaux,Paris,Puteaux|Asnières-sur-Seine|Paris 17e,3,45,False,False,,6430,480,11
20260730T110622,A2,v3.3-search-gps,2026-07-31T09:00,2026-07-31T20:00,1619882,https://fr.getaround.com/location-voiture/la-garenne-colombes/fiat-500-1619882,Fiat 500 (2014),2014,Getaround Connect,CITADINE,SEGMENT_RULES,THERMIQUE,False,66.0,,4.89,66,Puteaux,La Garenne Colombes,Puteaux|Asnières-sur-Seine|Paris 17e,3,46,False,False,,2870,480,11
20260730T110622,A2,v3.3-search-gps,2026-07-31T09:00,2026-07-31T20:00,1706810,https://fr.getaround.com/location-voiture/argenteuil/renault-twingo-ii-1706810,Renault Twingo II (2014),2014,Getaround Connect,CITADINE,SEGMENT_RULES,THERMIQUE,False,42.0,,4.93,15,Puteaux,Argenteuil,Puteaux|Asnières-sur-Seine,2,46,False,False,,6680,480,11
20260730T110622,A2,v3.3-search-gps,2026-07-31T09:00,2026-07-31T20:00,1770446,https://fr.getaround.com/location-voiture/rueil-malmaison/renault-5-e-tech-1770446,Renault 5 E-Tech (2025),2025,Getaround Connect,CITADINE,SEGMENT_RULES,ELECTRIQUE,False,71.0,,3.9,10,Puteaux,Rueil Malmaison,Puteaux|Asnières-sur-Seine,2,47,False,False,,2880,480,11
20260730T110622,A2,v3.3-search-gps,2026-07-31T09:00,2026-07-31T20:00,1589804,https://fr.getaround.com/location-voiture/clichy/citroen-c3-societe-1589804,Citroen C3 Société (2018),2018,Getaround Connect,CITADINE,SEGMENT_RULES,THERMIQUE,False,74.0,,4.64,44,Puteaux,Clichy,Puteaux|Asnières-sur-Seine|Paris 17e,3,47,False,False,,5400,480,11
20260730T110622,A2,v3.3-search-gps,2026-07-31T09:00,2026-07-31T20:00,1401103,https://fr.getaround.com/location-voiture/paris/peugeot-2008-1401103,Peugeot 2008 (2023),2023,Getaround Connect,SUV_COMPACT,SEGMENT_RULES,THERMIQUE,False,86.0,,4.67,63,Puteaux,Paris,Puteaux|Asnières-sur-Seine|Paris 17e,3,47,False,False,,4780,480,11
20260730T110622,A2,v3.3-search-gps,2026-07-31T09:00,2026-07-31T20:00,1666438,https://fr.getaround.com/location-voiture/paris/peugeot-208-1666438,Peugeot 208 (2025),2025,Getaround Connect,CITADINE,SEGMENT_RULES,THERMIQUE,False,89.0,,4.5,32,Puteaux,Paris,Puteaux|Asnières-sur-Seine|Paris 17e,3,48,False,False,,6280,480,11
20260730T110622,A2,v3.3-search-gps,2026-07-31T09:00,2026-07-31T20:00,1893886,https://fr.getaround.com/location-voiture/puteaux/volkswagen-passat-1893886,Volkswagen Passat (2013),2013,Sur rendez-vous,BERLINE,SEGMENT_RULES,THERMIQUE,False,83.0,,,,Puteaux,Puteaux,Puteaux|Asnières-sur-Seine,2,49,False,False,,360,480,11
20260730T110622,A2,v3.3-search-gps,2026-07-31T09:00,2026-07-31T20:00,1231848,https://fr.getaround.com/location-voiture/paris/peugeot-2008-1231848,Peugeot 2008 (2023),2023,Getaround Connect,SUV_COMPACT,SEGMENT_RULES,THERMIQUE,False,87.0,,4.43,44,Puteaux,Paris,Puteaux|Asnières-sur-Seine|Paris 17e,3,49,False,False,,6280,480,11
20260730T110622,A2,v3.3-search-gps,2026-07-31T09:00,2026-07-31T20:00,1831570,https://fr.getaround.com/location-voiture/asnieres-sur-seine/citroen-c4-1831570,Citroen C4 (2016),2016,Getaround Connect,COMPACTE,SEGMENT_RULES,THERMIQUE,False,91.0,,4.83,6,Puteaux,Asnieres Sur Seine,Puteaux|Asnières-sur-Seine|Paris 17e,3,49,False,False,,6410,480,11
20260730T110622,A2,v3.3-search-gps,2026-07-31T09:00,2026-07-31T20:00,730131,https://fr.getaround.com/location-voiture/boulogne-billancourt/renault-clio-730131,Renault Clio (2018),2018,Getaround Connect,CITADINE,SEGMENT_RULES,THERMIQUE,False,45.0,,4.12,176,Puteaux,Boulogne Billancourt,Puteaux|Asnières-sur-Seine|Paris 17e,3,50,False,False,,4530,480,11
20260730T110622,A2,v3.3-search-gps,2026-07-31T09:00,2026-07-31T20:00,1865184,https://fr.getaround.com/location-voiture/paris/peugeot-208-1865184,Peugeot 208 (2016),2016,Getaround Connect,CITADINE,SEGMENT_RULES,THERMIQUE,False,73.0,,4.67,12,Puteaux,Paris,Puteaux|Asnières-sur-Seine|Paris 17e,3,50,False,False,,3360,480,11
20260730T110622,A2,v3.3-search-gps,2026-07-31T09:00,2026-07-31T20:00,1387832,https://fr.getaround.com/location-voiture/la-garenne-colombes/renault-clio-1387832,Renault Clio (2014),2014,Getaround Connect,CITADINE,SEGMENT_RULES,THERMIQUE,False,71.0,,4.77,71,Puteaux,La Garenne Colombes,Puteaux|Asnières-sur-Seine|Paris 17e,3,51,False,False,,2730,480,11
20260730T110622,A2,v3.3-search-gps,2026-07-31T09:00,2026-07-31T20:00,1911327,https://fr.getaround.com/location-voiture/paris/citroen-c4-grand-spacetourer-1911327,Citroen C4 Grand Spacetourer (2022),2022,Getaround Connect,COMPACTE,SEGMENT_RULES,THERMIQUE,False,92.0,,,,Puteaux,Paris,Puteaux|Asnières-sur-Seine|Paris 17e,3,51,False,False,,5720,480,11
20260730T110622,A2,v3.3-search-gps,2026-07-31T09:00,2026-07-31T20:00,1708981,https://fr.getaround.com/location-voiture/paris/peugeot-3008-1708981,Peugeot 3008 (2020),2020,Getaround Connect,SUV_FAMILIAL,SEGMENT_RULES,THERMIQUE,False,67.0,,4.78,27,Puteaux,Paris,Puteaux|Asnières-sur-Seine|Paris 17e,3,52,False,False,,5190,480,11
20260730T110622,A2,v3.3-search-gps,2026-07-31T09:00,2026-07-31T20:00,1510468,https://fr.getaround.com/location-voiture/colombes/opel-grandland-x-1510468,Opel Grandland X (2019),2019,Sur rendez-vous,SUV_FAMILIAL,SEGMENT_RULES,THERMIQUE,False,100.0,,5.0,19,Puteaux,Colombes,Puteaux|Asnières-sur-Seine|Paris 17e,3,52,False,False,,4110,480,11
20260730T110622,A2,v3.3-search-gps,2026-07-31T09:00,2026-07-31T20:00,1650517,https://fr.getaround.com/location-voiture/paris/volkswagen-t-cross-1650517,Volkswagen T-Cross (2024),2024,Getaround Connect,SUV_COMPACT,SEGMENT_RULES,THERMIQUE,False,61.0,,4.62,37,Puteaux,Paris,Puteaux|Asnières-sur-Seine|Paris 17e,3,53,False,False,,6030,480,11
20260730T110622,A2,v3.3-search-gps,2026-07-31T09:00,2026-07-31T20:00,846327,https://fr.getaround.com/location-voiture/paris/volkswagen-polo-846327,Volkswagen Polo (2021),2021,Getaround Connect,CITADINE,SEGMENT_RULES,THERMIQUE,False,62.0,,4.3,148,Asnières-sur-Seine,Paris,Asnières-sur-Seine|Paris 17e,2,53,False,False,,5980,878,21
20260730T110622,A2,v3.3-search-gps,2026-07-31T09:00,2026-07-31T20:00,1204492,https://fr.getaround.com/location-voiture/la-garenne-colombes/dacia-spring-1204492,Dacia Spring (2021),2021,Getaround Connect,COMPACTE,SEGMENT_RULES,THERMIQUE,False,63.0,,4.44,77,Puteaux,La Garenne Colombes,Puteaux|Asnières-sur-Seine|Paris 17e,3,54,False,False,,2730,480,11
20260730T110622,A2,v3.3-search-gps,2026-07-31T09:00,2026-07-31T20:00,711416,https://fr.getaround.com/location-voiture/paris/peugeot-2008-711416,Peugeot 2008 (2019),2019,Getaround Connect,SUV_COMPACT,SEGMENT_RULES,THERMIQUE,False,57.0,,4.0,45,Asnières-sur-Seine,Paris,Asnières-sur-Seine|Paris 17e,2,54,False,False,,5990,878,21
20260730T110622,A2,v3.3-search-gps,2026-07-31T09:00,2026-07-31T20:00,1326860,https://fr.getaround.com/location-voiture/neuilly-sur-seine/renault-megane-1326860,Renault Mégane (2020),2020,Getaround Connect,COMPACTE,SEGMENT_RULES,THERMIQUE,False,83.0,,4.82,47,Puteaux,Neuilly Sur Seine,Puteaux|Asnières-sur-Seine|Paris 17e,3,55,False,False,,3100,480,11
20260730T110622,A2,v3.3-search-gps,2026-07-31T09:00,2026-07-31T20:00,1512441,https://fr.getaround.com/location-voiture/gennevilliers/renault-megane-1512441,Renault Mégane (2013),2013,Getaround Connect,COMPACTE,SEGMENT_RULES,THERMIQUE,False,68.0,,4.43,35,Puteaux,Gennevilliers,Puteaux|Asnières-sur-Seine|Paris 17e,3,55,False,False,,7400,480,11
20260730T110622,A2,v3.3-search-gps,2026-07-31T09:00,2026-07-31T20:00,1816173,https://fr.getaround.com/location-voiture/puteaux/suzuki-ignis-1816173,Suzuki Ignis (2018),2018,Sur rendez-vous,MICRO_CITADINE,SEGMENT_RULES,THERMIQUE,False,73.0,,,,Puteaux,Puteaux,Puteaux|Asnières-sur-Seine,2,56,False,False,,550,480,11
20260730T110622,A2,v3.3-search-gps,2026-07-31T09:00,2026-07-31T20:00,478983,https://fr.getaround.com/location-voiture/paris/renault-clio-478983,Renault Clio (2019),2019,Getaround Connect,CITADINE,SEGMENT_RULES,THERMIQUE,False,54.0,,4.41,206,Asnières-sur-Seine,Paris,Asnières-sur-Seine|Paris 17e,2,56,False,False,,6400,878,21
20260730T110622,A2,v3.3-search-gps,2026-07-31T09:00,2026-07-31T20:00,666328,https://fr.getaround.com/location-voiture/rueil-malmaison/fiat-500-666328,Fiat 500 (2012),2012,Getaround Connect,CITADINE,SEGMENT_RULES,THERMIQUE,False,59.0,,4.66,208,Puteaux,Rueil Malmaison,Puteaux|Asnières-sur-Seine,2,57,False,False,,3910,480,11
20260730T110622,A2,v3.3-search-gps,2026-07-31T09:00,2026-07-31T20:00,1452798,https://fr.getaround.com/location-voiture/paris/peugeot-208-1452798,Peugeot 208 (2023),2023,Getaround Connect,CITADINE,SEGMENT_RULES,THERMIQUE,False,79.0,,4.01,53,Puteaux,Paris,Puteaux|Asnières-sur-Seine|Paris 17e,3,57,False,False,,3580,480,11
20260730T110622,A2,v3.3-search-gps,2026-07-31T09:00,2026-07-31T20:00,1822653,https://fr.getaround.com/location-voiture/houilles/ford-fiesta-1822653,Ford Fiesta (2017),2017,Getaround Connect,CITADINE,SEGMENT_RULES,THERMIQUE,False,53.0,,5.0,15,Puteaux,Houilles,Puteaux|Asnières-sur-Seine,2,58,False,False,,5480,480,11
20260730T110622,A2,v3.3-search-gps,2026-07-31T09:00,2026-07-31T20:00,1687044,https://fr.getaround.com/location-voiture/clichy/peugeot-208-1687044,Peugeot 208 (2015),2015,Getaround Connect,CITADINE,SEGMENT_RULES,THERMIQUE,False,68.0,,2.5,2,Puteaux,Clichy,Puteaux|Asnières-sur-Seine|Paris 17e,3,58,False,False,,5430,480,11
20260730T110622,A2,v3.3-search-gps,2026-07-31T09:00,2026-07-31T20:00,1650445,https://fr.getaround.com/location-voiture/paris/volkswagen-t-cross-1650445,Volkswagen T-Cross (2024),2024,Getaround Connect,SUV_COMPACT,SEGMENT_RULES,THERMIQUE,False,80.0,,4.0,32,Puteaux,Paris,Puteaux|Asnières-sur-Seine|Paris 17e,3,58,False,False,,5720,480,11
20260730T110622,A2,v3.3-search-gps,2026-07-31T09:00,2026-07-31T20:00,985204,https://fr.getaround.com/location-voiture/paris/renault-clio-985204,Renault Clio (2021),2021,Getaround Connect,CITADINE,SEGMENT_RULES,THERMIQUE,False,52.0,,4.36,105,Asnières-sur-Seine,Paris,Asnières-sur-Seine|Paris 17e,2,59,False,False,,6840,878,21
20260730T110622,A2,v3.3-search-gps,2026-07-31T09:00,2026-07-31T20:00,1253213,https://fr.getaround.com/location-voiture/houilles/peugeot-208-1253213,Peugeot 208 (2023),2023,Getaround Connect,CITADINE,SEGMENT_RULES,THERMIQUE,False,60.0,,4.72,46,Puteaux,Houilles,Puteaux|Asnières-sur-Seine,2,60,False,False,,5590,480,11
20260730T110622,A2,v3.3-search-gps,2026-07-31T09:00,2026-07-31T20:00,960847,https://fr.getaround.com/location-voiture/levallois-perret/renault-clio-960847,Renault Clio (2014),2014,Getaround Connect,CITADINE,SEGMENT_RULES,THERMIQUE,False,73.0,,4.85,115,Puteaux,Levallois Perret,Puteaux|Asnières-sur-Seine|Paris 17e,3,60,False,False,,3470,480,11
20260730T110622,A2,v3.3-search-gps,2026-07-31T09:00,2026-07-31T20:00,1797747,https://fr.getaround.com/location-voiture/asnieres-sur-seine/peugeot-5008-1797747,Peugeot 5008 (2019),2019,Getaround Connect,MONOSPACE,SEGMENT_RULES,THERMIQUE,False,126.0,,4.14,7,Puteaux,Asnieres Sur Seine,Puteaux|Asnières-sur-Seine|Paris 17e,3,61,False,False,,3260,480,11
20260730T110622,A2,v3.3-search-gps,2026-07-31T09:00,2026-07-31T20:00,1634842,https://fr.getaround.com/location-voiture/paris/peugeot-3008-1634842,Peugeot 3008 (2020),2020,Getaround Connect,SUV_FAMILIAL,SEGMENT_RULES,THERMIQUE,False,67.0,,4.55,33,Asnières-sur-Seine,Paris,Asnières-sur-Seine|Paris 17e,2,61,False,False,,7330,878,21
20260730T110622,A2,v3.3-search-gps,2026-07-31T09:00,2026-07-31T20:00,1056821,https://fr.getaround.com/location-voiture/la-garenne-colombes/fiat-500-c-1056821,Fiat 500 C (2016),2016,Getaround Connect,CABRIOLET,SEGMENT_RULES,THERMIQUE,False,80.0,,4.89,82,Puteaux,La Garenne Colombes,Puteaux|Asnières-sur-Seine|Paris 17e,3,62,False,False,,2730,480,11
20260730T110622,A2,v3.3-search-gps,2026-07-31T09:00,2026-07-31T20:00,1792415,https://fr.getaround.com/location-voiture/courbevoie/toyota-yaris-hybride-1792415,Toyota Yaris Hybride (2018),2018,Sur rendez-vous,CITADINE,SEGMENT_RULES,HYBRIDE,False,63.0,,5.0,1,Puteaux,Courbevoie,Puteaux|Asnières-sur-Seine|Paris 17e,3,62,False,False,,3480,480,11
20260730T110622,A2,v3.3-search-gps,2026-07-31T09:00,2026-07-31T20:00,1351756,https://fr.getaround.com/location-voiture/paris/peugeot-2008-1351756,Peugeot 2008 (2023),2023,Getaround Connect,SUV_COMPACT,SEGMENT_RULES,THERMIQUE,False,75.0,,3.68,36,Puteaux,Paris,Puteaux|Asnières-sur-Seine|Paris 17e,3,62,False,False,,5580,480,11
20260730T110622,A2,v3.3-search-gps,2026-07-31T09:00,2026-07-31T20:00,1621839,https://fr.getaround.com/location-voiture/levallois-perret/peugeot-308-sw-1621839,Peugeot 308 SW (2018),2018,Getaround Connect,BREAK,SEGMENT_RULES,THERMIQUE,False,83.0,,4.7,37,Puteaux,Levallois Perret,Puteaux|Asnières-sur-Seine|Paris 17e,3,63,False,False,,3150,480,11
20260730T110622,A2,v3.3-search-gps,2026-07-31T09:00,2026-07-31T20:00,1631655,https://fr.getaround.com/location-voiture/levallois-perret/opel-corsa-1631655,Opel Corsa (2024),2024,Getaround Connect,CITADINE,SEGMENT_RULES,THERMIQUE,False,84.0,,4.66,29,Puteaux,Levallois Perret,Puteaux|Asnières-sur-Seine|Paris 17e,3,63,False,False,,4540,480,11
20260730T110622,A2,v3.3-search-gps,2026-07-31T09:00,2026-07-31T20:00,1675488,https://fr.getaround.com/location-voiture/paris/peugeot-208-1675488,Peugeot 208 (2025),2025,Getaround Connect,CITADINE,SEGMENT_RULES,THERMIQUE,False,89.0,,4.59,34,Puteaux,Paris,Puteaux|Asnières-sur-Seine|Paris 17e,3,64,False,False,,3580,480,11
20260730T110622,A2,v3.3-search-gps,2026-07-31T09:00,2026-07-31T20:00,1658296,https://fr.getaround.com/location-voiture/paris/bmw-serie-1-1658296,BMW Série 1 (2025),2025,Getaround Connect,COMPACTE,SEGMENT_RULES,THERMIQUE,False,93.0,,4.32,22,Puteaux,Paris,Puteaux|Asnières-sur-Seine|Paris 17e,3,65,False,False,,6900,480,11
20260730T110622,A2,v3.3-search-gps,2026-07-31T09:00,2026-07-31T20:00,1432562,https://fr.getaround.com/location-voiture/paris/citroen-c3-1432562,Citroen C3 (2023),2023,Getaround Connect,CITADINE,SEGMENT_RULES,THERMIQUE,False,79.0,,4.48,45,Puteaux,Paris,Puteaux|Asnières-sur-Seine|Paris 17e,3,66,False,False,,6630,480,11
20260730T110622,A2,v3.3-search-gps,2026-07-31T09:00,2026-07-31T20:00,1492715,https://fr.getaround.com/location-voiture/saint-denis/renault-clio-1492715,Renault Clio (2021),2021,Getaround Connect,CITADINE,SEGMENT_RULES,THERMIQUE,False,44.0,,4.4,56,Asnières-sur-Seine,Saint Denis,Asnières-sur-Seine|Paris 17e,2,66,False,False,,5520,878,21
20260730T110622,A2,v3.3-search-gps,2026-07-31T09:00,2026-07-31T20:00,990274,https://fr.getaround.com/location-voiture/paris/peugeot-208-990274,Peugeot 208 (2022),2022,Getaround Connect,CITADINE,SEGMENT_RULES,THERMIQUE,False,58.0,,4.55,103,Puteaux,Paris,Puteaux|Asnières-sur-Seine|Paris 17e,3,67,False,False,,5890,480,11
20260730T110622,A2,v3.3-search-gps,2026-07-31T09:00,2026-07-31T20:00,828092,https://fr.getaround.com/location-voiture/boulogne-billancourt/toyota-yaris-hybride-828092,Toyota Yaris Hybride (2021),2021,Getaround Connect,CITADINE,SEGMENT_RULES,HYBRIDE,False,47.0,,4.51,77,Puteaux,Boulogne Billancourt,Puteaux|Asnières-sur-Seine|Paris 17e,3,68,False,False,,6050,480,11
20260730T110622,A2,v3.3-search-gps,2026-07-31T09:00,2026-07-31T20:00,1907868,https://fr.getaround.com/location-voiture/neuilly-sur-seine/renault-arkana-evolution-1907868,Renault Arkana Evolution (2022),2022,Getaround Connect,COMPACTE,SEGMENT_RULES,THERMIQUE,False,98.0,,,,Puteaux,Neuilly Sur Seine,Puteaux|Asnières-sur-Seine|Paris 17e,3,69,False,False,,3170,480,11
20260730T110622,A2,v3.3-search-gps,2026-07-31T09:00,2026-07-31T20:00,1864703,https://fr.getaround.com/location-voiture/paris/renault-twingo-iii-1864703,Renault Twingo III (2017),2017,Getaround Connect,CITADINE,SEGMENT_RULES,THERMIQUE,False,52.0,,5.0,2,Asnières-sur-Seine,Paris,Asnières-sur-Seine|Paris 17e,2,70,False,False,,6630,878,21
20260730T110622,A2,v3.3-search-gps,2026-07-31T09:00,2026-07-31T20:00,1932353,https://fr.getaround.com/location-voiture/rueil-malmaison/peugeot-208-1932353,Peugeot 208 (2019),2019,Getaround Connect,CITADINE,SEGMENT_RULES,THERMIQUE,False,73.0,,,,Puteaux,Rueil Malmaison,Puteaux|Asnières-sur-Seine,2,71,False,False,,3170,480,11
20260730T110622,A2,v3.3-search-gps,2026-07-31T09:00,2026-07-31T20:00,1589883,https://fr.getaround.com/location-voiture/neuilly-sur-seine/peugeot-2008-1589883,Peugeot 2008 (2023),2023,Getaround Connect,SUV_COMPACT,SEGMENT_RULES,THERMIQUE,False,69.0,,3.83,44,Puteaux,Neuilly Sur Seine,Puteaux|Asnières-sur-Seine|Paris 17e,3,72,False,False,,2920,480,11
20260730T110622,A2,v3.3-search-gps,2026-07-31T09:00,2026-07-31T20:00,845062,https://fr.getaround.com/location-voiture/paris/renault-clio-845062,Renault Clio (2019),2019,Getaround Connect,CITADINE,SEGMENT_RULES,THERMIQUE,False,52.0,,4.03,144,Asnières-sur-Seine,Paris,Asnières-sur-Seine|Paris 17e,2,72,False,False,,5540,878,21
20260730T110622,A2,v3.3-search-gps,2026-07-31T09:00,2026-07-31T20:00,1646937,https://fr.getaround.com/location-voiture/nanterre/citroen-c3-1646937,Citroen C3 (2021),2021,Getaround Connect,CITADINE,SEGMENT_RULES,THERMIQUE,False,79.0,,4.51,35,Puteaux,Nanterre,Puteaux|Asnières-sur-Seine,2,73,False,False,,2820,480,11
20260730T110622,A2,v3.3-search-gps,2026-07-31T09:00,2026-07-31T20:00,1231308,https://fr.getaround.com/location-voiture/paris/peugeot-208-1231308,Peugeot 208 (2023),2023,Getaround Connect,CITADINE,SEGMENT_RULES,THERMIQUE,False,84.0,,3.93,78,Puteaux,Paris,Puteaux|Asnières-sur-Seine|Paris 17e,3,73,False,False,,3480,480,11
20260730T110622,A2,v3.3-search-gps,2026-07-31T09:00,2026-07-31T20:00,1274902,https://fr.getaround.com/location-voiture/paris/renault-clio-1274902,Renault Clio (2023),2023,Getaround Connect,CITADINE,SEGMENT_RULES,THERMIQUE,False,79.0,,4.02,26,Puteaux,Paris,Puteaux|Asnières-sur-Seine|Paris 17e,3,74,False,False,,5130,480,11
20260730T110622,A2,v3.3-search-gps,2026-07-31T09:00,2026-07-31T20:00,1323655,https://fr.getaround.com/location-voiture/paris/renault-twingo-1323655,Renault Twingo (2020),2020,Getaround Connect,CITADINE,SEGMENT_RULES,THERMIQUE,False,39.0,,4.76,80,Asnières-sur-Seine,Paris,Asnières-sur-Seine|Paris 17e,2,74,False,False,,9420,878,21
20260730T110622,A2,v3.3-search-gps,2026-07-31T09:00,2026-07-31T20:00,1888798,https://fr.getaround.com/location-voiture/paris/volvo-xc40-recharge-1888798,Volvo XC40 Recharge (2022),2022,Sur rendez-vous,SUV_FAMILIAL,SEGMENT_RULES,THERMIQUE,False,143.0,,5.0,2,Puteaux,Paris,Puteaux|Asnières-sur-Seine|Paris 17e,3,75,False,False,,6760,480,11
20260730T110622,A2,v3.3-search-gps,2026-07-31T09:00,2026-07-31T20:00,1442857,https://fr.getaround.com/location-voiture/paris/citroen-c3-1442857,Citroen C3 (2023),2023,Getaround Connect,CITADINE,SEGMENT_RULES,THERMIQUE,False,79.0,,3.86,21,Puteaux,Paris,Puteaux|Asnières-sur-Seine|Paris 17e,3,75,False,False,,5130,480,11
20260730T110622,A2,v3.3-search-gps,2026-07-31T09:00,2026-07-31T20:00,1219231,https://fr.getaround.com/location-voiture/paris/peugeot-208-1219231,Peugeot 208 (2023),2023,Getaround Connect,CITADINE,SEGMENT_RULES,THERMIQUE,False,79.0,,3.82,42,Puteaux,Paris,Puteaux|Asnières-sur-Seine|Paris 17e,3,76,False,False,,3860,480,11
20260730T110622,A2,v3.3-search-gps,2026-07-31T09:00,2026-07-31T20:00,1272472,https://fr.getaround.com/location-voiture/bois-colombes/toyota-yaris-hybride-1272472,Toyota Yaris Hybride (2018),2018,Getaround Connect,CITADINE,SEGMENT_RULES,HYBRIDE,False,99.0,,4.96,83,Puteaux,Bois Colombes,Puteaux|Asnières-sur-Seine,2,76,False,False,,3470,480,11
20260730T110622,A2,v3.3-search-gps,2026-07-31T09:00,2026-07-31T20:00,1336183,https://fr.getaround.com/location-voiture/paris/peugeot-208-1336183,Peugeot 208 (2017),2017,Getaround Connect,CITADINE,SEGMENT_RULES,THERMIQUE,False,58.0,,4.67,44,Puteaux,Paris,Puteaux|Asnières-sur-Seine|Paris 17e,3,77,False,False,,5190,480,11
20260730T110622,A2,v3.3-search-gps,2026-07-31T09:00,2026-07-31T20:00,1713378,https://fr.getaround.com/location-voiture/paris/volkswagen-polo-1713378,Volkswagen Polo (2025),2025,Getaround Connect,CITADINE,SEGMENT_RULES,THERMIQUE,False,109.0,,4.91,11,Puteaux,Paris,Puteaux|Asnières-sur-Seine|Paris 17e,3,77,False,False,,5610,480,11
20260730T110622,A2,v3.3-search-gps,2026-07-31T09:00,2026-07-31T20:00,851209,https://fr.getaround.com/location-voiture/boulogne-billancourt/peugeot-208-851209,Peugeot 208 (2021),2021,Getaround Connect,CITADINE,SEGMENT_RULES,THERMIQUE,False,47.0,,4.44,115,Puteaux,Boulogne Billancourt,Puteaux|Asnières-sur-Seine|Paris 17e,3,78,False,False,,6050,480,11
20260730T110622,A2,v3.3-search-gps,2026-07-31T09:00,2026-07-31T20:00,1917357,https://fr.getaround.com/location-voiture/rueil-malmaison/peugeot-208-1917357,Peugeot 208 (2015),2015,Getaround Connect,CITADINE,SEGMENT_RULES,THERMIQUE,False,70.0,,5.0,5,Puteaux,Rueil Malmaison,Puteaux|Asnières-sur-Seine,2,79,False,False,,3170,480,11
20260730T110622,A2,v3.3-search-gps,2026-07-31T09:00,2026-07-31T20:00,1691386,https://fr.getaround.com/location-voiture/paris/peugeot-208-1691386,Peugeot 208 (2025),2025,Getaround Connect,CITADINE,SEGMENT_RULES,THERMIQUE,False,84.0,,3.14,7,Puteaux,Paris,Puteaux|Asnières-sur-Seine|Paris 17e,3,79,False,False,,3480,480,11
20260730T110622,A2,v3.3-search-gps,2026-07-31T09:00,2026-07-31T20:00,359982,https://fr.getaround.com/location-voiture/boulogne-billancourt/peugeot-2008-359982,Peugeot 2008 (2018),2018,Getaround Connect,SUV_COMPACT,SEGMENT_RULES,THERMIQUE,False,47.0,,4.34,230,Puteaux,Boulogne Billancourt,Puteaux|Asnières-sur-Seine|Paris 17e,3,81,False,False,,5880,480,11
20260730T110622,A2,v3.3-search-gps,2026-07-31T09:00,2026-07-31T20:00,1687875,https://fr.getaround.com/location-voiture/colombes/peugeot-5008-1687875,Peugeot 5008 (2019),2019,Sur rendez-vous,MONOSPACE,SEGMENT_RULES,THERMIQUE,False,137.0,,5.0,14,Puteaux,Colombes,Puteaux|Asnières-sur-Seine|Paris 17e,3,81,False,False,,3590,480,11
20260730T110622,A2,v3.3-search-gps,2026-07-31T09:00,2026-07-31T20:00,1856299,https://fr.getaround.com/location-voiture/paris/renault-clio-1856299,Renault Clio (2019),2019,Getaround Connect,CITADINE,SEGMENT_RULES,THERMIQUE,False,58.0,,,,Asnières-sur-Seine,Paris,Asnières-sur-Seine|Paris 17e,2,81,False,False,,6040,878,21
20260730T110622,A2,v3.3-search-gps,2026-07-31T09:00,2026-07-31T20:00,1041838,https://fr.getaround.com/location-voiture/paris/fiat-panda-1041838,Fiat Panda (2017),2017,Getaround Connect,MICRO_CITADINE,SEGMENT_RULES,THERMIQUE,False,42.0,,4.62,20,Puteaux,Paris,Puteaux|Asnières-sur-Seine|Paris 17e,3,82,False,False,,5190,480,11
20260730T110622,A2,v3.3-search-gps,2026-07-31T09:00,2026-07-31T20:00,1608625,https://fr.getaround.com/location-voiture/paris/toyota-yaris-hybride-1608625,Toyota Yaris Hybride (2024),2024,Getaround Connect,CITADINE,SEGMENT_RULES,HYBRIDE,False,87.0,,5.0,24,Puteaux,Paris,Puteaux|Asnières-sur-Seine|Paris 17e,3,82,False,False,,6500,480,11
20260730T110622,A2,v3.3-search-gps,2026-07-31T09:00,2026-07-31T20:00,1219304,https://fr.getaround.com/location-voiture/houilles/peugeot-2008-1219304,Peugeot 2008 (2023),2023,Getaround Connect,SUV_COMPACT,SEGMENT_RULES,THERMIQUE,False,75.0,,4.57,36,Puteaux,Houilles,Puteaux|Asnières-sur-Seine,2,83,False,False,,5500,480,11
20260730T110622,A2,v3.3-search-gps,2026-07-31T09:00,2026-07-31T20:00,1650452,https://fr.getaround.com/location-voiture/paris/volkswagen-t-cross-1650452,Volkswagen T-Cross (2024),2024,Getaround Connect,SUV_COMPACT,SEGMENT_RULES,THERMIQUE,False,80.0,,3.3,23,Puteaux,Paris,Puteaux|Asnières-sur-Seine|Paris 17e,3,83,False,False,,5720,480,11
20260730T110622,A2,v3.3-search-gps,2026-07-31T09:00,2026-07-31T20:00,1823084,https://fr.getaround.com/location-voiture/rueil-malmaison/peugeot-208-1823084,Peugeot 208 (2016),2016,Getaround Connect,CITADINE,SEGMENT_RULES,THERMIQUE,False,70.0,,5.0,15,Puteaux,Rueil Malmaison,Puteaux|Asnières-sur-Seine,2,84,False,False,,4200,480,11
20260730T110622,A2,v3.3-search-gps,2026-07-31T09:00,2026-07-31T20:00,1579019,https://fr.getaround.com/location-voiture/paris/renault-clio-e-tech-1579019,Renault Clio E-tech (2020),2020,Getaround Connect,CITADINE,SEGMENT_RULES,ELECTRIQUE,False,64.0,,4.75,63,Asnières-sur-Seine,Paris,Asnières-sur-Seine|Paris 17e,2,84,False,False,,7610,878,21
20260730T110622,A2,v3.3-search-gps,2026-07-31T09:00,2026-07-31T20:00,787195,https://fr.getaround.com/location-voiture/paris/renault-clio-e-tech-787195,Renault Clio E-tech (2020),2020,Getaround Connect,CITADINE,SEGMENT_RULES,ELECTRIQUE,False,57.0,,4.07,116,Puteaux,Paris,Puteaux|Asnières-sur-Seine|Paris 17e,3,85,False,False,,5190,480,11
20260730T110622,A2,v3.3-search-gps,2026-07-31T09:00,2026-07-31T20:00,1926929,https://fr.getaround.com/location-voiture/la-garenne-colombes/citroen-berlingo-multispace-1926929,Citroen Berlingo Multispace (2018),2018,Getaround Connect,MONOSPACE,SEGMENT_RULES,THERMIQUE,False,84.0,,5.0,1,Puteaux,La Garenne Colombes,Puteaux|Asnières-sur-Seine,2,85,False,False,,2990,480,11
20260730T110622,A2,v3.3-search-gps,2026-07-31T09:00,2026-07-31T20:00,823380,https://fr.getaround.com/location-voiture/paris/renault-clio-e-tech-823380,Renault Clio E-tech (2021),2021,Getaround Connect,CITADINE,SEGMENT_RULES,ELECTRIQUE,False,62.0,,4.21,140,Asnières-sur-Seine,Paris,Asnières-sur-Seine|Paris 17e,2,86,False,False,,6440,878,21
20260730T110622,A2,v3.3-search-gps,2026-07-31T09:00,2026-07-31T20:00,1902942,https://fr.getaround.com/location-voiture/rueil-malmaison/peugeot-208-1902942,Peugeot 208 (2015),2015,Getaround Connect,CITADINE,SEGMENT_RULES,THERMIQUE,False,70.0,,5.0,2,Puteaux,Rueil Malmaison,Puteaux|Asnières-sur-Seine,2,87,False,False,,4200,480,11
20260730T110622,A2,v3.3-search-gps,2026-07-31T09:00,2026-07-31T20:00,1569930,https://fr.getaround.com/location-voiture/paris/renault-twingo-1569930,Renault Twingo (2019),2019,Sur rendez-vous,CITADINE,SEGMENT_RULES,THERMIQUE,False,86.0,,5.0,4,Puteaux,Paris,Puteaux|Asnières-sur-Seine|Paris 17e,3,87,False,False,,4920,480,11
20260730T110622,A2,v3.3-search-gps,2026-07-31T09:00,2026-07-31T20:00,658168,https://fr.getaround.com/location-voiture/argenteuil/renault-clio-658168,Renault Clio (2018),2018,Getaround Connect,CITADINE,SEGMENT_RULES,THERMIQUE,False,64.0,,4.37,106,Asnières-sur-Seine,Argenteuil,Asnières-sur-Seine,1,88,False,False,,4600,878,21
20260730T110622,A2,v3.3-search-gps,2026-07-31T09:00,2026-07-31T20:00,1442836,https://fr.getaround.com/location-voiture/paris/citroen-c3-1442836,Citroen C3 (2023),2023,Getaround Connect,CITADINE,SEGMENT_RULES,THERMIQUE,False,79.0,,4.84,55,Asnières-sur-Seine,Paris,Asnières-sur-Seine|Paris 17e,2,89,False,False,,4660,878,21
20260730T110622,A2,v3.3-search-gps,2026-07-31T09:00,2026-07-31T20:00,676257,https://fr.getaround.com/location-voiture/paris/renault-clio-estate-676257,Renault Clio Estate (2011),2011,Getaround Connect,BREAK,SEGMENT_RULES,THERMIQUE,False,70.0,,4.95,235,Asnières-sur-Seine,Paris,Asnières-sur-Seine|Paris 17e,2,90,False,False,,5390,878,21
20260730T110622,A2,v3.3-search-gps,2026-07-31T09:00,2026-07-31T20:00,1762369,https://fr.getaround.com/location-voiture/paris/renault-captur-1762369,Renault Captur (2024),2024,Getaround Connect,SUV_COMPACT,SEGMENT_RULES,THERMIQUE,False,82.0,,4.57,7,Puteaux,Paris,Puteaux|Asnières-sur-Seine|Paris 17e,3,91,False,False,,3110,480,11
20260730T110622,A2,v3.3-search-gps,2026-07-31T09:00,2026-07-31T20:00,1925584,https://fr.getaround.com/location-voiture/nanterre/land-rover-range-rover-evoque-1925584,Land-Rover Range Rover Evoque (2015),2015,Sur rendez-vous,SUV_FAMILIAL,SEGMENT_RULES,THERMIQUE,False,126.0,,5.0,2,Puteaux,Nanterre,Puteaux|Asnières-sur-Seine,2,92,False,False,,2510,480,11
20260730T110622,A2,v3.3-search-gps,2026-07-31T09:00,2026-07-31T20:00,1881904,https://fr.getaround.com/location-voiture/paris/peugeot-2008-1881904,Peugeot 2008 (2026),2026,Getaround Connect,SUV_COMPACT,SEGMENT_RULES,THERMIQUE,False,101.0,,5.0,5,Puteaux,Paris,Puteaux|Asnières-sur-Seine|Paris 17e,3,92,False,False,,6500,480,11
20260730T110622,A2,v3.3-search-gps,2026-07-31T09:00,2026-07-31T20:00,1721439,https://fr.getaround.com/location-voiture/paris/renault-megane-1721439,Renault Mégane (2019),2019,Getaround Connect,COMPACTE,SEGMENT_RULES,THERMIQUE,False,84.0,,4.68,19,Puteaux,Paris,Puteaux|Asnières-sur-Seine|Paris 17e,3,93,False,False,,3390,480,11
20260730T110622,A2,v3.3-search-gps,2026-07-31T09:00,2026-07-31T20:00,1650510,https://fr.getaround.com/location-voiture/paris/volkswagen-t-cross-1650510,Volkswagen T-Cross (2024),2024,Getaround Connect,SUV_COMPACT,SEGMENT_RULES,THERMIQUE,False,80.0,,4.38,26,Puteaux,Paris,Puteaux|Asnières-sur-Seine|Paris 17e,3,93,False,False,,7200,480,11
20260730T110622,A2,v3.3-search-gps,2026-07-31T09:00,2026-07-31T20:00,1159197,https://fr.getaround.com/location-voiture/paris/citroen-c3-1159197,Citroen C3 (2020),2020,Getaround Connect,CITADINE,SEGMENT_RULES,THERMIQUE,False,52.0,,3.49,67,Puteaux,Paris,Puteaux|Asnières-sur-Seine|Paris 17e,3,93,False,False,,5580,480,11
20260730T110622,A2,v3.3-search-gps,2026-07-31T09:00,2026-07-31T20:00,1268928,https://fr.getaround.com/location-voiture/soisy-sous-montmorency/renault-twingo-ii-1268928,Renault Twingo II (2014),2014,Getaround Connect,CITADINE,SEGMENT_RULES,THERMIQUE,False,44.0,,4.78,29,Asnières-sur-Seine,Soisy Sous Montmorency,Asnières-sur-Seine,1,94,False,False,,7940,878,21
20260730T110622,A2,v3.3-search-gps,2026-07-31T09:00,2026-07-31T20:00,1285003,https://fr.getaround.com/location-voiture/neuilly-sur-seine/renault-grand-scenic-1285003,Renault Grand Scenic (2018),2018,Getaround Connect,MONOSPACE,SEGMENT_RULES,THERMIQUE,False,119.0,,4.92,59,Puteaux,Neuilly Sur Seine,Puteaux|Asnières-sur-Seine|Paris 17e,3,95,False,False,,3050,480,11
20260730T110622,A2,v3.3-search-gps,2026-07-31T09:00,2026-07-31T20:00,1911318,https://fr.getaround.com/location-voiture/paris/citroen-c4-grand-spacetourer-1911318,Citroen C4 Grand Spacetourer (2022),2022,Getaround Connect,COMPACTE,SEGMENT_RULES,THERMIQUE,False,92.0,,,,Puteaux,Paris,Puteaux|Asnières-sur-Seine|Paris 17e,3,97,False,False,,6400,480,11
20260730T110622,A2,v3.3-search-gps,2026-07-31T09:00,2026-07-31T20:00,1915381,https://fr.getaround.com/location-voiture/deuil-la-barre/renault-clio-1915381,Renault Clio (2015),2015,Getaround Connect,CITADINE,SEGMENT_RULES,THERMIQUE,False,51.0,,,,Asnières-sur-Seine,Deuil La Barre,Asnières-sur-Seine,1,97,False,False,,7450,878,21
20260730T110622,A2,v3.3-search-gps,2026-07-31T09:00,2026-07-31T20:00,1338627,https://fr.getaround.com/location-voiture/puteaux/toyota-auris-touring-sports-1338627,Toyota Auris Touring Sports (2018),2018,Sur rendez-vous,BREAK,SEGMENT_RULES,THERMIQUE,False,125.0,,,,Puteaux,Puteaux,Puteaux|Asnières-sur-Seine,2,98,False,False,,660,480,11
20260730T110622,A2,v3.3-search-gps,2026-07-31T09:00,2026-07-31T20:00,1409654,https://fr.getaround.com/location-voiture/levallois-perret/citroen-c4-1409654,Citroen C4 (2015),2015,Getaround Connect,COMPACTE,SEGMENT_RULES,THERMIQUE,False,76.0,,4.33,52,Puteaux,Levallois Perret,Puteaux|Asnières-sur-Seine|Paris 17e,3,98,False,False,,3150,480,11
20260730T110622,A2,v3.3-search-gps,2026-07-31T09:00,2026-07-31T20:00,1452801,https://fr.getaround.com/location-voiture/paris/peugeot-208-1452801,Peugeot 208 (2023),2023,Getaround Connect,CITADINE,SEGMENT_RULES,THERMIQUE,False,79.0,,4.56,41,Puteaux,Paris,Puteaux|Asnières-sur-Seine|Paris 17e,3,98,False,False,,7220,480,11
20260730T110622,A2,v3.3-search-gps,2026-07-31T09:00,2026-07-31T20:00,1648271,https://fr.getaround.com/location-voiture/soisy-sous-montmorency/renault-clio-rs-line-1648271,Renault Clio RS Line (2022),2022,Getaround Connect,CITADINE,SEGMENT_RULES,THERMIQUE,False,86.0,,5.0,26,Asnières-sur-Seine,Soisy Sous Montmorency,Asnières-sur-Seine,1,99,False,False,,6930,878,21
20260730T110622,A2,v3.3-search-gps,2026-07-31T09:00,2026-07-31T20:00,1668619,https://fr.getaround.com/location-voiture/paris/peugeot-2008-1668619,Peugeot 2008 (2021),2021,Getaround Connect,SUV_COMPACT,SEGMENT_RULES,THERMIQUE,False,67.0,,4.59,27,Asnières-sur-Seine,Paris,Asnières-sur-Seine|Paris 17e,2,99,False,False,,8060,878,21
20260730T110622,A2,v3.3-search-gps,2026-07-31T09:00,2026-07-31T20:00,1650443,https://fr.getaround.com/location-voiture/paris/volkswagen-t-cross-1650443,Volkswagen T-Cross (2024),2024,Getaround Connect,SUV_COMPACT,SEGMENT_RULES,THERMIQUE,False,80.0,,4.57,35,Puteaux,Paris,Puteaux|Asnières-sur-Seine|Paris 17e,3,100,False,False,,3930,480,11
20260730T110622,A2,v3.3-search-gps,2026-07-31T09:00,2026-07-31T20:00,1613045,https://fr.getaround.com/location-voiture/puteaux/toyota-corolla-break-hybride-1613045,Toyota Corolla Break Hybride (2020),2020,Sur rendez-vous,BREAK,SEGMENT_RULES,HYBRIDE,False,100.0,,,,Puteaux,Puteaux,Puteaux|Asnières-sur-Seine,2,101,False,False,,660,480,11
20260730T110622,A2,v3.3-search-gps,2026-07-31T09:00,2026-07-31T20:00,693323,https://fr.getaround.com/location-voiture/argenteuil/renault-clio-693323,Renault Clio (2017),2017,Getaround Connect,CITADINE,SEGMENT_RULES,THERMIQUE,False,64.0,,4.29,124,Asnières-sur-Seine,Argenteuil,Asnières-sur-Seine,1,101,False,False,,4600,878,21
20260730T110622,A2,v3.3-search-gps,2026-07-31T09:00,2026-07-31T20:00,1030151,https://fr.getaround.com/location-voiture/paris/peugeot-2008-1030151,Peugeot 2008 (2016),2016,Getaround Connect,SUV_COMPACT,SEGMENT_RULES,THERMIQUE,False,64.0,,3.84,104,Asnières-sur-Seine,Paris,Asnières-sur-Seine|Paris 17e,2,101,False,False,,5990,878,21
20260730T110622,A2,v3.3-search-gps,2026-07-31T09:00,2026-07-31T20:00,1553158,https://fr.getaround.com/location-voiture/colombes/citroen-c3-1553158,Citroen C3 (2019),2019,Getaround Connect,CITADINE,SEGMENT_RULES,THERMIQUE,False,79.0,,5.0,34,Puteaux,Colombes,Puteaux|Asnières-sur-Seine,2,102,False,False,,3620,480,11
20260730T110622,A2,v3.3-search-gps,2026-07-31T09:00,2026-07-31T20:00,1921213,https://fr.getaround.com/location-voiture/paris/peugeot-208-1921213,Peugeot 208 (2026),2026,Getaround Connect,CITADINE,SEGMENT_RULES,THERMIQUE,False,73.0,,,,Puteaux,Paris,Puteaux|Asnières-sur-Seine|Paris 17e,3,102,False,False,,7210,480,11
20260730T110622,A2,v3.3-search-gps,2026-07-31T09:00,2026-07-31T20:00,1864896,https://fr.getaround.com/location-voiture/epinay-sur-seine/renault-clio-rs-line-1864896,Renault Clio RS Line (2022),2022,Getaround Connect,CITADINE,SEGMENT_RULES,THERMIQUE,False,86.0,,,,Asnières-sur-Seine,Epinay Sur Seine,Asnières-sur-Seine,1,103,False,False,,4520,878,21
20260730T110622,A2,v3.3-search-gps,2026-07-31T09:00,2026-07-31T20:00,985117,https://fr.getaround.com/location-voiture/paris/peugeot-208-985117,Peugeot 208 (2021),2021,Getaround Connect,CITADINE,SEGMENT_RULES,THERMIQUE,False,52.0,,4.05,114,Puteaux,Paris,Puteaux|Asnières-sur-Seine|Paris 17e,3,104,False,False,,5420,480,11
20260730T110622,A2,v3.3-search-gps,2026-07-31T09:00,2026-07-31T20:00,1737221,https://fr.getaround.com/location-voiture/argenteuil/renault-twingo-ii-1737221,Renault Twingo II (2014),2014,Getaround Connect,CITADINE,SEGMENT_RULES,THERMIQUE,False,55.0,,4.76,17,Puteaux,Argenteuil,Puteaux|Asnières-sur-Seine|Paris 17e,3,104,False,False,,6750,480,11
20260730T110622,A2,v3.3-search-gps,2026-07-31T09:00,2026-07-31T20:00,558456,https://fr.getaround.com/location-voiture/nanterre/citroen-c3-558456,Citroen C3 (2015),2015,Sur rendez-vous,CITADINE,SEGMENT_RULES,THERMIQUE,False,75.0,,4.72,99,Puteaux,Nanterre,Puteaux|Asnières-sur-Seine,2,105,False,False,,2100,480,11
20260730T110622,A2,v3.3-search-gps,2026-07-31T09:00,2026-07-31T20:00,1105416,https://fr.getaround.com/location-voiture/paris/renault-zoe-1105416,Renault ZOE (2020),2020,Getaround Connect,CITADINE,SEGMENT_RULES,ELECTRIQUE,False,90.0,,4.65,57,Puteaux,Paris,Puteaux|Asnières-sur-Seine|Paris 17e,3,105,False,False,,6170,480,11
20260730T110622,A2,v3.3-search-gps,2026-07-31T09:00,2026-07-31T20:00,1191742,https://fr.getaround.com/location-voiture/paris/renault-clio-1191742,Renault Clio (2020),2020,Getaround Connect,CITADINE,SEGMENT_RULES,THERMIQUE,False,58.0,,4.71,58,Asnières-sur-Seine,Paris,Asnières-sur-Seine|Paris 17e,2,106,False,False,,7610,878,21
20260730T110622,A2,v3.3-search-gps,2026-07-31T09:00,2026-07-31T20:00,1691377,https://fr.getaround.com/location-voiture/paris/peugeot-208-1691377,Peugeot 208 (2025),2025,Getaround Connect,CITADINE,SEGMENT_RULES,THERMIQUE,False,89.0,,4.8,30,Asnières-sur-Seine,Paris,Asnières-sur-Seine|Paris 17e,2,107,False,False,,4830,878,21
20260730T110622,A2,v3.3-search-gps,2026-07-31T09:00,2026-07-31T20:00,1660671,https://fr.getaround.com/location-voiture/rueil-malmaison/renault-twingo-iii-1660671,Renault Twingo III (2016),2016,Getaround Connect,CITADINE,SEGMENT_RULES,THERMIQUE,False,60.0,,5.0,18,Puteaux,Rueil Malmaison,Puteaux|Asnières-sur-Seine,2,108,False,False,,5630,480,11
20260730T110622,A2,v3.3-search-gps,2026-07-31T09:00,2026-07-31T20:00,1901768,https://fr.getaround.com/location-voiture/paris/toyota-corolla-break-hybride-1901768,Toyota Corolla Break Hybride (2022),2022,Getaround Connect,BREAK,SEGMENT_RULES,HYBRIDE,False,79.0,,,,Asnières-sur-Seine,Paris,Asnières-sur-Seine|Paris 17e,2,108,False,False,,6040,878,21
20260730T110622,A2,v3.3-search-gps,2026-07-31T09:00,2026-07-31T20:00,1752835,https://fr.getaround.com/location-voiture/paris/citroen-c3-1752835,Citroen C3 (2019),2019,Getaround Connect,CITADINE,SEGMENT_RULES,THERMIQUE,False,58.0,,4.11,18,Asnières-sur-Seine,Paris,Asnières-sur-Seine|Paris 17e,2,109,False,False,,7330,878,21
20260730T110622,A2,v3.3-search-gps,2026-07-31T09:00,2026-07-31T20:00,1914172,https://fr.getaround.com/location-voiture/saint-cloud/renault-clio-1914172,Renault Clio (2016),2016,Getaround Connect,CITADINE,SEGMENT_RULES,THERMIQUE,False,70.0,,5.0,4,Puteaux,Saint Cloud,Puteaux|Asnières-sur-Seine,2,110,False,False,,4330,480,11
20260730T110622,A2,v3.3-search-gps,2026-07-31T09:00,2026-07-31T20:00,1934966,https://fr.getaround.com/location-voiture/courbevoie/renault-arkana-business-1934966,Renault Arkana Business (2021),2021,Sur rendez-vous,COMPACTE,SEGMENT_RULES,THERMIQUE,False,101.0,,5.0,1,Puteaux,Courbevoie,Puteaux|Asnières-sur-Seine,2,111,False,False,,1910,480,11
20260730T110622,A2,v3.3-search-gps,2026-07-31T09:00,2026-07-31T20:00,1478188,https://fr.getaround.com/location-voiture/paris/renault-clio-e-tech-1478188,Renault Clio E-tech (2020),2020,Getaround Connect,CITADINE,SEGMENT_RULES,ELECTRIQUE,False,58.0,,3.17,18,Puteaux,Paris,Puteaux|Asnières-sur-Seine|Paris 17e,3,111,False,False,,5750,480,11
20260730T110622,A2,v3.3-search-gps,2026-07-31T09:00,2026-07-31T20:00,1535149,https://fr.getaround.com/location-voiture/boulogne-billancourt/toyota-auris-1535149,Toyota Auris (2017),2017,Getaround Connect,COMPACTE,SEGMENT_RULES,THERMIQUE,False,76.0,,4.93,76,Puteaux,Boulogne Billancourt,Puteaux|Asnières-sur-Seine|Paris 17e,3,112,False,False,,5470,480,11
20260730T110622,A2,v3.3-search-gps,2026-07-31T09:00,2026-07-31T20:00,1881888,https://fr.getaround.com/location-voiture/paris/peugeot-2008-1881888,Peugeot 2008 (2026),2026,Getaround Connect,SUV_COMPACT,SEGMENT_RULES,THERMIQUE,False,94.0,,3.0,2,Puteaux,Paris,Puteaux|Asnières-sur-Seine|Paris 17e,3,112,False,False,,6800,480,11
20260730T110622,A2,v3.3-search-gps,2026-07-31T09:00,2026-07-31T20:00,1573156,https://fr.getaround.com/location-voiture/nanterre/ford-fiesta-1573156,Ford Fiesta (2014),2014,Getaround Connect,CITADINE,SEGMENT_RULES,THERMIQUE,False,76.0,,4.86,75,Puteaux,Nanterre,Puteaux|Asnières-sur-Seine,2,113,False,False,,4040,480,11
20260730T110622,A2,v3.3-search-gps,2026-07-31T09:00,2026-07-31T20:00,653362,https://fr.getaround.com/location-voiture/paris/renault-clio-653362,Renault Clio (2017),2017,Getaround Connect,CITADINE,SEGMENT_RULES,THERMIQUE,False,42.0,,4.82,203,Paris 17e,Paris,Paris 17e,1,114,False,False,,7480,982,50
20260730T110622,A2,v3.3-search-gps,2026-07-31T09:00,2026-07-31T20:00,1762368,https://fr.getaround.com/location-voiture/paris/renault-captur-1762368,Renault Captur (2024),2024,Getaround Connect,SUV_COMPACT,SEGMENT_RULES,THERMIQUE,False,78.0,,4.11,9,Puteaux,Paris,Puteaux|Asnières-sur-Seine|Paris 17e,3,115,False,False,,3980,480,11
20260730T110622,A2,v3.3-search-gps,2026-07-31T09:00,2026-07-31T20:00,851260,https://fr.getaround.com/location-voiture/saint-ouen/skoda-fabia-851260,Skoda Fabia (2021),2021,Getaround Connect,CITADINE,SEGMENT_RULES,THERMIQUE,False,79.0,,4.93,143,Puteaux,Saint Ouen,Puteaux|Asnières-sur-Seine|Paris 17e,3,116,False,False,,7220,480,11
20260730T110622,A2,v3.3-search-gps,2026-07-31T09:00,2026-07-31T20:00,1543440,https://fr.getaround.com/location-voiture/aubervilliers/volkswagen-polo-1543440,Volkswagen Polo (2014),2014,Sur rendez-vous,CITADINE,SEGMENT_RULES,THERMIQUE,False,70.0,,5.0,13,Asnières-sur-Seine,Aubervilliers,Asnières-sur-Seine|Paris 17e,2,117,False,False,,6010,878,21
20260730T110622,A2,v3.3-search-gps,2026-07-31T09:00,2026-07-31T20:00,1326913,https://fr.getaround.com/location-voiture/paris/bmw-serie-1-1326913,BMW Série 1 (2023),2023,Getaround Connect,COMPACTE,SEGMENT_RULES,THERMIQUE,False,85.0,,4.78,18,Asnières-sur-Seine,Paris,Asnières-sur-Seine|Paris 17e,2,117,False,False,,6440,878,21
20260730T110622,A2,v3.3-search-gps,2026-07-31T09:00,2026-07-31T20:00,1476506,https://fr.getaround.com/location-voiture/paris/peugeot-3008-1476506,Peugeot 3008 (2021),2021,Getaround Connect,SUV_FAMILIAL,SEGMENT_RULES,THERMIQUE,False,79.0,,3.9,53,Puteaux,Paris,Puteaux|Asnières-sur-Seine|Paris 17e,3,119,False,False,,4220,480,11
20260730T110622,A2,v3.3-search-gps,2026-07-31T09:00,2026-07-31T20:00,1881892,https://fr.getaround.com/location-voiture/paris/peugeot-2008-1881892,Peugeot 2008 (2026),2026,Getaround Connect,SUV_COMPACT,SEGMENT_RULES,THERMIQUE,False,101.0,,5.0,3,Puteaux,Paris,Puteaux|Asnières-sur-Seine|Paris 17e,3,119,False,False,,6630,480,11
20260730T110622,A2,v3.3-search-gps,2026-07-31T09:00,2026-07-31T20:00,1711649,https://fr.getaround.com/location-voiture/deuil-la-barre/citroen-c4-1711649,Citroen C4 (2016),2016,Getaround Connect,COMPACTE,SEGMENT_RULES,THERMIQUE,False,63.0,,4.8,15,Asnières-sur-Seine,Deuil La Barre,Asnières-sur-Seine,1,119,False,False,,6310,878,21
20260730T110622,A2,v3.3-search-gps,2026-07-31T09:00,2026-07-31T20:00,1776748,https://fr.getaround.com/location-voiture/bezons/volkswagen-golf-1776748,Volkswagen Golf (2016),2016,Getaround Connect,COMPACTE,SEGMENT_RULES,THERMIQUE,False,78.0,,4.57,14,Puteaux,Bezons,Puteaux|Asnières-sur-Seine,2,120,False,False,,4890,480,11
20260730T110622,A2,v3.3-search-gps,2026-07-31T09:00,2026-07-31T20:00,704187,https://fr.getaround.com/location-voiture/paris/bmw-serie-2-gran-tourer-704187,BMW Série 2 Gran Tourer (2017),2017,Getaround Connect,COMPACTE,SEGMENT_RULES,THERMIQUE,False,69.0,,3.87,170,Asnières-sur-Seine,Paris,Asnières-sur-Seine|Paris 17e,2,120,False,False,,6400,878,21
20260730T110622,A2,v3.3-search-gps,2026-07-31T09:00,2026-07-31T20:00,1937247,https://fr.getaround.com/location-voiture/courbevoie/peugeot-208-1937247,Peugeot 208 (2021),2021,Getaround Connect,CITADINE,SEGMENT_RULES,THERMIQUE,False,73.0,,,,Puteaux,Courbevoie,Puteaux|Asnières-sur-Seine,2,122,False,False,,3650,480,11
20260730T110622,A2,v3.3-search-gps,2026-07-31T09:00,2026-07-31T20:00,722942,https://fr.getaround.com/location-voiture/paris/renault-clio-722942,Renault Clio (2018),2018,Getaround Connect,CITADINE,SEGMENT_RULES,THERMIQUE,False,58.0,,4.68,149,Asnières-sur-Seine,Paris,Asnières-sur-Seine|Paris 17e,2,122,False,False,,7500,878,21
20260730T110622,A2,v3.3-search-gps,2026-07-31T09:00,2026-07-31T20:00,1583946,https://fr.getaround.com/location-voiture/boulogne-billancourt/peugeot-3008-1583946,Peugeot 3008 (2020),2020,Getaround Connect,SUV_FAMILIAL,SEGMENT_RULES,THERMIQUE,False,73.0,,4.26,39,Puteaux,Boulogne Billancourt,Puteaux|Asnières-sur-Seine,2,124,False,False,,4530,480,11
20260730T110622,A2,v3.3-search-gps,2026-07-31T09:00,2026-07-31T20:00,1555694,https://fr.getaround.com/location-voiture/paris/toyota-corolla-break-hybride-1555694,Toyota Corolla Break Hybride (2020),2020,Getaround Connect,BREAK,SEGMENT_RULES,HYBRIDE,False,91.0,,4.65,33,Asnières-sur-Seine,Paris,Asnières-sur-Seine|Paris 17e,2,124,False,False,,4790,878,21
20260730T110622,A2,v3.3-search-gps,2026-07-31T09:00,2026-07-31T20:00,1845844,https://fr.getaround.com/location-voiture/suresnes/hyundai-kona-electric-1845844,Hyundai Kona Electric (2020),2020,Getaround Connect,SUV_COMPACT,SEGMENT_RULES,ELECTRIQUE,False,103.0,,4.5,8,Puteaux,Suresnes,Puteaux|Asnières-sur-Seine,2,126,False,False,,2560,480,11
20260730T110622,A2,v3.3-search-gps,2026-07-31T09:00,2026-07-31T20:00,1323651,https://fr.getaround.com/location-voiture/paris/renault-twingo-1323651,Renault Twingo (2020),2020,Getaround Connect,CITADINE,SEGMENT_RULES,THERMIQUE,False,39.0,,4.58,75,Asnières-sur-Seine,Paris,Asnières-sur-Seine|Paris 17e,2,126,False,False,,11370,878,21
20260730T110622,A2,v3.3-search-gps,2026-07-31T09:00,2026-07-31T20:00,1934280,https://fr.getaround.com/location-voiture/paris/peugeot-208-1934280,Peugeot 208 (2026),2026,Getaround Connect,CITADINE,SEGMENT_RULES,THERMIQUE,False,78.0,,,,Asnières-sur-Seine,Paris,Asnières-sur-Seine|Paris 17e,2,126,False,False,,6090,878,21
20260730T110622,A2,v3.3-search-gps,2026-07-31T09:00,2026-07-31T20:00,1591145,https://fr.getaround.com/location-voiture/chatou/renault-twingo-iii-1591145,Renault Twingo III (2016),2016,Getaround Connect,CITADINE,SEGMENT_RULES,THERMIQUE,False,57.0,,4.55,28,Puteaux,Chatou,Puteaux|Asnières-sur-Seine,2,127,False,False,,5720,480,11
20260730T110622,A2,v3.3-search-gps,2026-07-31T09:00,2026-07-31T20:00,1686169,https://fr.getaround.com/location-voiture/paris/renault-megane-estate-1686169,Renault Mégane Estate (2019),2019,Getaround Connect,BREAK,SEGMENT_RULES,THERMIQUE,False,79.0,,4.22,9,Puteaux,Paris,Puteaux|Asnières-sur-Seine|Paris 17e,3,128,False,False,,3390,480,11
20260730T110622,A2,v3.3-search-gps,2026-07-31T09:00,2026-07-31T20:00,1608623,https://fr.getaround.com/location-voiture/paris/toyota-yaris-hybride-1608623,Toyota Yaris Hybride (2024),2024,Getaround Connect,CITADINE,SEGMENT_RULES,HYBRIDE,False,87.0,,4.56,26,Puteaux,Paris,Puteaux|Asnières-sur-Seine|Paris 17e,3,128,False,False,,7030,480,11
20260730T110622,A2,v3.3-search-gps,2026-07-31T09:00,2026-07-31T20:00,1650434,https://fr.getaround.com/location-voiture/paris/volkswagen-t-cross-1650434,Volkswagen T-Cross (2024),2024,Getaround Connect,SUV_COMPACT,SEGMENT_RULES,THERMIQUE,False,80.0,,4.46,37,Asnières-sur-Seine,Paris,Asnières-sur-Seine|Paris 17e,2,130,False,False,,4990,878,21
20260730T110622,A2,v3.3-search-gps,2026-07-31T09:00,2026-07-31T20:00,1297395,https://fr.getaround.com/location-voiture/sartrouville/renault-clio-1297395,Renault Clio (2014),2014,Getaround Connect,CITADINE,SEGMENT_RULES,THERMIQUE,False,54.0,,4.92,101,Puteaux,Sartrouville,Puteaux|Asnières-sur-Seine,2,131,False,False,,8200,480,11
20260730T110622,A2,v3.3-search-gps,2026-07-31T09:00,2026-07-31T20:00,1708132,https://fr.getaround.com/location-voiture/paris/peugeot-208-1708132,Peugeot 208 (2025),2025,Getaround Connect,CITADINE,SEGMENT_RULES,THERMIQUE,False,89.0,,4.42,19,Puteaux,Paris,Puteaux|Asnières-sur-Seine|Paris 17e,3,132,False,False,,3980,480,11
20260730T110622,A2,v3.3-search-gps,2026-07-31T09:00,2026-07-31T20:00,828175,https://fr.getaround.com/location-voiture/boulogne-billancourt/toyota-corolla-828175,Toyota Corolla (2021),2021,Getaround Connect,COMPACTE,SEGMENT_RULES,THERMIQUE,False,59.0,,4.33,122,Puteaux,Boulogne Billancourt,Puteaux|Asnières-sur-Seine|Paris 17e,3,133,False,False,,5890,480,11
20260730T110622,A2,v3.3-search-gps,2026-07-31T09:00,2026-07-31T20:00,1902907,https://fr.getaround.com/location-voiture/colombes/peugeot-108-1902907,Peugeot 108 (2016),2016,Sur rendez-vous,MICRO_CITADINE,SEGMENT_RULES,THERMIQUE,False,62.0,,,,Puteaux,Colombes,Puteaux|Asnières-sur-Seine,2,133,False,False,,4330,480,11
20260730T110622,A2,v3.3-search-gps,2026-07-31T09:00,2026-07-31T20:00,1932736,https://fr.getaround.com/location-voiture/paris/toyota-yaris-hybride-1932736,Toyota Yaris Hybride (2026),2026,Getaround Connect,CITADINE,SEGMENT_RULES,HYBRIDE,False,87.0,,,,Asnières-sur-Seine,Paris,Asnières-sur-Seine|Paris 17e,2,134,False,False,,6040,878,21
20260730T110622,A2,v3.3-search-gps,2026-07-31T09:00,2026-07-31T20:00,1769812,https://fr.getaround.com/location-voiture/paris/renault-clio-e-tech-1769812,Renault Clio E-tech (2022),2022,Getaround Connect,CITADINE,SEGMENT_RULES,ELECTRIQUE,False,64.0,,4.22,9,Asnières-sur-Seine,Paris,Asnières-sur-Seine|Paris 17e,2,135,False,False,,8730,878,21
20260730T110622,A2,v3.3-search-gps,2026-07-31T09:00,2026-07-31T20:00,1215739,https://fr.getaround.com/location-voiture/paris/peugeot-208-1215739,Peugeot 208 (2023),2023,Getaround Connect,CITADINE,SEGMENT_RULES,THERMIQUE,False,57.0,,4.07,76,Asnières-sur-Seine,Paris,Asnières-sur-Seine|Paris 17e,2,137,False,False,,6850,878,21
20260730T110622,A2,v3.3-search-gps,2026-07-31T09:00,2026-07-31T20:00,1728863,https://fr.getaround.com/location-voiture/paris/citroen-c4-1728863,Citroen C4 (2015),2015,Getaround Connect,COMPACTE,SEGMENT_RULES,THERMIQUE,False,76.0,,4.83,29,Puteaux,Paris,Puteaux|Asnières-sur-Seine|Paris 17e,3,138,False,False,,4190,480,11
20260730T110622,A2,v3.3-search-gps,2026-07-31T09:00,2026-07-31T20:00,1944362,https://fr.getaround.com/location-voiture/colombes/renault-clio-1944362,Renault Clio (2011),2011,Sur rendez-vous,CITADINE,SEGMENT_RULES,THERMIQUE,False,65.0,,,,Puteaux,Colombes,Puteaux|Asnières-sur-Seine,2,138,False,False,,5820,480,11
20260730T110622,A2,v3.3-search-gps,2026-07-31T09:00,2026-07-31T20:00,623886,https://fr.getaround.com/location-voiture/paris/renault-twingo-623886,Renault Twingo (2011),2011,Getaround Connect,CITADINE,SEGMENT_RULES,THERMIQUE,False,49.0,,4.14,86,Asnières-sur-Seine,Paris,Asnières-sur-Seine|Paris 17e,2,138,False,False,,7040,878,21
20260730T110622,A2,v3.3-search-gps,2026-07-31T09:00,2026-07-31T20:00,1807347,https://fr.getaround.com/location-voiture/asnieres-sur-seine/peugeot-308-sw-1807347,Peugeot 308 SW (2019),2019,Sur rendez-vous,BREAK,SEGMENT_RULES,THERMIQUE,False,83.0,,5.0,1,Puteaux,Asnieres Sur Seine,Puteaux|Asnières-sur-Seine,2,139,False,False,,6370,480,11
20260730T110622,A2,v3.3-search-gps,2026-07-31T09:00,2026-07-31T20:00,1510039,https://fr.getaround.com/location-voiture/paris/renault-twingo-1510039,Renault Twingo (2015),2015,Getaround Connect,CITADINE,SEGMENT_RULES,THERMIQUE,False,55.0,,4.35,24,Asnières-sur-Seine,Paris,Asnières-sur-Seine|Paris 17e,2,140,False,False,,6710,878,21
20260730T110622,A2,v3.3-search-gps,2026-07-31T09:00,2026-07-31T20:00,1224557,https://fr.getaround.com/location-voiture/issy-les-moulineaux/peugeot-208-1224557,Peugeot 208 (2023),2023,Getaround Connect,CITADINE,SEGMENT_RULES,THERMIQUE,False,50.0,,4.39,81,Puteaux,Issy Les Moulineaux,Puteaux|Asnières-sur-Seine|Paris 17e,3,141,False,False,,7150,480,11
20260730T110622,A2,v3.3-search-gps,2026-07-31T09:00,2026-07-31T20:00,705443,https://fr.getaround.com/location-voiture/paris/peugeot-208-705443,Peugeot 208 (2020),2020,Getaround Connect,CITADINE,SEGMENT_RULES,THERMIQUE,False,57.0,,4.32,210,Puteaux,Paris,Puteaux|Asnières-sur-Seine|Paris 17e,3,141,False,False,,6860,480,11
20260730T110622,A2,v3.3-search-gps,2026-07-31T09:00,2026-07-31T20:00,1772268,https://fr.getaround.com/location-voiture/paris/peugeot-e-208-gt-1772268,Peugeot e-208 GT (2023),2023,Getaround Connect,CITADINE,SEGMENT_RULES,THERMIQUE,False,104.0,,5.0,9,Puteaux,Paris,Puteaux|Asnières-sur-Seine|Paris 17e,3,142,False,False,,6900,480,11
20260730T110622,A2,v3.3-search-gps,2026-07-31T09:00,2026-07-31T20:00,1793951,https://fr.getaround.com/location-voiture/paris/volkswagen-golf-1793951,Volkswagen Golf (2018),2018,Getaround Connect,COMPACTE,SEGMENT_RULES,THERMIQUE,False,84.0,,4.7,30,Asnières-sur-Seine,Paris,Asnières-sur-Seine|Paris 17e,2,143,False,False,,7560,878,21
20260730T110622,A2,v3.3-search-gps,2026-07-31T09:00,2026-07-31T20:00,1911274,https://fr.getaround.com/location-voiture/paris/citroen-c3-1911274,Citroen C3 (2022),2022,Getaround Connect,CITADINE,SEGMENT_RULES,THERMIQUE,False,52.0,,,,Asnières-sur-Seine,Paris,Asnières-sur-Seine|Paris 17e,2,143,False,False,,5560,878,21
20260730T110622,A2,v3.3-search-gps,2026-07-31T09:00,2026-07-31T20:00,1432561,https://fr.getaround.com/location-voiture/paris/citroen-c3-1432561,Citroen C3 (2023),2023,Getaround Connect,CITADINE,SEGMENT_RULES,THERMIQUE,False,79.0,,4.42,39,Puteaux,Paris,Puteaux|Asnières-sur-Seine|Paris 17e,3,144,False,False,,4240,480,11
20260730T110622,A2,v3.3-search-gps,2026-07-31T09:00,2026-07-31T20:00,1665189,https://fr.getaround.com/location-voiture/paris/peugeot-208-1665189,Peugeot 208 (2019),2019,Getaround Connect,CITADINE,SEGMENT_RULES,THERMIQUE,False,52.0,,4.05,43,Asnières-sur-Seine,Paris,Asnières-sur-Seine|Paris 17e,2,144,False,False,,7160,878,21
20260730T110622,A2,v3.3-search-gps,2026-07-31T09:00,2026-07-31T20:00,1835792,https://fr.getaround.com/location-voiture/boulogne-billancourt/toyota-aygo-ii-1835792,Toyota Aygo II (2019),2019,Getaround Connect,MICRO_CITADINE,SEGMENT_RULES,THERMIQUE,False,69.0,,4.92,12,Puteaux,Boulogne Billancourt,Puteaux|Asnières-sur-Seine,2,145,False,False,,4490,480,11
20260730T110622,A2,v3.3-search-gps,2026-07-31T09:00,2026-07-31T20:00,1894949,https://fr.getaround.com/location-voiture/asnieres-sur-seine/citroen-c1-ii-1894949,Citroen C1 II (2017),2017,Sur rendez-vous,MICRO_CITADINE,SEGMENT_RULES,THERMIQUE,False,73.0,,5.0,1,Puteaux,Asnieres Sur Seine,Puteaux|Asnières-sur-Seine,2,145,False,False,,6360,480,11
20260730T110622,A2,v3.3-search-gps,2026-07-31T09:00,2026-07-31T20:00,1883676,https://fr.getaround.com/location-voiture/paris/fiat-500-1883676,Fiat 500 (2015),2015,Getaround Connect,CITADINE,SEGMENT_RULES,THERMIQUE,False,59.0,,4.56,9,Asnières-sur-Seine,Paris,Asnières-sur-Seine|Paris 17e,2,145,False,False,,6700,878,21
20260730T110622,A2,v3.3-search-gps,2026-07-31T09:00,2026-07-31T20:00,1323004,https://fr.getaround.com/location-voiture/paris/toyota-corolla-hybride-1323004,Toyota Corolla Hybride (2020),2020,Getaround Connect,COMPACTE,SEGMENT_RULES,HYBRIDE,False,83.0,,4.22,39,Asnières-sur-Seine,Paris,Asnières-sur-Seine|Paris 17e,2,146,False,False,,6780,878,21
20260730T110622,A2,v3.3-search-gps,2026-07-31T09:00,2026-07-31T20:00,1631669,https://fr.getaround.com/location-voiture/boulogne-billancourt/opel-corsa-1631669,Opel Corsa (2024),2024,Getaround Connect,CITADINE,SEGMENT_RULES,THERMIQUE,False,69.0,,4.92,64,Puteaux,Boulogne Billancourt,Puteaux|Asnières-sur-Seine|Paris 17e,3,147,False,False,,6320,480,11
20260730T110622,A2,v3.3-search-gps,2026-07-31T09:00,2026-07-31T20:00,1600714,https://fr.getaround.com/location-voiture/boulogne-billancourt/peugeot-2008-1600714,Peugeot 2008 (2023),2023,Getaround Connect,SUV_COMPACT,SEGMENT_RULES,THERMIQUE,False,69.0,,4.27,37,Puteaux,Boulogne Billancourt,Puteaux|Asnières-sur-Seine,2,148,False,False,,5480,480,11
20260730T110622,A2,v3.3-search-gps,2026-07-31T09:00,2026-07-31T20:00,1774108,https://fr.getaround.com/location-voiture/levallois-perret/renault-clio-e-tech-1774108,Renault Clio E-tech (2021),2021,Getaround Connect,CITADINE,SEGMENT_RULES,ELECTRIQUE,False,111.0,,4.7,10,Puteaux,Levallois Perret,Puteaux|Asnières-sur-Seine|Paris 17e,3,148,False,False,,3680,480,11
20260730T110622,A2,v3.3-search-gps,2026-07-31T09:00,2026-07-31T20:00,1909635,https://fr.getaround.com/location-voiture/drancy/peugeot-208-1909635,Peugeot 208 (2016),2016,Getaround Connect,CITADINE,SEGMENT_RULES,THERMIQUE,False,54.0,,5.0,1,Asnières-sur-Seine,Drancy,Asnières-sur-Seine,1,148,False,False,,9680,878,21
20260730T110622,A2,v3.3-search-gps,2026-07-31T09:00,2026-07-31T20:00,1442843,https://fr.getaround.com/location-voiture/paris/citroen-c3-1442843,Citroen C3 (2023),2023,Getaround Connect,CITADINE,SEGMENT_RULES,THERMIQUE,False,79.0,,4.78,40,Puteaux,Paris,Puteaux|Asnières-sur-Seine|Paris 17e,3,149,False,False,,4059,480,11
20260730T110622,A2,v3.3-search-gps,2026-07-31T09:00,2026-07-31T20:00,1829324,https://fr.getaround.com/location-voiture/boulogne-billancourt/fiat-panda-1829324,Fiat Panda (2016),2016,Getaround Connect,MICRO_CITADINE,SEGMENT_RULES,THERMIQUE,False,71.0,,4.97,30,Puteaux,Boulogne Billancourt,Puteaux|Asnières-sur-Seine,2,150,False,False,,4720,480,11
20260730T110622,A2,v3.3-search-gps,2026-07-31T09:00,2026-07-31T20:00,1219226,https://fr.getaround.com/location-voiture/paris/peugeot-208-1219226,Peugeot 208 (2023),2023,Getaround Connect,CITADINE,SEGMENT_RULES,THERMIQUE,False,79.0,,4.52,43,Asnières-sur-Seine,Paris,Asnières-sur-Seine|Paris 17e,2,150,False,False,,7220,878,21
20260730T110622,A2,v3.3-search-gps,2026-07-31T09:00,2026-07-31T20:00,1540709,https://fr.getaround.com/location-voiture/paris/kia-niro-hybride-1540709,Kia Niro Hybride (2024),2024,Sur rendez-vous,SUV_COMPACT,SEGMENT_RULES,HYBRIDE,False,111.0,,5.0,5,Paris 17e,Paris,Paris 17e,1,151,False,False,,1980,982,50
20260730T110622,A2,v3.3-search-gps,2026-07-31T09:00,2026-07-31T20:00,275988,https://fr.getaround.com/location-voiture/courbevoie/toyota-prius-275988,Toyota Prius (2012),2012,Sur rendez-vous,COMPACTE,SEGMENT_RULES,HYBRIDE,False,114.0,,4.83,12,Puteaux,Courbevoie,Puteaux|Asnières-sur-Seine,2,152,False,False,,1080,480,11
20260730T110622,A2,v3.3-search-gps,2026-07-31T09:00,2026-07-31T20:00,1882597,https://fr.getaround.com/location-voiture/paris/peugeot-208-1882597,Peugeot 208 (2025),2025,Getaround Connect,CITADINE,SEGMENT_RULES,THERMIQUE,False,89.0,,5.0,3,Puteaux,Paris,Puteaux|Asnières-sur-Seine|Paris 17e,3,154,False,False,,4730,480,11
20260730T110622,A2,v3.3-search-gps,2026-07-31T09:00,2026-07-31T20:00,1938832,https://fr.getaround.com/location-voiture/paris/toyota-c-hr-hybrid-1938832,Toyota C-HR Hybrid (2024),2024,Getaround Connect,SUV_COMPACT,SEGMENT_RULES,HYBRIDE,False,94.0,,,,Asnières-sur-Seine,Paris,Asnières-sur-Seine|Paris 17e,2,154,False,False,,6040,878,21
20260730T110622,A2,v3.3-search-gps,2026-07-31T09:00,2026-07-31T20:00,1759940,https://fr.getaround.com/location-voiture/rueil-malmaison/fiat-500-1759940,Fiat 500 (2011),2011,Sur rendez-vous,CITADINE,SEGMENT_RULES,THERMIQUE,False,61.0,,5.0,6,Puteaux,Rueil Malmaison,Puteaux|Asnières-sur-Seine,2,155,False,False,,3750,480,11
20260730T110622,A2,v3.3-search-gps,2026-07-31T09:00,2026-07-31T20:00,478979,https://fr.getaround.com/location-voiture/boulogne-billancourt/renault-clio-478979,Renault Clio (2019),2019,Getaround Connect,CITADINE,SEGMENT_RULES,THERMIQUE,False,57.0,,4.28,153,Puteaux,Boulogne Billancourt,Puteaux|Asnières-sur-Seine|Paris 17e,3,156,False,False,,5880,480,11
20260730T110622,A2,v3.3-search-gps,2026-07-31T09:00,2026-07-31T20:00,1065708,https://fr.getaround.com/location-voiture/paris/peugeot-208-1065708,Peugeot 208 (2015),2015,Getaround Connect,CITADINE,SEGMENT_RULES,THERMIQUE,False,76.0,,4.48,84,Asnières-sur-Seine,Paris,Asnières-sur-Seine|Paris 17e,2,156,False,False,,5100,878,21
20260730T110622,A2,v3.3-search-gps,2026-07-31T09:00,2026-07-31T20:00,1437985,https://fr.getaround.com/location-voiture/paris/peugeot-208-1437985,Peugeot 208 (2019),2019,Getaround Connect,CITADINE,SEGMENT_RULES,THERMIQUE,False,58.0,,4.66,68,Puteaux,Paris,Puteaux|Asnières-sur-Seine|Paris 17e,3,157,False,False,,7260,480,11
20260730T110622,A2,v3.3-search-gps,2026-07-31T09:00,2026-07-31T20:00,1857069,https://fr.getaround.com/location-voiture/paris/renault-grand-scenic-1857069,Renault Grand Scenic (2020),2020,Getaround Connect,MONOSPACE,SEGMENT_RULES,THERMIQUE,False,121.0,,5.0,6,Puteaux,Paris,Puteaux|Asnières-sur-Seine|Paris 17e,3,158,False,False,,3050,480,11
20260730T110622,A2,v3.3-search-gps,2026-07-31T09:00,2026-07-31T20:00,1293678,https://fr.getaround.com/location-voiture/paris/toyota-yaris-cross-hybrid-1293678,Toyota Yaris Cross Hybrid (2021),2021,Getaround Connect,SUV_COMPACT,SEGMENT_RULES,HYBRIDE,False,89.0,,4.69,67,Asnières-sur-Seine,Paris,Asnières-sur-Seine|Paris 17e,2,158,False,False,,6890,878,21
20260730T110622,A2,v3.3-search-gps,2026-07-31T09:00,2026-07-31T20:00,1786831,https://fr.getaround.com/location-voiture/rueil-malmaison/renault-clio-1786831,Renault Clio (2023),2023,Getaround Connect,CITADINE,SEGMENT_RULES,THERMIQUE,False,77.0,,4.81,16,Puteaux,Rueil Malmaison,Puteaux|Asnières-sur-Seine,2,159,False,False,,3900,480,11
20260730T110622,A2,v3.3-search-gps,2026-07-31T09:00,2026-07-31T20:00,1787778,https://fr.getaround.com/location-voiture/paris/peugeot-208-1787778,Peugeot 208 (2025),2025,Getaround Connect,CITADINE,SEGMENT_RULES,THERMIQUE,False,84.0,,3.2,10,Asnières-sur-Seine,Paris,Asnières-sur-Seine|Paris 17e,2,159,False,False,,4830,878,21
20260730T110622,A2,v3.3-search-gps,2026-07-31T09:00,2026-07-31T20:00,1194707,https://fr.getaround.com/location-voiture/franconville/toyota-yaris-hybride-1194707,Toyota Yaris Hybride (2017),2017,Getaround Connect,CITADINE,SEGMENT_RULES,HYBRIDE,False,57.0,,4.65,62,Asnières-sur-Seine,Franconville,Asnières-sur-Seine,1,160,False,False,,9700,878,21
20260730T110622,A2,v3.3-search-gps,2026-07-31T09:00,2026-07-31T20:00,1148793,https://fr.getaround.com/location-voiture/arnouville/renault-twingo-ii-1148793,Renault Twingo II (2014),2014,Getaround Connect,CITADINE,SEGMENT_RULES,THERMIQUE,False,42.0,,4.76,60,Asnières-sur-Seine,Arnouville,Asnières-sur-Seine,1,162,False,False,,11990,878,21
20260730T110622,A2,v3.3-search-gps,2026-07-31T09:00,2026-07-31T20:00,1882073,https://fr.getaround.com/location-voiture/paris/renault-clio-1882073,Renault Clio (2016),2016,Getaround Connect,CITADINE,SEGMENT_RULES,THERMIQUE,False,71.0,,4.8,5,Asnières-sur-Seine,Paris,Asnières-sur-Seine|Paris 17e,2,162,False,False,,7330,878,21
20260730T110622,A2,v3.3-search-gps,2026-07-31T09:00,2026-07-31T20:00,1685956,https://fr.getaround.com/location-voiture/paris/peugeot-308-1685956,Peugeot 308 (2019),2019,Getaround Connect,COMPACTE,SEGMENT_RULES,THERMIQUE,False,58.0,,4.62,29,Puteaux,Paris,Puteaux|Asnières-sur-Seine|Paris 17e,3,163,False,False,,7260,480,11
20260730T110622,A2,v3.3-search-gps,2026-07-31T09:00,2026-07-31T20:00,1719999,https://fr.getaround.com/location-voiture/paris/peugeot-3008-1719999,Peugeot 3008 (2020),2020,Getaround Connect,SUV_FAMILIAL,SEGMENT_RULES,THERMIQUE,False,67.0,,4.0,14,Asnières-sur-Seine,Paris,Asnières-sur-Seine|Paris 17e,2,163,False,False,,10000,878,21
20260730T110622,A2,v3.3-search-gps,2026-07-31T09:00,2026-07-31T20:00,1675050,https://fr.getaround.com/location-voiture/argenteuil/toyota-aygo-x-1675050,Toyota Aygo X (2025),2025,Getaround Connect,MICRO_CITADINE,SEGMENT_RULES,THERMIQUE,False,79.0,,5.0,1,Asnières-sur-Seine,Argenteuil,Asnières-sur-Seine,1,164,False,False,,4380,878,21
20260730T110622,A2,v3.3-search-gps,2026-07-31T09:00,2026-07-31T20:00,1650472,https://fr.getaround.com/location-voiture/paris/volkswagen-t-cross-1650472,Volkswagen T-Cross (2024),2024,Getaround Connect,SUV_COMPACT,SEGMENT_RULES,THERMIQUE,False,80.0,,4.73,22,Puteaux,Paris,Puteaux|Asnières-sur-Seine|Paris 17e,3,165,False,False,,5420,480,11
20260730T110622,A2,v3.3-search-gps,2026-07-31T09:00,2026-07-31T20:00,1365094,https://fr.getaround.com/location-voiture/paris/peugeot-208-1365094,Peugeot 208 (2020),2020,Getaround Connect,CITADINE,SEGMENT_RULES,THERMIQUE,False,58.0,,4.39,74,Asnières-sur-Seine,Paris,Asnières-sur-Seine|Paris 17e,2,165,False,False,,9420,878,21
20260730T110622,A2,v3.3-search-gps,2026-07-31T09:00,2026-07-31T20:00,1881937,https://fr.getaround.com/location-voiture/paris/peugeot-2008-1881937,Peugeot 2008 (2026),2026,Getaround Connect,SUV_COMPACT,SEGMENT_RULES,THERMIQUE,False,98.0,,4.83,6,Puteaux,Paris,Puteaux|Asnières-sur-Seine|Paris 17e,3,166,False,False,,4260,480,11
20260730T110622,A2,v3.3-search-gps,2026-07-31T09:00,2026-07-31T20:00,845057,https://fr.getaround.com/location-voiture/paris/renault-clio-845057,Renault Clio (2018),2018,Getaround Connect,CITADINE,SEGMENT_RULES,THERMIQUE,False,52.0,,3.98,142,Asnières-sur-Seine,Paris,Asnières-sur-Seine|Paris 17e,2,166,False,False,,8750,878,21
20260730T110622,A2,v3.3-search-gps,2026-07-31T09:00,2026-07-31T20:00,1881900,https://fr.getaround.com/location-voiture/paris/peugeot-2008-1881900,Peugeot 2008 (2026),2026,Getaround Connect,SUV_COMPACT,SEGMENT_RULES,THERMIQUE,False,97.0,,5.0,4,Puteaux,Paris,Puteaux|Asnières-sur-Seine|Paris 17e,3,167,False,False,,4059,480,11
20260730T110622,A2,v3.3-search-gps,2026-07-31T09:00,2026-07-31T20:00,1846026,https://fr.getaround.com/location-voiture/boulogne-billancourt/nissan-micra-1846026,Nissan Micra (2014),2014,Getaround Connect,CITADINE,SEGMENT_RULES,THERMIQUE,False,66.0,,5.0,9,Puteaux,Boulogne Billancourt,Puteaux|Asnières-sur-Seine,2,168,False,False,,5080,480,11
20260730T110622,A2,v3.3-search-gps,2026-07-31T09:00,2026-07-31T20:00,1889322,https://fr.getaround.com/location-voiture/paris/opel-adam-1889322,Opel Adam (2016),2016,Getaround Connect,CITADINE,SEGMENT_RULES,THERMIQUE,False,58.0,,4.83,6,Asnières-sur-Seine,Paris,Asnières-sur-Seine|Paris 17e,2,168,False,False,,7300,878,21
20260730T110622,A2,v3.3-search-gps,2026-07-31T09:00,2026-07-31T20:00,1423438,https://fr.getaround.com/location-voiture/paris/renault-clio-1423438,Renault Clio (2021),2021,Getaround Connect,CITADINE,SEGMENT_RULES,THERMIQUE,False,70.0,,4.9,174,Puteaux,Paris,Puteaux|Asnières-sur-Seine|Paris 17e,3,169,False,False,,7670,480,11
20260730T110622,A2,v3.3-search-gps,2026-07-31T09:00,2026-07-31T20:00,1450226,https://fr.getaround.com/location-voiture/levallois-perret/citroen-c3-picasso-1450226,Citroen C3 Picasso (2013),2013,Sur rendez-vous,MONOSPACE,SEGMENT_RULES,THERMIQUE,False,90.0,,5.0,9,Puteaux,Levallois Perret,Puteaux|Asnières-sur-Seine|Paris 17e,3,169,False,False,,4240,480,11
20260730T110622,A2,v3.3-search-gps,2026-07-31T09:00,2026-07-31T20:00,1127703,https://fr.getaround.com/location-voiture/rueil-malmaison/peugeot-208-1127703,Peugeot 208 (2013),2013,Getaround Connect,CITADINE,SEGMENT_RULES,THERMIQUE,False,67.0,,4.65,79,Puteaux,Rueil Malmaison,Puteaux|Asnières-sur-Seine,2,170,False,False,,5190,480,11
20260730T110622,A2,v3.3-search-gps,2026-07-31T09:00,2026-07-31T20:00,1879469,https://fr.getaround.com/location-voiture/paris/peugeot-2008-1879469,Peugeot 2008 (2026),2026,Getaround Connect,SUV_COMPACT,SEGMENT_RULES,THERMIQUE,False,99.0,,,,Puteaux,Paris,Puteaux|Asnières-sur-Seine|Paris 17e,3,170,False,False,,6930,480,11
20260730T110622,A2,v3.3-search-gps,2026-07-31T09:00,2026-07-31T20:00,1708120,https://fr.getaround.com/location-voiture/paris/peugeot-208-1708120,Peugeot 208 (2025),2025,Getaround Connect,CITADINE,SEGMENT_RULES,THERMIQUE,False,87.0,,4.62,21,Puteaux,Paris,Puteaux|Asnières-sur-Seine|Paris 17e,3,171,False,False,,4260,480,11
20260730T110622,A2,v3.3-search-gps,2026-07-31T09:00,2026-07-31T20:00,1691309,https://fr.getaround.com/location-voiture/paris/peugeot-208-1691309,Peugeot 208 (2025),2025,Getaround Connect,CITADINE,SEGMENT_RULES,THERMIQUE,False,89.0,,4.44,18,Puteaux,Paris,Puteaux|Asnières-sur-Seine|Paris 17e,3,172,False,False,,4250,480,11
20260730T110622,A2,v3.3-search-gps,2026-07-31T09:00,2026-07-31T20:00,1680745,https://fr.getaround.com/location-voiture/paris/citroen-c3-1680745,Citroen C3 (2024),2024,Sur rendez-vous,CITADINE,SEGMENT_RULES,THERMIQUE,False,89.0,,5.0,1,Paris 17e,Paris,Paris 17e,1,173,False,False,,1110,982,50
20260730T110622,A2,v3.3-search-gps,2026-07-31T09:00,2026-07-31T20:00,1763409,https://fr.getaround.com/location-voiture/paris/volkswagen-polo-1763409,Volkswagen Polo (2018),2018,Getaround Connect,CITADINE,SEGMENT_RULES,THERMIQUE,False,79.0,,5.0,17,Puteaux,Paris,Puteaux|Asnières-sur-Seine|Paris 17e,3,174,False,False,,7840,480,11
20260730T110622,A2,v3.3-search-gps,2026-07-31T09:00,2026-07-31T20:00,941077,https://fr.getaround.com/location-voiture/boulogne-billancourt/dacia-spring-941077,Dacia Spring (2021),2021,Getaround Connect,COMPACTE,SEGMENT_RULES,THERMIQUE,False,47.0,,3.74,29,Puteaux,Boulogne Billancourt,Puteaux|Asnières-sur-Seine|Paris 17e,3,175,False,False,,5640,480,11
20260730T110622,A2,v3.3-search-gps,2026-07-31T09:00,2026-07-31T20:00,641035,https://fr.getaround.com/location-voiture/paris/fiat-500-641035,Fiat 500 (2016),2016,Getaround Connect,CITADINE,SEGMENT_RULES,THERMIQUE,False,37.0,,4.82,129,Paris 17e,Paris,Paris 17e,1,175,False,False,,7480,982,50
20260730T110622,A2,v3.3-search-gps,2026-07-31T09:00,2026-07-31T20:00,1820987,https://fr.getaround.com/location-voiture/boulogne-billancourt/peugeot-208-1820987,Peugeot 208 (2015),2015,Getaround Connect,CITADINE,SEGMENT_RULES,THERMIQUE,False,58.0,,4.47,17,Puteaux,Boulogne Billancourt,Puteaux|Asnières-sur-Seine,2,178,False,False,,5930,480,11
20260730T110622,A2,v3.3-search-gps,2026-07-31T09:00,2026-07-31T20:00,1940209,https://fr.getaround.com/location-voiture/neuilly-sur-seine/peugeot-2008-1940209,Peugeot 2008 (2023),2023,Sur rendez-vous,SUV_COMPACT,SEGMENT_RULES,THERMIQUE,False,94.0,,,,Puteaux,Neuilly Sur Seine,Puteaux|Asnières-sur-Seine,2,179,False,False,,2320,480,11
20260730T110622,A2,v3.3-search-gps,2026-07-31T09:00,2026-07-31T20:00,1296795,https://fr.getaround.com/location-voiture/nanterre/suzuki-baleno-1296795,Suzuki Baleno (2017),2017,Sur rendez-vous,COMPACTE,SEGMENT_RULES,THERMIQUE,False,83.0,,,,Puteaux,Nanterre,Puteaux|Asnières-sur-Seine,2,181,False,False,,1420,480,11
20260730T110622,A2,v3.3-search-gps,2026-07-31T09:00,2026-07-31T20:00,1920362,https://fr.getaround.com/location-voiture/asnieres-sur-seine/ford-fiesta-1920362,Ford Fiesta (2015),2015,Sur rendez-vous,CITADINE,SEGMENT_RULES,THERMIQUE,False,69.0,,,,Puteaux,Asnieres Sur Seine,Puteaux|Asnières-sur-Seine,2,181,False,False,,6360,480,11
20260730T110622,A2,v3.3-search-gps,2026-07-31T09:00,2026-07-31T20:00,830960,https://fr.getaround.com/location-voiture/paris/renault-twingo-830960,Renault Twingo (2011),2011,Getaround Connect,CITADINE,SEGMENT_RULES,THERMIQUE,False,51.0,,4.19,95,Asnières-sur-Seine,Paris,Asnières-sur-Seine|Paris 17e,2,181,False,False,,7040,878,21
20260730T110622,A2,v3.3-search-gps,2026-07-31T09:00,2026-07-31T20:00,1670807,https://fr.getaround.com/location-voiture/paris/peugeot-208-1670807,Peugeot 208 (2025),2025,Getaround Connect,CITADINE,SEGMENT_RULES,THERMIQUE,False,84.0,,3.82,17,Puteaux,Paris,Puteaux|Asnières-sur-Seine|Paris 17e,3,182,False,False,,4980,480,11
20260730T110622,A2,v3.3-search-gps,2026-07-31T09:00,2026-07-31T20:00,1401206,https://fr.getaround.com/location-voiture/paris/dacia-sandero-expression-1401206,Dacia Sandero Expression (2023),2023,Getaround Connect,CITADINE,SEGMENT_RULES,THERMIQUE,False,79.0,,5.0,41,Puteaux,Paris,Puteaux|Asnières-sur-Seine|Paris 17e,3,184,False,False,,5330,480,11
20260730T110622,A2,v3.3-search-gps,2026-07-31T09:00,2026-07-31T20:00,1196070,https://fr.getaround.com/location-voiture/courbevoie/honda-cr-v-1196070,Honda CR-V (2015),2015,Sur rendez-vous,SUV_FAMILIAL,SEGMENT_RULES,THERMIQUE,False,128.0,,,,Puteaux,Courbevoie,Puteaux|Asnières-sur-Seine,2,185,False,False,,1330,480,11
20260730T110622,A2,v3.3-search-gps,2026-07-31T09:00,2026-07-31T20:00,1556430,https://fr.getaround.com/location-voiture/paris/toyota-corolla-break-hybride-1556430,Toyota Corolla Break Hybride (2021),2021,Getaround Connect,BREAK,SEGMENT_RULES,HYBRIDE,False,95.0,,4.79,35,Asnières-sur-Seine,Paris,Asnières-sur-Seine|Paris 17e,2,186,False,False,,6890,878,21
20260730T110622,A2,v3.3-search-gps,2026-07-31T09:00,2026-07-31T20:00,1853405,https://fr.getaround.com/location-voiture/vaucresson/toyota-corolla-break-hybride-1853405,Toyota Corolla Break Hybride (2024),2024,Getaround Connect,BREAK,SEGMENT_RULES,HYBRIDE,False,73.0,,4.0,2,Puteaux,Vaucresson,Puteaux|Asnières-sur-Seine,2,187,False,False,,7700,480,11
20260730T110622,A2,v3.3-search-gps,2026-07-31T09:00,2026-07-31T20:00,1438248,https://fr.getaround.com/location-voiture/paris/toyota-yaris-hybride-1438248,Toyota Yaris Hybride (2021),2021,Getaround Connect,CITADINE,SEGMENT_RULES,HYBRIDE,False,84.0,,4.57,82,Asnières-sur-Seine,Paris,Asnières-sur-Seine|Paris 17e,2,187,False,False,,6860,878,21
20260730T110622,A2,v3.3-search-gps,2026-07-31T09:00,2026-07-31T20:00,1298895,https://fr.getaround.com/location-voiture/paris/peugeot-208-1298895,Peugeot 208 (2023),2023,Getaround Connect,CITADINE,SEGMENT_RULES,THERMIQUE,False,79.0,,4.41,59,Puteaux,Paris,Puteaux|Asnières-sur-Seine|Paris 17e,3,189,False,False,,6030,480,11
20260730T110622,A2,v3.3-search-gps,2026-07-31T09:00,2026-07-31T20:00,563736,https://fr.getaround.com/location-voiture/paris/renault-clio-563736,Renault Clio (2014),2014,Getaround Connect,CITADINE,SEGMENT_RULES,THERMIQUE,False,55.0,,4.16,196,Asnières-sur-Seine,Paris,Asnières-sur-Seine|Paris 17e,2,190,False,False,,8010,878,21
20260730T110622,A2,v3.3-search-gps,2026-07-31T09:00,2026-07-31T20:00,1442840,https://fr.getaround.com/location-voiture/paris/citroen-c3-1442840,Citroen C3 (2023),2023,Getaround Connect,CITADINE,SEGMENT_RULES,THERMIQUE,False,79.0,,4.62,53,Puteaux,Paris,Puteaux|Asnières-sur-Seine,2,191,False,False,,4880,480,11
20260730T110622,A2,v3.3-search-gps,2026-07-31T09:00,2026-07-31T20:00,1787695,https://fr.getaround.com/location-voiture/paris/peugeot-208-1787695,Peugeot 208 (2025),2025,Getaround Connect,CITADINE,SEGMENT_RULES,THERMIQUE,False,84.0,,3.5,14,Puteaux,Paris,Puteaux|Asnières-sur-Seine|Paris 17e,3,192,False,False,,5330,480,11
20260730T110622,A2,v3.3-search-gps,2026-07-31T09:00,2026-07-31T20:00,1311587,https://fr.getaround.com/location-voiture/boulogne-billancourt/renault-twingo-ii-1311587,Renault Twingo II (2013),2013,Getaround Connect,CITADINE,SEGMENT_RULES,THERMIQUE,False,66.0,,4.83,119,Puteaux,Boulogne Billancourt,Puteaux|Asnières-sur-Seine,2,193,False,False,,5820,480,11
20260730T110622,A2,v3.3-search-gps,2026-07-31T09:00,2026-07-31T20:00,1871183,https://fr.getaround.com/location-voiture/paris/dacia-sandero-stepway-1871183,Dacia Sandero Stepway (2016),2016,Sur rendez-vous,CITADINE,SEGMENT_RULES,THERMIQUE,False,63.0,,,,Puteaux,Paris,Puteaux|Asnières-sur-Seine|Paris 17e,3,193,False,False,,6530,480,11
20260730T110622,A2,v3.3-search-gps,2026-07-31T09:00,2026-07-31T20:00,1804473,https://fr.getaround.com/location-voiture/colombes/ford-fiesta-1804473,Ford Fiesta (2019),2019,Sur rendez-vous,CITADINE,SEGMENT_RULES,THERMIQUE,False,66.0,,4.0,4,Puteaux,Colombes,Puteaux|Asnières-sur-Seine,2,193,False,False,,5360,480,11
20260730T110622,A2,v3.3-search-gps,2026-07-31T09:00,2026-07-31T20:00,1219229,https://fr.getaround.com/location-voiture/paris/peugeot-208-1219229,Peugeot 208 (2023),2023,Getaround Connect,CITADINE,SEGMENT_RULES,THERMIQUE,False,79.0,,4.21,33,Puteaux,Paris,Puteaux|Asnières-sur-Seine|Paris 17e,3,195,False,False,,8010,480,11
20260730T110622,A2,v3.3-search-gps,2026-07-31T09:00,2026-07-31T20:00,845066,https://fr.getaround.com/location-voiture/paris/renault-clio-845066,Renault Clio (2018),2018,Getaround Connect,CITADINE,SEGMENT_RULES,THERMIQUE,False,52.0,,4.06,140,Asnières-sur-Seine,Paris,Asnières-sur-Seine|Paris 17e,2,196,False,False,,10220,878,21
20260730T110622,A2,v3.3-search-gps,2026-07-31T09:00,2026-07-31T20:00,1477551,https://fr.getaround.com/location-voiture/issy-les-moulineaux/toyota-yaris-1477551,Toyota Yaris (2018),2018,Sur rendez-vous,CITADINE,SEGMENT_RULES,THERMIQUE,False,81.0,,5.0,32,Puteaux,Issy Les Moulineaux,Puteaux|Paris 17e,2,197,False,False,,7100,480,11
20260730T110622,A2,v3.3-search-gps,2026-07-31T09:00,2026-07-31T20:00,1752944,https://fr.getaround.com/location-voiture/saint-gratien/renault-clio-e-tech-1752944,Renault Clio E-tech (2022),2022,Getaround Connect,CITADINE,SEGMENT_RULES,ELECTRIQUE,False,93.0,,4.94,31,Asnières-sur-Seine,Saint Gratien,Asnières-sur-Seine,1,197,False,False,,4900,878,21
20260730T110622,A2,v3.3-search-gps,2026-07-31T09:00,2026-07-31T20:00,1655119,https://fr.getaround.com/location-voiture/saint-gratien/renault-clio-e-tech-1655119,Renault Clio E-tech (2022),2022,Getaround Connect,CITADINE,SEGMENT_RULES,ELECTRIQUE,False,93.0,,4.74,19,Asnières-sur-Seine,Saint Gratien,Asnières-sur-Seine,1,198,False,False,,4900,878,21
20260730T110622,A2,v3.3-search-gps,2026-07-31T09:00,2026-07-31T20:00,1556498,https://fr.getaround.com/location-voiture/paris/toyota-yaris-cross-hybrid-1556498,Toyota Yaris Cross Hybrid (2022),2022,Getaround Connect,SUV_COMPACT,SEGMENT_RULES,HYBRIDE,False,83.0,,4.3,42,Puteaux,Paris,Puteaux|Asnières-sur-Seine|Paris 17e,3,199,False,False,,7460,480,11
20260730T110622,A2,v3.3-search-gps,2026-07-31T09:00,2026-07-31T20:00,1272663,https://fr.getaround.com/location-voiture/paris/toyota-corolla-hybride-1272663,Toyota Corolla Hybride (2022),2022,Getaround Connect,COMPACTE,SEGMENT_RULES,HYBRIDE,False,101.0,,4.55,57,Asnières-sur-Seine,Paris,Asnières-sur-Seine|Paris 17e,2,199,False,False,,6340,878,21
20260730T110622,A2,v3.3-search-gps,2026-07-31T09:00,2026-07-31T20:00,1694498,https://fr.getaround.com/location-voiture/paris/peugeot-308-sw-1694498,Peugeot 308 SW (2021),2021,Getaround Connect,BREAK,SEGMENT_RULES,THERMIQUE,False,58.0,,3.76,17,Asnières-sur-Seine,Paris,Asnières-sur-Seine|Paris 17e,2,200,False,False,,5560,878,21
20260730T110622,A2,v3.3-search-gps,2026-07-31T09:00,2026-07-31T20:00,1927762,https://fr.getaround.com/location-voiture/puteaux/smart-fortwo-electric-drive-1927762,Smart Fortwo Electric Drive (2020),2020,Sur rendez-vous,MICRO_CITADINE,SEGMENT_RULES,ELECTRIQUE,False,80.0,,,,Puteaux,Puteaux,Puteaux|Asnières-sur-Seine,2,201,False,False,,670,480,11
20260730T110622,A2,v3.3-search-gps,2026-07-31T09:00,2026-07-31T20:00,1421603,https://fr.getaround.com/location-voiture/franconville/peugeot-308-1421603,Peugeot 308 (2018),2018,Getaround Connect,COMPACTE,SEGMENT_RULES,THERMIQUE,False,64.0,,4.77,39,Asnières-sur-Seine,Franconville,Asnières-sur-Seine,1,201,False,False,,9430,878,21
20260730T110622,A2,v3.3-search-gps,2026-07-31T09:00,2026-07-31T20:00,1078159,https://fr.getaround.com/location-voiture/paris/renault-twingo-1078159,Renault Twingo (2015),2015,Getaround Connect,CITADINE,SEGMENT_RULES,THERMIQUE,False,51.0,,4.07,38,Asnières-sur-Seine,Paris,Asnières-sur-Seine|Paris 17e,2,201,False,False,,7040,878,21
20260730T110622,A2,v3.3-search-gps,2026-07-31T09:00,2026-07-31T20:00,839114,https://fr.getaround.com/location-voiture/paris/dacia-sandero-839114,Dacia Sandero (2014),2014,Getaround Connect,CITADINE,SEGMENT_RULES,THERMIQUE,False,53.0,,3.92,91,Asnières-sur-Seine,Paris,Asnières-sur-Seine|Paris 17e,2,202,False,False,,7040,878,21
20260730T110622,A2,v3.3-search-gps,2026-07-31T09:00,2026-07-31T20:00,1787205,https://fr.getaround.com/location-voiture/paris/smart-fortwo-passion-1787205,Smart Fortwo Passion (2016),2016,Sur rendez-vous,MICRO_CITADINE,SEGMENT_RULES,THERMIQUE,False,75.0,,5.0,4,Puteaux,Paris,Puteaux|Asnières-sur-Seine|Paris 17e,3,203,False,False,,4200,480,11
20260730T110622,A2,v3.3-search-gps,2026-07-31T09:00,2026-07-31T20:00,1820985,https://fr.getaround.com/location-voiture/issy-les-moulineaux/peugeot-208-1820985,Peugeot 208 (2017),2017,Getaround Connect,CITADINE,SEGMENT_RULES,THERMIQUE,False,58.0,,4.73,30,Puteaux,Issy Les Moulineaux,Puteaux|Paris 17e,2,204,False,False,,6760,480,11
20260730T110622,A2,v3.3-search-gps,2026-07-31T09:00,2026-07-31T20:00,1895486,https://fr.getaround.com/location-voiture/soisy-sous-montmorency/volkswagen-polo-1895486,Volkswagen Polo (2024),2024,Getaround Connect,CITADINE,SEGMENT_RULES,THERMIQUE,False,82.0,,4.8,5,Asnières-sur-Seine,Soisy Sous Montmorency,Asnières-sur-Seine,1,204,False,False,,6930,878,21
20260730T110622,A2,v3.3-search-gps,2026-07-31T09:00,2026-07-31T20:00,1173353,https://fr.getaround.com/location-voiture/boulogne-billancourt/renault-twingo-iii-1173353,Renault Twingo III (2018),2018,Getaround Connect,CITADINE,SEGMENT_RULES,THERMIQUE,False,69.0,,4.96,114,Puteaux,Boulogne Billancourt,Puteaux|Asnières-sur-Seine,2,206,False,False,,5680,480,11
20260730T110622,A2,v3.3-search-gps,2026-07-31T09:00,2026-07-31T20:00,1928510,https://fr.getaround.com/location-voiture/saint-denis/renault-captur-1928510,Renault Captur (2020),2020,Getaround Connect,SUV_COMPACT,SEGMENT_RULES,THERMIQUE,False,84.0,,5.0,1,Asnières-sur-Seine,Saint Denis,Asnières-sur-Seine|Paris 17e,2,206,False,False,,4890,878,21
20260730T110622,A2,v3.3-search-gps,2026-07-31T09:00,2026-07-31T20:00,1632887,https://fr.getaround.com/location-voiture/boulogne-billancourt/toyota-corolla-break-hybride-1632887,Toyota Corolla Break Hybride (2021),2021,Getaround Connect,BREAK,SEGMENT_RULES,HYBRIDE,False,104.0,,5.0,22,Puteaux,Boulogne Billancourt,Puteaux|Asnières-sur-Seine,2,207,False,False,,5470,480,11
20260730T110622,A2,v3.3-search-gps,2026-07-31T09:00,2026-07-31T20:00,1220297,https://fr.getaround.com/location-voiture/paris/fiat-500-1220297,Fiat 500 (2012),2012,Getaround Connect,CITADINE,SEGMENT_RULES,THERMIQUE,False,55.0,,3.76,38,Asnières-sur-Seine,Paris,Asnières-sur-Seine|Paris 17e,2,207,False,False,,7040,878,21
20260730T110622,A2,v3.3-search-gps,2026-07-31T09:00,2026-07-31T20:00,1555760,https://fr.getaround.com/location-voiture/issy-les-moulineaux/toyota-corolla-hybride-1555760,Toyota Corolla Hybride (2021),2021,Getaround Connect,COMPACTE,SEGMENT_RULES,HYBRIDE,False,83.0,,4.67,73,Puteaux,Issy Les Moulineaux,Puteaux|Paris 17e,2,208,False,False,,6840,480,11
20260730T110622,A2,v3.3-search-gps,2026-07-31T09:00,2026-07-31T20:00,1007447,https://fr.getaround.com/location-voiture/paris/fiat-500-1007447,Fiat 500 (2012),2012,Getaround Connect,CITADINE,SEGMENT_RULES,THERMIQUE,False,55.0,,3.87,56,Asnières-sur-Seine,Paris,Asnières-sur-Seine|Paris 17e,2,208,False,False,,7040,878,21
20260730T110622,A2,v3.3-search-gps,2026-07-31T09:00,2026-07-31T20:00,1815674,https://fr.getaround.com/location-voiture/paris/renault-clio-1815674,Renault Clio (2021),2021,Getaround Connect,CITADINE,SEGMENT_RULES,THERMIQUE,False,58.0,,4.9,10,Asnières-sur-Seine,Paris,Asnières-sur-Seine|Paris 17e,2,209,False,False,,8990,878,21
20260730T110622,A2,v3.3-search-gps,2026-07-31T09:00,2026-07-31T20:00,1708050,https://fr.getaround.com/location-voiture/boulogne-billancourt/toyota-yaris-1708050,Toyota Yaris (2019),2019,Getaround Connect,CITADINE,SEGMENT_RULES,THERMIQUE,False,79.0,,4.9,20,Puteaux,Boulogne Billancourt,Puteaux|Asnières-sur-Seine,2,210,False,False,,5320,480,11
20260730T110622,A2,v3.3-search-gps,2026-07-31T09:00,2026-07-31T20:00,1885845,https://fr.getaround.com/location-voiture/paris/citroen-c1-ii-1885845,Citroen C1 II (2019),2019,Getaround Connect,MICRO_CITADINE,SEGMENT_RULES,THERMIQUE,False,69.0,,5.0,4,Asnières-sur-Seine,Paris,Asnières-sur-Seine|Paris 17e,2,210,False,False,,6530,878,21
20260730T110622,A2,v3.3-search-gps,2026-07-31T09:00,2026-07-31T20:00,1873564,https://fr.getaround.com/location-voiture/boulogne-billancourt/fiat-500-1873564,Fiat 500 (2022),2022,Getaround Connect,CITADINE,SEGMENT_RULES,THERMIQUE,False,74.0,,4.78,9,Puteaux,Boulogne Billancourt,Puteaux|Asnières-sur-Seine,2,211,False,False,,5120,480,11
20260730T110622,A2,v3.3-search-gps,2026-07-31T09:00,2026-07-31T20:00,1936723,https://fr.getaround.com/location-voiture/colombes/peugeot-2008-1936723,Peugeot 2008 (2021),2021,Sur rendez-vous,SUV_COMPACT,SEGMENT_RULES,THERMIQUE,False,87.0,,,,Puteaux,Colombes,Puteaux|Asnières-sur-Seine,2,211,False,False,,3290,480,11
20260730T110622,A2,v3.3-search-gps,2026-07-31T09:00,2026-07-31T20:00,1504245,https://fr.getaround.com/location-voiture/paris/peugeot-3008-1504245,Peugeot 3008 (2024),2024,Getaround Connect,SUV_FAMILIAL,SEGMENT_RULES,THERMIQUE,False,120.0,,4.0,16,Puteaux,Paris,Puteaux|Asnières-sur-Seine|Paris 17e,3,211,False,False,,5950,480,11
20260730T110622,A2,v3.3-search-gps,2026-07-31T09:00,2026-07-31T20:00,1834680,https://fr.getaround.com/location-voiture/boulogne-billancourt/peugeot-208-1834680,Peugeot 208 (2016),2016,Sur rendez-vous,CITADINE,SEGMENT_RULES,THERMIQUE,False,69.0,,5.0,8,Puteaux,Boulogne Billancourt,Puteaux|Asnières-sur-Seine,2,212,False,False,,4990,480,11
20260730T110622,A2,v3.3-search-gps,2026-07-31T09:00,2026-07-31T20:00,1885350,https://fr.getaround.com/location-voiture/paris/renault-clio-1885350,Renault Clio (2019),2019,Getaround Connect,CITADINE,SEGMENT_RULES,THERMIQUE,False,58.0,,,,Asnières-sur-Seine,Paris,Asnières-sur-Seine|Paris 17e,2,213,False,False,,8990,878,21
20260730T110622,A2,v3.3-search-gps,2026-07-31T09:00,2026-07-31T20:00,1401435,https://fr.getaround.com/location-voiture/gennevilliers/bmw-serie-2-active-tourer-1401435,BMW Série 2 Active Tourer (2016),2016,Sur rendez-vous,COMPACTE,SEGMENT_RULES,THERMIQUE,False,124.0,,4.33,6,Puteaux,Gennevilliers,Puteaux|Asnières-sur-Seine,2,214,False,False,,6260,480,11
20260730T110622,A2,v3.3-search-gps,2026-07-31T09:00,2026-07-31T20:00,1681647,https://fr.getaround.com/location-voiture/paris/peugeot-3008-1681647,Peugeot 3008 (2020),2020,Getaround Connect,SUV_FAMILIAL,SEGMENT_RULES,THERMIQUE,False,79.0,,3.86,21,Puteaux,Paris,Puteaux|Asnières-sur-Seine|Paris 17e,3,215,False,False,,5420,480,11
20260730T110622,A2,v3.3-search-gps,2026-07-31T09:00,2026-07-31T20:00,1322902,https://fr.getaround.com/location-voiture/paris/toyota-corolla-break-hybride-1322902,Toyota Corolla Break Hybride (2020),2020,Getaround Connect,BREAK,SEGMENT_RULES,HYBRIDE,False,88.0,,4.36,43,Puteaux,Paris,Puteaux|Asnières-sur-Seine|Paris 17e,3,215,False,False,,7890,480,11
20260730T110622,A2,v3.3-search-gps,2026-07-31T09:00,2026-07-31T20:00,1675475,https://fr.getaround.com/location-voiture/paris/peugeot-208-1675475,Peugeot 208 (2025),2025,Getaround Connect,CITADINE,SEGMENT_RULES,THERMIQUE,False,89.0,,4.24,29,Puteaux,Paris,Puteaux|Asnières-sur-Seine|Paris 17e,3,217,False,False,,5950,480,11
20260730T110622,A2,v3.3-search-gps,2026-07-31T09:00,2026-07-31T20:00,1374847,https://fr.getaround.com/location-voiture/boulogne-billancourt/renault-clio-1374847,Renault Clio (2012),2012,Getaround Connect,CITADINE,SEGMENT_RULES,THERMIQUE,False,60.0,,4.41,92,Puteaux,Boulogne Billancourt,Puteaux|Asnières-sur-Seine,2,218,False,False,,5550,480,11
20260730T110622,A2,v3.3-search-gps,2026-07-31T09:00,2026-07-31T20:00,1839323,https://fr.getaround.com/location-voiture/bezons/citroen-c3-1839323,Citroen C3 (2021),2021,Getaround Connect,CITADINE,SEGMENT_RULES,THERMIQUE,False,83.0,,4.76,17,Puteaux,Bezons,Puteaux|Asnières-sur-Seine,2,219,False,False,,4600,480,11
20260730T110622,A2,v3.3-search-gps,2026-07-31T09:00,2026-07-31T20:00,1365731,https://fr.getaround.com/location-voiture/deuil-la-barre/renault-fluence-1365731,Renault Fluence (2010),2010,Sur rendez-vous,BERLINE,SEGMENT_RULES,THERMIQUE,False,62.0,,4.96,13,Asnières-sur-Seine,Deuil La Barre,Asnières-sur-Seine,1,219,False,False,,6780,878,21
20260730T110622,A2,v3.3-search-gps,2026-07-31T09:00,2026-07-31T20:00,1715609,https://fr.getaround.com/location-voiture/paris/peugeot-208-1715609,Peugeot 208 (2020),2020,Getaround Connect,CITADINE,SEGMENT_RULES,THERMIQUE,False,52.0,,4.33,21,Asnières-sur-Seine,Paris,Asnières-sur-Seine|Paris 17e,2,220,False,False,,10660,878,21
20260730T110622,A2,v3.3-search-gps,2026-07-31T09:00,2026-07-31T20:00,1370312,https://fr.getaround.com/location-voiture/saint-ouen-sur-seine/citroen-c3-1370312,Citroen C3 (2020),2020,Getaround Connect,CITADINE,SEGMENT_RULES,THERMIQUE,False,79.0,,4.66,41,Asnières-sur-Seine,Saint Ouen Sur Seine,Asnières-sur-Seine|Paris 17e,2,221,False,False,,4170,878,21
20260730T110622,A2,v3.3-search-gps,2026-07-31T09:00,2026-07-31T20:00,1533981,https://fr.getaround.com/location-voiture/paris/toyota-yaris-hybride-1533981,Toyota Yaris Hybride (2021),2021,Getaround Connect,CITADINE,SEGMENT_RULES,HYBRIDE,False,76.0,,4.47,44,Asnières-sur-Seine,Paris,Asnières-sur-Seine|Paris 17e,2,221,False,False,,7330,878,21
20260730T110622,A2,v3.3-search-gps,2026-07-31T09:00,2026-07-31T20:00,1544514,https://fr.getaround.com/location-voiture/paris/dacia-sandero-1544514,Dacia Sandero (2020),2020,Sur rendez-vous,CITADINE,SEGMENT_RULES,THERMIQUE,False,63.0,,,,Paris 17e,Paris,Paris 17e,1,222,False,False,,900,982,50
20260730T110622,A2,v3.3-search-gps,2026-07-31T09:00,2026-07-31T20:00,1701804,https://fr.getaround.com/location-voiture/aubervilliers/fiat-500-lounge-1701804,Fiat 500 Lounge (2014),2014,Getaround Connect,CITADINE,SEGMENT_RULES,THERMIQUE,False,66.0,,4.89,9,Asnières-sur-Seine,Aubervilliers,Asnières-sur-Seine|Paris 17e,2,223,False,False,,7690,878,21
20260730T110622,A2,v3.3-search-gps,2026-07-31T09:00,2026-07-31T20:00,776791,https://fr.getaround.com/location-voiture/paris/dacia-sandero-776791,Dacia Sandero (2017),2017,Getaround Connect,CITADINE,SEGMENT_RULES,THERMIQUE,False,58.0,,4.09,71,Asnières-sur-Seine,Paris,Asnières-sur-Seine|Paris 17e,2,223,False,False,,7040,878,21
20260730T110622,A2,v3.3-search-gps,2026-07-31T09:00,2026-07-31T20:00,831985,https://fr.getaround.com/location-voiture/paris/dacia-lodgy-831985,Dacia Lodgy (2021),2021,Getaround Connect,MONOSPACE,SEGMENT_RULES,THERMIQUE,False,74.0,,4.27,148,Puteaux,Paris,Puteaux|Asnières-sur-Seine|Paris 17e,3,224,False,False,,7370,480,11
20260730T110622,A2,v3.3-search-gps,2026-07-31T09:00,2026-07-31T20:00,699273,https://fr.getaround.com/location-voiture/paris/renault-clio-699273,Renault Clio (2017),2017,Getaround Connect,CITADINE,SEGMENT_RULES,THERMIQUE,False,74.0,,4.71,152,Puteaux,Paris,Puteaux|Asnières-sur-Seine|Paris 17e,3,226,False,False,,5800,480,11
20260730T110622,A2,v3.3-search-gps,2026-07-31T09:00,2026-07-31T20:00,1784194,https://fr.getaround.com/location-voiture/gennevilliers/tesla-model-y-performance-1784194,Tesla Model Y Performance (2023),2023,Sur rendez-vous,SUV_FAMILIAL,SEGMENT_RULES,ELECTRIQUE,False,289.0,,,,Puteaux,Gennevilliers,Puteaux|Asnières-sur-Seine,2,226,False,False,,5490,480,11
20260730T110622,A2,v3.3-search-gps,2026-07-31T09:00,2026-07-31T20:00,1650442,https://fr.getaround.com/location-voiture/paris/volkswagen-t-cross-1650442,Volkswagen T-Cross (2024),2024,Getaround Connect,SUV_COMPACT,SEGMENT_RULES,THERMIQUE,False,80.0,,3.5,18,Asnières-sur-Seine,Paris,Asnières-sur-Seine|Paris 17e,2,226,False,False,,6900,878,21
20260730T110622,A2,v3.3-search-gps,2026-07-31T09:00,2026-07-31T20:00,1886656,https://fr.getaround.com/location-voiture/paris/citroen-c1-ii-1886656,Citroen C1 II (2019),2019,Getaround Connect,MICRO_CITADINE,SEGMENT_RULES,THERMIQUE,False,63.0,,5.0,1,Puteaux,Paris,Puteaux|Asnières-sur-Seine|Paris 17e,3,227,False,False,,7420,480,11
20260730T110622,A2,v3.3-search-gps,2026-07-31T09:00,2026-07-31T20:00,1400423,https://fr.getaround.com/location-voiture/argenteuil/peugeot-208-1400423,Peugeot 208 (2020),2020,Getaround Connect,CITADINE,SEGMENT_RULES,THERMIQUE,False,79.0,,4.58,36,Puteaux,Argenteuil,Puteaux|Asnières-sur-Seine,2,227,False,False,,7270,480,11
20260730T110622,A2,v3.3-search-gps,2026-07-31T09:00,2026-07-31T20:00,1766443,https://fr.getaround.com/location-voiture/sannois/renault-twingo-iii-1766443,Renault Twingo III (2016),2016,Getaround Connect,CITADINE,SEGMENT_RULES,THERMIQUE,False,64.0,,4.95,21,Asnières-sur-Seine,Sannois,Asnières-sur-Seine,1,229,False,False,,7950,878,21
20260730T110622,A2,v3.3-search-gps,2026-07-31T09:00,2026-07-31T20:00,1701259,https://fr.getaround.com/location-voiture/saint-gratien/renault-clio-e-tech-1701259,Renault Clio E-tech (2021),2021,Getaround Connect,CITADINE,SEGMENT_RULES,ELECTRIQUE,False,93.0,,4.5,14,Asnières-sur-Seine,Saint Gratien,Asnières-sur-Seine,1,230,False,False,,4900,878,21
20260730T110622,A2,v3.3-search-gps,2026-07-31T09:00,2026-07-31T20:00,1034222,https://fr.getaround.com/location-voiture/paris/peugeot-208-1034222,Peugeot 208 (2016),2016,Getaround Connect,CITADINE,SEGMENT_RULES,THERMIQUE,False,74.0,,4.53,58,Puteaux,Paris,Puteaux|Asnières-sur-Seine,2,231,False,False,,5250,480,11
20260730T110622,A2,v3.3-search-gps,2026-07-31T09:00,2026-07-31T20:00,1777327,https://fr.getaround.com/location-voiture/paris/citroen-c4-cactus-1777327,Citroen C4 Cactus (2020),2020,Getaround Connect,COMPACTE,SEGMENT_RULES,THERMIQUE,False,64.0,,5.0,7,Asnières-sur-Seine,Paris,Asnières-sur-Seine|Paris 17e,2,231,False,False,,7560,878,21
20260730T110622,A2,v3.3-search-gps,2026-07-31T09:00,2026-07-31T20:00,1745226,https://fr.getaround.com/location-voiture/paris/peugeot-3008-1745226,Peugeot 3008 (2019),2019,Getaround Connect,SUV_FAMILIAL,SEGMENT_RULES,THERMIQUE,False,73.0,,3.75,8,Puteaux,Paris,Puteaux|Asnières-sur-Seine|Paris 17e,3,233,False,False,,7370,480,11
20260730T110622,A2,v3.3-search-gps,2026-07-31T09:00,2026-07-31T20:00,1433138,https://fr.getaround.com/location-voiture/paris/peugeot-208-1433138,Peugeot 208 (2023),2023,Getaround Connect,CITADINE,SEGMENT_RULES,THERMIQUE,False,57.0,,4.35,47,Puteaux,Paris,Puteaux|Paris 17e,2,235,False,False,,8770,480,11
20260730T110622,A2,v3.3-search-gps,2026-07-31T09:00,2026-07-31T20:00,985160,https://fr.getaround.com/location-voiture/paris/peugeot-208-985160,Peugeot 208 (2021),2021,Getaround Connect,CITADINE,SEGMENT_RULES,THERMIQUE,False,52.0,,3.82,61,Asnières-sur-Seine,Paris,Asnières-sur-Seine|Paris 17e,2,235,False,False,,8750,878,21
20260730T110622,A2,v3.3-search-gps,2026-07-31T09:00,2026-07-31T20:00,1808709,https://fr.getaround.com/location-voiture/soisy-sous-montmorency/peugeot-208-gt-line-1808709,Peugeot 208 GT Line (2024),2024,Getaround Connect,CITADINE,SEGMENT_RULES,THERMIQUE,False,82.0,,4.57,14,Asnières-sur-Seine,Soisy Sous Montmorency,Asnières-sur-Seine,1,236,False,False,,6890,878,21
20260730T110622,A2,v3.3-search-gps,2026-07-31T09:00,2026-07-31T20:00,1681640,https://fr.getaround.com/location-voiture/paris/peugeot-308-sw-1681640,Peugeot 308 SW (2019),2019,Getaround Connect,BREAK,SEGMENT_RULES,THERMIQUE,False,58.0,,3.78,23,Asnières-sur-Seine,Paris,Asnières-sur-Seine|Paris 17e,2,236,False,False,,8010,878,21
20260730T110622,A2,v3.3-search-gps,2026-07-31T09:00,2026-07-31T20:00,1918802,https://fr.getaround.com/location-voiture/l-ile-saint-denis/volkswagen-polo-1918802,Volkswagen Polo (2023),2023,Sur rendez-vous,CITADINE,SEGMENT_RULES,THERMIQUE,False,75.0,,,,Puteaux,L Ile Saint Denis,Puteaux|Asnières-sur-Seine,2,237,False,False,,8290,480,11
20260730T110622,A2,v3.3-search-gps,2026-07-31T09:00,2026-07-31T20:00,1891280,https://fr.getaround.com/location-voiture/suresnes/fiat-500-1891280,Fiat 500 (2012),2012,Sur rendez-vous,CITADINE,SEGMENT_RULES,THERMIQUE,False,59.0,,5.0,1,Paris 17e,Suresnes,Paris 17e,1,237,False,False,,6630,982,50
20260730T110622,A2,v3.3-search-gps,2026-07-31T09:00,2026-07-31T20:00,1904339,https://fr.getaround.com/location-voiture/paris/renault-clio-1904339,Renault Clio (2019),2019,Getaround Connect,CITADINE,SEGMENT_RULES,THERMIQUE,False,69.0,,,,Puteaux,Paris,Puteaux|Asnières-sur-Seine|Paris 17e,3,239,False,False,,7780,480,11
20260730T110622,A2,v3.3-search-gps,2026-07-31T09:00,2026-07-31T20:00,1877581,https://fr.getaround.com/location-voiture/paris/renault-clio-1877581,Renault Clio (2022),2022,Getaround Connect,CITADINE,SEGMENT_RULES,THERMIQUE,False,58.0,,4.0,8,Asnières-sur-Seine,Paris,Asnières-sur-Seine|Paris 17e,2,239,False,False,,11370,878,21
20260730T110622,A2,v3.3-search-gps,2026-07-31T09:00,2026-07-31T20:00,1216442,https://fr.getaround.com/location-voiture/paris/peugeot-208-1216442,Peugeot 208 (2023),2023,Getaround Connect,CITADINE,SEGMENT_RULES,THERMIQUE,False,79.0,,4.72,76,Puteaux,Paris,Puteaux|Asnières-sur-Seine|Paris 17e,3,240,False,False,,6740,480,11
20260730T110622,A2,v3.3-search-gps,2026-07-31T09:00,2026-07-31T20:00,1895320,https://fr.getaround.com/location-voiture/paris/volkswagen-polo-1895320,Volkswagen Polo (2024),2024,Getaround Connect,CITADINE,SEGMENT_RULES,THERMIQUE,False,87.0,,4.5,2,Asnières-sur-Seine,Paris,Asnières-sur-Seine|Paris 17e,2,240,False,False,,9790,878,21
20260730T110622,A2,v3.3-search-gps,2026-07-31T09:00,2026-07-31T20:00,945215,https://fr.getaround.com/location-voiture/paris/renault-grand-scenic-945215,Renault Grand Scenic (2016),2016,Getaround Connect,MONOSPACE,SEGMENT_RULES,THERMIQUE,False,92.0,,4.48,85,Puteaux,Paris,Puteaux|Asnières-sur-Seine|Paris 17e,3,241,False,False,,5770,480,11
20260730T110622,A2,v3.3-search-gps,2026-07-31T09:00,2026-07-31T20:00,1691285,https://fr.getaround.com/location-voiture/paris/ford-ecosport-business-1691285,Ford EcoSport Business (2016),2016,Sur rendez-vous,NON_CLASSE,SEGMENT_RULES,THERMIQUE,False,75.0,,5.0,11,Paris 17e,Paris,Paris 17e,1,241,False,False,,3030,982,50
20260730T110622,A2,v3.3-search-gps,2026-07-31T09:00,2026-07-31T20:00,1707222,https://fr.getaround.com/location-voiture/paris/peugeot-208-1707222,Peugeot 208 (2025),2025,Getaround Connect,CITADINE,SEGMENT_RULES,THERMIQUE,False,89.0,,4.26,23,Puteaux,Paris,Puteaux|Asnières-sur-Seine|Paris 17e,3,242,False,False,,5390,480,11
20260730T110622,A2,v3.3-search-gps,2026-07-31T09:00,2026-07-31T20:00,714802,https://fr.getaround.com/location-voiture/paris/fiat-500-x-714802,Fiat 500 X (2020),2020,Getaround Connect,CITADINE,SEGMENT_RULES,THERMIQUE,False,69.0,,3.75,101,Puteaux,Paris,Puteaux|Asnières-sur-Seine|Paris 17e,3,243,False,False,,5190,480,11
20260730T110622,A2,v3.3-search-gps,2026-07-31T09:00,2026-07-31T20:00,714807,https://fr.getaround.com/location-voiture/paris/renault-clio-714807,Renault Clio (2020),2020,Getaround Connect,CITADINE,SEGMENT_RULES,THERMIQUE,False,69.0,,4.25,179,Puteaux,Paris,Puteaux|Asnières-sur-Seine|Paris 17e,3,243,False,False,,7370,480,11
20260730T110622,A2,v3.3-search-gps,2026-07-31T09:00,2026-07-31T20:00,1787693,https://fr.getaround.com/location-voiture/paris/peugeot-208-1787693,Peugeot 208 (2025),2025,Getaround Connect,CITADINE,SEGMENT_RULES,THERMIQUE,False,89.0,,3.4,5,Puteaux,Paris,Puteaux|Asnières-sur-Seine|Paris 17e,3,244,False,False,,4980,480,11
20260730T110622,A2,v3.3-search-gps,2026-07-31T09:00,2026-07-31T20:00,1929776,https://fr.getaround.com/location-voiture/saint-denis/fiat-500-lounge-1929776,Fiat 500 Lounge (2016),2016,Getaround Connect,CITADINE,SEGMENT_RULES,THERMIQUE,False,69.0,,5.0,1,Asnières-sur-Seine,Saint Denis,Asnières-sur-Seine,1,244,False,False,,6000,878,21
20260730T110622,A2,v3.3-search-gps,2026-07-31T09:00,2026-07-31T20:00,1574328,https://fr.getaround.com/location-voiture/paris/renault-clio-1574328,Renault Clio (2021),2021,Getaround Connect,CITADINE,SEGMENT_RULES,THERMIQUE,False,52.0,,3.36,28,Asnières-sur-Seine,Paris,Asnières-sur-Seine|Paris 17e,2,244,False,False,,10600,878,21
20260730T110622,A2,v3.3-search-gps,2026-07-31T09:00,2026-07-31T20:00,1244578,https://fr.getaround.com/location-voiture/neuilly-sur-seine/bmw-serie-4-cabriolet-1244578,BMW Série 4 Cabriolet (2014),2014,Sur rendez-vous,CABRIOLET,SEGMENT_RULES,THERMIQUE,False,199.0,,5.0,32,Puteaux,Neuilly Sur Seine,Puteaux|Asnières-sur-Seine|Paris 17e,3,246,False,False,,2850,480,11
20260730T110622,A2,v3.3-search-gps,2026-07-31T09:00,2026-07-31T20:00,1007375,https://fr.getaround.com/location-voiture/paris/citroen-c3-1007375,Citroen C3 (2022),2022,Getaround Connect,CITADINE,SEGMENT_RULES,THERMIQUE,False,52.0,,4.23,84,Asnières-sur-Seine,Paris,Asnières-sur-Seine|Paris 17e,2,246,False,False,,8750,878,21
20260730T110622,A2,v3.3-search-gps,2026-07-31T09:00,2026-07-31T20:00,1589885,https://fr.getaround.com/location-voiture/paris/peugeot-2008-1589885,Peugeot 2008 (2023),2023,Getaround Connect,SUV_COMPACT,SEGMENT_RULES,THERMIQUE,False,75.0,,4.03,34,Asnières-sur-Seine,Paris,Asnières-sur-Seine|Paris 17e,2,246,False,False,,5540,878,21
20260730T110622,A2,v3.3-search-gps,2026-07-31T09:00,2026-07-31T20:00,1823639,https://fr.getaround.com/location-voiture/issy-les-moulineaux/peugeot-208-1823639,Peugeot 208 (2020),2020,Getaround Connect,CITADINE,SEGMENT_RULES,THERMIQUE,False,62.0,,4.75,24,Puteaux,Issy Les Moulineaux,Puteaux,1,247,False,False,,7070,480,11
20260730T110622,A2,v3.3-search-gps,2026-07-31T09:00,2026-07-31T20:00,1884240,https://fr.getaround.com/location-voiture/paris/renault-megane-iv-1884240,Renault Mégane IV (2018),2018,Sur rendez-vous,COMPACTE,SEGMENT_RULES,THERMIQUE,False,72.0,,5.0,3,Puteaux,Paris,Puteaux|Asnières-sur-Seine,2,248,False,False,,5230,480,11
20260730T110622,A2,v3.3-search-gps,2026-07-31T09:00,2026-07-31T20:00,1701429,https://fr.getaround.com/location-voiture/neuilly-sur-seine/nissan-juke-1701429,Nissan Juke (2014),2014,Sur rendez-vous,SUV_COMPACT,SEGMENT_RULES,THERMIQUE,False,81.0,,5.0,5,Paris 17e,Neuilly Sur Seine,Paris 17e,1,248,False,False,,2200,982,50
20260730T110622,A2,v3.3-search-gps,2026-07-31T09:00,2026-07-31T20:00,1906679,https://fr.getaround.com/location-voiture/paris/renault-megane-1906679,Renault Mégane (2017),2017,Sur rendez-vous,COMPACTE,SEGMENT_RULES,THERMIQUE,False,76.0,,5.0,4,Puteaux,Paris,Puteaux|Asnières-sur-Seine|Paris 17e,3,250,False,False,,7100,480,11
20260730T110622,A2,v3.3-search-gps,2026-07-31T09:00,2026-07-31T20:00,1558419,https://fr.getaround.com/location-voiture/paris/citroen-c3-1558419,Citroen C3 (2019),2019,Getaround Connect,CITADINE,SEGMENT_RULES,THERMIQUE,False,64.0,,4.67,45,Asnières-sur-Seine,Paris,Asnières-sur-Seine|Paris 17e,2,252,False,False,,9420,878,21
20260730T110622,A2,v3.3-search-gps,2026-07-31T09:00,2026-07-31T20:00,1600723,https://fr.getaround.com/location-voiture/paris/peugeot-2008-1600723,Peugeot 2008 (2023),2023,Getaround Connect,SUV_COMPACT,SEGMENT_RULES,THERMIQUE,False,75.0,,3.75,16,Puteaux,Paris,Puteaux|Asnières-sur-Seine|Paris 17e,3,255,False,False,,6390,480,11
20260730T110622,A2,v3.3-search-gps,2026-07-31T09:00,2026-07-31T20:00,714809,https://fr.getaround.com/location-voiture/boulogne-billancourt/renault-captur-714809,Renault Captur (2020),2020,Getaround Connect,SUV_COMPACT,SEGMENT_RULES,THERMIQUE,False,72.0,,4.08,134,Puteaux,Boulogne Billancourt,Puteaux|Asnières-sur-Seine,2,256,False,False,,5860,480,11
20260730T110622,A2,v3.3-search-gps,2026-07-31T09:00,2026-07-31T20:00,979852,https://fr.getaround.com/location-voiture/deuil-la-barre/renault-scenic-979852,Renault Scenic (2013),2013,Getaround Connect,MONOSPACE,SEGMENT_RULES,THERMIQUE,False,67.0,,4.82,73,Asnières-sur-Seine,Deuil La Barre,Asnières-sur-Seine,1,256,False,False,,6290,878,21
20260730T110622,A2,v3.3-search-gps,2026-07-31T09:00,2026-07-31T20:00,1806943,https://fr.getaround.com/location-voiture/paris/fiat-500-hybride-1806943,Fiat 500 Hybride (2022),2022,Getaround Connect,CITADINE,SEGMENT_RULES,HYBRIDE,False,58.0,,4.42,12,Asnières-sur-Seine,Paris,Asnières-sur-Seine|Paris 17e,2,257,False,False,,8990,878,21
20260730T110622,A2,v3.3-search-gps,2026-07-31T09:00,2026-07-31T20:00,1734726,https://fr.getaround.com/location-voiture/houilles/renault-clio-1734726,Renault Clio (2012),2012,Sur rendez-vous,CITADINE,SEGMENT_RULES,THERMIQUE,False,69.0,,5.0,13,Puteaux,Houilles,Puteaux|Asnières-sur-Seine,2,261,False,False,,5520,480,11
20260730T110622,A2,v3.3-search-gps,2026-07-31T09:00,2026-07-31T20:00,1851073,https://fr.getaround.com/location-voiture/paris/peugeot-208-1851073,Peugeot 208 (2023),2023,Sur rendez-vous,CITADINE,SEGMENT_RULES,THERMIQUE,False,74.0,,5.0,5,Puteaux,Paris,Puteaux|Asnières-sur-Seine|Paris 17e,3,261,False,False,,6400,480,11
20260730T110622,A2,v3.3-search-gps,2026-07-31T09:00,2026-07-31T20:00,1931434,https://fr.getaround.com/location-voiture/epinay-sur-seine/fiat-500-c-1931434,Fiat 500 C (2019),2019,Getaround Connect,CABRIOLET,SEGMENT_RULES,THERMIQUE,False,83.0,,,,Asnières-sur-Seine,Epinay Sur Seine,Asnières-sur-Seine,1,261,False,False,,5210,878,21
20260730T110622,A2,v3.3-search-gps,2026-07-31T09:00,2026-07-31T20:00,1924671,https://fr.getaround.com/location-voiture/rueil-malmaison/renault-megane-iv-1924671,Renault Mégane IV (2021),2021,Getaround Connect,COMPACTE,SEGMENT_RULES,THERMIQUE,False,88.0,,,,Puteaux,Rueil Malmaison,Puteaux|Asnières-sur-Seine,2,262,False,False,,4790,480,11
20260730T110622,A2,v3.3-search-gps,2026-07-31T09:00,2026-07-31T20:00,1731109,https://fr.getaround.com/location-voiture/la-frette-sur-seine/citroen-c3-aircross-1731109,Citroen C3 Aircross (2020),2020,Getaround Connect,CITADINE,SEGMENT_RULES,THERMIQUE,False,60.0,,5.0,6,Asnières-sur-Seine,La Frette Sur Seine,Asnières-sur-Seine,1,262,False,False,,10310,878,21
20260730T110622,A2,v3.3-search-gps,2026-07-31T09:00,2026-07-31T20:00,1691376,https://fr.getaround.com/location-voiture/paris/peugeot-208-1691376,Peugeot 208 (2025),2025,Getaround Connect,CITADINE,SEGMENT_RULES,THERMIQUE,False,89.0,,4.56,27,Asnières-sur-Seine,Paris,Asnières-sur-Seine|Paris 17e,2,262,False,False,,7800,878,21
20260730T110622,A2,v3.3-search-gps,2026-07-31T09:00,2026-07-31T20:00,1608621,https://fr.getaround.com/location-voiture/paris/toyota-yaris-hybride-1608621,Toyota Yaris Hybride (2024),2024,Getaround Connect,CITADINE,SEGMENT_RULES,HYBRIDE,False,84.0,,4.3,23,Puteaux,Paris,Puteaux|Asnières-sur-Seine|Paris 17e,3,263,False,False,,4390,480,11
20260730T110622,A2,v3.3-search-gps,2026-07-31T09:00,2026-07-31T20:00,1226214,https://fr.getaround.com/location-voiture/argenteuil/renault-twingo-ii-1226214,Renault Twingo II (2013),2013,Sur rendez-vous,CITADINE,SEGMENT_RULES,THERMIQUE,False,62.0,,5.0,7,Asnières-sur-Seine,Argenteuil,Asnières-sur-Seine,1,263,False,False,,4400,878,21
20260730T110622,A2,v3.3-search-gps,2026-07-31T09:00,2026-07-31T20:00,1915993,https://fr.getaround.com/location-voiture/issy-les-moulineaux/citroen-c3-1915993,Citroen C3 (2020),2020,Getaround Connect,CITADINE,SEGMENT_RULES,THERMIQUE,False,62.0,,5.0,1,Puteaux,Issy Les Moulineaux,Puteaux,1,264,False,False,,7050,480,11
20260730T110622,A2,v3.3-search-gps,2026-07-31T09:00,2026-07-31T20:00,1314493,https://fr.getaround.com/location-voiture/paris/peugeot-208-1314493,Peugeot 208 (2023),2023,Getaround Connect,CITADINE,SEGMENT_RULES,THERMIQUE,False,79.0,,4.26,66,Puteaux,Paris,Puteaux|Asnières-sur-Seine|Paris 17e,3,264,False,False,,8010,480,11
20260730T110622,A2,v3.3-search-gps,2026-07-31T09:00,2026-07-31T20:00,1683217,https://fr.getaround.com/location-voiture/paris/renault-twingo-ii-1683217,Renault Twingo II (2012),2012,Sur rendez-vous,CITADINE,SEGMENT_RULES,THERMIQUE,False,64.0,,4.97,31,Asnières-sur-Seine,Paris,Asnières-sur-Seine|Paris 17e,2,265,False,False,,10770,878,21
20260730T110622,A2,v3.3-search-gps,2026-07-31T09:00,2026-07-31T20:00,1253214,https://fr.getaround.com/location-voiture/paris/peugeot-208-1253214,Peugeot 208 (2023),2023,Getaround Connect,CITADINE,SEGMENT_RULES,THERMIQUE,False,84.0,,4.42,68,Asnières-sur-Seine,Paris,Asnières-sur-Seine|Paris 17e,2,265,False,False,,8900,878,21
20260730T110622,A2,v3.3-search-gps,2026-07-31T09:00,2026-07-31T20:00,1721129,https://fr.getaround.com/location-voiture/issy-les-moulineaux/smart-forfour-1721129,Smart Forfour (2015),2015,Getaround Connect,MICRO_CITADINE,SEGMENT_RULES,THERMIQUE,False,64.0,,4.54,13,Puteaux,Issy Les Moulineaux,Puteaux|Asnières-sur-Seine,2,266,False,False,,6770,480,11
20260730T110622,A2,v3.3-search-gps,2026-07-31T09:00,2026-07-31T20:00,1637857,https://fr.getaround.com/location-voiture/argenteuil/peugeot-208-1637857,Peugeot 208 (2019),2019,Getaround Connect,CITADINE,SEGMENT_RULES,THERMIQUE,False,79.0,,5.0,15,Puteaux,Argenteuil,Puteaux|Asnières-sur-Seine,2,266,False,False,,7270,480,11
20260730T110622,A2,v3.3-search-gps,2026-07-31T09:00,2026-07-31T20:00,1314301,https://fr.getaround.com/location-voiture/paris/fiat-500-1314301,Fiat 500 (2012),2012,Getaround Connect,CITADINE,SEGMENT_RULES,THERMIQUE,False,55.0,,3.63,31,Asnières-sur-Seine,Paris,Asnières-sur-Seine|Paris 17e,2,266,False,False,,7040,878,21
20260730T110622,A2,v3.3-search-gps,2026-07-31T09:00,2026-07-31T20:00,1821363,https://fr.getaround.com/location-voiture/nanterre/ford-fiesta-1821363,Ford Fiesta (2015),2015,Getaround Connect,CITADINE,SEGMENT_RULES,THERMIQUE,False,66.0,,4.0,2,Puteaux,Nanterre,Puteaux|Asnières-sur-Seine,2,267,False,False,,4010,480,11
20260730T110622,A2,v3.3-search-gps,2026-07-31T09:00,2026-07-31T20:00,1926461,https://fr.getaround.com/location-voiture/paris/renault-twingo-1926461,Renault Twingo (2026),2026,Getaround Connect,CITADINE,SEGMENT_RULES,THERMIQUE,False,58.0,,,,Asnières-sur-Seine,Paris,Asnières-sur-Seine|Paris 17e,2,267,False,False,,10390,878,21
20260730T110622,A2,v3.3-search-gps,2026-07-31T09:00,2026-07-31T20:00,1850966,https://fr.getaround.com/location-voiture/paris/citroen-c4-grand-spacetourer-1850966,Citroen C4 Grand Spacetourer (2019),2019,Sur rendez-vous,COMPACTE,SEGMENT_RULES,THERMIQUE,False,98.0,,5.0,3,Paris 17e,Paris,Paris 17e,1,267,False,False,,1540,982,50
20260730T110622,A2,v3.3-search-gps,2026-07-31T09:00,2026-07-31T20:00,1250163,https://fr.getaround.com/location-voiture/paris/peugeot-208-1250163,Peugeot 208 (2023),2023,Getaround Connect,CITADINE,SEGMENT_RULES,THERMIQUE,False,57.0,,4.57,45,Asnières-sur-Seine,Paris,Asnières-sur-Seine|Paris 17e,2,268,False,False,,10660,878,21
20260730T110622,A2,v3.3-search-gps,2026-07-31T09:00,2026-07-31T20:00,762727,https://fr.getaround.com/location-voiture/paris/opel-agila-762727,Opel Agila (2012),2012,Getaround Connect,CITADINE,SEGMENT_RULES,THERMIQUE,False,55.0,,4.43,88,Asnières-sur-Seine,Paris,Asnières-sur-Seine|Paris 17e,2,269,False,False,,7040,878,21
20260730T110622,A2,v3.3-search-gps,2026-07-31T09:00,2026-07-31T20:00,1738351,https://fr.getaround.com/location-voiture/chatou/toyota-corolla-1738351,Toyota Corolla (2020),2020,Sur rendez-vous,COMPACTE,SEGMENT_RULES,THERMIQUE,False,77.0,,5.0,8,Puteaux,Chatou,Puteaux|Asnières-sur-Seine,2,270,False,False,,6520,480,11
20260730T110622,A2,v3.3-search-gps,2026-07-31T09:00,2026-07-31T20:00,813514,https://fr.getaround.com/location-voiture/paris/renault-clio-813514,Renault Clio (2013),2013,Getaround Connect,CITADINE,SEGMENT_RULES,THERMIQUE,False,60.0,,4.3,72,Asnières-sur-Seine,Paris,Asnières-sur-Seine|Paris 17e,2,270,False,False,,7040,878,21
20260730T110622,A2,v3.3-search-gps,2026-07-31T09:00,2026-07-31T20:00,1916387,https://fr.getaround.com/location-voiture/carrieres-sur-seine/citroen-c3-1916387,Citroen C3 (2014),2014,Sur rendez-vous,CITADINE,SEGMENT_RULES,THERMIQUE,False,51.0,,5.0,1,Puteaux,Carrieres Sur Seine,Puteaux|Asnières-sur-Seine,2,272,False,False,,5260,480,11
20260730T110622,A2,v3.3-search-gps,2026-07-31T09:00,2026-07-31T20:00,1806891,https://fr.getaround.com/location-voiture/paris/peugeot-e-2008-1806891,Peugeot e-2008 (2025),2025,Sur rendez-vous,SUV_COMPACT,SEGMENT_RULES,THERMIQUE,False,93.0,,5.0,1,Paris 17e,Paris,Paris 17e,1,272,False,False,,1700,982,50
20260730T110622,A2,v3.3-search-gps,2026-07-31T09:00,2026-07-31T20:00,1780427,https://fr.getaround.com/location-voiture/epinay-sur-seine/citroen-c3-1780427,Citroen C3 (2022),2022,Getaround Connect,CITADINE,SEGMENT_RULES,THERMIQUE,False,77.0,,4.76,21,Asnières-sur-Seine,Epinay Sur Seine,Asnières-sur-Seine,1,273,False,False,,5500,878,21
20260730T110622,A2,v3.3-search-gps,2026-07-31T09:00,2026-07-31T20:00,1873408,https://fr.getaround.com/location-voiture/paris/toyota-yaris-hybride-1873408,Toyota Yaris Hybride (2015),2015,Getaround Connect,CITADINE,SEGMENT_RULES,HYBRIDE,False,76.0,,4.89,9,Asnières-sur-Seine,Paris,Asnières-sur-Seine|Paris 17e,2,274,False,False,,7340,878,21
20260730T110622,A2,v3.3-search-gps,2026-07-31T09:00,2026-07-31T20:00,1879734,https://fr.getaround.com/location-voiture/paris/renault-captur-1879734,Renault Captur (2021),2021,Sur rendez-vous,SUV_COMPACT,SEGMENT_RULES,THERMIQUE,False,84.0,,,,Paris 17e,Paris,Paris 17e,1,274,False,False,,1610,982,50
20260730T110622,A2,v3.3-search-gps,2026-07-31T09:00,2026-07-31T20:00,1731998,https://fr.getaround.com/location-voiture/paris/lexus-ux-hybride-1731998,Lexus UX Hybride (2024),2024,Sur rendez-vous,SUV_COMPACT,SEGMENT_RULES,HYBRIDE,False,133.0,,5.0,4,Puteaux,Paris,Puteaux,1,275,False,False,,8140,480,11
20260730T110622,A2,v3.3-search-gps,2026-07-31T09:00,2026-07-31T20:00,653333,https://fr.getaround.com/location-voiture/paris/renault-twingo-653333,Renault Twingo (2016),2016,Getaround Connect,CITADINE,SEGMENT_RULES,THERMIQUE,False,58.0,,4.84,155,Paris 17e,Paris,Paris 17e,1,275,False,False,,7480,982,50
20260730T110622,A2,v3.3-search-gps,2026-07-31T09:00,2026-07-31T20:00,1650440,https://fr.getaround.com/location-voiture/issy-les-moulineaux/volkswagen-t-cross-1650440,Volkswagen T-Cross (2024),2024,Getaround Connect,SUV_COMPACT,SEGMENT_RULES,THERMIQUE,False,73.0,,3.35,17,Puteaux,Issy Les Moulineaux,Puteaux,1,276,False,False,,7150,480,11
20260730T110622,A2,v3.3-search-gps,2026-07-31T09:00,2026-07-31T20:00,1320462,https://fr.getaround.com/location-voiture/paris/peugeot-208-1320462,Peugeot 208 (2023),2023,Getaround Connect,CITADINE,SEGMENT_RULES,THERMIQUE,False,79.0,,4.21,46,Asnières-sur-Seine,Paris,Asnières-sur-Seine|Paris 17e,2,276,False,False,,9230,878,21
20260730T110622,A2,v3.3-search-gps,2026-07-31T09:00,2026-07-31T20:00,1888038,https://fr.getaround.com/location-voiture/colombes/peugeot-5008-1888038,Peugeot 5008 (2013),2013,Sur rendez-vous,MONOSPACE,SEGMENT_RULES,THERMIQUE,False,121.0,,,,Puteaux,Colombes,Puteaux|Asnières-sur-Seine,2,277,False,False,,3480,480,11
20260730T110622,A2,v3.3-search-gps,2026-07-31T09:00,2026-07-31T20:00,1289755,https://fr.getaround.com/location-voiture/paris/seat-ateca-1289755,Seat Ateca (2017),2017,Sur rendez-vous,NON_CLASSE,SEGMENT_RULES,THERMIQUE,False,87.0,,4.43,7,Paris 17e,Paris,Paris 17e,1,277,False,False,,1330,982,50
20260730T110622,A2,v3.3-search-gps,2026-07-31T09:00,2026-07-31T20:00,1889838,https://fr.getaround.com/location-voiture/sevres/renault-twingo-iii-1889838,Renault Twingo III (2020),2020,Getaround Connect,CITADINE,SEGMENT_RULES,THERMIQUE,False,69.0,,5.0,8,Puteaux,Sevres,Puteaux|Asnières-sur-Seine,2,278,False,False,,6790,480,11
20260730T110622,A2,v3.3-search-gps,2026-07-31T09:00,2026-07-31T20:00,1833543,https://fr.getaround.com/location-voiture/argenteuil/citroen-c3-1833543,Citroen C3 (2019),2019,Getaround Connect,CITADINE,SEGMENT_RULES,THERMIQUE,False,69.0,,5.0,2,Puteaux,Argenteuil,Puteaux|Asnières-sur-Seine,2,279,False,False,,7250,480,11
20260730T110622,A2,v3.3-search-gps,2026-07-31T09:00,2026-07-31T20:00,890107,https://fr.getaround.com/location-voiture/paris/fiat-500-890107,Fiat 500 (2013),2013,Getaround Connect,CITADINE,SEGMENT_RULES,THERMIQUE,False,55.0,,3.67,78,Asnières-sur-Seine,Paris,Asnières-sur-Seine|Paris 17e,2,279,False,False,,7040,878,21
20260730T110622,A2,v3.3-search-gps,2026-07-31T09:00,2026-07-31T20:00,1306895,https://fr.getaround.com/location-voiture/paris/peugeot-2008-1306895,Peugeot 2008 (2023),2023,Getaround Connect,SUV_COMPACT,SEGMENT_RULES,THERMIQUE,False,88.0,,4.49,58,Asnières-sur-Seine,Paris,Asnières-sur-Seine|Paris 17e,2,280,False,False,,9240,878,21
20260730T110622,A2,v3.3-search-gps,2026-07-31T09:00,2026-07-31T20:00,1702914,https://fr.getaround.com/location-voiture/paris/renault-scenic-1702914,Renault Scenic (2012),2012,Sur rendez-vous,MONOSPACE,SEGMENT_RULES,THERMIQUE,False,110.0,,5.0,10,Puteaux,Paris,Puteaux|Asnières-sur-Seine,2,281,False,False,,4850,480,11
20260730T110622,A2,v3.3-search-gps,2026-07-31T09:00,2026-07-31T20:00,1813056,https://fr.getaround.com/location-voiture/paris/volkswagen-polo-1813056,Volkswagen Polo (2011),2011,Sur rendez-vous,CITADINE,SEGMENT_RULES,THERMIQUE,False,84.0,,4.9,10,Puteaux,Paris,Puteaux|Asnières-sur-Seine,2,283,False,False,,4440,480,11
20260730T110622,A2,v3.3-search-gps,2026-07-31T09:00,2026-07-31T20:00,1665207,https://fr.getaround.com/location-voiture/paris/peugeot-308-1665207,Peugeot 308 (2019),2019,Getaround Connect,COMPACTE,SEGMENT_RULES,THERMIQUE,False,58.0,,4.52,27,Asnières-sur-Seine,Paris,Asnières-sur-Seine|Paris 17e,2,283,False,False,,10600,878,21
20260730T110622,A2,v3.3-search-gps,2026-07-31T09:00,2026-07-31T20:00,1890607,https://fr.getaround.com/location-voiture/sartrouville/fiat-doblo-1890607,Fiat Doblo (2022),2022,Getaround Connect,UTILITAIRE,SEGMENT_RULES,THERMIQUE,False,67.0,,5.0,1,Asnières-sur-Seine,Sartrouville,Asnières-sur-Seine,1,284,False,False,,8710,878,21
20260730T110622,A2,v3.3-search-gps,2026-07-31T09:00,2026-07-31T20:00,1881944,https://fr.getaround.com/location-voiture/paris/peugeot-2008-1881944,Peugeot 2008 (2026),2026,Getaround Connect,SUV_COMPACT,SEGMENT_RULES,THERMIQUE,False,101.0,,5.0,4,Asnières-sur-Seine,Paris,Asnières-sur-Seine|Paris 17e,2,284,False,False,,7090,878,21
20260730T110622,A2,v3.3-search-gps,2026-07-31T09:00,2026-07-31T20:00,1356027,https://fr.getaround.com/location-voiture/paris/renault-clio-1356027,Renault Clio (2022),2022,Getaround Connect,CITADINE,SEGMENT_RULES,THERMIQUE,False,79.0,,4.86,65,Puteaux,Paris,Puteaux|Asnières-sur-Seine|Paris 17e,3,285,False,False,,7100,480,11
20260730T110622,A2,v3.3-search-gps,2026-07-31T09:00,2026-07-31T20:00,1841274,https://fr.getaround.com/location-voiture/herblay-sur-seine/volkswagen-golf-1841274,Volkswagen Golf (2012),2012,Sur rendez-vous,COMPACTE,SEGMENT_RULES,THERMIQUE,False,76.0,,5.0,6,Asnières-sur-Seine,Herblay Sur Seine,Asnières-sur-Seine,1,285,False,False,,11520,878,21
20260730T110622,A2,v3.3-search-gps,2026-07-31T09:00,2026-07-31T20:00,1650460,https://fr.getaround.com/location-voiture/paris/volkswagen-t-cross-1650460,Volkswagen T-Cross (2024),2024,Getaround Connect,SUV_COMPACT,SEGMENT_RULES,THERMIQUE,False,80.0,,3.28,18,Asnières-sur-Seine,Paris,Asnières-sur-Seine|Paris 17e,2,286,False,False,,5540,878,21
20260730T110622,A2,v3.3-search-gps,2026-07-31T09:00,2026-07-31T20:00,1274540,https://fr.getaround.com/location-voiture/paris/peugeot-208-1274540,Peugeot 208 (2023),2023,Getaround Connect,CITADINE,SEGMENT_RULES,THERMIQUE,False,79.0,,4.13,50,Puteaux,Paris,Puteaux|Paris 17e,2,287,False,False,,9150,480,11
20260730T110622,A2,v3.3-search-gps,2026-07-31T09:00,2026-07-31T20:00,1589894,https://fr.getaround.com/location-voiture/paris/peugeot-2008-1589894,Peugeot 2008 (2023),2023,Getaround Connect,SUV_COMPACT,SEGMENT_RULES,THERMIQUE,False,75.0,,3.89,33,Asnières-sur-Seine,Paris,Asnières-sur-Seine|Paris 17e,2,287,False,False,,7920,878,21
20260730T110622,A2,v3.3-search-gps,2026-07-31T09:00,2026-07-31T20:00,1671475,https://fr.getaround.com/location-voiture/paris/peugeot-3008-1671475,Peugeot 3008 (2020),2020,Getaround Connect,SUV_FAMILIAL,SEGMENT_RULES,THERMIQUE,False,79.0,,4.52,33,Puteaux,Paris,Puteaux|Asnières-sur-Seine|Paris 17e,3,288,False,False,,7370,480,11
20260730T110622,A2,v3.3-search-gps,2026-07-31T09:00,2026-07-31T20:00,1629793,https://fr.getaround.com/location-voiture/paris/renault-clio-1629793,Renault Clio (2024),2024,Getaround Connect,CITADINE,SEGMENT_RULES,THERMIQUE,False,79.0,,4.33,39,Puteaux,Paris,Puteaux|Asnières-sur-Seine|Paris 17e,3,289,False,False,,5790,480,11
20260730T110622,A2,v3.3-search-gps,2026-07-31T09:00,2026-07-31T20:00,1833015,https://fr.getaround.com/location-voiture/saint-ouen-sur-seine/fiat-panda-cross-1833015,Fiat Panda Cross (2024),2024,Sur rendez-vous,MICRO_CITADINE,SEGMENT_RULES,THERMIQUE,False,88.0,,5.0,1,Asnières-sur-Seine,Saint Ouen Sur Seine,Asnières-sur-Seine,1,289,False,False,,3890,878,21
20260730T110622,A2,v3.3-search-gps,2026-07-31T09:00,2026-07-31T20:00,1306893,https://fr.getaround.com/location-voiture/paris/peugeot-208-1306893,Peugeot 208 (2023),2023,Getaround Connect,CITADINE,SEGMENT_RULES,THERMIQUE,False,79.0,,4.47,46,Asnières-sur-Seine,Paris,Asnières-sur-Seine|Paris 17e,2,289,False,False,,8810,878,21
20260730T110622,A2,v3.3-search-gps,2026-07-31T09:00,2026-07-31T20:00,1291651,https://fr.getaround.com/location-voiture/paris/toyota-yaris-hybride-1291651,Toyota Yaris Hybride (2021),2021,Getaround Connect,CITADINE,SEGMENT_RULES,HYBRIDE,False,70.0,,4.36,51,Asnières-sur-Seine,Paris,Asnières-sur-Seine|Paris 17e,2,290,False,False,,10200,878,21
20260730T110622,A2,v3.3-search-gps,2026-07-31T09:00,2026-07-31T20:00,1916407,https://fr.getaround.com/location-voiture/paris/peugeot-208-1916407,Peugeot 208 (2026),2026,Getaround Connect,CITADINE,SEGMENT_RULES,THERMIQUE,False,73.0,,,,Asnières-sur-Seine,Paris,Asnières-sur-Seine|Paris 17e,2,291,False,False,,11060,878,21
20260730T110622,A2,v3.3-search-gps,2026-07-31T09:00,2026-07-31T20:00,1634381,https://fr.getaround.com/location-voiture/boulogne-billancourt/opel-corsa-1634381,Opel Corsa (2024),2024,Getaround Connect,CITADINE,SEGMENT_RULES,THERMIQUE,False,84.0,,4.82,42,Puteaux,Boulogne Billancourt,Puteaux|Asnières-sur-Seine,2,292,False,False,,6320,480,11
20260730T110622,A2,v3.3-search-gps,2026-07-31T09:00,2026-07-31T20:00,733239,https://fr.getaround.com/location-voiture/sartrouville/fiat-500-733239,Fiat 500 (2016),2016,Getaround Connect,CITADINE,SEGMENT_RULES,THERMIQUE,False,73.0,,4.86,60,Puteaux,Sartrouville,Puteaux|Asnières-sur-Seine,2,293,False,False,,8020,480,11
20260730T110622,A2,v3.3-search-gps,2026-07-31T09:00,2026-07-31T20:00,1322999,https://fr.getaround.com/location-voiture/paris/toyota-yaris-hybride-1322999,Toyota Yaris Hybride (2021),2021,Getaround Connect,CITADINE,SEGMENT_RULES,HYBRIDE,False,70.0,,4.66,44,Asnières-sur-Seine,Paris,Asnières-sur-Seine|Paris 17e,2,295,False,False,,10660,878,21
20260730T110622,A2,v3.3-search-gps,2026-07-31T09:00,2026-07-31T20:00,1542682,https://fr.getaround.com/location-voiture/paris/toyota-corolla-hybride-1542682,Toyota Corolla Hybride (2020),2020,Getaround Connect,COMPACTE,SEGMENT_RULES,HYBRIDE,False,83.0,,4.55,39,Asnières-sur-Seine,Paris,Asnières-sur-Seine|Paris 17e,2,296,False,False,,10660,878,21
20260730T110622,A2,v3.3-search-gps,2026-07-31T09:00,2026-07-31T20:00,1749219,https://fr.getaround.com/location-voiture/paris/opel-combo-life-1749219,Opel Combo Life (2021),2021,Getaround Connect,MONOSPACE,SEGMENT_RULES,THERMIQUE,False,116.0,,4.97,30,Puteaux,Paris,Puteaux|Asnières-sur-Seine|Paris 17e,3,299,False,False,,7390,480,11
20260730T110622,A2,v3.3-search-gps,2026-07-31T09:00,2026-07-31T20:00,1297193,https://fr.getaround.com/location-voiture/paris/renault-clio-1297193,Renault Clio (2015),2015,Getaround Connect,CITADINE,SEGMENT_RULES,THERMIQUE,False,71.0,,4.45,56,Asnières-sur-Seine,Paris,Asnières-sur-Seine|Paris 17e,2,299,False,False,,6700,878,21
20260730T110622,A2,v3.3-search-gps,2026-07-31T09:00,2026-07-31T20:00,1812855,https://fr.getaround.com/location-voiture/paris/volkswagen-polo-1812855,Volkswagen Polo (2011),2011,Sur rendez-vous,CITADINE,SEGMENT_RULES,THERMIQUE,False,75.0,,4.29,7,Puteaux,Paris,Puteaux|Asnières-sur-Seine,2,300,False,False,,4460,480,11
20260730T110622,A2,v3.3-search-gps,2026-07-31T09:00,2026-07-31T20:00,1541399,https://fr.getaround.com/location-voiture/paris/toyota-yaris-cross-hybrid-1541399,Toyota Yaris Cross Hybrid (2021),2021,Getaround Connect,SUV_COMPACT,SEGMENT_RULES,HYBRIDE,False,83.0,,4.39,42,Asnières-sur-Seine,Paris,Asnières-sur-Seine|Paris 17e,2,300,False,False,,10390,878,21
20260730T110622,A2,v3.3-search-gps,2026-07-31T09:00,2026-07-31T20:00,1442841,https://fr.getaround.com/location-voiture/paris/citroen-c3-1442841,Citroen C3 (2023),2023,Getaround Connect,CITADINE,SEGMENT_RULES,THERMIQUE,False,79.0,,4.48,54,Puteaux,Paris,Puteaux|Asnières-sur-Seine|Paris 17e,3,302,False,False,,6090,480,11
20260730T110622,A2,v3.3-search-gps,2026-07-31T09:00,2026-07-31T20:00,1922215,https://fr.getaround.com/location-voiture/paris/toyota-yaris-hybride-1922215,Toyota Yaris Hybride (2026),2026,Sur rendez-vous,CITADINE,SEGMENT_RULES,HYBRIDE,False,105.0,,,,Puteaux,Paris,Puteaux|Asnières-sur-Seine|Paris 17e,3,302,False,False,,3720,480,11
20260730T110622,A2,v3.3-search-gps,2026-07-31T09:00,2026-07-31T20:00,1695612,https://fr.getaround.com/location-voiture/nanterre/renault-twingo-iii-1695612,Renault Twingo III (2020),2020,Sur rendez-vous,CITADINE,SEGMENT_RULES,THERMIQUE,False,80.0,,,,Puteaux,Nanterre,Puteaux|Asnières-sur-Seine,2,304,False,False,,2220,480,11
20260730T110622,A2,v3.3-search-gps,2026-07-31T09:00,2026-07-31T20:00,1814059,https://fr.getaround.com/location-voiture/colombes/mazda-cx-3-1814059,Mazda CX-3 (2016),2016,Sur rendez-vous,SUV_COMPACT,SEGMENT_RULES,THERMIQUE,False,94.0,,5.0,2,Puteaux,Colombes,Puteaux|Asnières-sur-Seine,2,304,False,False,,5450,480,11
20260730T110622,A2,v3.3-search-gps,2026-07-31T09:00,2026-07-31T20:00,1891065,https://fr.getaround.com/location-voiture/drancy/renault-clio-1891065,Renault Clio (2015),2015,Getaround Connect,CITADINE,SEGMENT_RULES,THERMIQUE,False,70.0,,5.0,3,Asnières-sur-Seine,Drancy,Asnières-sur-Seine,1,305,False,False,,9910,878,21
20260730T110622,A2,v3.3-search-gps,2026-07-31T09:00,2026-07-31T20:00,836035,https://fr.getaround.com/location-voiture/paris/toyota-yaris-hybride-836035,Toyota Yaris Hybride (2021),2021,Getaround Connect,CITADINE,SEGMENT_RULES,HYBRIDE,False,59.0,,3.95,87,Asnières-sur-Seine,Paris,Asnières-sur-Seine|Paris 17e,2,305,False,False,,10670,878,21
20260730T110622,A2,v3.3-search-gps,2026-07-31T09:00,2026-07-31T20:00,1933549,https://fr.getaround.com/location-voiture/argenteuil/citroen-c3-1933549,Citroen C3 (2018),2018,Sur rendez-vous,CITADINE,SEGMENT_RULES,THERMIQUE,False,68.0,,,,Puteaux,Argenteuil,Puteaux|Asnières-sur-Seine,2,307,False,False,,6710,480,11
20260730T110622,A2,v3.3-search-gps,2026-07-31T09:00,2026-07-31T20:00,1728263,https://fr.getaround.com/location-voiture/levallois-perret/renault-arkana-rs-line-1728263,Renault Arkana RS Line (2022),2022,Sur rendez-vous,COMPACTE,SEGMENT_RULES,THERMIQUE,False,106.0,,,,Puteaux,Levallois Perret,Puteaux|Asnières-sur-Seine,2,308,False,False,,3950,480,11
20260730T110622,A2,v3.3-search-gps,2026-07-31T09:00,2026-07-31T20:00,1782417,https://fr.getaround.com/location-voiture/paris/renault-zoe-1782417,Renault ZOE (2021),2021,Getaround Connect,CITADINE,SEGMENT_RULES,ELECTRIQUE,False,74.0,,4.93,15,Asnières-sur-Seine,Paris,Asnières-sur-Seine|Paris 17e,2,308,False,False,,7700,878,21
20260730T110622,A2,v3.3-search-gps,2026-07-31T09:00,2026-07-31T20:00,1911418,https://fr.getaround.com/location-voiture/sannois/renault-twingo-iii-1911418,Renault Twingo III (2018),2018,Getaround Connect,CITADINE,SEGMENT_RULES,THERMIQUE,False,65.0,,5.0,2,Asnières-sur-Seine,Sannois,Asnières-sur-Seine,1,309,False,False,,7940,878,21
20260730T110622,A2,v3.3-search-gps,2026-07-31T09:00,2026-07-31T20:00,1618557,https://fr.getaround.com/location-voiture/levallois-perret/tesla-model-y-1618557,Tesla Model Y (2024),2024,Sur rendez-vous,SUV_FAMILIAL,SEGMENT_RULES,ELECTRIQUE,False,137.0,,,,Puteaux,Levallois Perret,Puteaux|Asnières-sur-Seine,2,310,False,False,,3490,480,11
20260730T110622,A2,v3.3-search-gps,2026-07-31T09:00,2026-07-31T20:00,1009327,https://fr.getaround.com/location-voiture/paris/citroen-c3-1009327,Citroen C3 (2019),2019,Getaround Connect,CITADINE,SEGMENT_RULES,THERMIQUE,False,52.0,,4.21,114,Asnières-sur-Seine,Paris,Asnières-sur-Seine|Paris 17e,2,310,False,False,,10670,878,21
20260730T110622,A2,v3.3-search-gps,2026-07-31T09:00,2026-07-31T20:00,1291658,https://fr.getaround.com/location-voiture/vanves/toyota-yaris-hybride-1291658,Toyota Yaris Hybride (2022),2022,Getaround Connect,CITADINE,SEGMENT_RULES,HYBRIDE,False,84.0,,4.46,55,Puteaux,Vanves,Puteaux,1,311,False,False,,8029,480,11
20260730T110622,A2,v3.3-search-gps,2026-07-31T09:00,2026-07-31T20:00,1757751,https://fr.getaround.com/location-voiture/paris/tesla-model-3-1757751,Tesla Model 3 (2022),2022,Sur rendez-vous,BERLINE,SEGMENT_RULES,ELECTRIQUE,False,118.0,,5.0,4,Asnières-sur-Seine,Paris,Asnières-sur-Seine|Paris 17e,2,311,False,False,,10800,878,21
20260730T110622,A2,v3.3-search-gps,2026-07-31T09:00,2026-07-31T20:00,1675484,https://fr.getaround.com/location-voiture/paris/peugeot-208-1675484,Peugeot 208 (2025),2025,Getaround Connect,CITADINE,SEGMENT_RULES,THERMIQUE,False,89.0,,3.57,14,Asnières-sur-Seine,Paris,Asnières-sur-Seine|Paris 17e,2,311,False,False,,7090,878,21
20260730T110622,A2,v3.3-search-gps,2026-07-31T09:00,2026-07-31T20:00,1632665,https://fr.getaround.com/location-voiture/paris/renault-twingo-iii-1632665,Renault Twingo III (2018),2018,Getaround Connect,CITADINE,SEGMENT_RULES,THERMIQUE,False,70.0,,4.76,45,Puteaux,Paris,Puteaux|Asnières-sur-Seine|Paris 17e,3,312,False,False,,7940,480,11
20260730T110622,A2,v3.3-search-gps,2026-07-31T09:00,2026-07-31T20:00,1913858,https://fr.getaround.com/location-voiture/paris/renault-clio-1913858,Renault Clio (2020),2020,Getaround Connect,CITADINE,SEGMENT_RULES,THERMIQUE,False,58.0,,4.0,1,Asnières-sur-Seine,Paris,Asnières-sur-Seine|Paris 17e,2,312,False,False,,9580,878,21
20260730T110622,A2,v3.3-search-gps,2026-07-31T09:00,2026-07-31T20:00,1756251,https://fr.getaround.com/location-voiture/vanves/toyota-c-hr-1756251,Toyota C-HR (2019),2019,Getaround Connect,SUV_COMPACT,SEGMENT_RULES,THERMIQUE,False,87.0,,4.3,23,Puteaux,Vanves,Puteaux,1,313,False,False,,7890,480,11
20260730T110622,A2,v3.3-search-gps,2026-07-31T09:00,2026-07-31T20:00,1572123,https://fr.getaround.com/location-voiture/clichy/mini-clubman-cooper-1572123,Mini Clubman Cooper (2019),2019,Sur rendez-vous,BREAK,SEGMENT_RULES,THERMIQUE,False,120.0,,4.77,31,Puteaux,Clichy,Puteaux|Asnières-sur-Seine,2,313,False,False,,5230,480,11
20260730T110622,A2,v3.3-search-gps,2026-07-31T09:00,2026-07-31T20:00,1610891,https://fr.getaround.com/location-voiture/issy-les-moulineaux/audi-a5-sportback-1610891,Audi A5 Sportback (2013),2013,Sur rendez-vous,BERLINE,SEGMENT_RULES,THERMIQUE,False,117.0,,5.0,4,Puteaux,Issy Les Moulineaux,Puteaux|Asnières-sur-Seine,2,314,False,False,,6280,480,11
20260730T110622,A2,v3.3-search-gps,2026-07-31T09:00,2026-07-31T20:00,1474093,https://fr.getaround.com/location-voiture/la-celle-saint-cloud/toyota-yaris-1474093,Toyota Yaris (2017),2017,Getaround Connect,CITADINE,SEGMENT_RULES,THERMIQUE,False,83.0,,4.71,73,Puteaux,La Celle Saint Cloud,Puteaux|Asnières-sur-Seine,2,316,False,False,,7380,480,11
20260730T110622,A2,v3.3-search-gps,2026-07-31T09:00,2026-07-31T20:00,1631645,https://fr.getaround.com/location-voiture/paris/opel-corsa-1631645,Opel Corsa (2024),2024,Getaround Connect,CITADINE,SEGMENT_RULES,THERMIQUE,False,63.0,,4.55,29,Asnières-sur-Seine,Paris,Asnières-sur-Seine|Paris 17e,2,316,False,False,,10200,878,21
20260730T110622,A2,v3.3-search-gps,2026-07-31T09:00,2026-07-31T20:00,1376882,https://fr.getaround.com/location-voiture/paris/peugeot-2008-1376882,Peugeot 2008 (2023),2023,Getaround Connect,SUV_COMPACT,SEGMENT_RULES,THERMIQUE,False,86.0,,4.51,63,Puteaux,Paris,Puteaux|Asnières-sur-Seine,2,317,False,False,,6390,480,11
20260730T110622,A2,v3.3-search-gps,2026-07-31T09:00,2026-07-31T20:00,1275063,https://fr.getaround.com/location-voiture/paris/renault-twingo-iii-1275063,Renault Twingo III (2016),2016,Getaround Connect,CITADINE,SEGMENT_RULES,THERMIQUE,False,60.0,,4.45,28,Asnières-sur-Seine,Paris,Asnières-sur-Seine|Paris 17e,2,317,False,False,,7040,878,21
20260730T110622,A2,v3.3-search-gps,2026-07-31T09:00,2026-07-31T20:00,1819391,https://fr.getaround.com/location-voiture/issy-les-moulineaux/citroen-c3-1819391,Citroen C3 (2020),2020,Sur rendez-vous,CITADINE,SEGMENT_RULES,THERMIQUE,False,72.0,,5.0,8,Puteaux,Issy Les Moulineaux,Puteaux,1,318,False,False,,7140,480,11
20260730T110622,A2,v3.3-search-gps,2026-07-31T09:00,2026-07-31T20:00,1927747,https://fr.getaround.com/location-voiture/villeneuve-la-garenne/peugeot-208-1927747,Peugeot 208 (2017),2017,Sur rendez-vous,CITADINE,SEGMENT_RULES,THERMIQUE,False,67.0,,,,Puteaux,Villeneuve La Garenne,Puteaux|Asnières-sur-Seine,2,318,False,False,,8470,480,11
20260730T110622,A2,v3.3-search-gps,2026-07-31T09:00,2026-07-31T20:00,701657,https://fr.getaround.com/location-voiture/paris/renault-twingo-701657,Renault Twingo (2017),2017,Getaround Connect,CITADINE,SEGMENT_RULES,THERMIQUE,False,63.0,,4.77,152,Asnières-sur-Seine,Paris,Asnières-sur-Seine|Paris 17e,2,318,False,False,,10830,878,21
20260730T110622,A2,v3.3-search-gps,2026-07-31T09:00,2026-07-31T20:00,1892221,https://fr.getaround.com/location-voiture/paris/toyota-corolla-hybride-1892221,Toyota Corolla Hybride (2020),2020,Getaround Connect,COMPACTE,SEGMENT_RULES,HYBRIDE,False,103.0,,5.0,3,Puteaux,Paris,Puteaux|Asnières-sur-Seine,2,319,False,False,,7510,480,11
20260730T110622,A2,v3.3-search-gps,2026-07-31T09:00,2026-07-31T20:00,1924276,https://fr.getaround.com/location-voiture/houilles/nissan-micra-1924276,Nissan Micra (2015),2015,Sur rendez-vous,CITADINE,SEGMENT_RULES,THERMIQUE,False,65.0,,,,Puteaux,Houilles,Puteaux|Asnières-sur-Seine,2,320,False,False,,4840,480,11
20260730T110622,A2,v3.3-search-gps,2026-07-31T09:00,2026-07-31T20:00,1681055,https://fr.getaround.com/location-voiture/paris/peugeot-208-1681055,Peugeot 208 (2023),2023,Getaround Connect,CITADINE,SEGMENT_RULES,THERMIQUE,False,84.0,,4.28,25,Asnières-sur-Seine,Paris,Asnières-sur-Seine|Paris 17e,2,320,False,False,,9720,878,21
20260730T110622,A2,v3.3-search-gps,2026-07-31T09:00,2026-07-31T20:00,854615,https://fr.getaround.com/location-voiture/courbevoie/mg-zs-ev-854615,Mg ZS EV (2020),2020,Sur rendez-vous,SUV_COMPACT,SEGMENT_RULES,ELECTRIQUE,False,150.0,,5.0,8,Puteaux,Courbevoie,Puteaux|Asnières-sur-Seine,2,323,False,False,,1620,480,11
20260730T110622,A2,v3.3-search-gps,2026-07-31T09:00,2026-07-31T20:00,1077086,https://fr.getaround.com/location-voiture/paris/opel-corsa-1077086,Opel Corsa (2013),2013,Getaround Connect,CITADINE,SEGMENT_RULES,THERMIQUE,False,60.0,,4.31,40,Asnières-sur-Seine,Paris,Asnières-sur-Seine|Paris 17e,2,323,False,False,,7040,878,21
20260730T110622,A2,v3.3-search-gps,2026-07-31T09:00,2026-07-31T20:00,1926026,https://fr.getaround.com/location-voiture/nanterre/peugeot-5008-1926026,Peugeot 5008 (2025),2025,Sur rendez-vous,MONOSPACE,SEGMENT_RULES,THERMIQUE,False,173.0,,,,Puteaux,Nanterre,Puteaux|Asnières-sur-Seine,2,324,False,False,,3260,480,11
20260730T110622,A2,v3.3-search-gps,2026-07-31T09:00,2026-07-31T20:00,1005693,https://fr.getaround.com/location-voiture/paris/dacia-lodgy-1005693,Dacia Lodgy (2017),2017,Getaround Connect,MONOSPACE,SEGMENT_RULES,THERMIQUE,False,95.0,,4.78,76,Asnières-sur-Seine,Paris,Asnières-sur-Seine|Paris 17e,2,324,False,False,,8270,878,21
20260730T110622,A2,v3.3-search-gps,2026-07-31T09:00,2026-07-31T20:00,1240925,https://fr.getaround.com/location-voiture/paris/peugeot-208-1240925,Peugeot 208 (2023),2023,Getaround Connect,CITADINE,SEGMENT_RULES,THERMIQUE,False,57.0,,3.87,50,Asnières-sur-Seine,Paris,Asnières-sur-Seine|Paris 17e,2,325,False,False,,10660,878,21
20260730T110622,A2,v3.3-search-gps,2026-07-31T09:00,2026-07-31T20:00,1689747,https://fr.getaround.com/location-voiture/paris/renault-clio-1689747,Renault Clio (2024),2024,Getaround Connect,CITADINE,SEGMENT_RULES,THERMIQUE,False,79.0,,4.05,21,Puteaux,Paris,Puteaux|Asnières-sur-Seine,2,326,False,False,,6050,480,11
20260730T110622,A2,v3.3-search-gps,2026-07-31T09:00,2026-07-31T20:00,1745784,https://fr.getaround.com/location-voiture/paris/renault-clio-1745784,Renault Clio (2021),2021,Getaround Connect,CITADINE,SEGMENT_RULES,THERMIQUE,False,58.0,,4.56,27,Asnières-sur-Seine,Paris,Asnières-sur-Seine|Paris 17e,2,326,False,False,,11370,878,21
20260730T110622,A2,v3.3-search-gps,2026-07-31T09:00,2026-07-31T20:00,1203644,https://fr.getaround.com/location-voiture/paris/citroen-c3-1203644,Citroen C3 (2023),2023,Getaround Connect,CITADINE,SEGMENT_RULES,THERMIQUE,False,57.0,,4.22,85,Puteaux,Paris,Puteaux|Asnières-sur-Seine,2,327,False,False,,7080,480,11
20260730T110622,A2,v3.3-search-gps,2026-07-31T09:00,2026-07-31T20:00,1708107,https://fr.getaround.com/location-voiture/paris/renault-zoe-1708107,Renault ZOE (2015),2015,Getaround Connect,CITADINE,SEGMENT_RULES,ELECTRIQUE,False,60.0,,4.95,21,Asnières-sur-Seine,Paris,Asnières-sur-Seine|Paris 17e,2,327,False,False,,11160,878,21
20260730T110622,A2,v3.3-search-gps,2026-07-31T09:00,2026-07-31T20:00,1694521,https://fr.getaround.com/location-voiture/paris/peugeot-308-1694521,Peugeot 308 (2019),2019,Getaround Connect,COMPACTE,SEGMENT_RULES,THERMIQUE,False,58.0,,3.72,25,Puteaux,Paris,Puteaux|Asnières-sur-Seine|Paris 17e,3,328,False,False,,8730,480,11
20260730T110622,A2,v3.3-search-gps,2026-07-31T09:00,2026-07-31T20:00,835614,https://fr.getaround.com/location-voiture/paris/renault-zoe-835614,Renault ZOE (2017),2017,Getaround Connect,CITADINE,SEGMENT_RULES,ELECTRIQUE,False,45.0,,4.44,215,Asnières-sur-Seine,Paris,Asnières-sur-Seine|Paris 17e,2,328,False,False,,10180,878,21
20260730T110622,A2,v3.3-search-gps,2026-07-31T09:00,2026-07-31T20:00,1878628,https://fr.getaround.com/location-voiture/paris/peugeot-2008-1878628,Peugeot 2008 (2026),2026,Getaround Connect,SUV_COMPACT,SEGMENT_RULES,THERMIQUE,False,99.0,,5.0,3,Puteaux,Paris,Puteaux|Asnières-sur-Seine|Paris 17e,3,329,False,False,,6890,480,11
20260730T110622,A2,v3.3-search-gps,2026-07-31T09:00,2026-07-31T20:00,1798258,https://fr.getaround.com/location-voiture/paris/renault-twingo-iii-1798258,Renault Twingo III (2016),2016,Getaround Connect,CITADINE,SEGMENT_RULES,THERMIQUE,False,69.0,,5.0,9,Puteaux,Paris,Puteaux|Asnières-sur-Seine|Paris 17e,3,330,False,False,,8090,480,11
20260730T110622,A2,v3.3-search-gps,2026-07-31T09:00,2026-07-31T20:00,787200,https://fr.getaround.com/location-voiture/paris/renault-clio-787200,Renault Clio (2020),2020,Getaround Connect,CITADINE,SEGMENT_RULES,THERMIQUE,False,57.0,,4.24,188,Asnières-sur-Seine,Paris,Asnières-sur-Seine|Paris 17e,2,330,False,False,,10660,878,21
20260730T110622,A2,v3.3-search-gps,2026-07-31T09:00,2026-07-31T20:00,1545704,https://fr.getaround.com/location-voiture/boulogne-billancourt/land-rover-range-rover-evoque-1545704,Land-Rover Range Rover Evoque (2014),2014,Sur rendez-vous,SUV_FAMILIAL,SEGMENT_RULES,THERMIQUE,False,136.0,,4.88,4,Puteaux,Boulogne Billancourt,Puteaux|Asnières-sur-Seine,2,331,False,False,,6310,480,11
20260730T110622,A2,v3.3-search-gps,2026-07-31T09:00,2026-07-31T20:00,1881858,https://fr.getaround.com/location-voiture/paris/peugeot-2008-1881858,Peugeot 2008 (2026),2026,Getaround Connect,SUV_COMPACT,SEGMENT_RULES,THERMIQUE,False,101.0,,5.0,3,Asnières-sur-Seine,Paris,Asnières-sur-Seine|Paris 17e,2,331,False,False,,7500,878,21
20260730T110622,A2,v3.3-search-gps,2026-07-31T09:00,2026-07-31T20:00,1670817,https://fr.getaround.com/location-voiture/paris/peugeot-208-1670817,Peugeot 208 (2025),2025,Getaround Connect,CITADINE,SEGMENT_RULES,THERMIQUE,False,89.0,,4.46,39,Puteaux,Paris,Puteaux|Asnières-sur-Seine,2,332,False,False,,7940,480,11
20260730T110622,A2,v3.3-search-gps,2026-07-31T09:00,2026-07-31T20:00,1772303,https://fr.getaround.com/location-voiture/bobigny/renault-clio-estate-1772303,Renault Clio Estate (2015),2015,Getaround Connect,BREAK,SEGMENT_RULES,THERMIQUE,False,65.0,,5.0,3,Asnières-sur-Seine,Bobigny,Asnières-sur-Seine,1,332,False,False,,9300,878,21
20260730T110622,A2,v3.3-search-gps,2026-07-31T09:00,2026-07-31T20:00,1815369,https://fr.getaround.com/location-voiture/saint-cloud/audi-a4-2-0t-premium-plus-1815369,Audi  A4 2.0T Premium Plus (2014),2014,Sur rendez-vous,BERLINE,SEGMENT_RULES,THERMIQUE,False,114.0,,,,Puteaux,Saint Cloud,Puteaux|Asnières-sur-Seine,2,333,False,False,,4530,480,11
20260730T110622,A2,v3.3-search-gps,2026-07-31T09:00,2026-07-31T20:00,1893660,https://fr.getaround.com/location-voiture/herblay-sur-seine/nissan-pulsar-1893660,Nissan Pulsar (2014),2014,Getaround Connect,SUV_COMPACT,SEGMENT_RULES,THERMIQUE,False,52.0,,,,Asnières-sur-Seine,Herblay Sur Seine,Asnières-sur-Seine,1,333,False,False,,11430,878,21
20260730T110622,A2,v3.3-search-gps,2026-07-31T09:00,2026-07-31T20:00,1542948,https://fr.getaround.com/location-voiture/stains/renault-clio-1542948,Renault Clio (2014),2014,Getaround Connect,CITADINE,SEGMENT_RULES,THERMIQUE,False,65.0,,4.73,11,Asnières-sur-Seine,Stains,Asnières-sur-Seine,1,334,False,False,,7360,878,21
20260730T110622,A2,v3.3-search-gps,2026-07-31T09:00,2026-07-31T20:00,1002069,https://fr.getaround.com/location-voiture/paris/peugeot-208-1002069,Peugeot 208 (2021),2021,Getaround Connect,CITADINE,SEGMENT_RULES,THERMIQUE,False,52.0,,3.83,106,Asnières-sur-Seine,Paris,Asnières-sur-Seine|Paris 17e,2,334,False,False,,11750,878,21
20260730T110622,A2,v3.3-search-gps,2026-07-31T09:00,2026-07-31T20:00,1712083,https://fr.getaround.com/location-voiture/sartrouville/mercedes-benz-classe-e-coupe-1712083,Mercedes-Benz Classe E Coupé (2014),2014,Sur rendez-vous,BERLINE,SEGMENT_RULES,THERMIQUE,False,177.0,,5.0,1,Puteaux,Sartrouville,Puteaux|Asnières-sur-Seine,2,336,False,False,,8610,480,11
20260730T110622,A2,v3.3-search-gps,2026-07-31T09:00,2026-07-31T20:00,1868615,https://fr.getaround.com/location-voiture/paris/nissan-micra-1868615,Nissan Micra (2022),2022,Getaround Connect,CITADINE,SEGMENT_RULES,THERMIQUE,False,83.0,,4.91,11,Puteaux,Paris,Puteaux|Asnières-sur-Seine|Paris 17e,3,337,False,False,,6300,480,11
20260730T110622,A2,v3.3-search-gps,2026-07-31T09:00,2026-07-31T20:00,1542069,https://fr.getaround.com/location-voiture/paris/toyota-yaris-cross-hybrid-1542069,Toyota Yaris Cross Hybrid (2022),2022,Getaround Connect,SUV_COMPACT,SEGMENT_RULES,HYBRIDE,False,85.0,,4.71,24,Asnières-sur-Seine,Paris,Asnières-sur-Seine|Paris 17e,2,337,False,False,,10660,878,21
20260730T110622,A2,v3.3-search-gps,2026-07-31T09:00,2026-07-31T20:00,1421288,https://fr.getaround.com/location-voiture/rueil-malmaison/dacia-sandero-1421288,Dacia Sandero (2018),2018,Getaround Connect,CITADINE,SEGMENT_RULES,THERMIQUE,False,85.0,,4.74,42,Puteaux,Rueil Malmaison,Puteaux|Asnières-sur-Seine,2,338,False,False,,5340,480,11
20260730T110622,A2,v3.3-search-gps,2026-07-31T09:00,2026-07-31T20:00,1843343,https://fr.getaround.com/location-voiture/paris/citroen-c3-1843343,Citroen C3 (2018),2018,Getaround Connect,CITADINE,SEGMENT_RULES,THERMIQUE,False,79.0,,5.0,8,Asnières-sur-Seine,Paris,Asnières-sur-Seine|Paris 17e,2,338,False,False,,7010,878,21
20260730T110622,A2,v3.3-search-gps,2026-07-31T09:00,2026-07-31T20:00,1865412,https://fr.getaround.com/location-voiture/la-courneuve/toyota-yaris-1865412,Toyota Yaris (2026),2026,Getaround Connect,CITADINE,SEGMENT_RULES,THERMIQUE,False,84.0,,5.0,3,Asnières-sur-Seine,La Courneuve,Asnières-sur-Seine,1,339,False,False,,7890,878,21
20260730T110622,A2,v3.3-search-gps,2026-07-31T09:00,2026-07-31T20:00,851259,https://fr.getaround.com/location-voiture/paris/skoda-fabia-851259,Skoda Fabia (2021),2021,Getaround Connect,CITADINE,SEGMENT_RULES,THERMIQUE,False,83.0,,4.9,104,Asnières-sur-Seine,Paris,Asnières-sur-Seine|Paris 17e,2,339,False,False,,6150,878,21
20260730T110622,A2,v3.3-search-gps,2026-07-31T09:00,2026-07-31T20:00,1622219,https://fr.getaround.com/location-voiture/paris/peugeot-208-1622219,Peugeot 208 (2017),2017,Getaround Connect,CITADINE,SEGMENT_RULES,THERMIQUE,False,74.0,,4.85,41,Puteaux,Paris,Puteaux,1,340,False,False,,9470,480,11
20260730T110622,A2,v3.3-search-gps,2026-07-31T09:00,2026-07-31T20:00,1753493,https://fr.getaround.com/location-voiture/paris/tesla-model-y-long-range-1753493,Tesla Model Y Long Range (2023),2023,Sur rendez-vous,SUV_FAMILIAL,SEGMENT_RULES,ELECTRIQUE,False,162.0,,,,Paris 17e,Paris,Paris 17e,1,341,False,False,,1690,982,50
20260730T110622,A2,v3.3-search-gps,2026-07-31T09:00,2026-07-31T20:00,1760124,https://fr.getaround.com/location-voiture/paris/toyota-aygo-x-1760124,Toyota Aygo X (2022),2022,Getaround Connect,MICRO_CITADINE,SEGMENT_RULES,THERMIQUE,False,75.0,,5.0,5,Asnières-sur-Seine,Paris,Asnières-sur-Seine|Paris 17e,2,342,False,False,,8109,878,21
20260730T110622,A2,v3.3-search-gps,2026-07-31T09:00,2026-07-31T20:00,1777318,https://fr.getaround.com/location-voiture/paris/peugeot-308-1777318,Peugeot 308 (2019),2019,Getaround Connect,COMPACTE,SEGMENT_RULES,THERMIQUE,False,58.0,,4.14,14,Asnières-sur-Seine,Paris,Asnières-sur-Seine|Paris 17e,2,342,False,False,,8830,878,21
20260730T110622,A2,v3.3-search-gps,2026-07-31T09:00,2026-07-31T20:00,1880601,https://fr.getaround.com/location-voiture/paris/peugeot-2008-1880601,Peugeot 2008 (2026),2026,Getaround Connect,SUV_COMPACT,SEGMENT_RULES,THERMIQUE,False,101.0,,5.0,3,Puteaux,Paris,Puteaux|Asnières-sur-Seine|Paris 17e,3,343,False,False,,7790,480,11
20260730T110622,A2,v3.3-search-gps,2026-07-31T09:00,2026-07-31T20:00,1722616,https://fr.getaround.com/location-voiture/paris/peugeot-3008-1722616,Peugeot 3008 (2020),2020,Getaround Connect,SUV_FAMILIAL,SEGMENT_RULES,THERMIQUE,False,79.0,,4.07,14,Asnières-sur-Seine,Paris,Asnières-sur-Seine|Paris 17e,2,343,False,False,,9990,878,21
20260730T110622,A2,v3.3-search-gps,2026-07-31T09:00,2026-07-31T20:00,1412609,https://fr.getaround.com/location-voiture/boulogne-billancourt/renault-zoe-1412609,Renault ZOE (2020),2020,Getaround Connect,CITADINE,SEGMENT_RULES,ELECTRIQUE,False,74.0,,4.71,21,Puteaux,Boulogne Billancourt,Puteaux|Asnières-sur-Seine,2,344,False,False,,5630,480,11
20260730T110622,A2,v3.3-search-gps,2026-07-31T09:00,2026-07-31T20:00,1532395,https://fr.getaround.com/location-voiture/paris/toyota-yaris-hybride-1532395,Toyota Yaris Hybride (2020),2020,Getaround Connect,CITADINE,SEGMENT_RULES,HYBRIDE,False,74.0,,4.68,63,Asnières-sur-Seine,Paris,Asnières-sur-Seine|Paris 17e,2,344,False,False,,8260,878,21
20260730T110622,A2,v3.3-search-gps,2026-07-31T09:00,2026-07-31T20:00,1138592,https://fr.getaround.com/location-voiture/issy-les-moulineaux/renault-captur-1138592,Renault Captur (2019),2019,Getaround Connect,SUV_COMPACT,SEGMENT_RULES,THERMIQUE,False,77.0,,4.58,71,Puteaux,Issy Les Moulineaux,Puteaux,1,345,False,False,,7050,480,11
20260730T110622,A2,v3.3-search-gps,2026-07-31T09:00,2026-07-31T20:00,1760447,https://fr.getaround.com/location-voiture/boulogne-billancourt/mercedes-benz-classe-c-1760447,Mercedes-Benz Classe C (2022),2022,Sur rendez-vous,BERLINE,SEGMENT_RULES,THERMIQUE,False,177.0,,4.88,8,Puteaux,Boulogne Billancourt,Puteaux|Asnières-sur-Seine,2,347,False,False,,5390,480,11
20260730T110622,A2,v3.3-search-gps,2026-07-31T09:00,2026-07-31T20:00,847824,https://fr.getaround.com/location-voiture/neuilly-sur-seine/toyota-yaris-hybride-847824,Toyota Yaris Hybride (2020),2020,Sur rendez-vous,CITADINE,SEGMENT_RULES,HYBRIDE,False,72.0,,4.97,45,Paris 17e,Neuilly Sur Seine,Paris 17e,1,347,False,False,,3470,982,50
20260730T110622,A2,v3.3-search-gps,2026-07-31T09:00,2026-07-31T20:00,1816320,https://fr.getaround.com/location-voiture/saint-cloud/hyundai-inster-1816320,Hyundai Inster (2025),2025,Sur rendez-vous,COMPACTE,SEGMENT_RULES,THERMIQUE,False,78.0,,5.0,1,Puteaux,Saint Cloud,Puteaux|Asnières-sur-Seine,2,348,False,False,,5510,480,11
20260730T110622,A2,v3.3-search-gps,2026-07-31T09:00,2026-07-31T20:00,1885082,https://fr.getaround.com/location-voiture/paris/renault-captur-1885082,Renault Captur (2016),2016,Getaround Connect,SUV_COMPACT,SEGMENT_RULES,THERMIQUE,False,75.0,,5.0,5,Asnières-sur-Seine,Paris,Asnières-sur-Seine|Paris 17e,2,348,False,False,,10940,878,21
20260730T110622,A2,v3.3-search-gps,2026-07-31T09:00,2026-07-31T20:00,1937431,https://fr.getaround.com/location-voiture/paris/smart-fortwo-coupe-1937431,Smart Fortwo Coupé (2013),2013,Sur rendez-vous,MICRO_CITADINE,SEGMENT_RULES,THERMIQUE,False,70.0,,,,Puteaux,Paris,Puteaux|Asnières-sur-Seine,2,351,False,False,,4660,480,11
20260730T110622,A2,v3.3-search-gps,2026-07-31T09:00,2026-07-31T20:00,1590451,https://fr.getaround.com/location-voiture/paris/peugeot-2008-1590451,Peugeot 2008 (2023),2023,Getaround Connect,SUV_COMPACT,SEGMENT_RULES,THERMIQUE,False,69.0,,3.72,23,Asnières-sur-Seine,Paris,Asnières-sur-Seine|Paris 17e,2,351,False,False,,9750,878,21
20260730T110622,A2,v3.3-search-gps,2026-07-31T09:00,2026-07-31T20:00,1572041,https://fr.getaround.com/location-voiture/paris/renault-grand-scenic-1572041,Renault Grand Scenic (2015),2015,Getaround Connect,MONOSPACE,SEGMENT_RULES,THERMIQUE,False,111.0,,4.97,31,Puteaux,Paris,Puteaux|Asnières-sur-Seine,2,352,False,False,,7460,480,11
20260730T110622,A2,v3.3-search-gps,2026-07-31T09:00,2026-07-31T20:00,1608526,https://fr.getaround.com/location-voiture/paris/citroen-c3-1608526,Citroen C3 (2024),2024,Getaround Connect,CITADINE,SEGMENT_RULES,THERMIQUE,False,79.0,,4.55,57,Asnières-sur-Seine,Paris,Asnières-sur-Seine|Paris 17e,2,352,False,False,,8900,878,21
20260730T110622,A2,v3.3-search-gps,2026-07-31T09:00,2026-07-31T20:00,1584195,https://fr.getaround.com/location-voiture/bezons/lynk-co-01-1584195,Lynk & Co 01 (2021),2021,Sur rendez-vous,SUV_FAMILIAL,SEGMENT_RULES,THERMIQUE,False,121.0,,5.0,2,Puteaux,Bezons,Puteaux|Asnières-sur-Seine,2,354,False,False,,5260,480,11
20260730T110622,A2,v3.3-search-gps,2026-07-31T09:00,2026-07-31T20:00,1916414,https://fr.getaround.com/location-voiture/paris/peugeot-208-1916414,Peugeot 208 (2026),2026,Getaround Connect,CITADINE,SEGMENT_RULES,THERMIQUE,False,73.0,,,,Asnières-sur-Seine,Paris,Asnières-sur-Seine,1,354,False,False,,10550,878,21
20260730T110622,A2,v3.3-search-gps,2026-07-31T09:00,2026-07-31T20:00,1076638,https://fr.getaround.com/location-voiture/paris/renault-twingo-1076638,Renault Twingo (2014),2014,Getaround Connect,CITADINE,SEGMENT_RULES,THERMIQUE,False,71.0,,4.61,90,Asnières-sur-Seine,Paris,Asnières-sur-Seine|Paris 17e,2,355,False,False,,7540,878,21
20260730T110622,A2,v3.3-search-gps,2026-07-31T09:00,2026-07-31T20:00,763196,https://fr.getaround.com/location-voiture/paris/peugeot-108-763196,Peugeot 108 (2017),2017,Getaround Connect,MICRO_CITADINE,SEGMENT_RULES,THERMIQUE,False,69.0,,4.63,117,Puteaux,Paris,Puteaux,1,357,False,False,,8860,480,11
20260730T110622,A2,v3.3-search-gps,2026-07-31T09:00,2026-07-31T20:00,1718217,https://fr.getaround.com/location-voiture/suresnes/mercedes-benz-classe-e-e-300-1718217,Mercedes-Benz Classe E E 300 (2024),2024,Sur rendez-vous,BERLINE,SEGMENT_RULES,THERMIQUE,False,335.0,,,,Puteaux,Suresnes,Puteaux|Asnières-sur-Seine,2,358,False,False,,1410,480,11
20260730T110622,A2,v3.3-search-gps,2026-07-31T09:00,2026-07-31T20:00,1556516,https://fr.getaround.com/location-voiture/paris/toyota-corolla-break-hybride-1556516,Toyota Corolla Break Hybride (2022),2022,Getaround Connect,BREAK,SEGMENT_RULES,HYBRIDE,False,94.0,,4.78,23,Asnières-sur-Seine,Paris,Asnières-sur-Seine|Paris 17e,2,358,False,False,,11260,878,21
20260730T110622,A2,v3.3-search-gps,2026-07-31T09:00,2026-07-31T20:00,1067334,https://fr.getaround.com/location-voiture/nanterre/citroen-c5-cross-tourer-1067334,Citroen C5 Cross Tourer (2022),2022,Sur rendez-vous,BREAK,SEGMENT_RULES,THERMIQUE,False,123.0,,,,Puteaux,Nanterre,Puteaux|Asnières-sur-Seine,2,359,False,False,,3140,480,11
20260730T110622,A2,v3.3-search-gps,2026-07-31T09:00,2026-07-31T20:00,1541850,https://fr.getaround.com/location-voiture/garches/renault-clio-1541850,Renault Clio (2016),2016,Sur rendez-vous,CITADINE,SEGMENT_RULES,THERMIQUE,False,66.0,,5.0,2,Puteaux,Garches,Puteaux|Asnières-sur-Seine,2,360,False,False,,5400,480,11
20260730T110622,A2,v3.3-search-gps,2026-07-31T09:00,2026-07-31T20:00,1629808,https://fr.getaround.com/location-voiture/paris/renault-clio-1629808,Renault Clio (2024),2024,Getaround Connect,CITADINE,SEGMENT_RULES,THERMIQUE,False,79.0,,4.7,46,Puteaux,Paris,Puteaux,1,362,False,False,,9210,480,11
20260730T110622,A2,v3.3-search-gps,2026-07-31T09:00,2026-07-31T20:00,1681623,https://fr.getaround.com/location-voiture/paris/peugeot-208-1681623,Peugeot 208 (2022),2022,Getaround Connect,CITADINE,SEGMENT_RULES,THERMIQUE,False,52.0,,3.79,29,Asnières-sur-Seine,Paris,Asnières-sur-Seine|Paris 17e,2,362,False,False,,11750,878,21
20260730T110622,A2,v3.3-search-gps,2026-07-31T09:00,2026-07-31T20:00,1848158,https://fr.getaround.com/location-voiture/boulogne-billancourt/peugeot-e-2008-1848158,Peugeot e-2008 (2022),2022,Sur rendez-vous,SUV_COMPACT,SEGMENT_RULES,THERMIQUE,False,99.0,,5.0,2,Puteaux,Boulogne Billancourt,Puteaux|Asnières-sur-Seine,2,363,False,False,,6190,480,11
20260730T110622,A2,v3.3-search-gps,2026-07-31T09:00,2026-07-31T20:00,1557780,https://fr.getaround.com/location-voiture/paris/renault-clio-campus-1557780,Renault Clio Campus (2011),2011,Sur rendez-vous,CITADINE,SEGMENT_RULES,THERMIQUE,False,78.0,,5.0,10,Puteaux,Paris,Puteaux|Asnières-sur-Seine,2,364,False,False,,5480,480,11
20260730T110622,A2,v3.3-search-gps,2026-07-31T09:00,2026-07-31T20:00,1574043,https://fr.getaround.com/location-voiture/paris/hyundai-i20-1574043,Hyundai i20 (2021),2021,Getaround Connect,CITADINE,SEGMENT_RULES,THERMIQUE,False,116.0,,4.96,69,Asnières-sur-Seine,Paris,Asnières-sur-Seine|Paris 17e,2,364,False,False,,7470,878,21
20260730T110622,A2,v3.3-search-gps,2026-07-31T09:00,2026-07-31T20:00,1206340,https://fr.getaround.com/location-voiture/boulogne-billancourt/renault-grand-scenic-1206340,Renault Grand Scenic (2017),2017,Getaround Connect,MONOSPACE,SEGMENT_RULES,THERMIQUE,False,151.0,,4.94,47,Puteaux,Boulogne Billancourt,Puteaux|Asnières-sur-Seine,2,365,False,False,,5840,480,11
20260730T110622,A2,v3.3-search-gps,2026-07-31T09:00,2026-07-31T20:00,1818510,https://fr.getaround.com/location-voiture/sevres/ford-fiesta-1818510,Ford Fiesta (2020),2020,Sur rendez-vous,CITADINE,SEGMENT_RULES,THERMIQUE,False,72.0,,5.0,1,Puteaux,Sevres,Puteaux,1,367,False,False,,7170,480,11
20260730T110622,A2,v3.3-search-gps,2026-07-31T09:00,2026-07-31T20:00,1932446,https://fr.getaround.com/location-voiture/chatou/ford-fiesta-1932446,Ford Fiesta (2014),2014,Sur rendez-vous,CITADINE,SEGMENT_RULES,THERMIQUE,False,66.0,,,,Puteaux,Chatou,Puteaux|Asnières-sur-Seine,2,368,False,False,,6450,480,11
20260730T110622,A2,v3.3-search-gps,2026-07-31T09:00,2026-07-31T20:00,1666425,https://fr.getaround.com/location-voiture/paris/peugeot-208-1666425,Peugeot 208 (2025),2025,Getaround Connect,CITADINE,SEGMENT_RULES,THERMIQUE,False,89.0,,4.75,8,Asnières-sur-Seine,Paris,Asnières-sur-Seine|Paris 17e,2,369,False,False,,8140,878,21
20260730T110622,A2,v3.3-search-gps,2026-07-31T09:00,2026-07-31T20:00,766571,https://fr.getaround.com/location-voiture/maisons-laffitte/renault-clio-766571,Renault Clio (2018),2018,Sur rendez-vous,CITADINE,SEGMENT_RULES,THERMIQUE,False,72.0,,4.85,72,Puteaux,Maisons Laffitte,Puteaux,1,370,False,False,,9450,480,11
20260730T110622,A2,v3.3-search-gps,2026-07-31T09:00,2026-07-31T20:00,1784306,https://fr.getaround.com/location-voiture/paris/renault-clio-1784306,Renault Clio (2017),2017,Getaround Connect,CITADINE,SEGMENT_RULES,THERMIQUE,False,69.0,,4.44,16,Asnières-sur-Seine,Paris,Asnières-sur-Seine,1,370,False,False,,7610,878,21
20260730T110622,A2,v3.3-search-gps,2026-07-31T09:00,2026-07-31T20:00,1830090,https://fr.getaround.com/location-voiture/soisy-sous-montmorency/peugeot-5008-1830090,Peugeot 5008 (2025),2025,Sur rendez-vous,MONOSPACE,SEGMENT_RULES,THERMIQUE,False,140.0,,5.0,3,Asnières-sur-Seine,Soisy Sous Montmorency,Asnières-sur-Seine,1,371,False,False,,7250,878,21
20260730T110622,A2,v3.3-search-gps,2026-07-31T09:00,2026-07-31T20:00,1620622,https://fr.getaround.com/location-voiture/paris/mercedes-benz-classe-gla-1620622,Mercedes-Benz Classe GLA (2022),2022,Sur rendez-vous,SUV_COMPACT,SEGMENT_RULES,THERMIQUE,False,133.0,,5.0,11,Paris 17e,Paris,Paris 17e,1,371,False,False,,4590,982,50
20260730T110622,A2,v3.3-search-gps,2026-07-31T09:00,2026-07-31T20:00,1867943,https://fr.getaround.com/location-voiture/suresnes/skoda-kamiq-1867943,Skoda Kamiq (2025),2025,Sur rendez-vous,SUV_COMPACT,SEGMENT_RULES,THERMIQUE,False,111.0,,,,Puteaux,Suresnes,Puteaux|Asnières-sur-Seine,2,372,False,False,,3200,480,11
20260730T110622,A2,v3.3-search-gps,2026-07-31T09:00,2026-07-31T20:00,1600725,https://fr.getaround.com/location-voiture/paris/peugeot-2008-1600725,Peugeot 2008 (2022),2022,Getaround Connect,SUV_COMPACT,SEGMENT_RULES,THERMIQUE,False,70.0,,3.67,27,Asnières-sur-Seine,Paris,Asnières-sur-Seine|Paris 17e,2,372,False,False,,9410,878,21
20260730T110622,A2,v3.3-search-gps,2026-07-31T09:00,2026-07-31T20:00,1117220,https://fr.getaround.com/location-voiture/paris/renault-clio-1117220,Renault Clio (2014),2014,Getaround Connect,CITADINE,SEGMENT_RULES,THERMIQUE,False,86.0,,4.74,19,Puteaux,Paris,Puteaux|Asnières-sur-Seine,2,373,False,False,,7610,480,11
20260730T110622,A2,v3.3-search-gps,2026-07-31T09:00,2026-07-31T20:00,1622264,https://fr.getaround.com/location-voiture/paris/renault-twingo-iii-1622264,Renault Twingo III (2016),2016,Getaround Connect,CITADINE,SEGMENT_RULES,THERMIQUE,False,66.0,,4.79,57,Asnières-sur-Seine,Paris,Asnières-sur-Seine|Paris 17e,2,373,False,False,,10720,878,21
20260730T110622,A2,v3.3-search-gps,2026-07-31T09:00,2026-07-31T20:00,1849526,https://fr.getaround.com/location-voiture/boulogne-billancourt/ds-3-1849526,DS 3 (2019),2019,Sur rendez-vous,CITADINE,SEGMENT_RULES,THERMIQUE,False,93.0,,5.0,1,Puteaux,Boulogne Billancourt,Puteaux|Asnières-sur-Seine,2,374,False,False,,5810,480,11
20260730T110622,A2,v3.3-search-gps,2026-07-31T09:00,2026-07-31T20:00,1938839,https://fr.getaround.com/location-voiture/cormeilles-en-parisis/peugeot-208-1938839,Peugeot 208 (2018),2018,Getaround Connect,CITADINE,SEGMENT_RULES,THERMIQUE,False,75.0,,,,Asnières-sur-Seine,Cormeilles En Parisis,Asnières-sur-Seine,1,374,False,False,,7940,878,21
20260730T110622,A2,v3.3-search-gps,2026-07-31T09:00,2026-07-31T20:00,1232078,https://fr.getaround.com/location-voiture/paris/peugeot-208-1232078,Peugeot 208 (2023),2023,Getaround Connect,CITADINE,SEGMENT_RULES,THERMIQUE,False,79.0,,4.74,42,Asnières-sur-Seine,Paris,Asnières-sur-Seine|Paris 17e,2,374,False,False,,9820,878,21
20260730T110622,A2,v3.3-search-gps,2026-07-31T09:00,2026-07-31T20:00,1708959,https://fr.getaround.com/location-voiture/paris/peugeot-208-1708959,Peugeot 208 (2017),2017,Getaround Connect,CITADINE,SEGMENT_RULES,THERMIQUE,False,81.0,,4.4,10,Puteaux,Paris,Puteaux|Asnières-sur-Seine,2,375,False,False,,7610,480,11
20260730T110622,A2,v3.3-search-gps,2026-07-31T09:00,2026-07-31T20:00,1751139,https://fr.getaround.com/location-voiture/gennevilliers/toyota-c-hr-hybrid-1751139,Toyota C-HR Hybrid (2017),2017,Sur rendez-vous,SUV_COMPACT,SEGMENT_RULES,HYBRIDE,False,84.0,,,,Puteaux,Gennevilliers,Puteaux|Asnières-sur-Seine,2,375,False,False,,7360,480,11
20260730T110622,A2,v3.3-search-gps,2026-07-31T09:00,2026-07-31T20:00,1879658,https://fr.getaround.com/location-voiture/paris/peugeot-2008-1879658,Peugeot 2008 (2026),2026,Getaround Connect,SUV_COMPACT,SEGMENT_RULES,THERMIQUE,False,101.0,,5.0,4,Asnières-sur-Seine,Paris,Asnières-sur-Seine|Paris 17e,2,375,False,False,,7500,878,21
20260730T110622,A2,v3.3-search-gps,2026-07-31T09:00,2026-07-31T20:00,1939019,https://fr.getaround.com/location-voiture/issy-les-moulineaux/chevrolet-aveo-1939019,Chevrolet Aveo (2012),2012,Sur rendez-vous,CITADINE,SEGMENT_RULES,THERMIQUE,False,64.0,,,,Puteaux,Issy Les Moulineaux,Puteaux,1,376,False,False,,7160,480,11
20260730T110622,A2,v3.3-search-gps,2026-07-31T09:00,2026-07-31T20:00,1681715,https://fr.getaround.com/location-voiture/paris/peugeot-308-1681715,Peugeot 308 (2020),2020,Getaround Connect,COMPACTE,SEGMENT_RULES,THERMIQUE,False,58.0,,4.5,35,Asnières-sur-Seine,Paris,Asnières-sur-Seine|Paris 17e,2,377,False,False,,10600,878,21
20260730T110622,A2,v3.3-search-gps,2026-07-31T09:00,2026-07-31T20:00,1617403,https://fr.getaround.com/location-voiture/paris/smart-fortwo-coupe-1617403,Smart Fortwo Coupé (2019),2019,Getaround Connect,MICRO_CITADINE,SEGMENT_RULES,THERMIQUE,False,79.0,,,,Puteaux,Paris,Puteaux,1,378,False,False,,9040,480,11
20260730T110622,A2,v3.3-search-gps,2026-07-31T09:00,2026-07-31T20:00,1139784,https://fr.getaround.com/location-voiture/courbevoie/peugeot-208-1139784,Peugeot 208 (2015),2015,Sur rendez-vous,CITADINE,SEGMENT_RULES,THERMIQUE,False,96.0,,,,Puteaux,Courbevoie,Puteaux|Asnières-sur-Seine,2,379,False,False,,1640,480,11
20260730T110622,A2,v3.3-search-gps,2026-07-31T09:00,2026-07-31T20:00,1875617,https://fr.getaround.com/location-voiture/sartrouville/ford-ka-1875617,Ford Ka (2016),2016,Sur rendez-vous,CITADINE,SEGMENT_RULES,THERMIQUE,False,57.0,,5.0,4,Puteaux,Sartrouville,Puteaux|Asnières-sur-Seine,2,380,False,False,,7170,480,11
20260730T110622,A2,v3.3-search-gps,2026-07-31T09:00,2026-07-31T20:00,1650463,https://fr.getaround.com/location-voiture/paris/volkswagen-t-cross-1650463,Volkswagen T-Cross (2024),2024,Getaround Connect,SUV_COMPACT,SEGMENT_RULES,THERMIQUE,False,80.0,,4.34,28,Asnières-sur-Seine,Paris,Asnières-sur-Seine|Paris 17e,2,380,False,False,,8830,878,21
20260730T110622,A2,v3.3-search-gps,2026-07-31T09:00,2026-07-31T20:00,1828643,https://fr.getaround.com/location-voiture/paris/smart-fortwo-cabriolet-1828643,Smart Fortwo Cabriolet (2012),2012,Sur rendez-vous,CABRIOLET,SEGMENT_RULES,THERMIQUE,False,81.0,,,,Puteaux,Paris,Puteaux|Asnières-sur-Seine,2,381,False,False,,3620,480,11
20260730T110622,A2,v3.3-search-gps,2026-07-31T09:00,2026-07-31T20:00,1675476,https://fr.getaround.com/location-voiture/paris/peugeot-208-1675476,Peugeot 208 (2025),2025,Getaround Connect,CITADINE,SEGMENT_RULES,THERMIQUE,False,89.0,,4.81,26,Asnières-sur-Seine,Paris,Asnières-sur-Seine,1,381,False,False,,9720,878,21
20260730T110622,A2,v3.3-search-gps,2026-07-31T09:00,2026-07-31T20:00,1614145,https://fr.getaround.com/location-voiture/courbevoie/peugeot-208-1614145,Peugeot 208 (2024),2024,Sur rendez-vous,CITADINE,SEGMENT_RULES,THERMIQUE,False,175.0,,,,Puteaux,Courbevoie,Puteaux|Asnières-sur-Seine,2,382,False,False,,1830,480,11
20260730T110622,A2,v3.3-search-gps,2026-07-31T09:00,2026-07-31T20:00,1230139,https://fr.getaround.com/location-voiture/paris/peugeot-108-cabriolet-1230139,Peugeot 108 Cabriolet (2014),2014,Sur rendez-vous,CABRIOLET,SEGMENT_RULES,THERMIQUE,False,109.0,,5.0,5,Puteaux,Paris,Puteaux|Asnières-sur-Seine,2,383,False,False,,3610,480,11
20260730T110622,A2,v3.3-search-gps,2026-07-31T09:00,2026-07-31T20:00,1863796,https://fr.getaround.com/location-voiture/paris/tesla-model-3-1863796,Tesla Model 3 (2023),2023,Sur rendez-vous,BERLINE,SEGMENT_RULES,ELECTRIQUE,False,134.0,,5.0,2,Puteaux,Paris,Puteaux|Asnières-sur-Seine|Paris 17e,3,383,False,False,,6360,480,11
20260730T110622,A2,v3.3-search-gps,2026-07-31T09:00,2026-07-31T20:00,1665565,https://fr.getaround.com/location-voiture/nanterre/land-rover-range-rover-evoque-1665565,Land-Rover Range Rover Evoque (2013),2013,Sur rendez-vous,SUV_FAMILIAL,SEGMENT_RULES,THERMIQUE,False,137.0,,,,Puteaux,Nanterre,Puteaux|Asnières-sur-Seine,2,387,False,False,,2810,480,11
20260730T110622,A2,v3.3-search-gps,2026-07-31T09:00,2026-07-31T20:00,1885026,https://fr.getaround.com/location-voiture/paris/renault-grand-scenic-1885026,Renault Grand Scenic (2019),2019,Getaround Connect,MONOSPACE,SEGMENT_RULES,THERMIQUE,False,114.0,,4.2,5,Puteaux,Paris,Puteaux|Asnières-sur-Seine,2,388,False,False,,7510,480,11
20260730T110622,A2,v3.3-search-gps,2026-07-31T09:00,2026-07-31T20:00,1882814,https://fr.getaround.com/location-voiture/sartrouville/citroen-c3-1882814,Citroen C3 (2015),2015,Sur rendez-vous,CITADINE,SEGMENT_RULES,THERMIQUE,False,69.0,,,,Puteaux,Sartrouville,Puteaux|Asnières-sur-Seine,2,389,False,False,,7990,480,11
20260730T110622,A2,v3.3-search-gps,2026-07-31T09:00,2026-07-31T20:00,1866628,https://fr.getaround.com/location-voiture/paris/renault-arkana-e-tech-1866628,Renault Arkana E-Tech (2024),2024,Sur rendez-vous,COMPACTE,SEGMENT_RULES,ELECTRIQUE,False,136.0,,5.0,1,Paris 17e,Paris,Paris 17e,1,389,False,False,,1350,982,50
20260730T110622,A2,v3.3-search-gps,2026-07-31T09:00,2026-07-31T20:00,973946,https://fr.getaround.com/location-voiture/boulogne-billancourt/fiat-500-973946,Fiat 500 (2019),2019,Sur rendez-vous,CITADINE,SEGMENT_RULES,THERMIQUE,False,88.0,,5.0,32,Puteaux,Boulogne Billancourt,Puteaux|Asnières-sur-Seine,2,390,False,False,,5780,480,11
20260730T110622,A2,v3.3-search-gps,2026-07-31T09:00,2026-07-31T20:00,1117375,https://fr.getaround.com/location-voiture/boulogne-billancourt/peugeot-308-sw-1117375,Peugeot 308 SW (2018),2018,Sur rendez-vous,BREAK,SEGMENT_RULES,THERMIQUE,False,120.0,,4.77,24,Puteaux,Boulogne Billancourt,Puteaux|Asnières-sur-Seine,2,391,False,False,,4440,480,11
20260730T110622,A2,v3.3-search-gps,2026-07-31T09:00,2026-07-31T20:00,1731967,https://fr.getaround.com/location-voiture/houilles/bmw-ix1-1731967,BMW iX1 (2021),2021,Sur rendez-vous,SUV_FAMILIAL,SEGMENT_RULES,THERMIQUE,False,143.0,,,,Puteaux,Houilles,Puteaux|Asnières-sur-Seine,2,393,False,False,,6240,480,11
20260730T110622,A2,v3.3-search-gps,2026-07-31T09:00,2026-07-31T20:00,1942583,https://fr.getaround.com/location-voiture/paris/renault-twingo-iii-1942583,Renault Twingo III (2016),2016,Sur rendez-vous,CITADINE,SEGMENT_RULES,THERMIQUE,False,55.0,,,,Asnières-sur-Seine,Paris,Asnières-sur-Seine|Paris 17e,2,393,False,False,,8730,878,21
20260730T110622,A2,v3.3-search-gps,2026-07-31T09:00,2026-07-31T20:00,1503075,https://fr.getaround.com/location-voiture/carrieres-sur-seine/renault-zoe-1503075,Renault ZOE (2021),2021,Sur rendez-vous,CITADINE,SEGMENT_RULES,ELECTRIQUE,False,85.0,,5.0,7,Puteaux,Carrieres Sur Seine,Puteaux|Asnières-sur-Seine,2,395,False,False,,5460,480,11
20260730T110622,A2,v3.3-search-gps,2026-07-31T09:00,2026-07-31T20:00,1608631,https://fr.getaround.com/location-voiture/cormeilles-en-parisis/peugeot-208-1608631,Peugeot 208 (2019),2019,Getaround Connect,CITADINE,SEGMENT_RULES,THERMIQUE,False,70.0,,4.95,21,Asnières-sur-Seine,Cormeilles En Parisis,Asnières-sur-Seine,1,395,False,False,,8610,878,21
20260730T110622,A2,v3.3-search-gps,2026-07-31T09:00,2026-07-31T20:00,1841262,https://fr.getaround.com/location-voiture/nanterre/ford-puma-1841262,Ford Puma (2021),2021,Sur rendez-vous,SUV_COMPACT,SEGMENT_RULES,THERMIQUE,False,166.0,,,,Puteaux,Nanterre,Puteaux|Asnières-sur-Seine,2,397,False,False,,3030,480,11
20260730T110622,A2,v3.3-search-gps,2026-07-31T09:00,2026-07-31T20:00,1080459,https://fr.getaround.com/location-voiture/bagnolet/peugeot-2008-1080459,Peugeot 2008 (2021),2021,Getaround Connect,SUV_COMPACT,SEGMENT_RULES,THERMIQUE,False,64.0,,4.37,123,Asnières-sur-Seine,Bagnolet,Asnières-sur-Seine,1,397,False,False,,10820,878,21
20260730T110622,A2,v3.3-search-gps,2026-07-31T09:00,2026-07-31T20:00,1895443,https://fr.getaround.com/location-voiture/paris/peugeot-208-1895443,Peugeot 208 (2025),2025,Getaround Connect,CITADINE,SEGMENT_RULES,THERMIQUE,False,84.0,,5.0,2,Asnières-sur-Seine,Paris,Asnières-sur-Seine|Paris 17e,2,397,False,False,,9090,878,21
20260730T110622,A2,v3.3-search-gps,2026-07-31T09:00,2026-07-31T20:00,1660692,https://fr.getaround.com/location-voiture/paris/peugeot-2008-1660692,Peugeot 2008 (2016),2016,Sur rendez-vous,SUV_COMPACT,SEGMENT_RULES,THERMIQUE,False,83.0,,5.0,11,Asnières-sur-Seine,Paris,Asnières-sur-Seine|Paris 17e,2,398,False,False,,7990,878,21
20260730T110622,A2,v3.3-search-gps,2026-07-31T09:00,2026-07-31T20:00,680037,https://fr.getaround.com/location-voiture/saint-cloud/peugeot-5008-680037,Peugeot 5008 (2020),2020,Sur rendez-vous,MONOSPACE,SEGMENT_RULES,THERMIQUE,False,198.0,,4.96,50,Puteaux,Saint Cloud,Puteaux|Asnières-sur-Seine,2,399,False,False,,5510,480,11
20260730T110622,A2,v3.3-search-gps,2026-07-31T09:00,2026-07-31T20:00,1832293,https://fr.getaround.com/location-voiture/malakoff/citroen-c3-1832293,Citroen C3 (2021),2021,Getaround Connect,CITADINE,SEGMENT_RULES,THERMIQUE,False,62.0,,4.13,15,Paris 17e,Malakoff,Paris 17e,1,399,False,False,,6900,982,50
20260730T110622,A2,v3.3-search-gps,2026-07-31T09:00,2026-07-31T20:00,1538749,https://fr.getaround.com/location-voiture/houilles/renault-twingo-ii-1538749,Renault Twingo II (2013),2013,Sur rendez-vous,CITADINE,SEGMENT_RULES,THERMIQUE,False,47.0,,,,Puteaux,Houilles,Puteaux|Asnières-sur-Seine,2,400,False,False,,5990,480,11
20260730T110622,A2,v3.3-search-gps,2026-07-31T09:00,2026-07-31T20:00,1378087,https://fr.getaround.com/location-voiture/sarcelles/nissan-juke-1378087,Nissan Juke (2013),2013,Getaround Connect,SUV_COMPACT,SEGMENT_RULES,THERMIQUE,False,69.0,,4.61,14,Asnières-sur-Seine,Sarcelles,Asnières-sur-Seine,1,401,False,False,,9030,878,21
20260730T110622,A2,v3.3-search-gps,2026-07-31T09:00,2026-07-31T20:00,1935040,https://fr.getaround.com/location-voiture/sartrouville/fiat-panda-1935040,Fiat Panda (2014),2014,Sur rendez-vous,MICRO_CITADINE,SEGMENT_RULES,THERMIQUE,False,64.0,,,,Puteaux,Sartrouville,Puteaux|Asnières-sur-Seine,2,402,False,False,,7560,480,11
20260730T110622,A2,v3.3-search-gps,2026-07-31T09:00,2026-07-31T20:00,1944772,https://fr.getaround.com/location-voiture/houilles/peugeot-208-1944772,Peugeot 208 (2021),2021,Sur rendez-vous,CITADINE,SEGMENT_RULES,THERMIQUE,False,89.0,,,,Puteaux,Houilles,Puteaux|Asnières-sur-Seine,2,403,False,False,,6150,480,11
20260730T110622,A2,v3.3-search-gps,2026-07-31T09:00,2026-07-31T20:00,1906993,https://fr.getaround.com/location-voiture/villeneuve-la-garenne/ford-mondeo-hybride-1906993,Ford Mondeo Hybride (2018),2018,Sur rendez-vous,BERLINE,SEGMENT_RULES,HYBRIDE,False,90.0,,,,Puteaux,Villeneuve La Garenne,Puteaux|Asnières-sur-Seine,2,405,False,False,,9130,480,11
20260730T110622,A2,v3.3-search-gps,2026-07-31T09:00,2026-07-31T20:00,1825616,https://fr.getaround.com/location-voiture/pantin/peugeot-208-1825616,Peugeot 208 (2024),2024,Getaround Connect,CITADINE,SEGMENT_RULES,THERMIQUE,False,73.0,,4.2,5,Asnières-sur-Seine,Pantin,Asnières-sur-Seine,1,405,False,False,,9990,878,21
20260730T110622,A2,v3.3-search-gps,2026-07-31T09:00,2026-07-31T20:00,1846783,https://fr.getaround.com/location-voiture/rueil-malmaison/hyundai-i20-1846783,Hyundai i20 (2020),2020,Sur rendez-vous,CITADINE,SEGMENT_RULES,THERMIQUE,False,96.0,,,,Puteaux,Rueil Malmaison,Puteaux|Asnières-sur-Seine,2,406,False,False,,3750,480,11
20260730T110622,A2,v3.3-search-gps,2026-07-31T09:00,2026-07-31T20:00,1557087,https://fr.getaround.com/location-voiture/paris/peugeot-208-1557087,Peugeot 208 (2023),2023,Getaround Connect,CITADINE,SEGMENT_RULES,THERMIQUE,False,64.0,,3.3,51,Puteaux,Paris,Puteaux|Asnières-sur-Seine,2,407,False,False,,6860,480,11
20260730T110622,A2,v3.3-search-gps,2026-07-31T09:00,2026-07-31T20:00,1280421,https://fr.getaround.com/location-voiture/gennevilliers/smart-fortwo-cabriolet-1280421,Smart Fortwo Cabriolet (2014),2014,Sur rendez-vous,CABRIOLET,SEGMENT_RULES,THERMIQUE,False,88.0,,,,Puteaux,Gennevilliers,Puteaux|Asnières-sur-Seine,2,408,False,False,,6270,480,11
20260730T110622,A2,v3.3-search-gps,2026-07-31T09:00,2026-07-31T20:00,1943972,https://fr.getaround.com/location-voiture/issy-les-moulineaux/renault-captur-1943972,Renault Captur (2013),2013,Sur rendez-vous,SUV_COMPACT,SEGMENT_RULES,THERMIQUE,False,71.0,,,,Puteaux,Issy Les Moulineaux,Puteaux,1,409,False,False,,7000,480,11
20260730T110622,A2,v3.3-search-gps,2026-07-31T09:00,2026-07-31T20:00,1296508,https://fr.getaround.com/location-voiture/paris/mercedes-benz-classe-e-1296508,Mercedes-Benz Classe E (2015),2015,Sur rendez-vous,BERLINE,SEGMENT_RULES,THERMIQUE,False,137.0,,4.64,7,Puteaux,Paris,Puteaux|Asnières-sur-Seine,2,410,False,False,,5130,480,11
20260730T110622,A2,v3.3-search-gps,2026-07-31T09:00,2026-07-31T20:00,1586588,https://fr.getaround.com/location-voiture/boulogne-billancourt/peugeot-308-1586588,Peugeot 308 (2022),2022,Sur rendez-vous,COMPACTE,SEGMENT_RULES,THERMIQUE,False,80.0,,,,Puteaux,Boulogne Billancourt,Puteaux|Asnières-sur-Seine,2,411,False,False,,5680,480,11
20260730T110622,A2,v3.3-search-gps,2026-07-31T09:00,2026-07-31T20:00,1597078,https://fr.getaround.com/location-voiture/houilles/toyota-yaris-1597078,Toyota Yaris (2013),2013,Sur rendez-vous,CITADINE,SEGMENT_RULES,THERMIQUE,False,71.0,,,,Puteaux,Houilles,Puteaux|Asnières-sur-Seine,2,412,False,False,,5520,480,11
20260730T110622,A2,v3.3-search-gps,2026-07-31T09:00,2026-07-31T20:00,1556483,https://fr.getaround.com/location-voiture/paris/toyota-yaris-cross-hybrid-1556483,Toyota Yaris Cross Hybrid (2021),2021,Getaround Connect,SUV_COMPACT,SEGMENT_RULES,HYBRIDE,False,83.0,,4.53,54,Asnières-sur-Seine,Paris,Asnières-sur-Seine,1,412,False,False,,12070,878,21
20260730T110622,A2,v3.3-search-gps,2026-07-31T09:00,2026-07-31T20:00,1083759,https://fr.getaround.com/location-voiture/rueil-malmaison/renault-zoe-1083759,Renault ZOE (2018),2018,Sur rendez-vous,CITADINE,SEGMENT_RULES,ELECTRIQUE,False,84.0,,,,Puteaux,Rueil Malmaison,Puteaux|Asnières-sur-Seine,2,414,False,False,,4410,480,11
20260730T110622,A2,v3.3-search-gps,2026-07-31T09:00,2026-07-31T20:00,1531978,https://fr.getaround.com/location-voiture/boulogne-billancourt/jeep-renegade-limited-1531978,Jeep Renegade Limited (2019),2019,Sur rendez-vous,SUV_FAMILIAL,SEGMENT_RULES,THERMIQUE,False,326.0,,5.0,5,Puteaux,Boulogne Billancourt,Puteaux|Asnières-sur-Seine,2,415,False,False,,6090,480,11
20260730T110622,A2,v3.3-search-gps,2026-07-31T09:00,2026-07-31T20:00,1692885,https://fr.getaround.com/location-voiture/bobigny/citroen-c4-1692885,Citroen C4 (2015),2015,Getaround Connect,COMPACTE,SEGMENT_RULES,THERMIQUE,False,70.0,,4.6,50,Asnières-sur-Seine,Bobigny,Asnières-sur-Seine,1,415,False,False,,9540,878,21
20260730T110622,A2,v3.3-search-gps,2026-07-31T09:00,2026-07-31T20:00,1261374,https://fr.getaround.com/location-voiture/bezons/renault-zoe-1261374,Renault ZOE (2017),2017,Sur rendez-vous,CITADINE,SEGMENT_RULES,ELECTRIQUE,False,74.0,,,,Puteaux,Bezons,Puteaux|Asnières-sur-Seine,2,416,False,False,,5300,480,11
20260730T110622,A2,v3.3-search-gps,2026-07-31T09:00,2026-07-31T20:00,765741,https://fr.getaround.com/location-voiture/maisons-laffitte/toyota-aygo-ii-765741,Toyota Aygo II (2019),2019,Getaround Connect,MICRO_CITADINE,SEGMENT_RULES,THERMIQUE,False,76.0,,4.66,116,Puteaux,Maisons Laffitte,Puteaux,1,417,False,False,,9450,480,11
20260730T110622,A2,v3.3-search-gps,2026-07-31T09:00,2026-07-31T20:00,1736314,https://fr.getaround.com/location-voiture/boulogne-billancourt/smart-fortwo-passion-1736314,Smart Fortwo Passion (2015),2015,Sur rendez-vous,MICRO_CITADINE,SEGMENT_RULES,THERMIQUE,False,84.0,,5.0,2,Puteaux,Boulogne Billancourt,Puteaux|Asnières-sur-Seine,2,418,False,False,,4920,480,11
20260730T110622,A2,v3.3-search-gps,2026-07-31T09:00,2026-07-31T20:00,1883063,https://fr.getaround.com/location-voiture/rueil-malmaison/bmw-x1-sdrive18i-1883063,BMW X1 sDrive18i (2019),2019,Sur rendez-vous,SUV_FAMILIAL,SEGMENT_RULES,THERMIQUE,False,163.0,,,,Puteaux,Rueil Malmaison,Puteaux|Asnières-sur-Seine,2,419,False,False,,3450,480,11
20260730T110622,A2,v3.3-search-gps,2026-07-31T09:00,2026-07-31T20:00,1888564,https://fr.getaround.com/location-voiture/bezons/renault-scenic-1888564,Renault Scenic (2017),2017,Sur rendez-vous,MONOSPACE,SEGMENT_RULES,THERMIQUE,False,87.0,,5.0,1,Puteaux,Bezons,Puteaux|Asnières-sur-Seine,2,420,False,False,,6230,480,11
20260730T110622,A2,v3.3-search-gps,2026-07-31T09:00,2026-07-31T20:00,1749372,https://fr.getaround.com/location-voiture/bezons/dacia-spring-1749372,Dacia Spring (2025),2025,Sur rendez-vous,COMPACTE,SEGMENT_RULES,THERMIQUE,False,88.0,,5.0,6,Puteaux,Bezons,Puteaux|Asnières-sur-Seine,2,421,False,False,,5500,480,11
20260730T110622,A2,v3.3-search-gps,2026-07-31T09:00,2026-07-31T20:00,1940728,https://fr.getaround.com/location-voiture/paris/audi-q4-sportback-35-e-tron-1940728,Audi Q4 Sportback 35 e-tron (2022),2022,Sur rendez-vous,SUV_FAMILIAL,SEGMENT_RULES,THERMIQUE,False,206.0,,,,Puteaux,Paris,Puteaux|Asnières-sur-Seine,2,422,False,False,,4430,480,11
20260730T110622,A2,v3.3-search-gps,2026-07-31T09:00,2026-07-31T20:00,1542085,https://fr.getaround.com/location-voiture/paris/toyota-yaris-cross-hybrid-1542085,Toyota Yaris Cross Hybrid (2023),2023,Getaround Connect,SUV_COMPACT,SEGMENT_RULES,HYBRIDE,False,89.0,,4.71,24,Asnières-sur-Seine,Paris,Asnières-sur-Seine,1,422,False,False,,11260,878,21
20260730T110622,A2,v3.3-search-gps,2026-07-31T09:00,2026-07-31T20:00,1643095,https://fr.getaround.com/location-voiture/rueil-malmaison/volkswagen-coccinelle-cabriolet-1643095,Volkswagen Coccinelle Cabriolet (1970),1970,Sur rendez-vous,CABRIOLET,SEGMENT_RULES,THERMIQUE,False,348.0,,4.8,5,Puteaux,Rueil Malmaison,Puteaux|Asnières-sur-Seine,2,424,False,False,,5190,480,11
20260730T110622,A2,v3.3-search-gps,2026-07-31T09:00,2026-07-31T20:00,1705445,https://fr.getaround.com/location-voiture/sartrouville/peugeot-208-1705445,Peugeot 208 (2015),2015,Sur rendez-vous,CITADINE,SEGMENT_RULES,THERMIQUE,False,76.0,,5.0,4,Puteaux,Sartrouville,Puteaux|Asnières-sur-Seine,2,425,False,False,,8390,480,11
20260730T110622,A2,v3.3-search-gps,2026-07-31T09:00,2026-07-31T20:00,1199921,https://fr.getaround.com/location-voiture/argenteuil/mg-mg4-1199921,Mg MG4 (2022),2022,Sur rendez-vous,COMPACTE,SEGMENT_RULES,THERMIQUE,False,102.0,,,,Puteaux,Argenteuil,Puteaux|Asnières-sur-Seine,2,426,False,False,,6710,480,11
20260730T110622,A2,v3.3-search-gps,2026-07-31T09:00,2026-07-31T20:00,1643102,https://fr.getaround.com/location-voiture/saint-ouen-sur-seine/peugeot-5008-1643102,Peugeot 5008 (2015),2015,Sur rendez-vous,MONOSPACE,SEGMENT_RULES,THERMIQUE,False,120.0,,3.0,1,Puteaux,Saint Ouen Sur Seine,Puteaux|Asnières-sur-Seine,2,427,False,False,,7610,480,11
20260730T110622,A2,v3.3-search-gps,2026-07-31T09:00,2026-07-31T20:00,1519739,https://fr.getaround.com/location-voiture/pantin/peugeot-208-1519739,Peugeot 208 (2023),2023,Getaround Connect,CITADINE,SEGMENT_RULES,THERMIQUE,False,79.0,,4.95,60,Asnières-sur-Seine,Pantin,Asnières-sur-Seine,1,427,False,False,,10010,878,21
20260730T110622,A2,v3.3-search-gps,2026-07-31T09:00,2026-07-31T20:00,1874723,https://fr.getaround.com/location-voiture/sartrouville/citroen-c3-1874723,Citroen C3 (2019),2019,Sur rendez-vous,CITADINE,SEGMENT_RULES,THERMIQUE,False,86.0,,,,Puteaux,Sartrouville,Puteaux|Asnières-sur-Seine,2,428,False,False,,7220,480,11
20260730T110622,A2,v3.3-search-gps,2026-07-31T09:00,2026-07-31T20:00,1461054,https://fr.getaround.com/location-voiture/boulogne-billancourt/toyota-aygo-1461054,Toyota Aygo (2011),2011,Sur rendez-vous,MICRO_CITADINE,SEGMENT_RULES,THERMIQUE,False,115.0,,4.93,14,Puteaux,Boulogne Billancourt,Puteaux|Asnières-sur-Seine,2,429,False,False,,6000,480,11
20260730T110622,A2,v3.3-search-gps,2026-07-31T09:00,2026-07-31T20:00,1848146,https://fr.getaround.com/location-voiture/rueil-malmaison/mercedes-benz-gla-250-4matic-1848146,Mercedes-Benz GLA 250 4MATIC (2021),2021,Sur rendez-vous,SUV_COMPACT,SEGMENT_RULES,THERMIQUE,False,183.0,,,,Puteaux,Rueil Malmaison,Puteaux|Asnières-sur-Seine,2,431,False,False,,5040,480,11
20260730T110622,A2,v3.3-search-gps,2026-07-31T09:00,2026-07-31T20:00,1885630,https://fr.getaround.com/location-voiture/sevres/ford-puma-1885630,Ford Puma (2022),2022,Sur rendez-vous,SUV_COMPACT,SEGMENT_RULES,THERMIQUE,False,107.0,,5.0,1,Puteaux,Sevres,Puteaux,1,432,False,False,,6910,480,11
20260730T110622,A2,v3.3-search-gps,2026-07-31T09:00,2026-07-31T20:00,1616323,https://fr.getaround.com/location-voiture/paris/tesla-model-3-long-range-1616323,Tesla Model 3 Long Range (2019),2019,Sur rendez-vous,BERLINE,SEGMENT_RULES,ELECTRIQUE,False,196.0,,5.0,2,Puteaux,Paris,Puteaux|Asnières-sur-Seine,2,433,False,False,,6980,480,11
20260730T110622,A2,v3.3-search-gps,2026-07-31T09:00,2026-07-31T20:00,1640739,https://fr.getaround.com/location-voiture/boulogne-billancourt/lancia-voyager-1640739,Lancia Voyager (2014),2014,Sur rendez-vous,MONOSPACE,SEGMENT_RULES,THERMIQUE,False,271.0,,,,Puteaux,Boulogne Billancourt,Puteaux|Asnières-sur-Seine,2,434,False,False,,4420,480,11
20260730T110622,A2,v3.3-search-gps,2026-07-31T09:00,2026-07-31T20:00,1156569,https://fr.getaround.com/location-voiture/colombes/mercedes-classe-a-1156569,Mercedes Classe A (2013),2013,Sur rendez-vous,COMPACTE,SEGMENT_RULES,THERMIQUE,False,172.0,,,,Puteaux,Colombes,Puteaux|Asnières-sur-Seine,2,435,False,False,,2960,480,11
20260730T110622,A2,v3.3-search-gps,2026-07-31T09:00,2026-07-31T20:00,1406256,https://fr.getaround.com/location-voiture/paris/citroen-c5-aircross-1406256,Citroen C5 Aircross (2020),2020,Sur rendez-vous,SUV_COMPACT,SEGMENT_RULES,THERMIQUE,False,115.0,,,,Puteaux,Paris,Puteaux|Asnières-sur-Seine,2,436,False,False,,6410,480,11
20260730T110622,A2,v3.3-search-gps,2026-07-31T09:00,2026-07-31T20:00,1570773,https://fr.getaround.com/location-voiture/bezons/audi-q3-1570773,Audi Q3 (2015),2015,Sur rendez-vous,SUV_COMPACT,SEGMENT_RULES,THERMIQUE,False,134.0,,5.0,3,Puteaux,Bezons,Puteaux|Asnières-sur-Seine,2,437,False,False,,5070,480,11
20260730T110622,A2,v3.3-search-gps,2026-07-31T09:00,2026-07-31T20:00,1530499,https://fr.getaround.com/location-voiture/nanterre/renault-clio-1530499,Renault Clio (2020),2020,Sur rendez-vous,CITADINE,SEGMENT_RULES,THERMIQUE,False,98.0,,,,Puteaux,Nanterre,Puteaux|Asnières-sur-Seine,2,438,False,False,,3160,480,11
20260730T110622,A2,v3.3-search-gps,2026-07-31T09:00,2026-07-31T20:00,1290758,https://fr.getaround.com/location-voiture/sartrouville/citroen-c3-1290758,Citroen C3 (2018),2018,Sur rendez-vous,CITADINE,SEGMENT_RULES,THERMIQUE,False,86.0,,4.46,13,Puteaux,Sartrouville,Puteaux|Asnières-sur-Seine,2,439,False,False,,7240,480,11
20260730T110622,A2,v3.3-search-gps,2026-07-31T09:00,2026-07-31T20:00,767156,https://fr.getaround.com/location-voiture/maisons-laffitte/renault-clio-767156,Renault Clio (2019),2019,Sur rendez-vous,CITADINE,SEGMENT_RULES,THERMIQUE,False,70.0,,4.44,106,Puteaux,Maisons Laffitte,Puteaux,1,441,False,False,,9450,480,11
20260730T110622,A2,v3.3-search-gps,2026-07-31T09:00,2026-07-31T20:00,1851732,https://fr.getaround.com/location-voiture/la-celle-saint-cloud/fiat-600e-1851732,Fiat 600e (2024),2024,Sur rendez-vous,CITADINE,SEGMENT_RULES,THERMIQUE,False,96.0,,5.0,1,Puteaux,La Celle Saint Cloud,Puteaux,1,442,False,False,,7710,480,11
20260730T110622,A2,v3.3-search-gps,2026-07-31T09:00,2026-07-31T20:00,495420,https://fr.getaround.com/location-voiture/clichy/citroen-c4-495420,Citroen C4 (2011),2011,Sur rendez-vous,COMPACTE,SEGMENT_RULES,THERMIQUE,False,84.0,,,,Puteaux,Clichy,Puteaux|Asnières-sur-Seine,2,443,False,False,,4440,480,11
20260730T110622,A2,v3.3-search-gps,2026-07-31T09:00,2026-07-31T20:00,1370314,https://fr.getaround.com/location-voiture/paris/citroen-c3-1370314,Citroen C3 (2020),2020,Getaround Connect,CITADINE,SEGMENT_RULES,THERMIQUE,False,74.0,,4.55,50,Asnières-sur-Seine,Paris,Asnières-sur-Seine,1,443,False,False,,7450,878,21
20260730T110622,A2,v3.3-search-gps,2026-07-31T09:00,2026-07-31T20:00,852766,https://fr.getaround.com/location-voiture/paris/citroen-2cv-852766,Citroen 2CV (1982),1982,Sur rendez-vous,CABRIOLET,SEGMENT_RULES,THERMIQUE,False,184.0,,4.68,11,Puteaux,Paris,Puteaux|Asnières-sur-Seine,2,444,False,False,,7440,480,11
20260730T110622,A2,v3.3-search-gps,2026-07-31T09:00,2026-07-31T20:00,612510,https://fr.getaround.com/location-voiture/neuilly-sur-seine/bmw-serie-1-612510,BMW Série 1 (2018),2018,Sur rendez-vous,COMPACTE,SEGMENT_RULES,THERMIQUE,False,150.0,,5.0,1,Puteaux,Neuilly Sur Seine,Puteaux|Asnières-sur-Seine,2,445,False,False,,2640,480,11
20260730T110622,A2,v3.3-search-gps,2026-07-31T09:00,2026-07-31T20:00,1820372,https://fr.getaround.com/location-voiture/saint-denis/hyundai-i20-1820372,Hyundai i20 (2012),2012,Sur rendez-vous,CITADINE,SEGMENT_RULES,THERMIQUE,False,63.0,,4.6,5,Asnières-sur-Seine,Saint Denis,Asnières-sur-Seine,1,445,False,False,,5010,878,21
20260730T110622,A2,v3.3-search-gps,2026-07-31T09:00,2026-07-31T20:00,1916635,https://fr.getaround.com/location-voiture/paris/tesla-model-y-1916635,Tesla Model Y (2022),2022,Sur rendez-vous,SUV_FAMILIAL,SEGMENT_RULES,ELECTRIQUE,False,173.0,,,,Puteaux,Paris,Puteaux|Asnières-sur-Seine,2,446,False,False,,6390,480,11
20260730T110622,A2,v3.3-search-gps,2026-07-31T09:00,2026-07-31T20:00,1720938,https://fr.getaround.com/location-voiture/levallois-perret/renault-clio-1720938,Renault Clio (2013),2013,Sur rendez-vous,CITADINE,SEGMENT_RULES,THERMIQUE,False,78.0,,,,Puteaux,Levallois Perret,Puteaux|Asnières-sur-Seine,2,447,False,False,,4280,480,11
20260730T110622,A2,v3.3-search-gps,2026-07-31T09:00,2026-07-31T20:00,1932888,https://fr.getaround.com/location-voiture/paris/renault-kangoo-1932888,Renault Kangoo (2012),2012,Sur rendez-vous,UTILITAIRE,SEGMENT_RULES,THERMIQUE,False,75.0,,,,Puteaux,Paris,Puteaux|Asnières-sur-Seine,2,448,False,False,,7430,480,11
20260730T110622,A2,v3.3-search-gps,2026-07-31T09:00,2026-07-31T20:00,1639801,https://fr.getaround.com/location-voiture/houilles/peugeot-308-1639801,Peugeot 308 (2012),2012,Sur rendez-vous,COMPACTE,SEGMENT_RULES,THERMIQUE,False,74.0,,,,Puteaux,Houilles,Puteaux|Asnières-sur-Seine,2,449,False,False,,5700,480,11
20260730T110622,A2,v3.3-search-gps,2026-07-31T09:00,2026-07-31T20:00,1900833,https://fr.getaround.com/location-voiture/soisy-sous-montmorency/peugeot-208-1900833,Peugeot 208 (2023),2023,Sur rendez-vous,CITADINE,SEGMENT_RULES,THERMIQUE,False,65.0,,,,Asnières-sur-Seine,Soisy Sous Montmorency,Asnières-sur-Seine,1,450,False,False,,7730,878,21
20260730T110622,A2,v3.3-search-gps,2026-07-31T09:00,2026-07-31T20:00,1457837,https://fr.getaround.com/location-voiture/boulogne-billancourt/smart-fortwo-cabriolet-1457837,Smart Fortwo Cabriolet (2017),2017,Sur rendez-vous,CABRIOLET,SEGMENT_RULES,THERMIQUE,False,111.0,,5.0,2,Puteaux,Boulogne Billancourt,Puteaux|Asnières-sur-Seine,2,451,False,False,,5280,480,11
20260730T110622,A2,v3.3-search-gps,2026-07-31T09:00,2026-07-31T20:00,552262,https://fr.getaround.com/location-voiture/la-celle-saint-cloud/fiat-500-552262,Fiat 500 (2018),2018,Sur rendez-vous,CITADINE,SEGMENT_RULES,THERMIQUE,False,103.0,,4.67,20,Puteaux,La Celle Saint Cloud,Puteaux|Asnières-sur-Seine,2,452,False,False,,7090,480,11
20260730T110622,A2,v3.3-search-gps,2026-07-31T09:00,2026-07-31T20:00,559425,https://fr.getaround.com/location-voiture/la-celle-saint-cloud/fiat-500-559425,Fiat 500 (2018),2018,Sur rendez-vous,CITADINE,SEGMENT_RULES,THERMIQUE,False,105.0,,4.94,18,Puteaux,La Celle Saint Cloud,Puteaux|Asnières-sur-Seine,2,453,False,False,,7090,480,11
20260730T110622,A2,v3.3-search-gps,2026-07-31T09:00,2026-07-31T20:00,1533284,https://fr.getaround.com/location-voiture/chatou/renault-clio-1533284,Renault Clio (2021),2021,Sur rendez-vous,CITADINE,SEGMENT_RULES,THERMIQUE,False,97.0,,,,Puteaux,Chatou,Puteaux|Asnières-sur-Seine,2,454,False,False,,5700,480,11
20260730T110622,A2,v3.3-search-gps,2026-07-31T09:00,2026-07-31T20:00,1428328,https://fr.getaround.com/location-voiture/bezons/toyota-c-hr-1428328,Toyota C-HR (2018),2018,Sur rendez-vous,SUV_COMPACT,SEGMENT_RULES,THERMIQUE,False,105.0,,4.0,3,Puteaux,Bezons,Puteaux|Asnières-sur-Seine,2,455,False,False,,5540,480,11
20260730T110622,A2,v3.3-search-gps,2026-07-31T09:00,2026-07-31T20:00,1544484,https://fr.getaround.com/location-voiture/sannois/toyota-yaris-hybride-1544484,Toyota Yaris Hybride (2022),2022,Sur rendez-vous,CITADINE,SEGMENT_RULES,HYBRIDE,False,76.0,,5.0,1,Asnières-sur-Seine,Sannois,Asnières-sur-Seine,1,455,False,False,,6100,878,21
20260730T110622,A2,v3.3-search-gps,2026-07-31T09:00,2026-07-31T20:00,1864308,https://fr.getaround.com/location-voiture/colombes/renault-clio-1864308,Renault Clio (2021),2021,Sur rendez-vous,CITADINE,SEGMENT_RULES,THERMIQUE,False,104.0,,5.0,1,Puteaux,Colombes,Puteaux|Asnières-sur-Seine,2,456,False,False,,5190,480,11
20260730T110622,A2,v3.3-search-gps,2026-07-31T09:00,2026-07-31T20:00,869742,https://fr.getaround.com/location-voiture/paris/audi-a3-869742,Audi A3 (2016),2016,Getaround Connect,COMPACTE,SEGMENT_RULES,THERMIQUE,False,104.0,,4.83,96,Asnières-sur-Seine,Paris,Asnières-sur-Seine,1,456,False,False,,10710,878,21
20260730T110622,A2,v3.3-search-gps,2026-07-31T09:00,2026-07-31T20:00,1437323,https://fr.getaround.com/location-voiture/houilles/peugeot-3008-1437323,Peugeot 3008 (2013),2013,Sur rendez-vous,SUV_FAMILIAL,SEGMENT_RULES,THERMIQUE,False,127.0,,,,Puteaux,Houilles,Puteaux|Asnières-sur-Seine,2,457,False,False,,5430,480,11
20260730T110622,A2,v3.3-search-gps,2026-07-31T09:00,2026-07-31T20:00,1739099,https://fr.getaround.com/location-voiture/rueil-malmaison/renault-megane-1739099,Renault Mégane (2016),2016,Sur rendez-vous,COMPACTE,SEGMENT_RULES,THERMIQUE,False,120.0,,,,Puteaux,Rueil Malmaison,Puteaux|Asnières-sur-Seine,2,458,False,False,,4120,480,11
20260730T110622,A2,v3.3-search-gps,2026-07-31T09:00,2026-07-31T20:00,1908762,https://fr.getaround.com/location-voiture/stains/renault-clio-1908762,Renault Clio (2015),2015,Sur rendez-vous,CITADINE,SEGMENT_RULES,THERMIQUE,False,60.0,,5.0,2,Asnières-sur-Seine,Stains,Asnières-sur-Seine,1,458,False,False,,9260,878,21
20260730T110622,A2,v3.3-search-gps,2026-07-31T09:00,2026-07-31T20:00,1524455,https://fr.getaround.com/location-voiture/villeneuve-la-garenne/skoda-kamiq-1524455,Skoda Kamiq (2024),2024,Sur rendez-vous,SUV_COMPACT,SEGMENT_RULES,THERMIQUE,False,121.0,,4.67,3,Puteaux,Villeneuve La Garenne,Puteaux|Asnières-sur-Seine,2,459,False,False,,8060,480,11
20260730T110622,A2,v3.3-search-gps,2026-07-31T09:00,2026-07-31T20:00,1679927,https://fr.getaround.com/location-voiture/bezons/nissan-micra-1679927,Nissan Micra (2017),2017,Sur rendez-vous,CITADINE,SEGMENT_RULES,THERMIQUE,False,85.0,,,,Puteaux,Bezons,Puteaux|Asnières-sur-Seine,2,460,False,False,,5750,480,11
20260730T110622,A2,v3.3-search-gps,2026-07-31T09:00,2026-07-31T20:00,1773988,https://fr.getaround.com/location-voiture/colombes/volkswagen-polo-r-line-1773988,Volkswagen Polo R-Line (2022),2022,Sur rendez-vous,CITADINE,SEGMENT_RULES,THERMIQUE,False,199.0,,,,Puteaux,Colombes,Puteaux|Asnières-sur-Seine,2,461,False,False,,3700,480,11
20260730T110622,A2,v3.3-search-gps,2026-07-31T09:00,2026-07-31T20:00,1894571,https://fr.getaround.com/location-voiture/paris/renault-clio-1894571,Renault Clio (2021),2021,Getaround Connect,CITADINE,SEGMENT_RULES,THERMIQUE,False,79.0,,5.0,1,Asnières-sur-Seine,Paris,Asnières-sur-Seine,1,461,False,False,,7590,878,21
20260730T110622,A2,v3.3-search-gps,2026-07-31T09:00,2026-07-31T20:00,100528,https://fr.getaround.com/location-voiture/maisons-laffitte/mg-b-cabriolet-100528,Mg B Cabriolet (1978),1978,Sur rendez-vous,CABRIOLET,SEGMENT_RULES,THERMIQUE,False,296.0,,4.94,18,Puteaux,Maisons Laffitte,Puteaux,1,462,False,False,,9720,480,11
20260730T110622,A2,v3.3-search-gps,2026-07-31T09:00,2026-07-31T20:00,1644598,https://fr.getaround.com/location-voiture/argenteuil/audi-a1-sportback-1644598,Audi A1 Sportback (2024),2024,Sur rendez-vous,CITADINE,SEGMENT_RULES,THERMIQUE,False,123.0,,,,Puteaux,Argenteuil,Puteaux|Asnières-sur-Seine,2,463,False,False,,7040,480,11
20260730T110622,A2,v3.3-search-gps,2026-07-31T09:00,2026-07-31T20:00,1379338,https://fr.getaround.com/location-voiture/asnieres-sur-seine/ford-fiesta-1379338,Ford Fiesta (2015),2015,Sur rendez-vous,CITADINE,SEGMENT_RULES,THERMIQUE,False,96.0,,5.0,1,Puteaux,Asnieres Sur Seine,Puteaux|Asnières-sur-Seine,2,465,False,False,,6490,480,11
20260730T110622,A2,v3.3-search-gps,2026-07-31T09:00,2026-07-31T20:00,1879181,https://fr.getaround.com/location-voiture/paris/land-rover-range-rover-evoque-1879181,Land-Rover Range Rover Evoque (2020),2020,Sur rendez-vous,SUV_FAMILIAL,SEGMENT_RULES,THERMIQUE,False,300.0,,5.0,1,Puteaux,Paris,Puteaux|Asnières-sur-Seine,2,466,False,False,,3890,480,11
20260730T110622,A2,v3.3-search-gps,2026-07-31T09:00,2026-07-31T20:00,1668556,https://fr.getaround.com/location-voiture/paris/citroen-c1-ii-1668556,Citroen C1 II (2018),2018,Sur rendez-vous,MICRO_CITADINE,SEGMENT_RULES,THERMIQUE,False,82.0,,,,Puteaux,Paris,Puteaux|Asnières-sur-Seine,2,467,False,False,,6420,480,11
20260730T110622,A2,v3.3-search-gps,2026-07-31T09:00,2026-07-31T20:00,1834784,https://fr.getaround.com/location-voiture/argenteuil/renault-clio-1834784,Renault Clio (2021),2021,Sur rendez-vous,CITADINE,SEGMENT_RULES,THERMIQUE,False,104.0,,,,Puteaux,Argenteuil,Puteaux|Asnières-sur-Seine,2,468,False,False,,6890,480,11
20260730T110622,A2,v3.3-search-gps,2026-07-31T09:00,2026-07-31T20:00,763159,https://fr.getaround.com/location-voiture/maisons-laffitte/citroen-c3-763159,Citroen C3 (2019),2019,Sur rendez-vous,CITADINE,SEGMENT_RULES,THERMIQUE,False,134.0,,4.77,79,Puteaux,Maisons Laffitte,Puteaux,1,469,False,False,,9450,480,11
20260730T110622,A2,v3.3-search-gps,2026-07-31T09:00,2026-07-31T20:00,1745559,https://fr.getaround.com/location-voiture/argenteuil/peugeot-308-1745559,Peugeot 308 (2023),2023,Sur rendez-vous,COMPACTE,SEGMENT_RULES,THERMIQUE,False,139.0,,,,Puteaux,Argenteuil,Puteaux|Asnières-sur-Seine,2,470,False,False,,5730,480,11
20260730T110622,A2,v3.3-search-gps,2026-07-31T09:00,2026-07-31T20:00,1638372,https://fr.getaround.com/location-voiture/paris/peugeot-308-sw-1638372,Peugeot 308 SW (2019),2019,Sur rendez-vous,BREAK,SEGMENT_RULES,THERMIQUE,False,259.0,,,,Puteaux,Paris,Puteaux|Asnières-sur-Seine,2,471,False,False,,7530,480,11
20260730T110622,A2,v3.3-search-gps,2026-07-31T09:00,2026-07-31T20:00,1308958,https://fr.getaround.com/location-voiture/clichy/smart-fortwo-cabriolet-1308958,Smart Fortwo Cabriolet (2016),2016,Sur rendez-vous,CABRIOLET,SEGMENT_RULES,THERMIQUE,False,145.0,,,,Puteaux,Clichy,Puteaux|Asnières-sur-Seine,2,472,False,False,,5360,480,11
20260730T110622,A2,v3.3-search-gps,2026-07-31T09:00,2026-07-31T20:00,1481047,https://fr.getaround.com/location-voiture/sartrouville/bmw-x1-1481047,BMW X1 (2017),2017,Sur rendez-vous,SUV_FAMILIAL,SEGMENT_RULES,THERMIQUE,False,211.0,,,,Puteaux,Sartrouville,Puteaux|Asnières-sur-Seine,2,473,False,False,,7220,480,11
20260730T110622,A2,v3.3-search-gps,2026-07-31T09:00,2026-07-31T20:00,152547,https://fr.getaround.com/location-voiture/paris/citroen-ds20-152547,Citroen DS20 (1973),1973,Sur rendez-vous,COLLECTION,SEGMENT_RULES,THERMIQUE,False,415.0,,5.0,1,Puteaux,Paris,Puteaux|Asnières-sur-Seine,2,474,False,False,,7450,480,11
20260730T110622,A2,v3.3-search-gps,2026-07-31T09:00,2026-07-31T20:00,948339,https://fr.getaround.com/location-voiture/paris/nissan-qashqai-948339,Nissan Qashqai (2016),2016,Sur rendez-vous,SUV_COMPACT,SEGMENT_RULES,THERMIQUE,False,135.0,,5.0,3,Puteaux,Paris,Puteaux|Asnières-sur-Seine,2,475,False,False,,8109,480,11
20260730T110622,A2,v3.3-search-gps,2026-07-31T09:00,2026-07-31T20:00,1803883,https://fr.getaround.com/location-voiture/houilles/peugeot-2008-1803883,Peugeot 2008 (2024),2024,Sur rendez-vous,SUV_COMPACT,SEGMENT_RULES,THERMIQUE,False,93.0,,1.0,1,Puteaux,Houilles,Puteaux|Asnières-sur-Seine,2,476,False,False,,5860,480,11
20260730T110622,A2,v3.3-search-gps,2026-07-31T09:00,2026-07-31T20:00,1909716,https://fr.getaround.com/location-voiture/paris/peugeot-208-1909716,Peugeot 208 (2026),2026,Getaround Connect,CITADINE,SEGMENT_RULES,THERMIQUE,False,84.0,,5.0,3,Asnières-sur-Seine,Paris,Asnières-sur-Seine,1,476,False,False,,11060,878,21
20260730T110622,A2,v3.3-search-gps,2026-07-31T09:00,2026-07-31T20:00,1671722,https://fr.getaround.com/location-voiture/paris/renault-zoe-1671722,Renault ZOE (2019),2019,Getaround Connect,CITADINE,SEGMENT_RULES,ELECTRIQUE,False,69.0,,2.25,4,Puteaux,Paris,Puteaux|Asnières-sur-Seine,2,477,False,False,,6020,480,11
20260730T110622,A2,v3.3-search-gps,2026-07-31T09:00,2026-07-31T20:00,1682168,https://fr.getaround.com/location-voiture/paris/bmw-serie-1-1682168,BMW Série 1 (2025),2025,Sur rendez-vous,COMPACTE,SEGMENT_RULES,THERMIQUE,False,125.0,,1.0,1,Puteaux,Paris,Puteaux|Asnières-sur-Seine,2,478,False,False,,7550,480,11
20260730T110622,A2,v3.3-search-gps,2026-07-31T09:00,2026-07-31T20:00,1904984,https://fr.getaround.com/location-voiture/eaubonne/peugeot-2008-1904984,Peugeot 2008 (2017),2017,Sur rendez-vous,SUV_COMPACT,SEGMENT_RULES,THERMIQUE,False,84.0,,5.0,1,Asnières-sur-Seine,Eaubonne,Asnières-sur-Seine,1,478,False,False,,8220,878,21
20260730T110622,A2,v3.3-search-gps,2026-07-31T09:00,2026-07-31T20:00,1698708,https://fr.getaround.com/location-voiture/paris/renault-zoe-1698708,Renault ZOE (2019),2019,Getaround Connect,CITADINE,SEGMENT_RULES,ELECTRIQUE,False,95.0,,4.0,5,Puteaux,Paris,Puteaux|Asnières-sur-Seine,2,479,False,False,,5870,480,11
20260730T110622,A2,v3.3-search-gps,2026-07-31T09:00,2026-07-31T20:00,1501900,https://fr.getaround.com/location-voiture/paris/peugeot-5008-1501900,Peugeot 5008 (2020),2020,Sur rendez-vous,MONOSPACE,SEGMENT_RULES,THERMIQUE,False,323.0,,1.0,1,Puteaux,Paris,Puteaux|Asnières-sur-Seine,2,480,False,False,,5540,480,11
20260730T110622,A2,v3.3-search-gps,2026-07-31T09:00,2026-07-31T20:00,1295964,https://fr.getaround.com/location-voiture/pierrefitte-sur-seine/peugeot-2008-1295964,Peugeot 2008 (2023),2023,Getaround Connect,SUV_COMPACT,SEGMENT_RULES,THERMIQUE,False,100.0,,4.69,36,Asnières-sur-Seine,Pierrefitte Sur Seine,Asnières-sur-Seine,1,480,False,False,,8039,878,21
20260730T110622,A2,v3.3-search-gps,2026-07-31T09:00,2026-07-31T20:00,1829999,https://fr.getaround.com/location-voiture/paris/renault-clio-1829999,Renault Clio (2025),2025,Getaround Connect,CITADINE,SEGMENT_RULES,THERMIQUE,False,75.0,,4.7,30,Asnières-sur-Seine,Paris,Asnières-sur-Seine,1,486,False,False,,10180,878,21
20260730T110622,A2,v3.3-search-gps,2026-07-31T09:00,2026-07-31T20:00,1695110,https://fr.getaround.com/location-voiture/paris/peugeot-3008-1695110,Peugeot 3008 (2019),2019,Getaround Connect,SUV_FAMILIAL,SEGMENT_RULES,THERMIQUE,False,73.0,,4.13,23,Asnières-sur-Seine,Paris,Asnières-sur-Seine,1,487,False,False,,11480,878,21
20260730T110622,A2,v3.3-search-gps,2026-07-31T09:00,2026-07-31T20:00,1650453,https://fr.getaround.com/location-voiture/paris/volkswagen-t-cross-1650453,Volkswagen T-Cross (2024),2024,Getaround Connect,SUV_COMPACT,SEGMENT_RULES,THERMIQUE,False,80.0,,4.17,15,Asnières-sur-Seine,Paris,Asnières-sur-Seine,1,489,False,False,,9430,878,21
20260730T110622,A2,v3.3-search-gps,2026-07-31T09:00,2026-07-31T20:00,1693831,https://fr.getaround.com/location-voiture/franconville/peugeot-207-1693831,Peugeot 207 (2012),2012,Sur rendez-vous,COMPACTE,SEGMENT_RULES,THERMIQUE,False,70.0,,5.0,22,Asnières-sur-Seine,Franconville,Asnières-sur-Seine,1,492,False,False,,9430,878,21
20260730T110622,A2,v3.3-search-gps,2026-07-31T09:00,2026-07-31T20:00,1670801,https://fr.getaround.com/location-voiture/paris/peugeot-208-1670801,Peugeot 208 (2025),2025,Getaround Connect,CITADINE,SEGMENT_RULES,THERMIQUE,False,89.0,,4.17,18,Asnières-sur-Seine,Paris,Asnières-sur-Seine,1,494,False,False,,10440,878,21
20260730T110622,A2,v3.3-search-gps,2026-07-31T09:00,2026-07-31T20:00,1847744,https://fr.getaround.com/location-voiture/paris/renault-clio-1847744,Renault Clio (2025),2025,Getaround Connect,CITADINE,SEGMENT_RULES,THERMIQUE,False,89.0,,4.83,6,Asnières-sur-Seine,Paris,Asnières-sur-Seine,1,497,False,False,,9790,878,21
20260730T110622,A2,v3.3-search-gps,2026-07-31T09:00,2026-07-31T20:00,1600730,https://fr.getaround.com/location-voiture/paris/peugeot-2008-1600730,Peugeot 2008 (2022),2022,Getaround Connect,SUV_COMPACT,SEGMENT_RULES,THERMIQUE,False,70.0,,3.88,30,Asnières-sur-Seine,Paris,Asnières-sur-Seine,1,503,False,False,,10660,878,21
20260730T110622,A2,v3.3-search-gps,2026-07-31T09:00,2026-07-31T20:00,1542070,https://fr.getaround.com/location-voiture/paris/toyota-yaris-hybride-1542070,Toyota Yaris Hybride (2022),2022,Getaround Connect,CITADINE,SEGMENT_RULES,HYBRIDE,False,76.0,,4.69,58,Asnières-sur-Seine,Paris,Asnières-sur-Seine,1,505,False,False,,8260,878,21
20260730T110622,A2,v3.3-search-gps,2026-07-31T09:00,2026-07-31T20:00,1382784,https://fr.getaround.com/location-voiture/paris/peugeot-5008-1382784,Peugeot 5008 (2019),2019,Getaround Connect,MONOSPACE,SEGMENT_RULES,THERMIQUE,False,134.0,,4.53,39,Asnières-sur-Seine,Paris,Asnières-sur-Seine,1,511,False,False,,10670,878,21
20260730T110622,A2,v3.3-search-gps,2026-07-31T09:00,2026-07-31T20:00,1670239,https://fr.getaround.com/location-voiture/paris/tesla-model-3-standard-range-plus-1670239,Tesla Model 3 Standard Range Plus (2022),2022,Sur rendez-vous,BERLINE,SEGMENT_RULES,ELECTRIQUE,False,115.0,,4.56,9,Asnières-sur-Seine,Paris,Asnières-sur-Seine,1,512,False,False,,7860,878,21
20260730T110622,A2,v3.3-search-gps,2026-07-31T09:00,2026-07-31T20:00,1920131,https://fr.getaround.com/location-voiture/aubervilliers/peugeot-208-1920131,Peugeot 208 (2024),2024,Sur rendez-vous,CITADINE,SEGMENT_RULES,THERMIQUE,False,72.0,,5.0,3,Asnières-sur-Seine,Aubervilliers,Asnières-sur-Seine,1,513,False,False,,7490,878,21
20260730T110622,A2,v3.3-search-gps,2026-07-31T09:00,2026-07-31T20:00,1153936,https://fr.getaround.com/location-voiture/paris/smart-fortwo-coupe-1153936,Smart Fortwo Coupé (2017),2017,Getaround Connect,MICRO_CITADINE,SEGMENT_RULES,THERMIQUE,False,63.0,,4.49,37,Asnières-sur-Seine,Paris,Asnières-sur-Seine,1,516,False,False,,7590,878,21
20260730T110622,A2,v3.3-search-gps,2026-07-31T09:00,2026-07-31T20:00,1232062,https://fr.getaround.com/location-voiture/paris/peugeot-208-1232062,Peugeot 208 (2023),2023,Getaround Connect,CITADINE,SEGMENT_RULES,THERMIQUE,False,79.0,,4.48,62,Asnières-sur-Seine,Paris,Asnières-sur-Seine,1,519,False,False,,9780,878,21
20260730T110622,A2,v3.3-search-gps,2026-07-31T09:00,2026-07-31T20:00,468891,https://fr.getaround.com/location-voiture/paris/citroen-c4-cactus-468891,Citroen C4 Cactus (2016),2016,Getaround Connect,COMPACTE,SEGMENT_RULES,THERMIQUE,False,61.0,,4.37,203,Asnières-sur-Seine,Paris,Asnières-sur-Seine,1,521,False,False,,11460,878,21
20260730T110622,A2,v3.3-search-gps,2026-07-31T09:00,2026-07-31T20:00,1880597,https://fr.getaround.com/location-voiture/paris/peugeot-2008-1880597,Peugeot 2008 (2026),2026,Getaround Connect,SUV_COMPACT,SEGMENT_RULES,THERMIQUE,False,99.0,,4.6,5,Asnières-sur-Seine,Paris,Asnières-sur-Seine,1,522,False,False,,7500,878,21
20260730T110622,A2,v3.3-search-gps,2026-07-31T09:00,2026-07-31T20:00,1427176,https://fr.getaround.com/location-voiture/paris/toyota-yaris-hybride-1427176,Toyota Yaris Hybride (2022),2022,Getaround Connect,CITADINE,SEGMENT_RULES,HYBRIDE,False,70.0,,4.75,63,Asnières-sur-Seine,Paris,Asnières-sur-Seine,1,523,False,False,,11170,878,21
20260730T110622,A2,v3.3-search-gps,2026-07-31T09:00,2026-07-31T20:00,1577703,https://fr.getaround.com/location-voiture/paris/citroen-c4-cactus-1577703,Citroen C4 Cactus (2017),2017,Sur rendez-vous,COMPACTE,SEGMENT_RULES,THERMIQUE,False,81.0,,4.89,19,Asnières-sur-Seine,Paris,Asnières-sur-Seine,1,527,False,False,,8810,878,21
20260730T110622,A2,v3.3-search-gps,2026-07-31T09:00,2026-07-31T20:00,1224586,https://fr.getaround.com/location-voiture/paris/peugeot-208-1224586,Peugeot 208 (2023),2023,Getaround Connect,CITADINE,SEGMENT_RULES,THERMIQUE,False,57.0,,3.57,74,Asnières-sur-Seine,Paris,Asnières-sur-Seine,1,528,False,False,,10590,878,21
20260730T110622,A2,v3.3-search-gps,2026-07-31T09:00,2026-07-31T20:00,1937269,https://fr.getaround.com/location-voiture/paris/renault-talisman-1937269,Renault Talisman (2018),2018,Sur rendez-vous,BERLINE,SEGMENT_RULES,THERMIQUE,False,89.0,,,,Asnières-sur-Seine,Paris,Asnières-sur-Seine,1,530,False,False,,10450,878,21
20260730T110622,A2,v3.3-search-gps,2026-07-31T09:00,2026-07-31T20:00,1881847,https://fr.getaround.com/location-voiture/paris/peugeot-2008-1881847,Peugeot 2008 (2026),2026,Getaround Connect,SUV_COMPACT,SEGMENT_RULES,THERMIQUE,False,99.0,,,,Asnières-sur-Seine,Paris,Asnières-sur-Seine,1,537,False,False,,7500,878,21
20260730T110622,A2,v3.3-search-gps,2026-07-31T09:00,2026-07-31T20:00,1203653,https://fr.getaround.com/location-voiture/paris/citroen-c3-1203653,Citroen C3 (2023),2023,Getaround Connect,CITADINE,SEGMENT_RULES,THERMIQUE,False,57.0,,4.22,86,Asnières-sur-Seine,Paris,Asnières-sur-Seine,1,543,False,False,,8730,878,21
20260730T110622,A2,v3.3-search-gps,2026-07-31T09:00,2026-07-31T20:00,1293598,https://fr.getaround.com/location-voiture/paris/renault-clio-1293598,Renault Clio (2020),2020,Getaround Connect,CITADINE,SEGMENT_RULES,THERMIQUE,False,84.0,,4.49,46,Asnières-sur-Seine,Paris,Asnières-sur-Seine,1,547,False,False,,10670,878,21
20260730T110622,A2,v3.3-search-gps,2026-07-31T09:00,2026-07-31T20:00,1787967,https://fr.getaround.com/location-voiture/paris/dacia-jogger-1787967,Dacia Jogger (2023),2023,Getaround Connect,MONOSPACE,SEGMENT_RULES,THERMIQUE,False,105.0,,4.94,18,Asnières-sur-Seine,Paris,Asnières-sur-Seine,1,549,False,False,,9220,878,21
20260730T110622,A2,v3.3-search-gps,2026-07-31T09:00,2026-07-31T20:00,1420092,https://fr.getaround.com/location-voiture/bobigny/peugeot-5008-1420092,Peugeot 5008 (2014),2014,Getaround Connect,MONOSPACE,SEGMENT_RULES,THERMIQUE,False,124.0,,4.67,24,Asnières-sur-Seine,Bobigny,Asnières-sur-Seine,1,550,False,False,,9320,878,21
20260730T110622,A2,v3.3-search-gps,2026-07-31T09:00,2026-07-31T20:00,1744314,https://fr.getaround.com/location-voiture/paris/renault-twingo-iii-1744314,Renault Twingo III (2021),2021,Getaround Connect,CITADINE,SEGMENT_RULES,THERMIQUE,False,74.0,,4.62,21,Asnières-sur-Seine,Paris,Asnières-sur-Seine,1,551,False,False,,10660,878,21
20260730T110622,A2,v3.3-search-gps,2026-07-31T09:00,2026-07-31T20:00,1874364,https://fr.getaround.com/location-voiture/pantin/toyota-yaris-hybride-1874364,Toyota Yaris Hybride (2020),2020,Getaround Connect,CITADINE,SEGMENT_RULES,HYBRIDE,False,84.0,,5.0,5,Asnières-sur-Seine,Pantin,Asnières-sur-Seine,1,553,False,False,,9570,878,21
20260730T110622,A2,v3.3-search-gps,2026-07-31T09:00,2026-07-31T20:00,1739577,https://fr.getaround.com/location-voiture/paris/renault-clio-1739577,Renault Clio (2017),2017,Getaround Connect,CITADINE,SEGMENT_RULES,THERMIQUE,False,74.0,,4.96,23,Asnières-sur-Seine,Paris,Asnières-sur-Seine,1,554,False,False,,11180,878,21
20260730T110622,A2,v3.3-search-gps,2026-07-31T09:00,2026-07-31T20:00,1139897,https://fr.getaround.com/location-voiture/paris/renault-scenic-1139897,Renault Scenic (2016),2016,Getaround Connect,MONOSPACE,SEGMENT_RULES,THERMIQUE,False,84.0,,4.54,34,Asnières-sur-Seine,Paris,Asnières-sur-Seine,1,555,False,False,,7450,878,21
20260730T110622,A2,v3.3-search-gps,2026-07-31T09:00,2026-07-31T20:00,1773923,https://fr.getaround.com/location-voiture/paris/toyota-aygo-1773923,Toyota Aygo (2015),2015,Sur rendez-vous,MICRO_CITADINE,SEGMENT_RULES,THERMIQUE,False,71.0,,5.0,2,Asnières-sur-Seine,Paris,Asnières-sur-Seine,1,556,False,False,,7520,878,21
20260730T110622,A2,v3.3-search-gps,2026-07-31T09:00,2026-07-31T20:00,1342226,https://fr.getaround.com/location-voiture/paris/renault-clio-1342226,Renault Clio (2014),2014,Getaround Connect,CITADINE,SEGMENT_RULES,THERMIQUE,False,60.0,,3.62,29,Asnières-sur-Seine,Paris,Asnières-sur-Seine,1,557,False,False,,7050,878,21
20260730T110622,A2,v3.3-search-gps,2026-07-31T09:00,2026-07-31T20:00,808153,https://fr.getaround.com/location-voiture/les-lilas/peugeot-208-808153,Peugeot 208 (2015),2015,Getaround Connect,CITADINE,SEGMENT_RULES,THERMIQUE,False,74.0,,4.84,22,Asnières-sur-Seine,Les Lilas,Asnières-sur-Seine,1,559,False,False,,10540,878,21
20260730T110622,A2,v3.3-search-gps,2026-07-31T09:00,2026-07-31T20:00,1198362,https://fr.getaround.com/location-voiture/paris/opel-corsa-1198362,Opel Corsa (2014),2014,Getaround Connect,CITADINE,SEGMENT_RULES,THERMIQUE,False,66.0,,4.67,36,Asnières-sur-Seine,Paris,Asnières-sur-Seine,1,560,False,False,,7040,878,21
20260730T110622,A2,v3.3-search-gps,2026-07-31T09:00,2026-07-31T20:00,1943322,https://fr.getaround.com/location-voiture/la-courneuve/toyota-aygo-1943322,Toyota Aygo (2014),2014,Sur rendez-vous,MICRO_CITADINE,SEGMENT_RULES,THERMIQUE,False,46.0,,,,Asnières-sur-Seine,La Courneuve,Asnières-sur-Seine,1,562,False,False,,7810,878,21
20260730T110622,A2,v3.3-search-gps,2026-07-31T09:00,2026-07-31T20:00,1895708,https://fr.getaround.com/location-voiture/paris/renault-arkana-e-tech-1895708,Renault Arkana E-Tech (2021),2021,Sur rendez-vous,COMPACTE,SEGMENT_RULES,ELECTRIQUE,False,105.0,,,,Asnières-sur-Seine,Paris,Asnières-sur-Seine,1,563,False,False,,11280,878,21
20260730T110622,A2,v3.3-search-gps,2026-07-31T09:00,2026-07-31T20:00,1556530,https://fr.getaround.com/location-voiture/paris/toyota-corolla-hybride-1556530,Toyota Corolla Hybride (2020),2020,Getaround Connect,COMPACTE,SEGMENT_RULES,HYBRIDE,False,95.0,,4.76,48,Asnières-sur-Seine,Paris,Asnières-sur-Seine,1,565,False,False,,8900,878,21
20260730T110622,A2,v3.3-search-gps,2026-07-31T09:00,2026-07-31T20:00,1649267,https://fr.getaround.com/location-voiture/paris/citroen-c3-picasso-1649267,Citroen C3 Picasso (2016),2016,Getaround Connect,MONOSPACE,SEGMENT_RULES,THERMIQUE,False,89.0,,4.69,16,Asnières-sur-Seine,Paris,Asnières-sur-Seine,1,571,False,False,,7590,878,21
20260730T110622,A2,v3.3-search-gps,2026-07-31T09:00,2026-07-31T20:00,1226250,https://fr.getaround.com/location-voiture/saint-denis/peugeot-2008-1226250,Peugeot 2008 (2019),2019,Sur rendez-vous,SUV_COMPACT,SEGMENT_RULES,THERMIQUE,False,92.0,,5.0,12,Asnières-sur-Seine,Saint Denis,Asnières-sur-Seine,1,573,False,False,,5420,878,21
20260730T110622,A2,v3.3-search-gps,2026-07-31T09:00,2026-07-31T20:00,660000,https://fr.getaround.com/location-voiture/paris/opel-agila-660000,Opel Agila (2011),2011,Getaround Connect,CITADINE,SEGMENT_RULES,THERMIQUE,False,53.0,,3.77,65,Asnières-sur-Seine,Paris,Asnières-sur-Seine,1,577,False,False,,7040,878,21
20260730T110622,A2,v3.3-search-gps,2026-07-31T09:00,2026-07-31T20:00,1469522,https://fr.getaround.com/location-voiture/paris/fiat-500-x-1469522,Fiat 500 X (2017),2017,Getaround Connect,CITADINE,SEGMENT_RULES,THERMIQUE,False,83.0,,4.8,51,Asnières-sur-Seine,Paris,Asnières-sur-Seine,1,578,False,False,,11110,878,21
20260730T110622,A2,v3.3-search-gps,2026-07-31T09:00,2026-07-31T20:00,1881883,https://fr.getaround.com/location-voiture/paris/peugeot-2008-1881883,Peugeot 2008 (2026),2026,Getaround Connect,SUV_COMPACT,SEGMENT_RULES,THERMIQUE,False,101.0,,4.6,5,Asnières-sur-Seine,Paris,Asnières-sur-Seine,1,579,False,False,,8130,878,21
20260730T110622,A2,v3.3-search-gps,2026-07-31T09:00,2026-07-31T20:00,1894631,https://fr.getaround.com/location-voiture/paris/tesla-model-y-performance-1894631,Tesla Model Y Performance (2023),2023,Sur rendez-vous,SUV_FAMILIAL,SEGMENT_RULES,ELECTRIQUE,False,200.0,,,,Asnières-sur-Seine,Paris,Asnières-sur-Seine,1,580,False,False,,7200,878,21
20260730T110622,A2,v3.3-search-gps,2026-07-31T09:00,2026-07-31T20:00,1730784,https://fr.getaround.com/location-voiture/paris/peugeot-208-1730784,Peugeot 208 (2024),2024,Getaround Connect,CITADINE,SEGMENT_RULES,THERMIQUE,False,84.0,,4.98,42,Asnières-sur-Seine,Paris,Asnières-sur-Seine,1,581,False,False,,11220,878,21
20260730T110622,A2,v3.3-search-gps,2026-07-31T09:00,2026-07-31T20:00,1715596,https://fr.getaround.com/location-voiture/paris/citroen-c4-1715596,Citroen C4 (2019),2019,Getaround Connect,COMPACTE,SEGMENT_RULES,THERMIQUE,False,64.0,,3.92,12,Asnières-sur-Seine,Paris,Asnières-sur-Seine,1,586,False,False,,8400,878,21
20260730T110622,A2,v3.3-search-gps,2026-07-31T09:00,2026-07-31T20:00,1143282,https://fr.getaround.com/location-voiture/paris/smart-fortwo-coupe-1143282,Smart Fortwo Coupé (2017),2017,Getaround Connect,MICRO_CITADINE,SEGMENT_RULES,THERMIQUE,False,63.0,,4.31,36,Asnières-sur-Seine,Paris,Asnières-sur-Seine,1,587,False,False,,7590,878,21
20260730T110622,A2,v3.3-search-gps,2026-07-31T09:00,2026-07-31T20:00,1682116,https://fr.getaround.com/location-voiture/paris/citroen-c4-cactus-1682116,Citroen C4 Cactus (2022),2022,Getaround Connect,COMPACTE,SEGMENT_RULES,THERMIQUE,False,64.0,,3.94,16,Asnières-sur-Seine,Paris,Asnières-sur-Seine,1,589,False,False,,10210,878,21
20260730T110622,A2,v3.3-search-gps,2026-07-31T09:00,2026-07-31T20:00,1555703,https://fr.getaround.com/location-voiture/paris/toyota-corolla-hybride-1555703,Toyota Corolla Hybride (2021),2021,Getaround Connect,COMPACTE,SEGMENT_RULES,HYBRIDE,False,101.0,,4.6,35,Asnières-sur-Seine,Paris,Asnières-sur-Seine,1,590,False,False,,10390,878,21
20260730T110622,A2,v3.3-search-gps,2026-07-31T09:00,2026-07-31T20:00,1890120,https://fr.getaround.com/location-voiture/franconville/ford-kuga-1890120,Ford Kuga (2022),2022,Sur rendez-vous,SUV_FAMILIAL,SEGMENT_RULES,THERMIQUE,False,100.0,,5.0,1,Asnières-sur-Seine,Franconville,Asnières-sur-Seine,1,591,False,False,,9430,878,21
20260730T110622,A2,v3.3-search-gps,2026-07-31T09:00,2026-07-31T20:00,1814972,https://fr.getaround.com/location-voiture/paris/ford-b-max-1814972,Ford B-Max (2016),2016,Sur rendez-vous,BREAK,SEGMENT_RULES,THERMIQUE,False,74.0,,5.0,3,Asnières-sur-Seine,Paris,Asnières-sur-Seine,1,592,False,False,,7670,878,21
20260730T110622,A2,v3.3-search-gps,2026-07-31T09:00,2026-07-31T20:00,1428949,https://fr.getaround.com/location-voiture/paris/tesla-model-3-1428949,Tesla Model 3 (2022),2022,Sur rendez-vous,BERLINE,SEGMENT_RULES,ELECTRIQUE,False,109.0,,5.0,12,Asnières-sur-Seine,Paris,Asnières-sur-Seine,1,593,False,False,,8160,878,21
20260730T110622,A2,v3.3-search-gps,2026-07-31T09:00,2026-07-31T20:00,1857517,https://fr.getaround.com/location-voiture/soisy-sous-montmorency/renault-clio-1857517,Renault Clio (2017),2017,Sur rendez-vous,CITADINE,SEGMENT_RULES,THERMIQUE,False,70.0,,5.0,3,Asnières-sur-Seine,Soisy Sous Montmorency,Asnières-sur-Seine,1,595,False,False,,6930,878,21
20260730T110622,A2,v3.3-search-gps,2026-07-31T09:00,2026-07-31T20:00,1632671,https://fr.getaround.com/location-voiture/paris/renault-twingo-iii-1632671,Renault Twingo III (2018),2018,Getaround Connect,CITADINE,SEGMENT_RULES,THERMIQUE,False,70.0,,4.93,28,Asnières-sur-Seine,Paris,Asnières-sur-Seine,1,596,False,False,,11510,878,21
20260730T110622,A2,v3.3-search-gps,2026-07-31T09:00,2026-07-31T20:00,1550955,https://fr.getaround.com/location-voiture/paris/toyota-yaris-1550955,Toyota Yaris (2016),2016,Getaround Connect,CITADINE,SEGMENT_RULES,THERMIQUE,False,81.0,,4.92,25,Asnières-sur-Seine,Paris,Asnières-sur-Seine,1,597,False,False,,10320,878,21
20260730T110622,A2,v3.3-search-gps,2026-07-31T09:00,2026-07-31T20:00,1816171,https://fr.getaround.com/location-voiture/paris/renault-zoe-1816171,Renault ZOE (2019),2019,Getaround Connect,CITADINE,SEGMENT_RULES,ELECTRIQUE,False,69.0,,5.0,6,Asnières-sur-Seine,Paris,Asnières-sur-Seine,1,598,False,False,,11160,878,21
20260730T110622,A2,v3.3-search-gps,2026-07-31T09:00,2026-07-31T20:00,1853407,https://fr.getaround.com/location-voiture/paris/toyota-corolla-break-hybride-1853407,Toyota Corolla Break Hybride (2023),2023,Getaround Connect,BREAK,SEGMENT_RULES,HYBRIDE,False,90.0,,2.83,6,Asnières-sur-Seine,Paris,Asnières-sur-Seine,1,599,False,False,,8260,878,21
20260730T110622,A2,v3.3-search-gps,2026-07-31T09:00,2026-07-31T20:00,1413393,https://fr.getaround.com/location-voiture/paris/peugeot-2008-1413393,Peugeot 2008 (2023),2023,Getaround Connect,SUV_COMPACT,SEGMENT_RULES,THERMIQUE,False,86.0,,4.08,66,Asnières-sur-Seine,Paris,Asnières-sur-Seine,1,601,False,False,,7560,878,21
20260730T110622,A2,v3.3-search-gps,2026-07-31T09:00,2026-07-31T20:00,1671367,https://fr.getaround.com/location-voiture/paris/peugeot-308-1671367,Peugeot 308 (2020),2020,Getaround Connect,COMPACTE,SEGMENT_RULES,THERMIQUE,False,58.0,,3.45,20,Asnières-sur-Seine,Paris,Asnières-sur-Seine,1,602,False,False,,9090,878,21
20260730T110622,A2,v3.3-search-gps,2026-07-31T09:00,2026-07-31T20:00,1589887,https://fr.getaround.com/location-voiture/paris/peugeot-2008-1589887,Peugeot 2008 (2023),2023,Getaround Connect,SUV_COMPACT,SEGMENT_RULES,THERMIQUE,False,75.0,,4.46,39,Asnières-sur-Seine,Paris,Asnières-sur-Seine,1,603,False,False,,10520,878,21
20260730T110622,A2,v3.3-search-gps,2026-07-31T09:00,2026-07-31T20:00,1755603,https://fr.getaround.com/location-voiture/paris/renault-captur-1755603,Renault Captur (2024),2024,Getaround Connect,SUV_COMPACT,SEGMENT_RULES,THERMIQUE,False,80.0,,4.38,8,Asnières-sur-Seine,Paris,Asnières-sur-Seine,1,604,False,False,,10550,878,21
20260730T110622,A2,v3.3-search-gps,2026-07-31T09:00,2026-07-31T20:00,1631660,https://fr.getaround.com/location-voiture/paris/opel-corsa-1631660,Opel Corsa (2024),2024,Getaround Connect,CITADINE,SEGMENT_RULES,THERMIQUE,False,84.0,,4.71,31,Asnières-sur-Seine,Paris,Asnières-sur-Seine,1,605,False,False,,8990,878,21
20260730T110622,A2,v3.3-search-gps,2026-07-31T09:00,2026-07-31T20:00,1870094,https://fr.getaround.com/location-voiture/paris/dacia-sandero-stepway-1870094,Dacia Sandero Stepway (2017),2017,Getaround Connect,CITADINE,SEGMENT_RULES,THERMIQUE,False,69.0,,4.2,5,Asnières-sur-Seine,Paris,Asnières-sur-Seine,1,606,False,False,,12180,878,21
20260730T110622,A2,v3.3-search-gps,2026-07-31T09:00,2026-07-31T20:00,1701256,https://fr.getaround.com/location-voiture/paris/peugeot-208-1701256,Peugeot 208 (2023),2023,Getaround Connect,CITADINE,SEGMENT_RULES,THERMIQUE,False,94.0,,5.0,21,Asnières-sur-Seine,Paris,Asnières-sur-Seine,1,607,False,False,,11750,878,21
20260730T110622,A2,v3.3-search-gps,2026-07-31T09:00,2026-07-31T20:00,1219196,https://fr.getaround.com/location-voiture/paris/peugeot-208-1219196,Peugeot 208 (2023),2023,Getaround Connect,CITADINE,SEGMENT_RULES,THERMIQUE,False,79.0,,4.4,62,Asnières-sur-Seine,Paris,Asnières-sur-Seine,1,608,False,False,,12810,878,21
20260730T110622,A2,v3.3-search-gps,2026-07-31T09:00,2026-07-31T20:00,1218015,https://fr.getaround.com/location-voiture/paris/opel-corsa-1218015,Opel Corsa (2012),2012,Getaround Connect,CITADINE,SEGMENT_RULES,THERMIQUE,False,60.0,,3.53,15,Asnières-sur-Seine,Paris,Asnières-sur-Seine,1,609,False,False,,7040,878,21
20260730T110622,A2,v3.3-search-gps,2026-07-31T09:00,2026-07-31T20:00,742356,https://fr.getaround.com/location-voiture/paris/renault-modus-742356,Renault Modus (2012),2012,Getaround Connect,MONOSPACE,SEGMENT_RULES,THERMIQUE,False,60.0,,4.33,67,Asnières-sur-Seine,Paris,Asnières-sur-Seine,1,610,False,False,,7040,878,21
20260730T110622,A2,v3.3-search-gps,2026-07-31T09:00,2026-07-31T20:00,1840999,https://fr.getaround.com/location-voiture/paris/renault-clio-1840999,Renault Clio (2015),2015,Sur rendez-vous,CITADINE,SEGMENT_RULES,THERMIQUE,False,65.0,,5.0,3,Asnières-sur-Seine,Paris,Asnières-sur-Seine,1,611,False,False,,10640,878,21
20260730T110622,A2,v3.3-search-gps,2026-07-31T09:00,2026-07-31T20:00,1839702,https://fr.getaround.com/location-voiture/paris/peugeot-308-1839702,Peugeot 308 (2014),2014,Sur rendez-vous,COMPACTE,SEGMENT_RULES,THERMIQUE,False,71.0,,5.0,2,Asnières-sur-Seine,Paris,Asnières-sur-Seine,1,613,False,False,,10830,878,21
20260730T110622,A2,v3.3-search-gps,2026-07-31T09:00,2026-07-31T20:00,1780352,https://fr.getaround.com/location-voiture/aubervilliers/hyundai-kona-1780352,Hyundai Kona (2020),2020,Sur rendez-vous,SUV_COMPACT,SEGMENT_RULES,THERMIQUE,False,84.0,,,,Asnières-sur-Seine,Aubervilliers,Asnières-sur-Seine,1,614,False,False,,6160,878,21
20260730T110622,A2,v3.3-search-gps,2026-07-31T09:00,2026-07-31T20:00,1563979,https://fr.getaround.com/location-voiture/paris/peugeot-208-1563979,Peugeot 208 (2020),2020,Getaround Connect,CITADINE,SEGMENT_RULES,THERMIQUE,False,84.0,,4.76,46,Asnières-sur-Seine,Paris,Asnières-sur-Seine,1,615,False,False,,10520,878,21
20260730T110622,A2,v3.3-search-gps,2026-07-31T09:00,2026-07-31T20:00,1357639,https://fr.getaround.com/location-voiture/paris/peugeot-2008-1357639,Peugeot 2008 (2023),2023,Getaround Connect,SUV_COMPACT,SEGMENT_RULES,THERMIQUE,False,86.0,,4.13,57,Asnières-sur-Seine,Paris,Asnières-sur-Seine,1,616,False,False,,8390,878,21
20260730T110622,A2,v3.3-search-gps,2026-07-31T09:00,2026-07-31T20:00,1291666,https://fr.getaround.com/location-voiture/paris/toyota-yaris-hybride-1291666,Toyota Yaris Hybride (2022),2022,Getaround Connect,CITADINE,SEGMENT_RULES,HYBRIDE,False,84.0,,4.6,52,Asnières-sur-Seine,Paris,Asnières-sur-Seine,1,617,False,False,,12070,878,21
20260730T110622,A2,v3.3-search-gps,2026-07-31T09:00,2026-07-31T20:00,685145,https://fr.getaround.com/location-voiture/argenteuil/renault-clio-685145,Renault Clio (2018),2018,Sur rendez-vous,CITADINE,SEGMENT_RULES,THERMIQUE,False,67.0,,4.7,49,Asnières-sur-Seine,Argenteuil,Asnières-sur-Seine,1,618,False,False,,4220,878,21
20260730T110622,A2,v3.3-search-gps,2026-07-31T09:00,2026-07-31T20:00,601145,https://fr.getaround.com/location-voiture/paris/renault-clio-601145,Renault Clio (2015),2015,Getaround Connect,CITADINE,SEGMENT_RULES,THERMIQUE,False,71.0,,4.65,168,Asnières-sur-Seine,Paris,Asnières-sur-Seine,1,619,False,False,,11100,878,21
20260730T110622,A2,v3.3-search-gps,2026-07-31T09:00,2026-07-31T20:00,1902088,https://fr.getaround.com/location-voiture/paris/lancia-voyager-1902088,Lancia Voyager (2014),2014,Sur rendez-vous,MONOSPACE,SEGMENT_RULES,THERMIQUE,False,143.0,,,,Asnières-sur-Seine,Paris,Asnières-sur-Seine,1,620,False,False,,9310,878,21
20260730T110622,A2,v3.3-search-gps,2026-07-31T09:00,2026-07-31T20:00,1684914,https://fr.getaround.com/location-voiture/paris/citroen-c3-1684914,Citroen C3 (2023),2023,Getaround Connect,CITADINE,SEGMENT_RULES,THERMIQUE,False,89.0,,4.94,36,Asnières-sur-Seine,Paris,Asnières-sur-Seine,1,621,False,False,,10770,878,21
20260730T110622,A2,v3.3-search-gps,2026-07-31T09:00,2026-07-31T20:00,1589881,https://fr.getaround.com/location-voiture/paris/peugeot-2008-1589881,Peugeot 2008 (2023),2023,Getaround Connect,SUV_COMPACT,SEGMENT_RULES,THERMIQUE,False,75.0,,4.14,32,Asnières-sur-Seine,Paris,Asnières-sur-Seine,1,622,False,False,,10650,878,21
20260730T110622,A2,v3.3-search-gps,2026-07-31T09:00,2026-07-31T20:00,1139892,https://fr.getaround.com/location-voiture/paris/citroen-c4-picasso-1139892,Citroen C4 Picasso (2018),2018,Getaround Connect,MONOSPACE,SEGMENT_RULES,THERMIQUE,False,84.0,,4.68,47,Asnières-sur-Seine,Paris,Asnières-sur-Seine,1,623,False,False,,9300,878,21
20260730T110622,A2,v3.3-search-gps,2026-07-31T09:00,2026-07-31T20:00,1936025,https://fr.getaround.com/location-voiture/franconville/peugeot-208-1936025,Peugeot 208 (2018),2018,Sur rendez-vous,CITADINE,SEGMENT_RULES,THERMIQUE,False,50.0,,,,Asnières-sur-Seine,Franconville,Asnières-sur-Seine,1,624,False,False,,9060,878,21
20260730T110622,A2,v3.3-search-gps,2026-07-31T09:00,2026-07-31T20:00,1756738,https://fr.getaround.com/location-voiture/paris/renault-clio-1756738,Renault Clio (2024),2024,Getaround Connect,CITADINE,SEGMENT_RULES,THERMIQUE,False,79.0,,3.86,14,Asnières-sur-Seine,Paris,Asnières-sur-Seine,1,625,False,False,,11430,878,21
20260730T110622,A2,v3.3-search-gps,2026-07-31T09:00,2026-07-31T20:00,1840273,https://fr.getaround.com/location-voiture/paris/volkswagen-touran-1840273,Volkswagen Touran (2011),2011,Sur rendez-vous,MONOSPACE,SEGMENT_RULES,THERMIQUE,False,79.0,,5.0,1,Asnières-sur-Seine,Paris,Asnières-sur-Seine,1,626,False,False,,7490,878,21
20260730T110622,A2,v3.3-search-gps,2026-07-31T09:00,2026-07-31T20:00,1765111,https://fr.getaround.com/location-voiture/paris/renault-5-e-tech-1765111,Renault 5 E-Tech (2024),2024,Sur rendez-vous,CITADINE,SEGMENT_RULES,ELECTRIQUE,False,72.0,,5.0,5,Asnières-sur-Seine,Paris,Asnières-sur-Seine,1,628,False,False,,11240,878,21
20260730T110622,A2,v3.3-search-gps,2026-07-31T09:00,2026-07-31T20:00,1450638,https://fr.getaround.com/location-voiture/paris/citroen-c3-1450638,Citroen C3 (2017),2017,Getaround Connect,CITADINE,SEGMENT_RULES,THERMIQUE,False,74.0,,4.77,47,Asnières-sur-Seine,Paris,Asnières-sur-Seine,1,629,False,False,,10240,878,21
20260730T110622,A2,v3.3-search-gps,2026-07-31T09:00,2026-07-31T20:00,1682097,https://fr.getaround.com/location-voiture/paris/peugeot-308-1682097,Peugeot 308 (2020),2020,Getaround Connect,COMPACTE,SEGMENT_RULES,THERMIQUE,False,58.0,,3.87,31,Asnières-sur-Seine,Paris,Asnières-sur-Seine,1,630,False,False,,12430,878,21
20260730T110622,A2,v3.3-search-gps,2026-07-31T09:00,2026-07-31T20:00,1926987,https://fr.getaround.com/location-voiture/paris/kia-e-niro-1926987,Kia e-Niro (2020),2020,Sur rendez-vous,SUV_COMPACT,SEGMENT_RULES,HYBRIDE,False,107.0,,,,Asnières-sur-Seine,Paris,Asnières-sur-Seine,1,631,False,False,,10940,878,21
20260730T110622,A2,v3.3-search-gps,2026-07-31T09:00,2026-07-31T20:00,1753195,https://fr.getaround.com/location-voiture/paris/renault-clio-1753195,Renault Clio (2018),2018,Getaround Connect,CITADINE,SEGMENT_RULES,THERMIQUE,False,95.0,,5.0,25,Asnières-sur-Seine,Paris,Asnières-sur-Seine,1,632,False,False,,8430,878,21
20260730T110622,A2,v3.3-search-gps,2026-07-31T09:00,2026-07-31T20:00,1312071,https://fr.getaround.com/location-voiture/cormeilles-en-parisis/kia-picanto-1312071,Kia Picanto (2017),2017,Sur rendez-vous,CITADINE,SEGMENT_RULES,THERMIQUE,False,81.0,,5.0,10,Asnières-sur-Seine,Cormeilles En Parisis,Asnières-sur-Seine,1,633,False,False,,8830,878,21
20260730T110622,A2,v3.3-search-gps,2026-07-31T09:00,2026-07-31T20:00,1753345,https://fr.getaround.com/location-voiture/paris/peugeot-2008-1753345,Peugeot 2008 (2021),2021,Getaround Connect,SUV_COMPACT,SEGMENT_RULES,THERMIQUE,False,98.0,,4.38,13,Asnières-sur-Seine,Paris,Asnières-sur-Seine,1,635,False,False,,11070,878,21
20260730T110622,A2,v3.3-search-gps,2026-07-31T09:00,2026-07-31T20:00,1721813,https://fr.getaround.com/location-voiture/montmagny/volkswagen-golf-1721813,Volkswagen Golf (2018),2018,Sur rendez-vous,COMPACTE,SEGMENT_RULES,THERMIQUE,False,81.0,,,,Asnières-sur-Seine,Montmagny,Asnières-sur-Seine,1,636,False,False,,7370,878,21
20260730T110622,A2,v3.3-search-gps,2026-07-31T09:00,2026-07-31T20:00,1537618,https://fr.getaround.com/location-voiture/maisons-laffitte/citroen-c3-aircross-1537618,Citroen C3 Aircross (2019),2019,Sur rendez-vous,CITADINE,SEGMENT_RULES,THERMIQUE,False,77.0,,5.0,1,Asnières-sur-Seine,Maisons Laffitte,Asnières-sur-Seine,1,638,False,False,,10400,878,21
20260730T110622,A2,v3.3-search-gps,2026-07-31T09:00,2026-07-31T20:00,1630749,https://fr.getaround.com/location-voiture/paris/renault-zoe-1630749,Renault ZOE (2018),2018,Getaround Connect,CITADINE,SEGMENT_RULES,ELECTRIQUE,False,74.0,,4.94,47,Asnières-sur-Seine,Paris,Asnières-sur-Seine,1,640,False,False,,10760,878,21
20260730T110622,A2,v3.3-search-gps,2026-07-31T09:00,2026-07-31T20:00,1259582,https://fr.getaround.com/location-voiture/paris/peugeot-2008-1259582,Peugeot 2008 (2023),2023,Getaround Connect,SUV_COMPACT,SEGMENT_RULES,THERMIQUE,False,92.0,,4.6,57,Asnières-sur-Seine,Paris,Asnières-sur-Seine,1,642,False,False,,10080,878,21
20260730T110622,A2,v3.3-search-gps,2026-07-31T09:00,2026-07-31T20:00,1606446,https://fr.getaround.com/location-voiture/paris/toyota-corolla-hybride-1606446,Toyota Corolla Hybride (2019),2019,Getaround Connect,COMPACTE,SEGMENT_RULES,HYBRIDE,False,103.0,,4.69,8,Asnières-sur-Seine,Paris,Asnières-sur-Seine,1,645,False,False,,11470,878,21
20260730T110622,A2,v3.3-search-gps,2026-07-31T09:00,2026-07-31T20:00,1225467,https://fr.getaround.com/location-voiture/aubervilliers/audi-a3-sportback-e-tron-1225467,Audi A3 Sportback e-tron (2015),2015,Sur rendez-vous,COMPACTE,SEGMENT_RULES,THERMIQUE,False,135.0,,5.0,3,Asnières-sur-Seine,Aubervilliers,Asnières-sur-Seine,1,646,False,False,,7330,878,21
20260730T110622,A2,v3.3-search-gps,2026-07-31T09:00,2026-07-31T20:00,1139054,https://fr.getaround.com/location-voiture/paris/peugeot-2008-1139054,Peugeot 2008 (2021),2021,Getaround Connect,SUV_COMPACT,SEGMENT_RULES,THERMIQUE,False,70.0,,3.72,71,Asnières-sur-Seine,Paris,Asnières-sur-Seine,1,648,False,False,,10550,878,21
20260730T110622,A2,v3.3-search-gps,2026-07-31T09:00,2026-07-31T20:00,1930984,https://fr.getaround.com/location-voiture/saint-brice-sous-foret/renault-twingo-iii-1930984,Renault Twingo III (2017),2017,Sur rendez-vous,CITADINE,SEGMENT_RULES,THERMIQUE,False,72.0,,5.0,3,Asnières-sur-Seine,Saint Brice Sous Foret,Asnières-sur-Seine,1,649,False,False,,10470,878,21
20260730T110622,A2,v3.3-search-gps,2026-07-31T09:00,2026-07-31T20:00,1440918,https://fr.getaround.com/location-voiture/paris/renault-clio-1440918,Renault Clio (2023),2023,Getaround Connect,CITADINE,SEGMENT_RULES,THERMIQUE,False,79.0,,4.4,41,Asnières-sur-Seine,Paris,Asnières-sur-Seine,1,651,False,False,,11250,878,21
20260730T110622,A2,v3.3-search-gps,2026-07-31T09:00,2026-07-31T20:00,1928704,https://fr.getaround.com/location-voiture/garges-les-gonesse/opel-corsa-1928704,Opel Corsa (2012),2012,Sur rendez-vous,CITADINE,SEGMENT_RULES,THERMIQUE,False,46.0,,,,Asnières-sur-Seine,Garges Les Gonesse,Asnières-sur-Seine,1,652,False,False,,10840,878,21
20260730T110622,A2,v3.3-search-gps,2026-07-31T09:00,2026-07-31T20:00,1137162,https://fr.getaround.com/location-voiture/paris/peugeot-2008-1137162,Peugeot 2008 (2019),2019,Getaround Connect,SUV_COMPACT,SEGMENT_RULES,THERMIQUE,False,89.0,,4.78,43,Asnières-sur-Seine,Paris,Asnières-sur-Seine,1,654,False,False,,11180,878,21
20260730T110622,A2,v3.3-search-gps,2026-07-31T09:00,2026-07-31T20:00,1634372,https://fr.getaround.com/location-voiture/paris/opel-corsa-1634372,Opel Corsa (2024),2024,Getaround Connect,CITADINE,SEGMENT_RULES,THERMIQUE,False,84.0,,4.59,39,Asnières-sur-Seine,Paris,Asnières-sur-Seine,1,659,False,False,,10200,878,21
20260730T110622,A2,v3.3-search-gps,2026-07-31T09:00,2026-07-31T20:00,1824907,https://fr.getaround.com/location-voiture/argenteuil/opel-adam-1824907,Opel Adam (2016),2016,Sur rendez-vous,CITADINE,SEGMENT_RULES,THERMIQUE,False,65.0,,,,Asnières-sur-Seine,Argenteuil,Asnières-sur-Seine,1,663,False,False,,4970,878,21
20260730T110622,A2,v3.3-search-gps,2026-07-31T09:00,2026-07-31T20:00,1769340,https://fr.getaround.com/location-voiture/paris/smart-fortwo-passion-1769340,Smart Fortwo Passion (2019),2019,Getaround Connect,MICRO_CITADINE,SEGMENT_RULES,THERMIQUE,False,69.0,,4.72,18,Asnières-sur-Seine,Paris,Asnières-sur-Seine,1,664,False,False,,11430,878,21
20260730T110622,A2,v3.3-search-gps,2026-07-31T09:00,2026-07-31T20:00,1260862,https://fr.getaround.com/location-voiture/paris/citroen-c4-grand-picasso-1260862,Citroen C4 Grand Picasso (2016),2016,Getaround Connect,COMPACTE,SEGMENT_RULES,THERMIQUE,False,89.0,,4.2,23,Asnières-sur-Seine,Paris,Asnières-sur-Seine,1,665,False,False,,11750,878,21
20260730T110622,A2,v3.3-search-gps,2026-07-31T09:00,2026-07-31T20:00,1800198,https://fr.getaround.com/location-voiture/paris/renault-zoe-1800198,Renault ZOE (2018),2018,Getaround Connect,CITADINE,SEGMENT_RULES,ELECTRIQUE,False,74.0,,5.0,9,Asnières-sur-Seine,Paris,Asnières-sur-Seine,1,666,False,False,,8950,878,21
20260730T110622,A2,v3.3-search-gps,2026-07-31T09:00,2026-07-31T20:00,1909179,https://fr.getaround.com/location-voiture/garges-les-gonesse/peugeot-5008-1909179,Peugeot 5008 (2019),2019,Sur rendez-vous,MONOSPACE,SEGMENT_RULES,THERMIQUE,False,126.0,,,,Asnières-sur-Seine,Garges Les Gonesse,Asnières-sur-Seine,1,667,False,False,,10180,878,21
20260730T110622,A2,v3.3-search-gps,2026-07-31T09:00,2026-07-31T20:00,1925598,https://fr.getaround.com/location-voiture/montigny-les-cormeilles/peugeot-208-societe-1925598,Peugeot 208 Société (2016),2016,Sur rendez-vous,CITADINE,SEGMENT_RULES,THERMIQUE,False,62.0,,,,Asnières-sur-Seine,Montigny Les Cormeilles,Asnières-sur-Seine,1,669,False,False,,10420,878,21
20260730T110622,A2,v3.3-search-gps,2026-07-31T09:00,2026-07-31T20:00,689358,https://fr.getaround.com/location-voiture/paris/renault-clio-estate-689358,Renault Clio Estate (2018),2018,Getaround Connect,BREAK,SEGMENT_RULES,THERMIQUE,False,62.0,,3.9,157,Asnières-sur-Seine,Paris,Asnières-sur-Seine,1,670,False,False,,10670,878,21
20260730T110622,A2,v3.3-search-gps,2026-07-31T09:00,2026-07-31T20:00,1790256,https://fr.getaround.com/location-voiture/paris/peugeot-208-1790256,Peugeot 208 (2016),2016,Getaround Connect,CITADINE,SEGMENT_RULES,THERMIQUE,False,68.0,,3.71,7,Asnières-sur-Seine,Paris,Asnières-sur-Seine,1,671,False,False,,7690,878,21
20260730T110622,A2,v3.3-search-gps,2026-07-31T09:00,2026-07-31T20:00,1940416,https://fr.getaround.com/location-voiture/saint-gratien/kia-stonic-1940416,Kia Stonic (2023),2023,Sur rendez-vous,NON_CLASSE,SEGMENT_RULES,THERMIQUE,False,96.0,,,,Asnières-sur-Seine,Saint Gratien,Asnières-sur-Seine,1,673,False,False,,5190,878,21
20260730T110622,A2,v3.3-search-gps,2026-07-31T09:00,2026-07-31T20:00,1473699,https://fr.getaround.com/location-voiture/paris/renault-captur-1473699,Renault Captur (2017),2017,Getaround Connect,SUV_COMPACT,SEGMENT_RULES,THERMIQUE,False,101.0,,4.75,8,Asnières-sur-Seine,Paris,Asnières-sur-Seine,1,679,False,False,,10690,878,21
20260730T110622,A2,v3.3-search-gps,2026-07-31T09:00,2026-07-31T20:00,1900490,https://fr.getaround.com/location-voiture/eaubonne/ds-7-1900490,DS 7 (2019),2019,Sur rendez-vous,SUV_FAMILIAL,SEGMENT_RULES,THERMIQUE,False,136.0,,,,Asnières-sur-Seine,Eaubonne,Asnières-sur-Seine,1,680,False,False,,8230,878,21
20260730T110622,A2,v3.3-search-gps,2026-07-31T09:00,2026-07-31T20:00,1820879,https://fr.getaround.com/location-voiture/paris/citroen-c3-aircross-1820879,Citroen C3 Aircross (2018),2018,Getaround Connect,CITADINE,SEGMENT_RULES,THERMIQUE,False,83.0,,5.0,5,Asnières-sur-Seine,Paris,Asnières-sur-Seine,1,681,False,False,,10660,878,21
20260730T110622,A2,v3.3-search-gps,2026-07-31T09:00,2026-07-31T20:00,1437783,https://fr.getaround.com/location-voiture/paris/ds-3-1437783,DS 3 (2019),2019,Sur rendez-vous,CITADINE,SEGMENT_RULES,THERMIQUE,False,92.0,,,,Asnières-sur-Seine,Paris,Asnières-sur-Seine,1,683,False,False,,7410,878,21
20260730T110622,A2,v3.3-search-gps,2026-07-31T09:00,2026-07-31T20:00,1615156,https://fr.getaround.com/location-voiture/herblay-sur-seine/ford-focus-1615156,Ford Focus (2019),2019,Sur rendez-vous,COMPACTE,SEGMENT_RULES,THERMIQUE,False,75.0,,5.0,1,Asnières-sur-Seine,Herblay Sur Seine,Asnières-sur-Seine,1,685,False,False,,11700,878,21
20260730T110622,A2,v3.3-search-gps,2026-07-31T09:00,2026-07-31T20:00,1707041,https://fr.getaround.com/location-voiture/paris/renault-clio-1707041,Renault Clio (2013),2013,Sur rendez-vous,CITADINE,SEGMENT_RULES,THERMIQUE,False,62.0,,4.5,8,Asnières-sur-Seine,Paris,Asnières-sur-Seine,1,686,False,False,,6760,878,21
20260730T110622,A2,v3.3-search-gps,2026-07-31T09:00,2026-07-31T20:00,1711475,https://fr.getaround.com/location-voiture/ermont/volkswagen-golf-1711475,Volkswagen Golf (2013),2013,Sur rendez-vous,COMPACTE,SEGMENT_RULES,THERMIQUE,False,77.0,,5.0,5,Asnières-sur-Seine,Ermont,Asnières-sur-Seine,1,689,False,False,,9040,878,21
20260730T110622,A2,v3.3-search-gps,2026-07-31T09:00,2026-07-31T20:00,1916164,https://fr.getaround.com/location-voiture/bagnolet/citroen-c4-cactus-1916164,Citroen C4 Cactus (2019),2019,Sur rendez-vous,COMPACTE,SEGMENT_RULES,THERMIQUE,False,92.0,,5.0,2,Asnières-sur-Seine,Bagnolet,Asnières-sur-Seine,1,691,False,False,,11270,878,21
20260730T110622,A2,v3.3-search-gps,2026-07-31T09:00,2026-07-31T20:00,1822801,https://fr.getaround.com/location-voiture/garges-les-gonesse/citroen-c3-1822801,Citroen C3 (2016),2016,Sur rendez-vous,CITADINE,SEGMENT_RULES,THERMIQUE,False,70.0,,5.0,3,Asnières-sur-Seine,Garges Les Gonesse,Asnières-sur-Seine,1,692,False,False,,9900,878,21
20260730T110622,A2,v3.3-search-gps,2026-07-31T09:00,2026-07-31T20:00,1357745,https://fr.getaround.com/location-voiture/paris/peugeot-2008-1357745,Peugeot 2008 (2023),2023,Getaround Connect,SUV_COMPACT,SEGMENT_RULES,THERMIQUE,False,86.0,,4.31,54,Asnières-sur-Seine,Paris,Asnières-sur-Seine,1,697,False,False,,11270,878,21
20260730T110622,A2,v3.3-search-gps,2026-07-31T09:00,2026-07-31T20:00,1231863,https://fr.getaround.com/location-voiture/paris/peugeot-2008-1231863,Peugeot 2008 (2023),2023,Getaround Connect,SUV_COMPACT,SEGMENT_RULES,THERMIQUE,False,92.0,,4.73,46,Asnières-sur-Seine,Paris,Asnières-sur-Seine,1,698,False,False,,11430,878,21
20260730T110622,A2,v3.3-search-gps,2026-07-31T09:00,2026-07-31T20:00,1540612,https://fr.getaround.com/location-voiture/paris/mercedes-benz-classe-c-coupe-1540612,Mercedes-Benz Classe C Coupé (2013),2013,Sur rendez-vous,BERLINE,SEGMENT_RULES,THERMIQUE,False,146.0,,5.0,2,Asnières-sur-Seine,Paris,Asnières-sur-Seine,1,703,False,False,,9000,878,21
20260730T110622,A2,v3.3-search-gps,2026-07-31T09:00,2026-07-31T20:00,941924,https://fr.getaround.com/location-voiture/paris/volkswagen-up-941924,Volkswagen Up! (2012),2012,Getaround Connect,MICRO_CITADINE,SEGMENT_RULES,THERMIQUE,False,86.0,,4.8,60,Asnières-sur-Seine,Paris,Asnières-sur-Seine,1,705,False,False,,10680,878,21
20260730T110622,A2,v3.3-search-gps,2026-07-31T09:00,2026-07-31T20:00,1775313,https://fr.getaround.com/location-voiture/ermont/peugeot-508-1775313,Peugeot 508 (2018),2018,Sur rendez-vous,BERLINE,SEGMENT_RULES,THERMIQUE,False,101.0,,,,Asnières-sur-Seine,Ermont,Asnières-sur-Seine,1,706,False,False,,9240,878,21
20260730T110622,A2,v3.3-search-gps,2026-07-31T09:00,2026-07-31T20:00,1508681,https://fr.getaround.com/location-voiture/montmorency/bmw-x1-xdrive18d-1508681,BMW X1 xDrive18d (2011),2011,Sur rendez-vous,SUV_FAMILIAL,SEGMENT_RULES,THERMIQUE,False,118.0,,,,Asnières-sur-Seine,Montmorency,Asnières-sur-Seine,1,707,False,False,,6560,878,21
20260730T110622,A2,v3.3-search-gps,2026-07-31T09:00,2026-07-31T20:00,1916099,https://fr.getaround.com/location-voiture/epinay-sur-seine/mini-cooper-5-portes-1916099,Mini Cooper 5 portes (2020),2020,Sur rendez-vous,CITADINE,SEGMENT_RULES,THERMIQUE,False,89.0,,,,Asnières-sur-Seine,Epinay Sur Seine,Asnières-sur-Seine,1,709,False,False,,5270,878,21
20260730T110622,A2,v3.3-search-gps,2026-07-31T09:00,2026-07-31T20:00,1531702,https://fr.getaround.com/location-voiture/argenteuil/seat-ibiza-1531702,Seat Ibiza (2017),2017,Sur rendez-vous,CITADINE,SEGMENT_RULES,THERMIQUE,False,88.0,,5.0,3,Asnières-sur-Seine,Argenteuil,Asnières-sur-Seine,1,710,False,False,,4600,878,21
20260730T110622,A2,v3.3-search-gps,2026-07-31T09:00,2026-07-31T20:00,1885666,https://fr.getaround.com/location-voiture/paris/renault-clio-estate-1885666,Renault Clio Estate (2015),2015,Getaround Connect,BREAK,SEGMENT_RULES,THERMIQUE,False,65.0,,3.38,8,Asnières-sur-Seine,Paris,Asnières-sur-Seine,1,714,False,False,,11680,878,21
20260730T110622,A2,v3.3-search-gps,2026-07-31T09:00,2026-07-31T20:00,1460694,https://fr.getaround.com/location-voiture/paris/audi-a3-sportback-1460694,Audi A3 Sportback (2020),2020,Sur rendez-vous,COMPACTE,SEGMENT_RULES,THERMIQUE,False,112.0,,4.68,19,Asnières-sur-Seine,Paris,Asnières-sur-Seine,1,716,False,False,,10710,878,21
20260730T110622,A2,v3.3-search-gps,2026-07-31T09:00,2026-07-31T20:00,1461269,https://fr.getaround.com/location-voiture/paris/mercedes-benz-classe-a-1461269,Mercedes-Benz Classe A (2017),2017,Sur rendez-vous,COMPACTE,SEGMENT_RULES,THERMIQUE,False,150.0,,5.0,7,Asnières-sur-Seine,Paris,Asnières-sur-Seine,1,717,False,False,,10600,878,21
20260730T110622,A2,v3.3-search-gps,2026-07-31T09:00,2026-07-31T20:00,1932796,https://fr.getaround.com/location-voiture/enghien-les-bains/audi-a5-sportback-1932796,Audi A5 Sportback (2015),2015,Sur rendez-vous,BERLINE,SEGMENT_RULES,THERMIQUE,False,159.0,,5.0,1,Asnières-sur-Seine,Enghien Les Bains,Asnières-sur-Seine,1,719,False,False,,6300,878,21
20260730T110622,A2,v3.3-search-gps,2026-07-31T09:00,2026-07-31T20:00,1721164,https://fr.getaround.com/location-voiture/paris/lexus-ux-250h-1721164,Lexus UX 250h (2022),2022,Sur rendez-vous,SUV_COMPACT,SEGMENT_RULES,THERMIQUE,False,129.0,,,,Asnières-sur-Seine,Paris,Asnières-sur-Seine,1,720,False,False,,10790,878,21
20260730T110622,A2,v3.3-search-gps,2026-07-31T09:00,2026-07-31T20:00,1923372,https://fr.getaround.com/location-voiture/la-courneuve/audi-a1-sportback-tfsi-150-s-tronic-1923372,Audi A1 Sportback TFSI 150 S Tronic (2024),2024,Sur rendez-vous,CITADINE,SEGMENT_RULES,THERMIQUE,False,134.0,,5.0,2,Asnières-sur-Seine,La Courneuve,Asnières-sur-Seine,1,721,False,False,,8390,878,21
20260730T110622,A2,v3.3-search-gps,2026-07-31T09:00,2026-07-31T20:00,1821625,https://fr.getaround.com/location-voiture/groslay/peugeot-2008-1821625,Peugeot 2008 (2014),2014,Sur rendez-vous,SUV_COMPACT,SEGMENT_RULES,THERMIQUE,False,81.0,,,,Asnières-sur-Seine,Groslay,Asnières-sur-Seine,1,722,False,False,,8920,878,21
20260730T110622,A2,v3.3-search-gps,2026-07-31T09:00,2026-07-31T20:00,1697028,https://fr.getaround.com/location-voiture/franconville/renault-twingo-1697028,Renault Twingo (2014),2014,Sur rendez-vous,CITADINE,SEGMENT_RULES,THERMIQUE,False,56.0,,5.0,1,Asnières-sur-Seine,Franconville,Asnières-sur-Seine,1,724,False,False,,9500,878,21
20260730T110622,A2,v3.3-search-gps,2026-07-31T09:00,2026-07-31T20:00,1255203,https://fr.getaround.com/location-voiture/pierrefitte-sur-seine/toyota-yaris-cross-1255203,Toyota Yaris Cross (2023),2023,Sur rendez-vous,SUV_COMPACT,SEGMENT_RULES,THERMIQUE,False,108.0,,5.0,11,Asnières-sur-Seine,Pierrefitte Sur Seine,Asnières-sur-Seine,1,728,False,False,,8039,878,21
20260730T110622,A2,v3.3-search-gps,2026-07-31T09:00,2026-07-31T20:00,1931044,https://fr.getaround.com/location-voiture/paris/dacia-sandero-1931044,Dacia Sandero (2016),2016,Sur rendez-vous,CITADINE,SEGMENT_RULES,THERMIQUE,False,59.0,,5.0,1,Asnières-sur-Seine,Paris,Asnières-sur-Seine,1,729,False,False,,11720,878,21
20260730T110622,A2,v3.3-search-gps,2026-07-31T09:00,2026-07-31T20:00,1487613,https://fr.getaround.com/location-voiture/saint-gratien/peugeot-e-2008-1487613,Peugeot e-2008 (2024),2024,Sur rendez-vous,SUV_COMPACT,SEGMENT_RULES,THERMIQUE,False,103.0,,,,Asnières-sur-Seine,Saint Gratien,Asnières-sur-Seine,1,731,False,False,,4960,878,21
20260730T110622,A2,v3.3-search-gps,2026-07-31T09:00,2026-07-31T20:00,1487209,https://fr.getaround.com/location-voiture/ermont/mitsubishi-asx-1487209,Mitsubishi ASX (2012),2012,Sur rendez-vous,SUV_COMPACT,SEGMENT_RULES,THERMIQUE,False,78.0,,,,Asnières-sur-Seine,Ermont,Asnières-sur-Seine,1,732,False,False,,8150,878,21
20260730T110622,A2,v3.3-search-gps,2026-07-31T09:00,2026-07-31T20:00,1600717,https://fr.getaround.com/location-voiture/paris/peugeot-2008-1600717,Peugeot 2008 (2022),2022,Getaround Connect,SUV_COMPACT,SEGMENT_RULES,THERMIQUE,False,70.0,,2.93,27,Asnières-sur-Seine,Paris,Asnières-sur-Seine,1,734,False,False,,8010,878,21
20260730T110622,A2,v3.3-search-gps,2026-07-31T09:00,2026-07-31T20:00,1846773,https://fr.getaround.com/location-voiture/sarcelles/kia-niro-hybride-1846773,Kia Niro Hybride (2024),2024,Sur rendez-vous,SUV_COMPACT,SEGMENT_RULES,HYBRIDE,False,112.0,,,,Asnières-sur-Seine,Sarcelles,Asnières-sur-Seine,1,737,False,False,,10300,878,21
20260730T110622,A2,v3.3-search-gps,2026-07-31T09:00,2026-07-31T20:00,1723737,https://fr.getaround.com/location-voiture/ermont/bmw-serie-3-1723737,BMW Série 3 (2017),2017,Sur rendez-vous,BERLINE,SEGMENT_RULES,THERMIQUE,False,110.0,,,,Asnières-sur-Seine,Ermont,Asnières-sur-Seine,1,739,False,False,,8380,878,21
20260730T110622,A2,v3.3-search-gps,2026-07-31T09:00,2026-07-31T20:00,1691765,https://fr.getaround.com/location-voiture/argenteuil/citroen-c3-aircross-1691765,Citroen C3 Aircross (2019),2019,Sur rendez-vous,CITADINE,SEGMENT_RULES,THERMIQUE,False,113.0,,5.0,2,Asnières-sur-Seine,Argenteuil,Asnières-sur-Seine,1,741,False,False,,5420,878,21
20260730T110622,A2,v3.3-search-gps,2026-07-31T09:00,2026-07-31T20:00,1639927,https://fr.getaround.com/location-voiture/paris/renault-captur-1639927,Renault Captur (2022),2022,Getaround Connect,SUV_COMPACT,SEGMENT_RULES,THERMIQUE,False,79.0,,4.18,17,Asnières-sur-Seine,Paris,Asnières-sur-Seine,1,742,False,False,,11780,878,21
20260730T110622,A2,v3.3-search-gps,2026-07-31T09:00,2026-07-31T20:00,1628212,https://fr.getaround.com/location-voiture/paris/renault-megane-estate-1628212,Renault Mégane Estate (2014),2014,Sur rendez-vous,BREAK,SEGMENT_RULES,THERMIQUE,False,96.0,,4.95,10,Asnières-sur-Seine,Paris,Asnières-sur-Seine,1,743,False,False,,6330,878,21
20260730T110622,A2,v3.3-search-gps,2026-07-31T09:00,2026-07-31T20:00,1896580,https://fr.getaround.com/location-voiture/la-courneuve/mercedes-benz-gla-250-4matic-1896580,Mercedes-Benz GLA 250 4MATIC (2016),2016,Sur rendez-vous,SUV_COMPACT,SEGMENT_RULES,THERMIQUE,False,161.0,,,,Asnières-sur-Seine,La Courneuve,Asnières-sur-Seine,1,744,False,False,,7150,878,21
20260730T110622,A2,v3.3-search-gps,2026-07-31T09:00,2026-07-31T20:00,1221537,https://fr.getaround.com/location-voiture/paris/citroen-c4-spacetourer-1221537,Citroen C4 Spacetourer (2019),2019,Sur rendez-vous,COMPACTE,SEGMENT_RULES,THERMIQUE,False,109.0,,4.44,16,Asnières-sur-Seine,Paris,Asnières-sur-Seine,1,745,False,False,,6570,878,21
20260730T110622,A2,v3.3-search-gps,2026-07-31T09:00,2026-07-31T20:00,1712670,https://fr.getaround.com/location-voiture/paris/renault-captur-1712670,Renault Captur (2015),2015,Getaround Connect,SUV_COMPACT,SEGMENT_RULES,THERMIQUE,False,111.0,,4.75,4,Asnières-sur-Seine,Paris,Asnières-sur-Seine,1,746,False,False,,10660,878,21
20260730T110622,A2,v3.3-search-gps,2026-07-31T09:00,2026-07-31T20:00,1938147,https://fr.getaround.com/location-voiture/saint-denis/peugeot-308-gt-1938147,Peugeot 308 GT (2023),2023,Sur rendez-vous,COMPACTE,SEGMENT_RULES,THERMIQUE,False,129.0,,,,Asnières-sur-Seine,Saint Denis,Asnières-sur-Seine,1,747,False,False,,5330,878,21
20260730T110622,A2,v3.3-search-gps,2026-07-31T09:00,2026-07-31T20:00,1597394,https://fr.getaround.com/location-voiture/paris/renault-captur-1597394,Renault Captur (2014),2014,Getaround Connect,SUV_COMPACT,SEGMENT_RULES,THERMIQUE,False,111.0,,4.71,7,Asnières-sur-Seine,Paris,Asnières-sur-Seine,1,748,False,False,,10690,878,21
20260730T110622,A2,v3.3-search-gps,2026-07-31T09:00,2026-07-31T20:00,1936536,https://fr.getaround.com/location-voiture/eaubonne/renault-clio-1936536,Renault Clio (2024),2024,Sur rendez-vous,CITADINE,SEGMENT_RULES,THERMIQUE,False,88.0,,,,Asnières-sur-Seine,Eaubonne,Asnières-sur-Seine,1,750,False,False,,8480,878,21
20260730T110622,A2,v3.3-search-gps,2026-07-31T09:00,2026-07-31T20:00,1903503,https://fr.getaround.com/location-voiture/paris/ford-kuga-1903503,Ford Kuga (2024),2024,Sur rendez-vous,SUV_FAMILIAL,SEGMENT_RULES,THERMIQUE,False,221.0,,,,Asnières-sur-Seine,Paris,Asnières-sur-Seine,1,751,False,False,,4970,878,21
20260730T110622,A2,v3.3-search-gps,2026-07-31T09:00,2026-07-31T20:00,1096727,https://fr.getaround.com/location-voiture/ermont/mazda-2-1096727,Mazda 2 (2013),2013,Sur rendez-vous,COMPACTE,SEGMENT_RULES,THERMIQUE,False,66.0,,,,Asnières-sur-Seine,Ermont,Asnières-sur-Seine,1,752,False,False,,7470,878,21
20260730T110622,A2,v3.3-search-gps,2026-07-31T09:00,2026-07-31T20:00,1823081,https://fr.getaround.com/location-voiture/la-courneuve/audi-a1-sportback-1823081,Audi A1 Sportback (2012),2012,Sur rendez-vous,CITADINE,SEGMENT_RULES,THERMIQUE,False,114.0,,,,Asnières-sur-Seine,La Courneuve,Asnières-sur-Seine,1,753,False,False,,6840,878,21
20260730T110622,A2,v3.3-search-gps,2026-07-31T09:00,2026-07-31T20:00,1917332,https://fr.getaround.com/location-voiture/drancy/renault-clio-1917332,Renault Clio (2018),2018,Sur rendez-vous,CITADINE,SEGMENT_RULES,THERMIQUE,False,70.0,,,,Asnières-sur-Seine,Drancy,Asnières-sur-Seine,1,754,False,False,,9900,878,21
20260730T110622,A2,v3.3-search-gps,2026-07-31T09:00,2026-07-31T20:00,1666305,https://fr.getaround.com/location-voiture/sarcelles/citroen-c3-aircross-1666305,Citroen C3 Aircross (2017),2017,Sur rendez-vous,CITADINE,SEGMENT_RULES,THERMIQUE,False,85.0,,5.0,4,Asnières-sur-Seine,Sarcelles,Asnières-sur-Seine,1,755,False,False,,9560,878,21
20260730T110622,A2,v3.3-search-gps,2026-07-31T09:00,2026-07-31T20:00,1727202,https://fr.getaround.com/location-voiture/les-lilas/citroen-c5-1727202,Citroen C5 (2012),2012,Sur rendez-vous,NON_CLASSE,SEGMENT_RULES,THERMIQUE,False,98.0,,,,Asnières-sur-Seine,Les Lilas,Asnières-sur-Seine,1,756,False,False,,10420,878,21
20260730T110622,A2,v3.3-search-gps,2026-07-31T09:00,2026-07-31T20:00,1928072,https://fr.getaround.com/location-voiture/eaubonne/smart-fortwo-passion-1928072,Smart Fortwo Passion (2015),2015,Sur rendez-vous,MICRO_CITADINE,SEGMENT_RULES,THERMIQUE,False,75.0,,,,Asnières-sur-Seine,Eaubonne,Asnières-sur-Seine,1,758,False,False,,8690,878,21
20260730T110622,A2,v3.3-search-gps,2026-07-31T09:00,2026-07-31T20:00,1856419,https://fr.getaround.com/location-voiture/montmagny/volkswagen-polo-1856419,Volkswagen Polo (2016),2016,Sur rendez-vous,CITADINE,SEGMENT_RULES,THERMIQUE,False,82.0,,,,Asnières-sur-Seine,Montmagny,Asnières-sur-Seine,1,760,False,False,,7970,878,21
20260730T110622,A2,v3.3-search-gps,2026-07-31T09:00,2026-07-31T20:00,1725848,https://fr.getaround.com/location-voiture/villetaneuse/renault-grand-espace-1725848,Renault Grand Espace (2016),2016,Sur rendez-vous,MONOSPACE,SEGMENT_RULES,THERMIQUE,False,170.0,,5.0,3,Asnières-sur-Seine,Villetaneuse,Asnières-sur-Seine,1,762,False,False,,6550,878,21
20260730T110622,A2,v3.3-search-gps,2026-07-31T09:00,2026-07-31T20:00,1598667,https://fr.getaround.com/location-voiture/la-frette-sur-seine/renault-captur-1598667,Renault Captur (2018),2018,Sur rendez-vous,SUV_COMPACT,SEGMENT_RULES,THERMIQUE,False,79.0,,4.67,6,Asnières-sur-Seine,La Frette Sur Seine,Asnières-sur-Seine,1,764,False,False,,10170,878,21
20260730T110622,A2,v3.3-search-gps,2026-07-31T09:00,2026-07-31T20:00,1882472,https://fr.getaround.com/location-voiture/paris/audi-a3-sportback-tfsi-e-1882472,Audi A3 Sportback TFSI e (2026),2026,Sur rendez-vous,COMPACTE,SEGMENT_RULES,THERMIQUE,False,211.0,,,,Asnières-sur-Seine,Paris,Asnières-sur-Seine,1,765,False,False,,7980,878,21
20260730T110622,A2,v3.3-search-gps,2026-07-31T09:00,2026-07-31T20:00,1769921,https://fr.getaround.com/location-voiture/paris/peugeot-3008-1769921,Peugeot 3008 (2025),2025,Sur rendez-vous,SUV_FAMILIAL,SEGMENT_RULES,THERMIQUE,False,115.0,,4.0,5,Asnières-sur-Seine,Paris,Asnières-sur-Seine,1,766,False,False,,9590,878,21
20260730T110622,A2,v3.3-search-gps,2026-07-31T09:00,2026-07-31T20:00,1790976,https://fr.getaround.com/location-voiture/sartrouville/toyota-yaris-1790976,Toyota Yaris (2012),2012,Sur rendez-vous,CITADINE,SEGMENT_RULES,THERMIQUE,False,59.0,,,,Asnières-sur-Seine,Sartrouville,Asnières-sur-Seine,1,767,False,False,,7160,878,21
20260730T110622,A2,v3.3-search-gps,2026-07-31T09:00,2026-07-31T20:00,1513315,https://fr.getaround.com/location-voiture/saint-brice-sous-foret/citroen-c4-cactus-1513315,Citroen C4 Cactus (2017),2017,Sur rendez-vous,COMPACTE,SEGMENT_RULES,THERMIQUE,False,80.0,,,,Asnières-sur-Seine,Saint Brice Sous Foret,Asnières-sur-Seine,1,768,False,False,,10550,878,21
20260730T110622,A2,v3.3-search-gps,2026-07-31T09:00,2026-07-31T20:00,1835621,https://fr.getaround.com/location-voiture/paris/mg-mg4-1835621,MG MG4 (2023),2023,Sur rendez-vous,COMPACTE,SEGMENT_RULES,THERMIQUE,False,77.0,,1.0,1,Asnières-sur-Seine,Paris,Asnières-sur-Seine,1,770,False,False,,11520,878,21
20260730T110622,A2,v3.3-search-gps,2026-07-31T09:00,2026-07-31T20:00,1699336,https://fr.getaround.com/location-voiture/paris/opel-crossland-1699336,Opel Crossland (2023),2023,Getaround Connect,SUV_COMPACT,SEGMENT_RULES,THERMIQUE,False,63.0,,1.8,10,Asnières-sur-Seine,Paris,Asnières-sur-Seine,1,773,False,False,,5320,878,21
20260730T110622,A2,v3.3-search-gps,2026-07-31T09:00,2026-07-31T20:00,1934127,https://fr.getaround.com/location-voiture/bagnolet/toyota-c-hr-1934127,Toyota C-HR (2018),2018,Sur rendez-vous,SUV_COMPACT,SEGMENT_RULES,THERMIQUE,False,94.0,,,,Asnières-sur-Seine,Bagnolet,Asnières-sur-Seine,1,774,False,False,,11280,878,21
20260730T110622,A2,v3.3-search-gps,2026-07-31T09:00,2026-07-31T20:00,1365608,https://fr.getaround.com/location-voiture/paris/renault-austral-e-tech-full-hybrid-1365608,Renault Austral E-Tech full hybrid (2023),2023,Sur rendez-vous,SUV_FAMILIAL,SEGMENT_RULES,ELECTRIQUE,False,233.0,,,,Asnières-sur-Seine,Paris,Asnières-sur-Seine,1,776,False,False,,7010,878,21
20260730T110622,A2,v3.3-search-gps,2026-07-31T09:00,2026-07-31T20:00,1887161,https://fr.getaround.com/location-voiture/aubervilliers/renault-clio-1887161,Renault Clio (2017),2017,Sur rendez-vous,CITADINE,SEGMENT_RULES,THERMIQUE,False,67.0,,3.0,1,Asnières-sur-Seine,Aubervilliers,Asnières-sur-Seine,1,780,False,False,,6940,878,21
20260730T110622,A2,v3.3-search-gps,2026-07-31T09:00,2026-07-31T20:00,1757363,https://fr.getaround.com/location-voiture/epinay-sur-seine/peugeot-2008-1757363,Peugeot 2008 (2021),2021,Sur rendez-vous,SUV_COMPACT,SEGMENT_RULES,THERMIQUE,False,102.0,,,,Asnières-sur-Seine,Epinay Sur Seine,Asnières-sur-Seine,1,781,False,False,,5060,878,21
20260730T110622,A2,v3.3-search-gps,2026-07-31T09:00,2026-07-31T20:00,1423810,https://fr.getaround.com/location-voiture/montigny-les-cormeilles/citroen-c3-1423810,Citroen C3 (2020),2020,Sur rendez-vous,CITADINE,SEGMENT_RULES,THERMIQUE,False,84.0,,,,Asnières-sur-Seine,Montigny Les Cormeilles,Asnières-sur-Seine,1,783,False,False,,10280,878,21
20260730T110622,A2,v3.3-search-gps,2026-07-31T09:00,2026-07-31T20:00,1188348,https://fr.getaround.com/location-voiture/saint-denis/volkswagen-golf-1188348,Volkswagen Golf (2018),2018,Sur rendez-vous,COMPACTE,SEGMENT_RULES,THERMIQUE,False,112.0,,,,Asnières-sur-Seine,Saint Denis,Asnières-sur-Seine,1,784,False,False,,6320,878,21
20260730T110622,A2,v3.3-search-gps,2026-07-31T09:00,2026-07-31T20:00,940731,https://fr.getaround.com/location-voiture/paris/dacia-spring-940731,Dacia Spring (2020),2020,Getaround Connect,COMPACTE,SEGMENT_RULES,THERMIQUE,False,45.0,,3.33,100,Asnières-sur-Seine,Paris,Asnières-sur-Seine,1,785,False,False,,10180,878,21
20260730T110622,A2,v3.3-search-gps,2026-07-31T09:00,2026-07-31T20:00,1912835,https://fr.getaround.com/location-voiture/argenteuil/peugeot-e-3008-gt-1912835,Peugeot E-3008 GT (2025),2025,Sur rendez-vous,SUV_FAMILIAL,SEGMENT_RULES,THERMIQUE,False,218.0,,,,Asnières-sur-Seine,Argenteuil,Asnières-sur-Seine,1,787,False,False,,5490,878,21
20260730T110622,A2,v3.3-search-gps,2026-07-31T09:00,2026-07-31T20:00,1768760,https://fr.getaround.com/location-voiture/paris/tesla-model-y-1768760,Tesla Model Y (2022),2022,Sur rendez-vous,SUV_FAMILIAL,SEGMENT_RULES,ELECTRIQUE,False,167.0,,,,Asnières-sur-Seine,Paris,Asnières-sur-Seine,1,788,False,False,,5550,878,21
20260730T110622,A2,v3.3-search-gps,2026-07-31T09:00,2026-07-31T20:00,1171771,https://fr.getaround.com/location-voiture/paris/renault-clio-1171771,Renault Clio (2018),2018,Sur rendez-vous,CITADINE,SEGMENT_RULES,THERMIQUE,False,73.0,,4.85,10,Asnières-sur-Seine,Paris,Asnières-sur-Seine,1,789,False,False,,10920,878,21
20260730T110622,A2,v3.3-search-gps,2026-07-31T09:00,2026-07-31T20:00,1929623,https://fr.getaround.com/location-voiture/montmorency/renault-clio-1929623,Renault Clio (2021),2021,Sur rendez-vous,CITADINE,SEGMENT_RULES,THERMIQUE,False,110.0,,,,Asnières-sur-Seine,Montmorency,Asnières-sur-Seine,1,792,False,False,,9040,878,21
20260730T110622,A2,v3.3-search-gps,2026-07-31T09:00,2026-07-31T20:00,1769851,https://fr.getaround.com/location-voiture/pantin/peugeot-308-gt-1769851,Peugeot 308 GT (2014),2014,Sur rendez-vous,COMPACTE,SEGMENT_RULES,THERMIQUE,False,98.0,,,,Asnières-sur-Seine,Pantin,Asnières-sur-Seine,1,793,False,False,,8029,878,21
20260730T110622,A2,v3.3-search-gps,2026-07-31T09:00,2026-07-31T20:00,1817194,https://fr.getaround.com/location-voiture/villiers-le-bel/renault-captur-1817194,Renault Captur (2018),2018,Sur rendez-vous,SUV_COMPACT,SEGMENT_RULES,THERMIQUE,False,97.0,,5.0,3,Asnières-sur-Seine,Villiers Le Bel,Asnières-sur-Seine,1,794,False,False,,12270,878,21
20260730T110622,A2,v3.3-search-gps,2026-07-31T09:00,2026-07-31T20:00,1343756,https://fr.getaround.com/location-voiture/paris/skoda-citigo-1343756,Skoda Citigo (2013),2013,Getaround Connect,CITADINE,SEGMENT_RULES,THERMIQUE,False,92.0,,4.5,30,Asnières-sur-Seine,Paris,Asnières-sur-Seine,1,799,False,False,,10690,878,21
20260730T110622,A2,v3.3-search-gps,2026-07-31T09:00,2026-07-31T20:00,1820887,https://fr.getaround.com/location-voiture/cormeilles-en-parisis/toyota-c-hr-hybrid-1820887,Toyota C-HR Hybrid (2018),2018,Sur rendez-vous,SUV_COMPACT,SEGMENT_RULES,HYBRIDE,False,98.0,,,,Asnières-sur-Seine,Cormeilles En Parisis,Asnières-sur-Seine,1,800,False,False,,7930,878,21
20260730T110622,A2,v3.3-search-gps,2026-07-31T09:00,2026-07-31T20:00,1587533,https://fr.getaround.com/location-voiture/cormeilles-en-parisis/toyota-c-hr-1587533,Toyota C-HR (2018),2018,Sur rendez-vous,SUV_COMPACT,SEGMENT_RULES,THERMIQUE,False,86.0,,,,Asnières-sur-Seine,Cormeilles En Parisis,Asnières-sur-Seine,1,801,False,False,,7340,878,21
20260730T110622,A2,v3.3-search-gps,2026-07-31T09:00,2026-07-31T20:00,1856808,https://fr.getaround.com/location-voiture/deuil-la-barre/byd-seal-excellence-awd-1856808,BYD SEAL Excellence-AWD (2025),2025,Sur rendez-vous,BERLINE,SEGMENT_RULES,THERMIQUE,False,181.0,,,,Asnières-sur-Seine,Deuil La Barre,Asnières-sur-Seine,1,802,False,False,,5600,878,21
20260730T110622,A2,v3.3-search-gps,2026-07-31T09:00,2026-07-31T20:00,1649379,https://fr.getaround.com/location-voiture/paris/bmw-serie-1-1649379,BMW Série 1 (2025),2025,Sur rendez-vous,COMPACTE,SEGMENT_RULES,THERMIQUE,False,115.0,,3.67,3,Asnières-sur-Seine,Paris,Asnières-sur-Seine,1,803,False,False,,9650,878,21
20260730T110622,A2,v3.3-search-gps,2026-07-31T09:00,2026-07-31T20:00,1910635,https://fr.getaround.com/location-voiture/paris/suzuki-ignis-1910635,Suzuki Ignis (2017),2017,Sur rendez-vous,MICRO_CITADINE,SEGMENT_RULES,THERMIQUE,False,117.0,,5.0,1,Asnières-sur-Seine,Paris,Asnières-sur-Seine,1,805,False,False,,11840,878,21
20260730T110622,A2,v3.3-search-gps,2026-07-31T09:00,2026-07-31T20:00,1052431,https://fr.getaround.com/location-voiture/villetaneuse/renault-grand-scenic-1052431,Renault Grand Scenic (2015),2015,Sur rendez-vous,MONOSPACE,SEGMENT_RULES,THERMIQUE,False,151.0,,5.0,8,Asnières-sur-Seine,Villetaneuse,Asnières-sur-Seine,1,811,False,False,,5710,878,21
20260730T110622,A2,v3.3-search-gps,2026-07-31T09:00,2026-07-31T20:00,1317765,https://fr.getaround.com/location-voiture/montmorency/fiat-500-x-1317765,Fiat 500 X (2017),2017,Sur rendez-vous,CITADINE,SEGMENT_RULES,THERMIQUE,False,109.0,,5.0,6,Asnières-sur-Seine,Montmorency,Asnières-sur-Seine,1,813,False,False,,8070,878,21
20260730T110622,A2,v3.3-search-gps,2026-07-31T09:00,2026-07-31T20:00,1664243,https://fr.getaround.com/location-voiture/saint-denis/citroen-c3-1664243,Citroen C3 (2016),2016,Sur rendez-vous,CITADINE,SEGMENT_RULES,THERMIQUE,False,84.0,,,,Asnières-sur-Seine,Saint Denis,Asnières-sur-Seine,1,814,False,False,,5820,878,21
20260730T110622,A2,v3.3-search-gps,2026-07-31T09:00,2026-07-31T20:00,1712339,https://fr.getaround.com/location-voiture/saint-denis/peugeot-308-1712339,Peugeot 308 (2024),2024,Sur rendez-vous,COMPACTE,SEGMENT_RULES,THERMIQUE,False,109.0,,,,Asnières-sur-Seine,Saint Denis,Asnières-sur-Seine,1,815,False,False,,7350,878,21
20260730T110622,A2,v3.3-search-gps,2026-07-31T09:00,2026-07-31T20:00,1760761,https://fr.getaround.com/location-voiture/paris/toyota-corolla-1760761,Toyota Corolla (2019),2019,Sur rendez-vous,COMPACTE,SEGMENT_RULES,THERMIQUE,False,106.0,,5.0,1,Asnières-sur-Seine,Paris,Asnières-sur-Seine,1,816,False,False,,11860,878,21
20260730T110622,A2,v3.3-search-gps,2026-07-31T09:00,2026-07-31T20:00,1264822,https://fr.getaround.com/location-voiture/paris/audi-a1-1264822,Audi A1 (2022),2022,Sur rendez-vous,CITADINE,SEGMENT_RULES,THERMIQUE,False,112.0,,,,Asnières-sur-Seine,Paris,Asnières-sur-Seine,1,818,False,False,,10710,878,21
20260730T110622,A2,v3.3-search-gps,2026-07-31T09:00,2026-07-31T20:00,1760005,https://fr.getaround.com/location-voiture/paris/lexus-ct-200h-1760005,Lexus CT 200h (2018),2018,Sur rendez-vous,SUV_COMPACT,SEGMENT_RULES,THERMIQUE,False,150.0,,,,Asnières-sur-Seine,Paris,Asnières-sur-Seine,1,819,False,False,,9520,878,21
20260730T110622,A2,v3.3-search-gps,2026-07-31T09:00,2026-07-31T20:00,1850926,https://fr.getaround.com/location-voiture/montigny-les-cormeilles/renault-clio-societe-1850926,Renault Clio Société (2014),2014,Sur rendez-vous,CITADINE,SEGMENT_RULES,THERMIQUE,False,58.0,,,,Asnières-sur-Seine,Montigny Les Cormeilles,Asnières-sur-Seine,1,820,False,False,,11090,878,21
20260730T110622,A2,v3.3-search-gps,2026-07-31T09:00,2026-07-31T20:00,1434993,https://fr.getaround.com/location-voiture/paris/renault-clio-1434993,Renault Clio (2018),2018,Sur rendez-vous,CITADINE,SEGMENT_RULES,THERMIQUE,False,104.0,,5.0,2,Asnières-sur-Seine,Paris,Asnières-sur-Seine,1,825,False,False,,7710,878,21
20260730T110622,A2,v3.3-search-gps,2026-07-31T09:00,2026-07-31T20:00,1799039,https://fr.getaround.com/location-voiture/paris/mercedes-benz-glc-220-d-4matic-1799039,Mercedes-Benz GLC 220 d 4MATIC (2019),2019,Sur rendez-vous,SUV_COMPACT,SEGMENT_RULES,THERMIQUE,False,247.0,,,,Asnières-sur-Seine,Paris,Asnières-sur-Seine,1,826,False,False,,12110,878,21
20260730T110622,A2,v3.3-search-gps,2026-07-31T09:00,2026-07-31T20:00,1866532,https://fr.getaround.com/location-voiture/saint-brice-sous-foret/peugeot-e-2008-1866532,Peugeot e-2008 (2026),2026,Sur rendez-vous,SUV_COMPACT,SEGMENT_RULES,THERMIQUE,False,146.0,,,,Asnières-sur-Seine,Saint Brice Sous Foret,Asnières-sur-Seine,1,832,False,False,,10550,878,21
20260730T110622,A2,v3.3-search-gps,2026-07-31T09:00,2026-07-31T20:00,1789730,https://fr.getaround.com/location-voiture/franconville/ford-b-max-1789730,Ford B-Max (2013),2013,Sur rendez-vous,BREAK,SEGMENT_RULES,THERMIQUE,False,114.0,,,,Asnières-sur-Seine,Franconville,Asnières-sur-Seine,1,833,False,False,,9630,878,21
20260730T110622,A2,v3.3-search-gps,2026-07-31T09:00,2026-07-31T20:00,934124,https://fr.getaround.com/location-voiture/paris/renault-talisman-934124,Renault Talisman (2018),2018,Sur rendez-vous,BERLINE,SEGMENT_RULES,THERMIQUE,False,137.0,,,,Asnières-sur-Seine,Paris,Asnières-sur-Seine,1,834,False,False,,12450,878,21
20260730T110622,A2,v3.3-search-gps,2026-07-31T09:00,2026-07-31T20:00,1618629,https://fr.getaround.com/location-voiture/arnouville/toyota-corolla-1618629,Toyota Corolla (2024),2024,Sur rendez-vous,COMPACTE,SEGMENT_RULES,THERMIQUE,False,115.0,,,,Asnières-sur-Seine,Arnouville,Asnières-sur-Seine,1,836,False,False,,12770,878,21
20260730T110622,A2,v3.3-search-gps,2026-07-31T09:00,2026-07-31T20:00,1784635,https://fr.getaround.com/location-voiture/sarcelles/citroen-ds5-1784635,Citroen DS5 (2014),2014,Sur rendez-vous,BERLINE,SEGMENT_RULES,THERMIQUE,False,158.0,,,,Asnières-sur-Seine,Sarcelles,Asnières-sur-Seine,1,837,False,False,,11430,878,21
20260730T110622,A2,v3.3-search-gps,2026-07-31T09:00,2026-07-31T20:00,1793212,https://fr.getaround.com/location-voiture/la-frette-sur-seine/peugeot-208-1793212,Peugeot 208 (2012),2012,Sur rendez-vous,CITADINE,SEGMENT_RULES,THERMIQUE,False,61.0,,,,Asnières-sur-Seine,La Frette Sur Seine,Asnières-sur-Seine,1,838,False,False,,10870,878,21
20260730T110622,A2,v3.3-search-gps,2026-07-31T09:00,2026-07-31T20:00,1558259,https://fr.getaround.com/location-voiture/saint-denis/renault-captur-1558259,Renault Captur (2017),2017,Sur rendez-vous,SUV_COMPACT,SEGMENT_RULES,THERMIQUE,False,92.0,,,,Asnières-sur-Seine,Saint Denis,Asnières-sur-Seine,1,839,False,False,,8500,878,21
20260730T110622,A2,v3.3-search-gps,2026-07-31T09:00,2026-07-31T20:00,1477197,https://fr.getaround.com/location-voiture/villiers-le-bel/hyundai-ioniq-hybride-1477197,Hyundai Ioniq Hybride (2019),2019,Sur rendez-vous,COMPACTE,SEGMENT_RULES,ELECTRIQUE,False,104.0,,,,Asnières-sur-Seine,Villiers Le Bel,Asnières-sur-Seine,1,844,False,False,,13230,878,21
20260730T110622,A2,v3.3-search-gps,2026-07-31T09:00,2026-07-31T20:00,1755244,https://fr.getaround.com/location-voiture/cormeilles-en-parisis/mercedes-benz-classe-a-180-1755244,Mercedes-Benz Classe A 180 (2025),2025,Sur rendez-vous,COMPACTE,SEGMENT_RULES,THERMIQUE,False,171.0,,,,Asnières-sur-Seine,Cormeilles En Parisis,Asnières-sur-Seine,1,845,False,False,,9590,878,21
20260730T110622,A2,v3.3-search-gps,2026-07-31T09:00,2026-07-31T20:00,1513176,https://fr.getaround.com/location-voiture/saint-denis/bmw-serie-1-1513176,BMW Série 1 (2019),2019,Sur rendez-vous,COMPACTE,SEGMENT_RULES,THERMIQUE,False,131.0,,,,Asnières-sur-Seine,Saint Denis,Asnières-sur-Seine,1,846,False,False,,6020,878,21
20260730T110622,A2,v3.3-search-gps,2026-07-31T09:00,2026-07-31T20:00,1760046,https://fr.getaround.com/location-voiture/sarcelles/mini-cooper-3-portes-1760046,Mini Cooper 3 portes (2015),2015,Sur rendez-vous,CITADINE,SEGMENT_RULES,THERMIQUE,False,120.0,,,,Asnières-sur-Seine,Sarcelles,Asnières-sur-Seine,1,847,False,False,,9170,878,21
20260730T110622,A2,v3.3-search-gps,2026-07-31T09:00,2026-07-31T20:00,1745243,https://fr.getaround.com/location-voiture/montmorency/volkswagen-golf-1745243,Volkswagen Golf (2024),2024,Sur rendez-vous,COMPACTE,SEGMENT_RULES,THERMIQUE,False,152.0,,,,Asnières-sur-Seine,Montmorency,Asnières-sur-Seine,1,848,False,False,,9140,878,21
20260730T110622,A2,v3.3-search-gps,2026-07-31T09:00,2026-07-31T20:00,1495728,https://fr.getaround.com/location-voiture/pantin/renault-megane-e-tech-electrique-1495728,Renault Mégane E-tech Électrique (2024),2024,Sur rendez-vous,COMPACTE,SEGMENT_RULES,ELECTRIQUE,False,142.0,,,,Asnières-sur-Seine,Pantin,Asnières-sur-Seine,1,850,False,False,,8740,878,21
20260730T110622,A2,v3.3-search-gps,2026-07-31T09:00,2026-07-31T20:00,1794421,https://fr.getaround.com/location-voiture/paris/volkswagen-golf-1794421,Volkswagen Golf (2025),2025,Sur rendez-vous,COMPACTE,SEGMENT_RULES,THERMIQUE,False,260.0,,,,Asnières-sur-Seine,Paris,Asnières-sur-Seine,1,851,False,False,,8420,878,21
20260730T110622,A2,v3.3-search-gps,2026-07-31T09:00,2026-07-31T20:00,1746410,https://fr.getaround.com/location-voiture/herblay-sur-seine/renault-clio-1746410,Renault Clio (2012),2012,Sur rendez-vous,CITADINE,SEGMENT_RULES,THERMIQUE,False,87.0,,,,Asnières-sur-Seine,Herblay Sur Seine,Asnières-sur-Seine,1,852,False,False,,11320,878,21
20260730T110622,A2,v3.3-search-gps,2026-07-31T09:00,2026-07-31T20:00,1476521,https://fr.getaround.com/location-voiture/paris/toyota-c-hr-1476521,Toyota C-HR (2017),2017,Sur rendez-vous,SUV_COMPACT,SEGMENT_RULES,THERMIQUE,False,148.0,,,,Asnières-sur-Seine,Paris,Asnières-sur-Seine,1,854,False,False,,10360,878,21
20260730T110622,A2,v3.3-search-gps,2026-07-31T09:00,2026-07-31T20:00,1328441,https://fr.getaround.com/location-voiture/paris/toyota-auris-1328441,Toyota Auris (2019),2019,Sur rendez-vous,COMPACTE,SEGMENT_RULES,THERMIQUE,False,321.0,,,,Asnières-sur-Seine,Paris,Asnières-sur-Seine,1,855,False,False,,4970,878,21
20260730T110622,A2,v3.3-search-gps,2026-07-31T09:00,2026-07-31T20:00,1758319,https://fr.getaround.com/location-voiture/bagnolet/tesla-model-y-1758319,Tesla Model Y (2024),2024,Sur rendez-vous,SUV_FAMILIAL,SEGMENT_RULES,ELECTRIQUE,False,205.0,,,,Asnières-sur-Seine,Bagnolet,Asnières-sur-Seine,1,856,False,False,,11870,878,21
20260730T110622,A2,v3.3-search-gps,2026-07-31T09:00,2026-07-31T20:00,1872661,https://fr.getaround.com/location-voiture/le-plessis-bouchard/bmw-x1-1872661,BMW X1 (2017),2017,Sur rendez-vous,SUV_FAMILIAL,SEGMENT_RULES,THERMIQUE,False,176.0,,,,Asnières-sur-Seine,Le Plessis Bouchard,Asnières-sur-Seine,1,858,False,False,,10470,878,21
20260730T110622,A2,v3.3-search-gps,2026-07-31T09:00,2026-07-31T20:00,1367171,https://fr.getaround.com/location-voiture/paris/hyundai-ix20-1367171,Hyundai iX20 (2011),2011,Sur rendez-vous,MONOSPACE,SEGMENT_RULES,THERMIQUE,False,119.0,,,,Asnières-sur-Seine,Paris,Asnières-sur-Seine,1,862,False,False,,9190,878,21
20260730T110622,A2,v3.3-search-gps,2026-07-31T09:00,2026-07-31T20:00,1008581,https://fr.getaround.com/location-voiture/paris/audi-a3-1008581,Audi A3 (2021),2021,Sur rendez-vous,COMPACTE,SEGMENT_RULES,THERMIQUE,False,233.0,,,,Asnières-sur-Seine,Paris,Asnières-sur-Seine,1,864,False,False,,11140,878,21
20260730T110622,A2,v3.3-search-gps,2026-07-31T09:00,2026-07-31T20:00,1308266,https://fr.getaround.com/location-voiture/pierrefitte-sur-seine/audi-a1-1308266,Audi A1 (2020),2020,Sur rendez-vous,CITADINE,SEGMENT_RULES,THERMIQUE,False,322.0,,,,Asnières-sur-Seine,Pierrefitte Sur Seine,Asnières-sur-Seine,1,867,False,False,,8510,878,21
20260730T110622,A2,v3.3-search-gps,2026-07-31T09:00,2026-07-31T20:00,1770100,https://fr.getaround.com/location-voiture/paris/smart-fortwo-passion-1770100,Smart Fortwo Passion (2015),2015,Sur rendez-vous,MICRO_CITADINE,SEGMENT_RULES,THERMIQUE,False,121.0,,,,Asnières-sur-Seine,Paris,Asnières-sur-Seine,1,869,False,False,,10470,878,21
20260730T110622,A2,v3.3-search-gps,2026-07-31T09:00,2026-07-31T20:00,1457467,https://fr.getaround.com/location-voiture/drancy/renault-megane-1457467,Renault Mégane (2019),2019,Sur rendez-vous,COMPACTE,SEGMENT_RULES,THERMIQUE,False,134.0,,,,Asnières-sur-Seine,Drancy,Asnières-sur-Seine,1,870,False,False,,9880,878,21
20260730T110622,A2,v3.3-search-gps,2026-07-31T09:00,2026-07-31T20:00,1417012,https://fr.getaround.com/location-voiture/paris/peugeot-208-1417012,Peugeot 208 (2023),2023,Getaround Connect,CITADINE,SEGMENT_RULES,THERMIQUE,False,57.0,,2.75,32,Asnières-sur-Seine,Paris,Asnières-sur-Seine,1,871,False,False,,10220,878,21
20260730T110622,A2,v3.3-search-gps,2026-07-31T09:00,2026-07-31T20:00,1223554,https://fr.getaround.com/location-voiture/stains/peugeot-5008-1223554,Peugeot 5008 (2018),2018,Sur rendez-vous,MONOSPACE,SEGMENT_RULES,THERMIQUE,False,89.0,,1.0,2,Asnières-sur-Seine,Stains,Asnières-sur-Seine,1,872,False,False,,7640,878,21
20260730T110622,A2,v3.3-search-gps,2026-07-31T09:00,2026-07-31T20:00,1936273,https://fr.getaround.com/location-voiture/paris/toyota-aygo-1936273,Toyota Aygo (2018),2018,Sur rendez-vous,MICRO_CITADINE,SEGMENT_RULES,THERMIQUE,False,67.0,,,,Asnières-sur-Seine,Paris,Asnières-sur-Seine,1,873,False,False,,8390,878,21
20260730T110622,A2,v3.3-search-gps,2026-07-31T09:00,2026-07-31T20:00,1901804,https://fr.getaround.com/location-voiture/paris/peugeot-208-1901804,Peugeot 208 (2021),2021,Sur rendez-vous,CITADINE,SEGMENT_RULES,THERMIQUE,False,80.0,,1.0,1,Asnières-sur-Seine,Paris,Asnières-sur-Seine,1,876,False,False,,10340,878,21
20260730T110622,A2,v3.3-search-gps,2026-07-31T09:00,2026-07-31T20:00,1572881,https://fr.getaround.com/location-voiture/le-plessis-bouchard/peugeot-308-1572881,Peugeot 308 (2016),2016,Sur rendez-vous,COMPACTE,SEGMENT_RULES,THERMIQUE,False,75.0,,1.0,1,Asnières-sur-Seine,Le Plessis Bouchard,Asnières-sur-Seine,1,877,False,False,,10040,878,21
20260730T110622,A2,v3.3-search-gps,2026-07-31T09:00,2026-07-31T20:00,1805648,https://fr.getaround.com/location-voiture/paris/peugeot-208-1805648,Peugeot 208 (2024),2024,Sur rendez-vous,CITADINE,SEGMENT_RULES,THERMIQUE,False,98.0,,1.0,2,Asnières-sur-Seine,Paris,Asnières-sur-Seine,1,878,False,False,,11170,878,21
