snapshot_id,pipeline,version_collecte,fenetre_debut,fenetre_fin,annonce_id,url,modele,annee,type_connexion,segment,source_taxonomie,energie,reservation_instantanee,prix_jour,prix_heure,note,nb_avis,commune_recherche,commune_annonce,communes_recherche,nb_communes_matchees,rang_resultat,livraison_disponible,mon_vehicule,compte_proprietaire,distance_recherche,nb_resultats_total,nb_clics_pagination
20260729T110432,A2,v3.3-search-gps,2026-07-30T09:00,2026-07-30T20:00,1832158,https://fr.getaround.com/location-voiture/puteaux/renault-clio-1832158,Renault Clio (2015),2015,Getaround Connect,CITADINE,SEGMENT_RULES,THERMIQUE,False,61.0,,3.5,2,Puteaux,Puteaux,Puteaux|Asnières-sur-Seine|Paris 17e,3,2,False,True,C3,400,550,13
20260729T110432,A2,v3.3-search-gps,2026-07-30T09:00,2026-07-30T20:00,1832159,https://fr.getaround.com/location-voiture/puteaux/toyota-aygo-ii-1832159,Toyota Aygo II (2021),2021,Getaround Connect,MICRO_CITADINE,SEGMENT_RULES,THERMIQUE,False,63.0,,4.0,2,Puteaux,Puteaux,Puteaux|Asnières-sur-Seine,2,3,False,True,C3,400,550,13
20260729T110432,A2,v3.3-search-gps,2026-07-30T09:00,2026-07-30T20:00,1743643,https://fr.getaround.com/location-voiture/puteaux/renault-clio-1743643,Renault Clio (2015),2015,Getaround Connect,CITADINE,SEGMENT_RULES,THERMIQUE,False,61.0,,5.0,3,Puteaux,Puteaux,Puteaux|Asnières-sur-Seine|Paris 17e,3,4,False,True,C3,480,550,13
20260729T110432,A2,v3.3-search-gps,2026-07-30T09:00,2026-07-30T20:00,1701291,https://fr.getaround.com/location-voiture/puteaux/volkswagen-golf-1701291,Volkswagen Golf (2012),2012,Sur rendez-vous,COMPACTE,SEGMENT_RULES,THERMIQUE,False,73.0,,4.86,14,Puteaux,Puteaux,Puteaux|Asnières-sur-Seine|Paris 17e,3,7,False,True,C3,400,550,13
20260729T110432,A2,v3.3-search-gps,2026-07-30T09:00,2026-07-30T20:00,1078506,https://fr.getaround.com/location-voiture/puteaux/renault-clio-1078506,Renault Clio (2011),2011,Sur rendez-vous,CITADINE,SEGMENT_RULES,THERMIQUE,False,60.0,,4.79,21,Puteaux,Puteaux,Puteaux|Paris 17e,2,10,False,True,C1,480,550,13
20260729T110432,A2,v3.3-search-gps,2026-07-30T09:00,2026-07-30T20:00,1832155,https://fr.getaround.com/location-voiture/puteaux/volkswagen-polo-1832155,Volkswagen Polo (2013),2013,Sur rendez-vous,CITADINE,SEGMENT_RULES,THERMIQUE,False,60.0,,,,Puteaux,Puteaux,Puteaux|Asnières-sur-Seine,2,11,False,True,C3,400,550,13
20260729T110432,A2,v3.3-search-gps,2026-07-30T09:00,2026-07-30T20:00,1881691,https://fr.getaround.com/location-voiture/puteaux/opel-corsa-1881691,Opel Corsa (2017),2017,Getaround Connect,CITADINE,SEGMENT_RULES,THERMIQUE,False,63.0,,4.5,2,Puteaux,Puteaux,Puteaux|Asnières-sur-Seine,2,17,False,True,C2,480,550,13
20260729T110432,A2,v3.3-search-gps,2026-07-30T09:00,2026-07-30T20:00,1832153,https://fr.getaround.com/location-voiture/puteaux/volkswagen-tiguan-1832153,Volkswagen Tiguan (2015),2015,Getaround Connect,SUV_FAMILIAL,SEGMENT_RULES,THERMIQUE,False,83.0,,1.0,1,Puteaux,Puteaux,Puteaux|Asnières-sur-Seine,2,19,False,True,C3,400,550,13
20260729T110432,A2,v3.3-search-gps,2026-07-30T09:00,2026-07-30T20:00,1881624,https://fr.getaround.com/location-voiture/puteaux/renault-twingo-iii-1881624,Renault Twingo III (2015),2015,Getaround Connect,CITADINE,SEGMENT_RULES,THERMIQUE,False,68.0,,5.0,1,Puteaux,Puteaux,Puteaux|Asnières-sur-Seine,2,21,False,True,C2,480,550,13
20260729T110432,A2,v3.3-search-gps,2026-07-30T09:00,2026-07-30T20:00,1881481,https://fr.getaround.com/location-voiture/puteaux/citroen-c1-1881481,Citroen C1 (2016),2016,Getaround Connect,MICRO_CITADINE,SEGMENT_RULES,THERMIQUE,False,66.0,,5.0,2,Puteaux,Puteaux,Puteaux|Asnières-sur-Seine,2,22,False,True,C2,480,550,13
20260729T110432,A2,v3.3-search-gps,2026-07-30T09:00,2026-07-30T20:00,716035,https://fr.getaround.com/location-voiture/puteaux/citroen-c3-716035,Citroen C3 (2016),2016,Sur rendez-vous,CITADINE,SEGMENT_RULES,THERMIQUE,False,55.0,,4.54,35,Puteaux,Puteaux,Puteaux,1,24,False,True,C1,480,550,13
20260729T110432,A2,v3.3-search-gps,2026-07-30T09:00,2026-07-30T20:00,1881118,https://fr.getaround.com/location-voiture/puteaux/peugeot-208-1881118,Peugeot 208 (2019),2019,Getaround Connect,CITADINE,SEGMENT_RULES,THERMIQUE,False,69.0,,3.5,2,Puteaux,Puteaux,Puteaux|Asnières-sur-Seine,2,25,False,True,C2,480,550,13
20260729T110432,A2,v3.3-search-gps,2026-07-30T09:00,2026-07-30T20:00,1881645,https://fr.getaround.com/location-voiture/puteaux/renault-clio-1881645,Renault Clio (2015),2015,Getaround Connect,CITADINE,SEGMENT_RULES,THERMIQUE,False,61.0,,4.0,1,Puteaux,Puteaux,Puteaux|Asnières-sur-Seine,2,26,False,True,C2,480,550,13
20260729T110432,A2,v3.3-search-gps,2026-07-30T09:00,2026-07-30T20:00,1718469,https://fr.getaround.com/location-voiture/puteaux/peugeot-5008-1718469,Peugeot 5008 (2014),2014,Sur rendez-vous,MONOSPACE,SEGMENT_RULES,THERMIQUE,False,110.0,,3.5,2,Puteaux,Puteaux,Puteaux|Asnières-sur-Seine|Paris 17e,3,29,False,True,C3,400,550,13
20260729T110432,A2,v3.3-search-gps,2026-07-30T09:00,2026-07-30T20:00,1913338,https://fr.getaround.com/location-voiture/puteaux/ford-c-max-1913338,Ford C-Max (2019),2019,Getaround Connect,MONOSPACE,SEGMENT_RULES,THERMIQUE,False,83.0,,,,Puteaux,Puteaux,Puteaux|Asnières-sur-Seine,2,31,False,True,C3,480,550,13
20260729T110432,A2,v3.3-search-gps,2026-07-30T09:00,2026-07-30T20:00,1935533,https://fr.getaround.com/location-voiture/puteaux/peugeot-2008-1935533,Peugeot 2008 (2018),2018,Sur rendez-vous,SUV_COMPACT,SEGMENT_RULES,THERMIQUE,False,77.0,,,,Puteaux,Puteaux,Puteaux|Asnières-sur-Seine,2,34,False,True,C3,480,550,13
20260729T110432,A2,v3.3-search-gps,2026-07-30T09:00,2026-07-30T20:00,1881415,https://fr.getaround.com/location-voiture/puteaux/renault-twingo-1881415,Renault Twingo (2017),2017,Getaround Connect,CITADINE,SEGMENT_RULES,THERMIQUE,False,70.0,,,,Puteaux,Puteaux,Puteaux|Asnières-sur-Seine,2,41,False,True,C2,480,550,13
20260729T110432,A2,v3.3-search-gps,2026-07-30T09:00,2026-07-30T20:00,1881636,https://fr.getaround.com/location-voiture/puteaux/peugeot-108-1881636,Peugeot 108 (2019),2019,Getaround Connect,MICRO_CITADINE,SEGMENT_RULES,THERMIQUE,False,69.0,,3.5,4,Puteaux,Puteaux,Puteaux|Asnières-sur-Seine,2,54,False,True,C2,480,550,13
20260729T110432,A2,v3.3-search-gps,2026-07-30T09:00,2026-07-30T20:00,1859070,https://fr.getaround.com/location-voiture/puteaux/audi-a1-1859070,Audi A1 (2011),2011,Sur rendez-vous,CITADINE,SEGMENT_RULES,THERMIQUE,False,69.0,,,,Puteaux,Puteaux,Puteaux|Asnières-sur-Seine,2,66,False,True,C3,480,550,13
20260729T110432,A2,v3.3-search-gps,2026-07-30T09:00,2026-07-30T20:00,1825239,https://fr.getaround.com/location-voiture/asnieres-sur-seine/renault-twingo-iii-1825239,Renault Twingo III (2017),2017,Getaround Connect,CITADINE,SEGMENT_RULES,THERMIQUE,False,64.0,,5.0,7,Puteaux,Asnieres Sur Seine,Puteaux|Asnières-sur-Seine|Paris 17e,3,67,False,True,C3,6580,550,13
20260729T110432,A2,v3.3-search-gps,2026-07-30T09:00,2026-07-30T20:00,1899919,https://fr.getaround.com/location-voiture/puteaux/peugeot-208-1899919,Peugeot 208 (2013),2013,Getaround Connect,CITADINE,SEGMENT_RULES,THERMIQUE,False,55.0,,5.0,2,Puteaux,Puteaux,Puteaux|Asnières-sur-Seine|Paris 17e,3,1,False,False,,680,550,13
20260729T110432,A2,v3.3-search-gps,2026-07-30T09:00,2026-07-30T20:00,1628653,https://fr.getaround.com/location-voiture/asnieres-sur-seine/fiat-500-lounge-1628653,Fiat 500 Lounge (2018),2018,Getaround Connect,CITADINE,SEGMENT_RULES,THERMIQUE,False,63.0,,4.92,63,Puteaux,Asnieres Sur Seine,Puteaux|Asnières-sur-Seine|Paris 17e,3,1,False,False,,5030,550,13
20260729T110432,A2,v3.3-search-gps,2026-07-30T09:00,2026-07-30T20:00,1241184,https://fr.getaround.com/location-voiture/paris/peugeot-208-1241184,Peugeot 208 (2023),2023,Getaround Connect,CITADINE,SEGMENT_RULES,THERMIQUE,False,68.0,,4.59,61,Puteaux,Paris,Puteaux|Asnières-sur-Seine|Paris 17e,3,1,False,False,,5420,550,13
20260729T110432,A2,v3.3-search-gps,2026-07-30T09:00,2026-07-30T20:00,575126,https://fr.getaround.com/location-voiture/asnieres-sur-seine/renault-clio-575126,Renault Clio (2011),2011,Getaround Connect,CITADINE,SEGMENT_RULES,THERMIQUE,False,49.0,,4.88,126,Puteaux,Asnieres Sur Seine,Puteaux|Asnières-sur-Seine|Paris 17e,3,2,False,False,,3880,550,13
20260729T110432,A2,v3.3-search-gps,2026-07-30T09:00,2026-07-30T20:00,1762373,https://fr.getaround.com/location-voiture/paris/renault-captur-1762373,Renault Captur (2024),2024,Getaround Connect,SUV_COMPACT,SEGMENT_RULES,THERMIQUE,False,78.0,,4.68,28,Puteaux,Paris,Puteaux|Asnières-sur-Seine|Paris 17e,3,2,False,False,,5420,550,13
20260729T110432,A2,v3.3-search-gps,2026-07-30T09:00,2026-07-30T20:00,1715377,https://fr.getaround.com/location-voiture/asnieres-sur-seine/nissan-note-1715377,Nissan Note (2015),2015,Getaround Connect,COMPACTE,SEGMENT_RULES,THERMIQUE,False,35.0,,4.89,45,Puteaux,Asnieres Sur Seine,Puteaux|Asnières-sur-Seine|Paris 17e,3,3,False,False,,3670,550,13
20260729T110432,A2,v3.3-search-gps,2026-07-30T09:00,2026-07-30T20:00,733694,https://fr.getaround.com/location-voiture/paris/fiat-500-733694,Fiat 500 (2017),2017,Getaround Connect,CITADINE,SEGMENT_RULES,THERMIQUE,False,58.0,,4.5,53,Puteaux,Paris,Puteaux|Paris 17e,2,3,False,False,,4880,550,13
20260729T110432,A2,v3.3-search-gps,2026-07-30T09:00,2026-07-30T20:00,1783126,https://fr.getaround.com/location-voiture/paris/citroen-c3-1783126,Citroen C3 (2020),2020,Getaround Connect,CITADINE,SEGMENT_RULES,THERMIQUE,False,52.0,,4.9,21,Puteaux,Paris,Puteaux|Asnières-sur-Seine|Paris 17e,3,4,False,False,,4330,550,13
20260729T110432,A2,v3.3-search-gps,2026-07-30T09:00,2026-07-30T20:00,1009470,https://fr.getaround.com/location-voiture/bois-colombes/citroen-c3-1009470,Citroen C3 (2022),2022,Getaround Connect,CITADINE,SEGMENT_RULES,THERMIQUE,False,44.0,,4.57,115,Puteaux,Bois Colombes,Puteaux|Asnières-sur-Seine|Paris 17e,3,4,False,False,,4800,550,13
20260729T110432,A2,v3.3-search-gps,2026-07-30T09:00,2026-07-30T20:00,835608,https://fr.getaround.com/location-voiture/courbevoie/renault-clio-835608,Renault Clio (2018),2018,Getaround Connect,CITADINE,SEGMENT_RULES,THERMIQUE,False,45.0,,3.95,124,Puteaux,Courbevoie,Puteaux|Asnières-sur-Seine|Paris 17e,3,5,False,False,,1160,550,13
20260729T110432,A2,v3.3-search-gps,2026-07-30T09:00,2026-07-30T20:00,1187353,https://fr.getaround.com/location-voiture/paris/renault-clio-1187353,Renault Clio (2021),2021,Getaround Connect,CITADINE,SEGMENT_RULES,THERMIQUE,False,49.0,,4.61,89,Puteaux,Paris,Puteaux|Asnières-sur-Seine|Paris 17e,3,5,False,False,,5890,550,13
20260729T110432,A2,v3.3-search-gps,2026-07-30T09:00,2026-07-30T20:00,1119986,https://fr.getaround.com/location-voiture/asnieres-sur-seine/renault-captur-1119986,Renault Captur (2018),2018,Getaround Connect,SUV_COMPACT,SEGMENT_RULES,THERMIQUE,False,67.0,,4.98,129,Puteaux,Asnieres Sur Seine,Puteaux|Asnières-sur-Seine|Paris 17e,3,5,False,False,,4140,550,13
20260729T110432,A2,v3.3-search-gps,2026-07-30T09:00,2026-07-30T20:00,1762987,https://fr.getaround.com/location-voiture/courbevoie/peugeot-208-1762987,Peugeot 208 (2019),2019,Getaround Connect,CITADINE,SEGMENT_RULES,THERMIQUE,False,45.0,,3.83,6,Puteaux,Courbevoie,Puteaux|Asnières-sur-Seine|Paris 17e,3,6,False,False,,1340,550,13
20260729T110432,A2,v3.3-search-gps,2026-07-30T09:00,2026-07-30T20:00,1710998,https://fr.getaround.com/location-voiture/bois-colombes/renault-twingo-iii-1710998,Renault Twingo III (2016),2016,Getaround Connect,CITADINE,SEGMENT_RULES,THERMIQUE,False,54.0,,4.89,35,Puteaux,Bois Colombes,Puteaux|Asnières-sur-Seine|Paris 17e,3,6,False,False,,3940,550,13
20260729T110432,A2,v3.3-search-gps,2026-07-30T09:00,2026-07-30T20:00,1442853,https://fr.getaround.com/location-voiture/paris/citroen-c3-1442853,Citroen C3 (2023),2023,Getaround Connect,CITADINE,SEGMENT_RULES,THERMIQUE,False,68.0,,4.19,45,Puteaux,Paris,Puteaux|Asnières-sur-Seine|Paris 17e,3,6,False,False,,4900,550,13
20260729T110432,A2,v3.3-search-gps,2026-07-30T09:00,2026-07-30T20:00,1769820,https://fr.getaround.com/location-voiture/paris/renault-clio-e-tech-1769820,Renault Clio E-tech (2022),2022,Getaround Connect,CITADINE,SEGMENT_RULES,ELECTRIQUE,False,58.0,,4.5,10,Puteaux,Paris,Puteaux|Asnières-sur-Seine|Paris 17e,3,7,False,False,,5810,550,13
20260729T110432,A2,v3.3-search-gps,2026-07-30T09:00,2026-07-30T20:00,1770026,https://fr.getaround.com/location-voiture/asnieres-sur-seine/renault-clio-1770026,Renault Clio (2018),2018,Getaround Connect,CITADINE,SEGMENT_RULES,THERMIQUE,False,74.0,,4.71,21,Puteaux,Asnieres Sur Seine,Puteaux|Asnières-sur-Seine|Paris 17e,3,7,False,False,,5570,550,13
20260729T110432,A2,v3.3-search-gps,2026-07-30T09:00,2026-07-30T20:00,1047047,https://fr.getaround.com/location-voiture/courbevoie/renault-twingo-1047047,Renault Twingo (2017),2017,Getaround Connect,CITADINE,SEGMENT_RULES,THERMIQUE,False,55.0,,4.88,109,Puteaux,Courbevoie,Puteaux|Asnières-sur-Seine|Paris 17e,3,8,False,False,,1630,550,13
20260729T110432,A2,v3.3-search-gps,2026-07-30T09:00,2026-07-30T20:00,1900721,https://fr.getaround.com/location-voiture/paris/peugeot-e-208-allure-1900721,Peugeot e-208 Allure (2021),2021,Getaround Connect,CITADINE,SEGMENT_RULES,THERMIQUE,False,60.0,,4.0,4,Puteaux,Paris,Puteaux|Asnières-sur-Seine|Paris 17e,3,8,False,False,,4330,550,13
20260729T110432,A2,v3.3-search-gps,2026-07-30T09:00,2026-07-30T20:00,1205539,https://fr.getaround.com/location-voiture/courbevoie/renault-twingo-ii-1205539,Renault Twingo II (2013),2013,Getaround Connect,CITADINE,SEGMENT_RULES,THERMIQUE,False,51.0,,4.96,81,Puteaux,Courbevoie,Puteaux|Asnières-sur-Seine|Paris 17e,3,8,False,False,,3460,550,13
20260729T110432,A2,v3.3-search-gps,2026-07-30T09:00,2026-07-30T20:00,489829,https://fr.getaround.com/location-voiture/nanterre/volkswagen-polo-489829,Volkswagen Polo (2015),2015,Getaround Connect,CITADINE,SEGMENT_RULES,THERMIQUE,False,55.0,,4.52,184,Puteaux,Nanterre,Puteaux|Asnières-sur-Seine|Paris 17e,3,9,False,False,,1650,550,13
20260729T110432,A2,v3.3-search-gps,2026-07-30T09:00,2026-07-30T20:00,1590444,https://fr.getaround.com/location-voiture/paris/peugeot-2008-1590444,Peugeot 2008 (2023),2023,Getaround Connect,SUV_COMPACT,SEGMENT_RULES,THERMIQUE,False,63.0,,4.14,33,Puteaux,Paris,Puteaux|Asnières-sur-Seine|Paris 17e,3,9,False,False,,4870,550,13
20260729T110432,A2,v3.3-search-gps,2026-07-30T09:00,2026-07-30T20:00,1090537,https://fr.getaround.com/location-voiture/asnieres-sur-seine/smart-fortwo-coupe-1090537,Smart Fortwo Coupé (2012),2012,Getaround Connect,MICRO_CITADINE,SEGMENT_RULES,THERMIQUE,False,53.0,,4.89,35,Puteaux,Asnieres Sur Seine,Puteaux|Asnières-sur-Seine|Paris 17e,3,9,False,False,,4670,550,13
20260729T110432,A2,v3.3-search-gps,2026-07-30T09:00,2026-07-30T20:00,1496823,https://fr.getaround.com/location-voiture/levallois-perret/renault-clio-1496823,Renault Clio (2020),2020,Getaround Connect,CITADINE,SEGMENT_RULES,THERMIQUE,False,49.0,,4.23,52,Puteaux,Levallois Perret,Puteaux|Asnières-sur-Seine|Paris 17e,3,10,False,False,,3660,550,13
20260729T110432,A2,v3.3-search-gps,2026-07-30T09:00,2026-07-30T20:00,872370,https://fr.getaround.com/location-voiture/paris/peugeot-e-208-style-872370,Peugeot e-208 Style (2021),2021,Getaround Connect,CITADINE,SEGMENT_RULES,THERMIQUE,False,64.0,,4.75,48,Puteaux,Paris,Puteaux|Asnières-sur-Seine|Paris 17e,3,10,False,False,,4330,550,13
20260729T110432,A2,v3.3-search-gps,2026-07-30T09:00,2026-07-30T20:00,1010342,https://fr.getaround.com/location-voiture/asnieres-sur-seine/ford-fiesta-1010342,Ford Fiesta (2017),2017,Getaround Connect,CITADINE,SEGMENT_RULES,THERMIQUE,False,45.0,,4.41,40,Puteaux,Asnieres Sur Seine,Puteaux|Asnières-sur-Seine|Paris 17e,3,11,False,False,,6680,550,13
20260729T110432,A2,v3.3-search-gps,2026-07-30T09:00,2026-07-30T20:00,825859,https://fr.getaround.com/location-voiture/paris/renault-clio-825859,Renault Clio (2018),2018,Getaround Connect,CITADINE,SEGMENT_RULES,THERMIQUE,False,52.0,,3.99,147,Puteaux,Paris,Puteaux|Asnières-sur-Seine|Paris 17e,3,11,False,False,,4790,550,13
20260729T110432,A2,v3.3-search-gps,2026-07-30T09:00,2026-07-30T20:00,1722701,https://fr.getaround.com/location-voiture/courbevoie/peugeot-208-1722701,Peugeot 208 (2023),2023,Getaround Connect,CITADINE,SEGMENT_RULES,THERMIQUE,False,50.0,,3.89,9,Puteaux,Courbevoie,Puteaux|Asnières-sur-Seine|Paris 17e,3,12,False,False,,1160,550,13
20260729T110432,A2,v3.3-search-gps,2026-07-30T09:00,2026-07-30T20:00,1424334,https://fr.getaround.com/location-voiture/bois-colombes/nissan-micra-1424334,Nissan Micra (2015),2015,Getaround Connect,CITADINE,SEGMENT_RULES,THERMIQUE,False,59.0,,4.88,78,Puteaux,Bois Colombes,Puteaux|Asnières-sur-Seine|Paris 17e,3,12,False,False,,4100,550,13
20260729T110432,A2,v3.3-search-gps,2026-07-30T09:00,2026-07-30T20:00,1759610,https://fr.getaround.com/location-voiture/paris/audi-a3-sportback-e-tron-1759610,Audi A3 Sportback e-tron (2014),2014,Getaround Connect,COMPACTE,SEGMENT_RULES,THERMIQUE,False,86.0,,4.98,43,Puteaux,Paris,Puteaux|Asnières-sur-Seine|Paris 17e,3,12,False,False,,4520,550,13
20260729T110432,A2,v3.3-search-gps,2026-07-30T09:00,2026-07-30T20:00,1492716,https://fr.getaround.com/location-voiture/nanterre/renault-clio-1492716,Renault Clio (2021),2021,Getaround Connect,CITADINE,SEGMENT_RULES,THERMIQUE,False,45.0,,3.44,42,Puteaux,Nanterre,Puteaux|Asnières-sur-Seine|Paris 17e,3,13,False,False,,1690,550,13
20260729T110432,A2,v3.3-search-gps,2026-07-30T09:00,2026-07-30T20:00,985200,https://fr.getaround.com/location-voiture/colombes/renault-clio-985200,Renault Clio (2021),2021,Getaround Connect,CITADINE,SEGMENT_RULES,THERMIQUE,False,45.0,,4.37,98,Puteaux,Colombes,Puteaux|Asnières-sur-Seine|Paris 17e,3,13,False,False,,5480,550,13
20260729T110432,A2,v3.3-search-gps,2026-07-30T09:00,2026-07-30T20:00,1766493,https://fr.getaround.com/location-voiture/paris/citroen-c3-1766493,Citroen C3 (2019),2019,Getaround Connect,CITADINE,SEGMENT_RULES,THERMIQUE,False,57.0,,4.67,15,Puteaux,Paris,Puteaux|Asnières-sur-Seine|Paris 17e,3,13,False,False,,4010,550,13
20260729T110432,A2,v3.3-search-gps,2026-07-30T09:00,2026-07-30T20:00,1355472,https://fr.getaround.com/location-voiture/suresnes/peugeot-208-1355472,Peugeot 208 (2017),2017,Getaround Connect,CITADINE,SEGMENT_RULES,THERMIQUE,False,70.0,,4.96,73,Puteaux,Suresnes,Puteaux|Asnières-sur-Seine|Paris 17e,3,14,False,False,,1160,550,13
20260729T110432,A2,v3.3-search-gps,2026-07-30T09:00,2026-07-30T20:00,452377,https://fr.getaround.com/location-voiture/gennevilliers/renault-clio-452377,Renault Clio (2017),2017,Getaround Connect,CITADINE,SEGMENT_RULES,THERMIQUE,False,47.0,,4.58,172,Puteaux,Gennevilliers,Puteaux|Asnières-sur-Seine|Paris 17e,3,14,False,False,,7400,550,13
20260729T110432,A2,v3.3-search-gps,2026-07-30T09:00,2026-07-30T20:00,842040,https://fr.getaround.com/location-voiture/paris/citroen-c3-aircross-842040,Citroen C3 Aircross (2018),2018,Getaround Connect,CITADINE,SEGMENT_RULES,THERMIQUE,False,68.0,,4.49,98,Puteaux,Paris,Puteaux|Paris 17e,2,14,False,False,,5790,550,13
20260729T110432,A2,v3.3-search-gps,2026-07-30T09:00,2026-07-30T20:00,1251338,https://fr.getaround.com/location-voiture/courbevoie/toyota-yaris-1251338,Toyota Yaris (2020),2020,Getaround Connect,CITADINE,SEGMENT_RULES,THERMIQUE,False,67.0,,4.74,69,Puteaux,Courbevoie,Puteaux|Asnières-sur-Seine|Paris 17e,3,15,False,False,,1450,550,13
20260729T110432,A2,v3.3-search-gps,2026-07-30T09:00,2026-07-30T20:00,1759803,https://fr.getaround.com/location-voiture/bois-colombes/toyota-c-hr-hybrid-1759803,Toyota C-HR Hybrid (2019),2019,Getaround Connect,SUV_COMPACT,SEGMENT_RULES,HYBRIDE,False,63.0,,4.85,26,Puteaux,Bois Colombes,Puteaux|Asnières-sur-Seine|Paris 17e,3,15,False,False,,3830,550,13
20260729T110432,A2,v3.3-search-gps,2026-07-30T09:00,2026-07-30T20:00,1666439,https://fr.getaround.com/location-voiture/paris/peugeot-208-1666439,Peugeot 208 (2025),2025,Getaround Connect,CITADINE,SEGMENT_RULES,THERMIQUE,False,73.0,,4.35,23,Puteaux,Paris,Puteaux|Asnières-sur-Seine|Paris 17e,3,15,False,False,,5680,550,13
20260729T110432,A2,v3.3-search-gps,2026-07-30T09:00,2026-07-30T20:00,1763402,https://fr.getaround.com/location-voiture/neuilly-sur-seine/peugeot-208-1763402,Peugeot 208 (2020),2020,Getaround Connect,CITADINE,SEGMENT_RULES,THERMIQUE,False,63.0,,5.0,37,Puteaux,Neuilly Sur Seine,Puteaux|Asnières-sur-Seine|Paris 17e,3,16,False,False,,1590,550,13
20260729T110432,A2,v3.3-search-gps,2026-07-30T09:00,2026-07-30T20:00,853255,https://fr.getaround.com/location-voiture/courbevoie/renault-twingo-853255,Renault Twingo (2011),2011,Getaround Connect,CITADINE,SEGMENT_RULES,THERMIQUE,False,49.0,,4.92,126,Puteaux,Courbevoie,Puteaux|Asnières-sur-Seine|Paris 17e,3,16,False,False,,3010,550,13
20260729T110432,A2,v3.3-search-gps,2026-07-30T09:00,2026-07-30T20:00,1675509,https://fr.getaround.com/location-voiture/paris/peugeot-208-1675509,Peugeot 208 (2025),2025,Getaround Connect,CITADINE,SEGMENT_RULES,THERMIQUE,False,73.0,,3.85,27,Puteaux,Paris,Puteaux|Asnières-sur-Seine|Paris 17e,3,16,False,False,,5670,550,13
20260729T110432,A2,v3.3-search-gps,2026-07-30T09:00,2026-07-30T20:00,1650493,https://fr.getaround.com/location-voiture/levallois-perret/volkswagen-t-cross-1650493,Volkswagen T-Cross (2024),2024,Getaround Connect,SUV_COMPACT,SEGMENT_RULES,THERMIQUE,False,61.0,,4.85,26,Puteaux,Levallois Perret,Puteaux|Asnières-sur-Seine|Paris 17e,3,17,False,False,,4530,550,13
20260729T110432,A2,v3.3-search-gps,2026-07-30T09:00,2026-07-30T20:00,1590442,https://fr.getaround.com/location-voiture/levallois-perret/peugeot-2008-1590442,Peugeot 2008 (2023),2023,Getaround Connect,SUV_COMPACT,SEGMENT_RULES,THERMIQUE,False,63.0,,4.03,31,Puteaux,Levallois Perret,Puteaux|Asnières-sur-Seine|Paris 17e,3,17,False,False,,3660,550,13
20260729T110432,A2,v3.3-search-gps,2026-07-30T09:00,2026-07-30T20:00,1784089,https://fr.getaround.com/location-voiture/courbevoie/renault-austral-e-tech-full-hybrid-1784089,Renault Austral E-Tech full hybrid (2024),2024,Sur rendez-vous,SUV_FAMILIAL,SEGMENT_RULES,ELECTRIQUE,False,124.0,,5.0,1,Puteaux,Courbevoie,Puteaux|Asnières-sur-Seine|Paris 17e,3,18,False,False,,880,550,13
20260729T110432,A2,v3.3-search-gps,2026-07-30T09:00,2026-07-30T20:00,894064,https://fr.getaround.com/location-voiture/asnieres-sur-seine/renault-clio-894064,Renault Clio (2017),2017,Getaround Connect,CITADINE,SEGMENT_RULES,THERMIQUE,False,58.0,,4.58,92,Puteaux,Asnieres Sur Seine,Puteaux|Asnières-sur-Seine|Paris 17e,3,18,False,False,,6490,550,13
20260729T110432,A2,v3.3-search-gps,2026-07-30T09:00,2026-07-30T20:00,1934281,https://fr.getaround.com/location-voiture/paris/peugeot-208-1934281,Peugeot 208 (2026),2026,Getaround Connect,CITADINE,SEGMENT_RULES,THERMIQUE,False,75.0,,,,Puteaux,Paris,Puteaux|Asnières-sur-Seine|Paris 17e,3,18,False,False,,4550,550,13
20260729T110432,A2,v3.3-search-gps,2026-07-30T09:00,2026-07-30T20:00,1650527,https://fr.getaround.com/location-voiture/levallois-perret/volkswagen-t-cross-1650527,Volkswagen T-Cross (2024),2024,Getaround Connect,SUV_COMPACT,SEGMENT_RULES,THERMIQUE,False,61.0,,4.78,46,Puteaux,Levallois Perret,Puteaux|Asnières-sur-Seine|Paris 17e,3,19,False,False,,4530,550,13
20260729T110432,A2,v3.3-search-gps,2026-07-30T09:00,2026-07-30T20:00,399972,https://fr.getaround.com/location-voiture/nanterre/renault-clio-399972,Renault Clio (2015),2015,Getaround Connect,CITADINE,SEGMENT_RULES,THERMIQUE,False,60.0,,4.71,188,Puteaux,Nanterre,Puteaux|Asnières-sur-Seine|Paris 17e,3,20,False,False,,1650,550,13
20260729T110432,A2,v3.3-search-gps,2026-07-30T09:00,2026-07-30T20:00,753962,https://fr.getaround.com/location-voiture/clichy/ford-fiesta-753962,Ford Fiesta (2018),2018,Getaround Connect,CITADINE,SEGMENT_RULES,THERMIQUE,False,45.0,,4.37,187,Puteaux,Clichy,Puteaux|Asnières-sur-Seine|Paris 17e,3,20,False,False,,5540,550,13
20260729T110432,A2,v3.3-search-gps,2026-07-30T09:00,2026-07-30T20:00,1928674,https://fr.getaround.com/location-voiture/paris/fiat-500l-1928674,Fiat 500L (2017),2017,Getaround Connect,COMPACTE,SEGMENT_RULES,THERMIQUE,False,70.0,,5.0,1,Puteaux,Paris,Puteaux|Asnières-sur-Seine|Paris 17e,3,20,False,False,,5020,550,13
20260729T110432,A2,v3.3-search-gps,2026-07-30T09:00,2026-07-30T20:00,1717724,https://fr.getaround.com/location-voiture/paris/renault-clio-e-tech-1717724,Renault Clio E-tech (2021),2021,Getaround Connect,CITADINE,SEGMENT_RULES,ELECTRIQUE,False,58.0,,4.59,34,Puteaux,Paris,Puteaux|Asnières-sur-Seine|Paris 17e,3,21,False,False,,5610,550,13
20260729T110432,A2,v3.3-search-gps,2026-07-30T09:00,2026-07-30T20:00,1110449,https://fr.getaround.com/location-voiture/colombes/ford-ka-1110449,Ford Ka (2013),2013,Getaround Connect,CITADINE,SEGMENT_RULES,THERMIQUE,False,45.0,,4.83,77,Puteaux,Colombes,Puteaux|Asnières-sur-Seine|Paris 17e,3,21,False,False,,4970,550,13
20260729T110432,A2,v3.3-search-gps,2026-07-30T09:00,2026-07-30T20:00,1851591,https://fr.getaround.com/location-voiture/paris/renault-clio-1851591,Renault Clio (2018),2018,Getaround Connect,CITADINE,SEGMENT_RULES,THERMIQUE,False,63.0,,4.86,7,Puteaux,Paris,Puteaux|Asnières-sur-Seine|Paris 17e,3,22,False,False,,5800,550,13
20260729T110432,A2,v3.3-search-gps,2026-07-30T09:00,2026-07-30T20:00,1093031,https://fr.getaround.com/location-voiture/nanterre/peugeot-208-1093031,Peugeot 208 (2018),2018,Getaround Connect,CITADINE,SEGMENT_RULES,THERMIQUE,False,64.0,,4.75,57,Puteaux,Nanterre,Puteaux|Asnières-sur-Seine|Paris 17e,3,23,False,False,,1670,550,13
20260729T110432,A2,v3.3-search-gps,2026-07-30T09:00,2026-07-30T20:00,1560314,https://fr.getaround.com/location-voiture/paris/toyota-corolla-break-hybride-1560314,Toyota Corolla Break Hybride (2020),2020,Getaround Connect,BREAK,SEGMENT_RULES,HYBRIDE,False,64.0,,4.61,57,Puteaux,Paris,Puteaux|Asnières-sur-Seine|Paris 17e,3,23,False,False,,6180,550,13
20260729T110432,A2,v3.3-search-gps,2026-07-30T09:00,2026-07-30T20:00,1617630,https://fr.getaround.com/location-voiture/gennevilliers/renault-clio-1617630,Renault Clio (2017),2017,Getaround Connect,CITADINE,SEGMENT_RULES,THERMIQUE,False,47.0,,4.16,32,Puteaux,Gennevilliers,Puteaux|Asnières-sur-Seine|Paris 17e,3,23,False,False,,7400,550,13
20260729T110432,A2,v3.3-search-gps,2026-07-30T09:00,2026-07-30T20:00,941338,https://fr.getaround.com/location-voiture/levallois-perret/renault-twingo-941338,Renault Twingo (2011),2011,Getaround Connect,CITADINE,SEGMENT_RULES,THERMIQUE,False,45.0,,4.56,68,Puteaux,Levallois Perret,Puteaux|Asnières-sur-Seine|Paris 17e,3,24,False,False,,4280,550,13
20260729T110432,A2,v3.3-search-gps,2026-07-30T09:00,2026-07-30T20:00,1007409,https://fr.getaround.com/location-voiture/paris/citroen-c3-1007409,Citroen C3 (2022),2022,Getaround Connect,CITADINE,SEGMENT_RULES,THERMIQUE,False,52.0,,4.17,131,Puteaux,Paris,Puteaux|Asnières-sur-Seine|Paris 17e,3,24,False,False,,5610,550,13
20260729T110432,A2,v3.3-search-gps,2026-07-30T09:00,2026-07-30T20:00,958966,https://fr.getaround.com/location-voiture/levallois-perret/renault-twingo-958966,Renault Twingo (2013),2013,Getaround Connect,CITADINE,SEGMENT_RULES,THERMIQUE,False,45.0,,4.57,98,Puteaux,Levallois Perret,Puteaux|Asnières-sur-Seine|Paris 17e,3,25,False,False,,4200,550,13
20260729T110432,A2,v3.3-search-gps,2026-07-30T09:00,2026-07-30T20:00,1240924,https://fr.getaround.com/location-voiture/paris/peugeot-208-1240924,Peugeot 208 (2023),2023,Getaround Connect,CITADINE,SEGMENT_RULES,THERMIQUE,False,57.0,,4.39,71,Puteaux,Paris,Puteaux|Asnières-sur-Seine|Paris 17e,3,25,False,False,,6500,550,13
20260729T110432,A2,v3.3-search-gps,2026-07-30T09:00,2026-07-30T20:00,1910506,https://fr.getaround.com/location-voiture/saint-ouen-sur-seine/mini-cooper-3-portes-1910506,Mini Cooper 3 portes (2016),2016,Getaround Connect,CITADINE,SEGMENT_RULES,THERMIQUE,False,66.0,,5.0,7,Puteaux,Saint Ouen Sur Seine,Puteaux|Asnières-sur-Seine|Paris 17e,3,26,False,False,,7130,550,13
20260729T110432,A2,v3.3-search-gps,2026-07-30T09:00,2026-07-30T20:00,1349888,https://fr.getaround.com/location-voiture/paris/toyota-yaris-cross-hybrid-1349888,Toyota Yaris Cross Hybrid (2022),2022,Getaround Connect,SUV_COMPACT,SEGMENT_RULES,HYBRIDE,False,64.0,,4.72,69,Puteaux,Paris,Puteaux|Asnières-sur-Seine|Paris 17e,3,26,False,False,,6180,550,13
20260729T110432,A2,v3.3-search-gps,2026-07-30T09:00,2026-07-30T20:00,1430877,https://fr.getaround.com/location-voiture/nanterre/citroen-c3-1430877,Citroen C3 (2018),2018,Getaround Connect,CITADINE,SEGMENT_RULES,THERMIQUE,False,69.0,,4.96,71,Puteaux,Nanterre,Puteaux|Asnières-sur-Seine,2,27,False,False,,1680,550,13
20260729T110432,A2,v3.3-search-gps,2026-07-30T09:00,2026-07-30T20:00,1650467,https://fr.getaround.com/location-voiture/asnieres-sur-seine/volkswagen-t-cross-1650467,Volkswagen T-Cross (2024),2024,Getaround Connect,SUV_COMPACT,SEGMENT_RULES,THERMIQUE,False,73.0,,4.59,32,Puteaux,Asnieres Sur Seine,Puteaux|Asnières-sur-Seine|Paris 17e,3,27,False,False,,5530,550,13
20260729T110432,A2,v3.3-search-gps,2026-07-30T09:00,2026-07-30T20:00,1806944,https://fr.getaround.com/location-voiture/paris/fiat-500-hybride-1806944,Fiat 500 Hybride (2023),2023,Getaround Connect,CITADINE,SEGMENT_RULES,HYBRIDE,False,50.0,,4.38,13,Puteaux,Paris,Puteaux|Asnières-sur-Seine|Paris 17e,3,27,False,False,,6900,550,13
20260729T110432,A2,v3.3-search-gps,2026-07-30T09:00,2026-07-30T20:00,1650497,https://fr.getaround.com/location-voiture/paris/volkswagen-t-cross-1650497,Volkswagen T-Cross (2024),2024,Getaround Connect,SUV_COMPACT,SEGMENT_RULES,THERMIQUE,False,61.0,,4.74,29,Puteaux,Paris,Puteaux|Asnières-sur-Seine|Paris 17e,3,28,False,False,,3040,550,13
20260729T110432,A2,v3.3-search-gps,2026-07-30T09:00,2026-07-30T20:00,1215378,https://fr.getaround.com/location-voiture/gennevilliers/toyota-yaris-hybride-1215378,Toyota Yaris Hybride (2022),2022,Sur rendez-vous,CITADINE,SEGMENT_RULES,HYBRIDE,False,74.0,,4.99,37,Puteaux,Gennevilliers,Puteaux|Asnières-sur-Seine|Paris 17e,3,28,False,False,,6230,550,13
20260729T110432,A2,v3.3-search-gps,2026-07-30T09:00,2026-07-30T20:00,1496819,https://fr.getaround.com/location-voiture/paris/peugeot-208-1496819,Peugeot 208 (2020),2020,Getaround Connect,CITADINE,SEGMENT_RULES,THERMIQUE,False,49.0,,4.2,46,Asnières-sur-Seine,Paris,Asnières-sur-Seine|Paris 17e,2,28,False,False,,6040,1001,26
20260729T110432,A2,v3.3-search-gps,2026-07-30T09:00,2026-07-30T20:00,1272623,https://fr.getaround.com/location-voiture/levallois-perret/peugeot-208-1272623,Peugeot 208 (2023),2023,Getaround Connect,CITADINE,SEGMENT_RULES,THERMIQUE,False,50.0,,4.23,91,Puteaux,Levallois Perret,Puteaux|Asnières-sur-Seine|Paris 17e,3,29,False,False,,3410,550,13
20260729T110432,A2,v3.3-search-gps,2026-07-30T09:00,2026-07-30T20:00,1892256,https://fr.getaround.com/location-voiture/puteaux/peugeot-208-gt-line-1892256,Peugeot 208 GT Line (2021),2021,Sur rendez-vous,CITADINE,SEGMENT_RULES,THERMIQUE,False,73.0,,5.0,1,Puteaux,Puteaux,Puteaux|Asnières-sur-Seine,2,30,False,False,,830,550,13
20260729T110432,A2,v3.3-search-gps,2026-07-30T09:00,2026-07-30T20:00,1636942,https://fr.getaround.com/location-voiture/asnieres-sur-seine/renault-clio-1636942,Renault Clio (2019),2019,Getaround Connect,CITADINE,SEGMENT_RULES,THERMIQUE,False,63.0,,4.35,36,Puteaux,Asnieres Sur Seine,Puteaux|Asnières-sur-Seine|Paris 17e,3,30,False,False,,3760,550,13
20260729T110432,A2,v3.3-search-gps,2026-07-30T09:00,2026-07-30T20:00,1769190,https://fr.getaround.com/location-voiture/paris/peugeot-308-sw-1769190,Peugeot 308 SW (2020),2020,Getaround Connect,BREAK,SEGMENT_RULES,THERMIQUE,False,58.0,,4.67,18,Puteaux,Paris,Puteaux|Asnières-sur-Seine|Paris 17e,3,30,False,False,,5720,550,13
20260729T110432,A2,v3.3-search-gps,2026-07-30T09:00,2026-07-30T20:00,1518486,https://fr.getaround.com/location-voiture/levallois-perret/fiat-500-1518486,Fiat 500 (2015),2015,Getaround Connect,CITADINE,SEGMENT_RULES,THERMIQUE,False,53.0,,4.59,39,Puteaux,Levallois Perret,Puteaux|Asnières-sur-Seine|Paris 17e,3,31,False,False,,4370,550,13
20260729T110432,A2,v3.3-search-gps,2026-07-30T09:00,2026-07-30T20:00,874448,https://fr.getaround.com/location-voiture/bois-colombes/toyota-yaris-874448,Toyota Yaris (2019),2019,Getaround Connect,CITADINE,SEGMENT_RULES,THERMIQUE,False,68.0,,4.94,87,Puteaux,Bois Colombes,Puteaux|Asnières-sur-Seine|Paris 17e,3,31,False,False,,3550,550,13
20260729T110432,A2,v3.3-search-gps,2026-07-30T09:00,2026-07-30T20:00,1831989,https://fr.getaround.com/location-voiture/neuilly-sur-seine/renault-captur-1831989,Renault Captur (2019),2019,Getaround Connect,SUV_COMPACT,SEGMENT_RULES,THERMIQUE,False,72.0,,4.86,7,Puteaux,Neuilly Sur Seine,Puteaux|Paris 17e,2,32,False,False,,1570,550,13
20260729T110432,A2,v3.3-search-gps,2026-07-30T09:00,2026-07-30T20:00,1916379,https://fr.getaround.com/location-voiture/clichy/dacia-sandero-1916379,Dacia Sandero (2016),2016,Getaround Connect,CITADINE,SEGMENT_RULES,THERMIQUE,False,55.0,,5.0,2,Puteaux,Clichy,Puteaux|Asnières-sur-Seine|Paris 17e,3,32,False,False,,5680,550,13
20260729T110432,A2,v3.3-search-gps,2026-07-30T09:00,2026-07-30T20:00,1678235,https://fr.getaround.com/location-voiture/colombes/skoda-fabia-1678235,Skoda Fabia (2020),2020,Getaround Connect,CITADINE,SEGMENT_RULES,THERMIQUE,False,63.0,,4.92,13,Puteaux,Colombes,Puteaux|Asnières-sur-Seine|Paris 17e,3,32,False,False,,5210,550,13
20260729T110432,A2,v3.3-search-gps,2026-07-30T09:00,2026-07-30T20:00,1919535,https://fr.getaround.com/location-voiture/puteaux/toyota-c-hr-hybrid-1919535,Toyota C-HR Hybrid (2025),2025,Sur rendez-vous,SUV_COMPACT,SEGMENT_RULES,HYBRIDE,False,99.0,,5.0,2,Puteaux,Puteaux,Puteaux|Asnières-sur-Seine,2,33,False,False,,520,550,13
20260729T110432,A2,v3.3-search-gps,2026-07-30T09:00,2026-07-30T20:00,1631664,https://fr.getaround.com/location-voiture/levallois-perret/opel-corsa-1631664,Opel Corsa (2024),2024,Getaround Connect,CITADINE,SEGMENT_RULES,THERMIQUE,False,63.0,,4.87,31,Puteaux,Levallois Perret,Puteaux|Asnières-sur-Seine|Paris 17e,3,33,False,False,,4540,550,13
20260729T110432,A2,v3.3-search-gps,2026-07-30T09:00,2026-07-30T20:00,1629794,https://fr.getaround.com/location-voiture/levallois-perret/renault-clio-1629794,Renault Clio (2024),2024,Getaround Connect,CITADINE,SEGMENT_RULES,THERMIQUE,False,68.0,,4.76,49,Puteaux,Levallois Perret,Puteaux|Asnières-sur-Seine|Paris 17e,3,34,False,False,,4420,550,13
20260729T110432,A2,v3.3-search-gps,2026-07-30T09:00,2026-07-30T20:00,1589804,https://fr.getaround.com/location-voiture/clichy/citroen-c3-societe-1589804,Citroen C3 Société (2018),2018,Getaround Connect,CITADINE,SEGMENT_RULES,THERMIQUE,False,57.0,,4.64,44,Puteaux,Clichy,Puteaux|Asnières-sur-Seine|Paris 17e,3,34,False,False,,5400,550,13
20260729T110432,A2,v3.3-search-gps,2026-07-30T09:00,2026-07-30T20:00,1802313,https://fr.getaround.com/location-voiture/courbevoie/renault-scenic-1802313,Renault Scenic (2015),2015,Getaround Connect,MONOSPACE,SEGMENT_RULES,THERMIQUE,False,51.0,,4.95,22,Puteaux,Courbevoie,Puteaux|Asnières-sur-Seine|Paris 17e,3,35,False,False,,2490,550,13
20260729T110432,A2,v3.3-search-gps,2026-07-30T09:00,2026-07-30T20:00,1840526,https://fr.getaround.com/location-voiture/paris/mini-cooper-3-portes-1840526,Mini Cooper 3 portes (2014),2014,Getaround Connect,CITADINE,SEGMENT_RULES,THERMIQUE,False,53.0,,4.7,30,Puteaux,Paris,Puteaux|Asnières-sur-Seine|Paris 17e,3,36,False,False,,4300,550,13
20260729T110432,A2,v3.3-search-gps,2026-07-30T09:00,2026-07-30T20:00,1872524,https://fr.getaround.com/location-voiture/courbevoie/volkswagen-tiguan-1872524,Volkswagen Tiguan (2018),2018,Getaround Connect,SUV_FAMILIAL,SEGMENT_RULES,THERMIQUE,False,94.0,,5.0,1,Puteaux,Courbevoie,Puteaux|Asnières-sur-Seine|Paris 17e,3,36,False,False,,3770,550,13
20260729T110432,A2,v3.3-search-gps,2026-07-30T09:00,2026-07-30T20:00,1790194,https://fr.getaround.com/location-voiture/paris/peugeot-107-1790194,Peugeot 107 (2012),2012,Sur rendez-vous,MICRO_CITADINE,SEGMENT_RULES,THERMIQUE,False,60.0,,4.92,12,Puteaux,Paris,Puteaux|Asnières-sur-Seine|Paris 17e,3,36,False,False,,5300,550,13
20260729T110432,A2,v3.3-search-gps,2026-07-30T09:00,2026-07-30T20:00,1479656,https://fr.getaround.com/location-voiture/clichy/renault-clio-1479656,Renault Clio (2023),2023,Getaround Connect,CITADINE,SEGMENT_RULES,THERMIQUE,False,68.0,,4.78,56,Puteaux,Clichy,Puteaux|Asnières-sur-Seine|Paris 17e,3,37,False,False,,5200,550,13
20260729T110432,A2,v3.3-search-gps,2026-07-30T09:00,2026-07-30T20:00,1876233,https://fr.getaround.com/location-voiture/paris/renault-clio-1876233,Renault Clio (2020),2020,Getaround Connect,CITADINE,SEGMENT_RULES,THERMIQUE,False,69.0,,5.0,4,Puteaux,Paris,Puteaux|Asnières-sur-Seine|Paris 17e,3,38,False,False,,5690,550,13
20260729T110432,A2,v3.3-search-gps,2026-07-30T09:00,2026-07-30T20:00,1897276,https://fr.getaround.com/location-voiture/saint-denis/renault-clio-societe-1897276,Renault Clio Société (2017),2017,Getaround Connect,CITADINE,SEGMENT_RULES,THERMIQUE,False,39.0,,5.0,4,Asnières-sur-Seine,Saint Denis,Asnières-sur-Seine|Paris 17e,2,38,False,False,,5080,1001,26
20260729T110432,A2,v3.3-search-gps,2026-07-30T09:00,2026-07-30T20:00,788177,https://fr.getaround.com/location-voiture/nanterre/volkswagen-polo-788177,Volkswagen Polo (2015),2015,Sur rendez-vous,CITADINE,SEGMENT_RULES,THERMIQUE,False,68.0,,4.99,36,Puteaux,Nanterre,Puteaux|Asnières-sur-Seine|Paris 17e,3,39,False,False,,1970,550,13
20260729T110432,A2,v3.3-search-gps,2026-07-30T09:00,2026-07-30T20:00,1717722,https://fr.getaround.com/location-voiture/paris/renault-clio-e-tech-1717722,Renault Clio E-tech (2021),2021,Getaround Connect,CITADINE,SEGMENT_RULES,ELECTRIQUE,False,58.0,,4.52,21,Puteaux,Paris,Puteaux|Asnières-sur-Seine|Paris 17e,3,39,False,False,,6900,550,13
20260729T110432,A2,v3.3-search-gps,2026-07-30T09:00,2026-07-30T20:00,1660563,https://fr.getaround.com/location-voiture/suresnes/peugeot-208-1660563,Peugeot 208 (2018),2018,Getaround Connect,CITADINE,SEGMENT_RULES,THERMIQUE,False,64.0,,4.83,35,Puteaux,Suresnes,Puteaux|Asnières-sur-Seine|Paris 17e,3,40,False,False,,2190,550,13
20260729T110432,A2,v3.3-search-gps,2026-07-30T09:00,2026-07-30T20:00,1787779,https://fr.getaround.com/location-voiture/paris/peugeot-208-1787779,Peugeot 208 (2025),2025,Getaround Connect,CITADINE,SEGMENT_RULES,THERMIQUE,False,73.0,,3.7,10,Puteaux,Paris,Puteaux|Asnières-sur-Seine|Paris 17e,3,40,False,False,,6130,550,13
20260729T110432,A2,v3.3-search-gps,2026-07-30T09:00,2026-07-30T20:00,1573156,https://fr.getaround.com/location-voiture/nanterre/ford-fiesta-1573156,Ford Fiesta (2014),2014,Getaround Connect,CITADINE,SEGMENT_RULES,THERMIQUE,False,49.0,,4.86,75,Puteaux,Nanterre,Puteaux|Asnières-sur-Seine|Paris 17e,3,42,False,False,,4040,550,13
20260729T110432,A2,v3.3-search-gps,2026-07-30T09:00,2026-07-30T20:00,676141,https://fr.getaround.com/location-voiture/paris/renault-clio-676141,Renault Clio (2016),2016,Getaround Connect,CITADINE,SEGMENT_RULES,THERMIQUE,False,49.0,,4.15,180,Puteaux,Paris,Puteaux|Asnières-sur-Seine|Paris 17e,3,42,False,False,,6790,550,13
20260729T110432,A2,v3.3-search-gps,2026-07-30T09:00,2026-07-30T20:00,1658513,https://fr.getaround.com/location-voiture/saint-ouen-sur-seine/renault-clio-1658513,Renault Clio (2018),2018,Getaround Connect,CITADINE,SEGMENT_RULES,THERMIQUE,False,58.0,,4.98,43,Puteaux,Saint Ouen Sur Seine,Puteaux|Asnières-sur-Seine|Paris 17e,3,43,False,False,,7140,550,13
20260729T110432,A2,v3.3-search-gps,2026-07-30T09:00,2026-07-30T20:00,1879290,https://fr.getaround.com/location-voiture/puteaux/mercedes-benz-classe-a-1879290,Mercedes-Benz Classe A (2016),2016,Sur rendez-vous,COMPACTE,SEGMENT_RULES,THERMIQUE,False,98.0,,5.0,6,Puteaux,Puteaux,Puteaux|Asnières-sur-Seine,2,44,False,False,,440,550,13
20260729T110432,A2,v3.3-search-gps,2026-07-30T09:00,2026-07-30T20:00,1804181,https://fr.getaround.com/location-voiture/asnieres-sur-seine/skoda-fabia-1804181,Skoda Fabia (2016),2016,Sur rendez-vous,CITADINE,SEGMENT_RULES,THERMIQUE,False,60.0,,4.0,1,Puteaux,Asnieres Sur Seine,Puteaux|Asnières-sur-Seine,2,44,False,False,,4870,550,13
20260729T110432,A2,v3.3-search-gps,2026-07-30T09:00,2026-07-30T20:00,846345,https://fr.getaround.com/location-voiture/paris/dacia-sandero-846345,Dacia Sandero (2021),2021,Getaround Connect,CITADINE,SEGMENT_RULES,THERMIQUE,False,44.0,,4.2,108,Asnières-sur-Seine,Paris,Asnières-sur-Seine|Paris 17e,2,44,False,False,,5980,1001,26
20260729T110432,A2,v3.3-search-gps,2026-07-30T09:00,2026-07-30T20:00,1650511,https://fr.getaround.com/location-voiture/paris/volkswagen-t-cross-1650511,Volkswagen T-Cross (2024),2024,Getaround Connect,SUV_COMPACT,SEGMENT_RULES,THERMIQUE,False,61.0,,4.7,25,Puteaux,Paris,Puteaux|Asnières-sur-Seine|Paris 17e,3,45,False,False,,5750,550,13
20260729T110432,A2,v3.3-search-gps,2026-07-30T09:00,2026-07-30T20:00,1326860,https://fr.getaround.com/location-voiture/neuilly-sur-seine/renault-megane-1326860,Renault Mégane (2020),2020,Getaround Connect,COMPACTE,SEGMENT_RULES,THERMIQUE,False,64.0,,4.82,47,Puteaux,Neuilly Sur Seine,Puteaux|Asnières-sur-Seine|Paris 17e,3,46,False,False,,3100,550,13
20260729T110432,A2,v3.3-search-gps,2026-07-30T09:00,2026-07-30T20:00,1553938,https://fr.getaround.com/location-voiture/asnieres-sur-seine/fiat-500-lounge-1553938,Fiat 500 Lounge (2013),2013,Sur rendez-vous,CITADINE,SEGMENT_RULES,THERMIQUE,False,81.0,,5.0,3,Asnières-sur-Seine,Asnieres Sur Seine,Asnières-sur-Seine,1,46,False,False,,280,1001,26
20260729T110432,A2,v3.3-search-gps,2026-07-30T09:00,2026-07-30T20:00,1807668,https://fr.getaround.com/location-voiture/courbevoie/peugeot-308-1807668,Peugeot 308 (2017),2017,Getaround Connect,COMPACTE,SEGMENT_RULES,THERMIQUE,False,76.0,,5.0,8,Puteaux,Courbevoie,Puteaux|Asnières-sur-Seine|Paris 17e,3,47,False,False,,1470,550,13
20260729T110432,A2,v3.3-search-gps,2026-07-30T09:00,2026-07-30T20:00,1893707,https://fr.getaround.com/location-voiture/paris/citroen-c3-generation-1893707,Citroen C3 Génération (2017),2017,Getaround Connect,CITADINE,SEGMENT_RULES,THERMIQUE,False,69.0,,,,Puteaux,Paris,Puteaux|Asnières-sur-Seine|Paris 17e,3,47,False,False,,5580,550,13
20260729T110432,A2,v3.3-search-gps,2026-07-30T09:00,2026-07-30T20:00,1253598,https://fr.getaround.com/location-voiture/neuilly-sur-seine/nissan-pixo-1253598,Nissan Pixo (2013),2013,Getaround Connect,MICRO_CITADINE,SEGMENT_RULES,THERMIQUE,False,55.0,,4.77,86,Puteaux,Neuilly Sur Seine,Puteaux|Asnières-sur-Seine|Paris 17e,3,48,False,False,,2430,550,13
20260729T110432,A2,v3.3-search-gps,2026-07-30T09:00,2026-07-30T20:00,1931910,https://fr.getaround.com/location-voiture/la-garenne-colombes/volkswagen-tiguan-1931910,Volkswagen Tiguan (2024),2024,Sur rendez-vous,SUV_FAMILIAL,SEGMENT_RULES,THERMIQUE,False,115.0,,5.0,1,Puteaux,La Garenne Colombes,Puteaux|Asnières-sur-Seine|Paris 17e,3,48,False,False,,3100,550,13
20260729T110432,A2,v3.3-search-gps,2026-07-30T09:00,2026-07-30T20:00,782396,https://fr.getaround.com/location-voiture/levallois-perret/renault-clio-782396,Renault Clio (2011),2011,Getaround Connect,CITADINE,SEGMENT_RULES,THERMIQUE,False,55.0,,4.75,152,Puteaux,Levallois Perret,Puteaux|Asnières-sur-Seine|Paris 17e,3,48,False,False,,3450,550,13
20260729T110432,A2,v3.3-search-gps,2026-07-30T09:00,2026-07-30T20:00,1383571,https://fr.getaround.com/location-voiture/neuilly-sur-seine/renault-megane-1383571,Renault Mégane (2020),2020,Getaround Connect,COMPACTE,SEGMENT_RULES,THERMIQUE,False,70.0,,4.77,70,Puteaux,Neuilly Sur Seine,Puteaux|Asnières-sur-Seine|Paris 17e,3,49,False,False,,2530,550,13
20260729T110432,A2,v3.3-search-gps,2026-07-30T09:00,2026-07-30T20:00,1881941,https://fr.getaround.com/location-voiture/paris/peugeot-2008-1881941,Peugeot 2008 (2026),2026,Getaround Connect,SUV_COMPACT,SEGMENT_RULES,THERMIQUE,False,94.0,,5.0,4,Puteaux,Paris,Puteaux|Asnières-sur-Seine|Paris 17e,3,49,False,False,,6050,550,13
20260729T110432,A2,v3.3-search-gps,2026-07-30T09:00,2026-07-30T20:00,1856299,https://fr.getaround.com/location-voiture/paris/renault-clio-1856299,Renault Clio (2019),2019,Getaround Connect,CITADINE,SEGMENT_RULES,THERMIQUE,False,49.0,,,,Asnières-sur-Seine,Paris,Asnières-sur-Seine|Paris 17e,2,50,False,False,,6040,1001,26
20260729T110432,A2,v3.3-search-gps,2026-07-30T09:00,2026-07-30T20:00,1770446,https://fr.getaround.com/location-voiture/rueil-malmaison/renault-5-e-tech-1770446,Renault 5 E-Tech (2025),2025,Getaround Connect,CITADINE,SEGMENT_RULES,ELECTRIQUE,False,61.0,,3.9,10,Puteaux,Rueil Malmaison,Puteaux|Asnières-sur-Seine,2,51,False,False,,2880,550,13
20260729T110432,A2,v3.3-search-gps,2026-07-30T09:00,2026-07-30T20:00,1865184,https://fr.getaround.com/location-voiture/paris/peugeot-208-1865184,Peugeot 208 (2016),2016,Getaround Connect,CITADINE,SEGMENT_RULES,THERMIQUE,False,59.0,,4.67,12,Puteaux,Paris,Puteaux|Asnières-sur-Seine|Paris 17e,3,51,False,False,,3360,550,13
20260729T110432,A2,v3.3-search-gps,2026-07-30T09:00,2026-07-30T20:00,1510468,https://fr.getaround.com/location-voiture/colombes/opel-grandland-x-1510468,Opel Grandland X (2019),2019,Sur rendez-vous,SUV_FAMILIAL,SEGMENT_RULES,THERMIQUE,False,93.0,,5.0,19,Puteaux,Colombes,Puteaux|Asnières-sur-Seine|Paris 17e,3,51,False,False,,4110,550,13
20260729T110432,A2,v3.3-search-gps,2026-07-30T09:00,2026-07-30T20:00,1139073,https://fr.getaround.com/location-voiture/paris/peugeot-2008-1139073,Peugeot 2008 (2021),2021,Getaround Connect,SUV_COMPACT,SEGMENT_RULES,THERMIQUE,False,76.0,,4.2,81,Puteaux,Paris,Puteaux|Asnières-sur-Seine|Paris 17e,3,52,False,False,,5720,550,13
20260729T110432,A2,v3.3-search-gps,2026-07-30T09:00,2026-07-30T20:00,1387832,https://fr.getaround.com/location-voiture/la-garenne-colombes/renault-clio-1387832,Renault Clio (2014),2014,Getaround Connect,CITADINE,SEGMENT_RULES,THERMIQUE,False,60.0,,4.77,71,Puteaux,La Garenne Colombes,Puteaux|Asnières-sur-Seine|Paris 17e,3,53,False,False,,2730,550,13
20260729T110432,A2,v3.3-search-gps,2026-07-30T09:00,2026-07-30T20:00,693323,https://fr.getaround.com/location-voiture/argenteuil/renault-clio-693323,Renault Clio (2017),2017,Getaround Connect,CITADINE,SEGMENT_RULES,THERMIQUE,False,47.0,,4.29,124,Asnières-sur-Seine,Argenteuil,Asnières-sur-Seine,1,53,False,False,,4600,1001,26
20260729T110432,A2,v3.3-search-gps,2026-07-30T09:00,2026-07-30T20:00,1882593,https://fr.getaround.com/location-voiture/paris/peugeot-208-1882593,Peugeot 208 (2025),2025,Getaround Connect,CITADINE,SEGMENT_RULES,THERMIQUE,False,79.0,,5.0,6,Puteaux,Paris,Puteaux|Asnières-sur-Seine|Paris 17e,3,55,False,False,,6290,550,13
20260729T110432,A2,v3.3-search-gps,2026-07-30T09:00,2026-07-30T20:00,1820551,https://fr.getaround.com/location-voiture/courbevoie/peugeot-208-1820551,Peugeot 208 (2013),2013,Sur rendez-vous,CITADINE,SEGMENT_RULES,THERMIQUE,False,62.0,,4.67,3,Puteaux,Courbevoie,Puteaux|Asnières-sur-Seine,2,56,False,False,,1300,550,13
20260729T110432,A2,v3.3-search-gps,2026-07-30T09:00,2026-07-30T20:00,1631080,https://fr.getaround.com/location-voiture/levallois-perret/renault-twingo-iii-1631080,Renault Twingo III (2017),2017,Getaround Connect,CITADINE,SEGMENT_RULES,THERMIQUE,False,63.0,,4.97,30,Puteaux,Levallois Perret,Puteaux|Asnières-sur-Seine|Paris 17e,3,56,False,False,,3150,550,13
20260729T110432,A2,v3.3-search-gps,2026-07-30T09:00,2026-07-30T20:00,1787785,https://fr.getaround.com/location-voiture/paris/peugeot-208-1787785,Peugeot 208 (2025),2025,Getaround Connect,CITADINE,SEGMENT_RULES,THERMIQUE,False,79.0,,4.57,21,Puteaux,Paris,Puteaux|Asnières-sur-Seine|Paris 17e,3,56,False,False,,6430,550,13
20260729T110432,A2,v3.3-search-gps,2026-07-30T09:00,2026-07-30T20:00,1893886,https://fr.getaround.com/location-voiture/puteaux/volkswagen-passat-1893886,Volkswagen Passat (2013),2013,Sur rendez-vous,BERLINE,SEGMENT_RULES,THERMIQUE,False,76.0,,,,Puteaux,Puteaux,Puteaux,1,57,False,False,,360,550,13
20260729T110432,A2,v3.3-search-gps,2026-07-30T09:00,2026-07-30T20:00,960847,https://fr.getaround.com/location-voiture/levallois-perret/renault-clio-960847,Renault Clio (2014),2014,Getaround Connect,CITADINE,SEGMENT_RULES,THERMIQUE,False,60.0,,4.85,115,Puteaux,Levallois Perret,Puteaux|Asnières-sur-Seine|Paris 17e,3,57,False,False,,3470,550,13
20260729T110432,A2,v3.3-search-gps,2026-07-30T09:00,2026-07-30T20:00,1792383,https://fr.getaround.com/location-voiture/bois-colombes/renault-clio-1792383,Renault Clio (2021),2021,Getaround Connect,CITADINE,SEGMENT_RULES,THERMIQUE,False,125.0,,5.0,14,Puteaux,Bois Colombes,Puteaux|Asnières-sur-Seine,2,57,False,False,,4030,550,13
20260729T110432,A2,v3.3-search-gps,2026-07-30T09:00,2026-07-30T20:00,1650471,https://fr.getaround.com/location-voiture/paris/volkswagen-t-cross-1650471,Volkswagen T-Cross (2024),2024,Getaround Connect,SUV_COMPACT,SEGMENT_RULES,THERMIQUE,False,61.0,,4.76,33,Puteaux,Paris,Puteaux|Asnières-sur-Seine|Paris 17e,3,58,False,False,,5190,550,13
20260729T110432,A2,v3.3-search-gps,2026-07-30T09:00,2026-07-30T20:00,1687044,https://fr.getaround.com/location-voiture/clichy/peugeot-208-1687044,Peugeot 208 (2015),2015,Getaround Connect,CITADINE,SEGMENT_RULES,THERMIQUE,False,60.0,,2.5,2,Puteaux,Clichy,Puteaux|Asnières-sur-Seine|Paris 17e,3,59,False,False,,5430,550,13
20260729T110432,A2,v3.3-search-gps,2026-07-30T09:00,2026-07-30T20:00,1666438,https://fr.getaround.com/location-voiture/paris/peugeot-208-1666438,Peugeot 208 (2025),2025,Getaround Connect,CITADINE,SEGMENT_RULES,THERMIQUE,False,79.0,,4.5,32,Puteaux,Paris,Puteaux|Asnières-sur-Seine|Paris 17e,3,59,False,False,,6280,550,13
20260729T110432,A2,v3.3-search-gps,2026-07-30T09:00,2026-07-30T20:00,1650506,https://fr.getaround.com/location-voiture/paris/volkswagen-t-cross-1650506,Volkswagen T-Cross (2024),2024,Getaround Connect,SUV_COMPACT,SEGMENT_RULES,THERMIQUE,False,61.0,,4.89,44,Puteaux,Paris,Puteaux|Asnières-sur-Seine|Paris 17e,3,60,False,False,,5890,550,13
20260729T110432,A2,v3.3-search-gps,2026-07-30T09:00,2026-07-30T20:00,1452798,https://fr.getaround.com/location-voiture/paris/peugeot-208-1452798,Peugeot 208 (2023),2023,Getaround Connect,CITADINE,SEGMENT_RULES,THERMIQUE,False,68.0,,4.01,53,Puteaux,Paris,Puteaux|Asnières-sur-Seine|Paris 17e,3,61,False,False,,3580,550,13
20260729T110432,A2,v3.3-search-gps,2026-07-30T09:00,2026-07-30T20:00,1713378,https://fr.getaround.com/location-voiture/paris/volkswagen-polo-1713378,Volkswagen Polo (2025),2025,Getaround Connect,CITADINE,SEGMENT_RULES,THERMIQUE,False,85.0,,4.91,11,Puteaux,Paris,Puteaux|Asnières-sur-Seine|Paris 17e,3,62,False,False,,5610,550,13
20260729T110432,A2,v3.3-search-gps,2026-07-30T09:00,2026-07-30T20:00,1621839,https://fr.getaround.com/location-voiture/levallois-perret/peugeot-308-sw-1621839,Peugeot 308 SW (2018),2018,Getaround Connect,BREAK,SEGMENT_RULES,THERMIQUE,False,76.0,,4.7,37,Puteaux,Levallois Perret,Puteaux|Asnières-sur-Seine|Paris 17e,3,63,False,False,,3150,550,13
20260729T110432,A2,v3.3-search-gps,2026-07-30T09:00,2026-07-30T20:00,1935610,https://fr.getaround.com/location-voiture/boulogne-billancourt/renault-twingo-1935610,Renault Twingo (2020),2020,Getaround Connect,CITADINE,SEGMENT_RULES,THERMIQUE,False,39.0,,5.0,1,Puteaux,Boulogne Billancourt,Puteaux|Asnières-sur-Seine|Paris 17e,3,64,False,False,,6260,550,13
20260729T110432,A2,v3.3-search-gps,2026-07-30T09:00,2026-07-30T20:00,1797747,https://fr.getaround.com/location-voiture/asnieres-sur-seine/peugeot-5008-1797747,Peugeot 5008 (2019),2019,Getaround Connect,MONOSPACE,SEGMENT_RULES,THERMIQUE,False,116.0,,4.14,7,Puteaux,Asnieres Sur Seine,Puteaux|Asnières-sur-Seine|Paris 17e,3,64,False,False,,3260,550,13
20260729T110432,A2,v3.3-search-gps,2026-07-30T09:00,2026-07-30T20:00,828093,https://fr.getaround.com/location-voiture/paris/toyota-yaris-hybride-828093,Toyota Yaris Hybride (2021),2021,Getaround Connect,CITADINE,SEGMENT_RULES,HYBRIDE,False,54.0,,4.21,169,Asnières-sur-Seine,Paris,Asnières-sur-Seine|Paris 17e,2,64,False,False,,5990,1001,26
20260729T110432,A2,v3.3-search-gps,2026-07-30T09:00,2026-07-30T20:00,1776748,https://fr.getaround.com/location-voiture/bezons/volkswagen-golf-1776748,Volkswagen Golf (2016),2016,Getaround Connect,COMPACTE,SEGMENT_RULES,THERMIQUE,False,57.0,,4.57,14,Puteaux,Bezons,Puteaux|Asnières-sur-Seine|Paris 17e,3,65,False,False,,4890,550,13
20260729T110432,A2,v3.3-search-gps,2026-07-30T09:00,2026-07-30T20:00,1401103,https://fr.getaround.com/location-voiture/paris/peugeot-2008-1401103,Peugeot 2008 (2023),2023,Getaround Connect,SUV_COMPACT,SEGMENT_RULES,THERMIQUE,False,86.0,,4.67,63,Puteaux,Paris,Puteaux|Asnières-sur-Seine|Paris 17e,3,65,False,False,,4780,550,13
20260729T110432,A2,v3.3-search-gps,2026-07-30T09:00,2026-07-30T20:00,1584797,https://fr.getaround.com/location-voiture/paris/volkswagen-polo-1584797,Volkswagen Polo (2016),2016,Getaround Connect,CITADINE,SEGMENT_RULES,THERMIQUE,False,85.0,,4.43,28,Puteaux,Paris,Puteaux|Asnières-sur-Seine|Paris 17e,3,66,False,False,,6080,550,13
20260729T110432,A2,v3.3-search-gps,2026-07-30T09:00,2026-07-30T20:00,1204492,https://fr.getaround.com/location-voiture/la-garenne-colombes/dacia-spring-1204492,Dacia Spring (2021),2021,Getaround Connect,COMPACTE,SEGMENT_RULES,THERMIQUE,False,55.0,,4.44,77,Puteaux,La Garenne Colombes,Puteaux|Asnières-sur-Seine|Paris 17e,3,67,False,False,,2730,550,13
20260729T110432,A2,v3.3-search-gps,2026-07-30T09:00,2026-07-30T20:00,478983,https://fr.getaround.com/location-voiture/paris/renault-clio-478983,Renault Clio (2019),2019,Getaround Connect,CITADINE,SEGMENT_RULES,THERMIQUE,False,49.0,,4.41,206,Asnières-sur-Seine,Paris,Asnières-sur-Seine|Paris 17e,2,67,False,False,,6400,1001,26
20260729T110432,A2,v3.3-search-gps,2026-07-30T09:00,2026-07-30T20:00,846327,https://fr.getaround.com/location-voiture/paris/volkswagen-polo-846327,Volkswagen Polo (2021),2021,Getaround Connect,CITADINE,SEGMENT_RULES,THERMIQUE,False,54.0,,4.3,148,Asnières-sur-Seine,Paris,Asnières-sur-Seine|Paris 17e,2,68,False,False,,5980,1001,26
20260729T110432,A2,v3.3-search-gps,2026-07-30T09:00,2026-07-30T20:00,1414796,https://fr.getaround.com/location-voiture/la-garenne-colombes/peugeot-2008-1414796,Peugeot 2008 (2020),2020,Getaround Connect,SUV_COMPACT,SEGMENT_RULES,THERMIQUE,False,81.0,,4.92,13,Puteaux,La Garenne Colombes,Puteaux|Paris 17e,2,69,False,False,,2090,550,13
20260729T110432,A2,v3.3-search-gps,2026-07-30T09:00,2026-07-30T20:00,1686548,https://fr.getaround.com/location-voiture/paris/peugeot-2008-1686548,Peugeot 2008 (2021),2021,Getaround Connect,SUV_COMPACT,SEGMENT_RULES,THERMIQUE,False,76.0,,4.11,27,Puteaux,Paris,Puteaux|Asnières-sur-Seine|Paris 17e,3,69,False,False,,6200,550,13
20260729T110432,A2,v3.3-search-gps,2026-07-30T09:00,2026-07-30T20:00,730131,https://fr.getaround.com/location-voiture/boulogne-billancourt/renault-clio-730131,Renault Clio (2018),2018,Getaround Connect,CITADINE,SEGMENT_RULES,THERMIQUE,False,45.0,,4.12,176,Puteaux,Boulogne Billancourt,Puteaux|Asnières-sur-Seine|Paris 17e,3,71,False,False,,4530,550,13
20260729T110432,A2,v3.3-search-gps,2026-07-30T09:00,2026-07-30T20:00,1631655,https://fr.getaround.com/location-voiture/levallois-perret/opel-corsa-1631655,Opel Corsa (2024),2024,Getaround Connect,CITADINE,SEGMENT_RULES,THERMIQUE,False,73.0,,4.66,29,Puteaux,Levallois Perret,Puteaux|Asnières-sur-Seine|Paris 17e,3,71,False,False,,4540,550,13
20260729T110432,A2,v3.3-search-gps,2026-07-30T09:00,2026-07-30T20:00,1713379,https://fr.getaround.com/location-voiture/paris/volkswagen-polo-1713379,Volkswagen Polo (2025),2025,Getaround Connect,CITADINE,SEGMENT_RULES,THERMIQUE,False,91.0,,4.91,11,Puteaux,Paris,Puteaux|Asnières-sur-Seine|Paris 17e,3,72,False,False,,5720,550,13
20260729T110432,A2,v3.3-search-gps,2026-07-30T09:00,2026-07-30T20:00,1338627,https://fr.getaround.com/location-voiture/puteaux/toyota-auris-touring-sports-1338627,Toyota Auris Touring Sports (2018),2018,Sur rendez-vous,BREAK,SEGMENT_RULES,THERMIQUE,False,75.0,,,,Puteaux,Puteaux,Puteaux|Asnières-sur-Seine,2,73,False,False,,660,550,13
20260729T110432,A2,v3.3-search-gps,2026-07-30T09:00,2026-07-30T20:00,1770853,https://fr.getaround.com/location-voiture/colombes/citroen-c4-1770853,Citroen C4 (2014),2014,Sur rendez-vous,COMPACTE,SEGMENT_RULES,THERMIQUE,False,50.0,,5.0,19,Asnières-sur-Seine,Colombes,Asnières-sur-Seine,1,73,False,False,,2730,1001,26
20260729T110432,A2,v3.3-search-gps,2026-07-30T09:00,2026-07-30T20:00,1432562,https://fr.getaround.com/location-voiture/paris/citroen-c3-1432562,Citroen C3 (2023),2023,Getaround Connect,CITADINE,SEGMENT_RULES,THERMIQUE,False,68.0,,4.48,45,Puteaux,Paris,Puteaux|Asnières-sur-Seine|Paris 17e,3,74,False,False,,6630,550,13
20260729T110432,A2,v3.3-search-gps,2026-07-30T09:00,2026-07-30T20:00,1650445,https://fr.getaround.com/location-voiture/paris/volkswagen-t-cross-1650445,Volkswagen T-Cross (2024),2024,Getaround Connect,SUV_COMPACT,SEGMENT_RULES,THERMIQUE,False,80.0,,4.0,32,Puteaux,Paris,Puteaux|Asnières-sur-Seine|Paris 17e,3,75,False,False,,5720,550,13
20260729T110432,A2,v3.3-search-gps,2026-07-30T09:00,2026-07-30T20:00,1555694,https://fr.getaround.com/location-voiture/paris/toyota-corolla-break-hybride-1555694,Toyota Corolla Break Hybride (2020),2020,Getaround Connect,BREAK,SEGMENT_RULES,HYBRIDE,False,64.0,,4.65,33,Asnières-sur-Seine,Paris,Asnières-sur-Seine|Paris 17e,2,75,False,False,,4790,1001,26
20260729T110432,A2,v3.3-search-gps,2026-07-30T09:00,2026-07-30T20:00,1063407,https://fr.getaround.com/location-voiture/paris/volkswagen-polo-1063407,Volkswagen Polo (2016),2016,Getaround Connect,CITADINE,SEGMENT_RULES,THERMIQUE,False,66.0,,4.94,113,Puteaux,Paris,Puteaux|Asnières-sur-Seine|Paris 17e,3,76,False,False,,3830,550,13
20260729T110432,A2,v3.3-search-gps,2026-07-30T09:00,2026-07-30T20:00,1755658,https://fr.getaround.com/location-voiture/paris/peugeot-5008-1755658,Peugeot 5008 (2019),2019,Getaround Connect,MONOSPACE,SEGMENT_RULES,THERMIQUE,False,92.0,,4.37,19,Puteaux,Paris,Puteaux|Asnières-sur-Seine|Paris 17e,3,76,False,False,,5720,550,13
20260729T110432,A2,v3.3-search-gps,2026-07-30T09:00,2026-07-30T20:00,1708040,https://fr.getaround.com/location-voiture/neuilly-sur-seine/renault-captur-1708040,Renault Captur (2019),2019,Getaround Connect,SUV_COMPACT,SEGMENT_RULES,THERMIQUE,False,75.0,,4.91,23,Puteaux,Neuilly Sur Seine,Puteaux|Asnières-sur-Seine|Paris 17e,3,77,False,False,,2640,550,13
20260729T110432,A2,v3.3-search-gps,2026-07-30T09:00,2026-07-30T20:00,1215389,https://fr.getaround.com/location-voiture/paris/renault-megane-estate-1215389,Renault Mégane Estate (2022),2022,Getaround Connect,BREAK,SEGMENT_RULES,THERMIQUE,False,81.0,,4.81,40,Puteaux,Paris,Puteaux|Asnières-sur-Seine|Paris 17e,3,77,False,False,,4040,550,13
20260729T110432,A2,v3.3-search-gps,2026-07-30T09:00,2026-07-30T20:00,1650499,https://fr.getaround.com/location-voiture/paris/volkswagen-t-cross-1650499,Volkswagen T-Cross (2024),2024,Getaround Connect,SUV_COMPACT,SEGMENT_RULES,THERMIQUE,False,61.0,,4.89,37,Asnières-sur-Seine,Paris,Asnières-sur-Seine|Paris 17e,2,77,False,False,,8029,1001,26
20260729T110432,A2,v3.3-search-gps,2026-07-30T09:00,2026-07-30T20:00,1274902,https://fr.getaround.com/location-voiture/paris/renault-clio-1274902,Renault Clio (2023),2023,Getaround Connect,CITADINE,SEGMENT_RULES,THERMIQUE,False,68.0,,4.02,26,Puteaux,Paris,Puteaux|Asnières-sur-Seine|Paris 17e,3,78,False,False,,5130,550,13
20260729T110432,A2,v3.3-search-gps,2026-07-30T09:00,2026-07-30T20:00,658168,https://fr.getaround.com/location-voiture/argenteuil/renault-clio-658168,Renault Clio (2018),2018,Getaround Connect,CITADINE,SEGMENT_RULES,THERMIQUE,False,52.0,,4.37,106,Asnières-sur-Seine,Argenteuil,Asnières-sur-Seine,1,78,False,False,,4600,1001,26
20260729T110432,A2,v3.3-search-gps,2026-07-30T09:00,2026-07-30T20:00,666328,https://fr.getaround.com/location-voiture/rueil-malmaison/fiat-500-666328,Fiat 500 (2012),2012,Getaround Connect,CITADINE,SEGMENT_RULES,THERMIQUE,False,54.0,,4.66,208,Puteaux,Rueil Malmaison,Puteaux|Asnières-sur-Seine,2,79,False,False,,3910,550,13
20260729T110432,A2,v3.3-search-gps,2026-07-30T09:00,2026-07-30T20:00,1442857,https://fr.getaround.com/location-voiture/paris/citroen-c3-1442857,Citroen C3 (2023),2023,Getaround Connect,CITADINE,SEGMENT_RULES,THERMIQUE,False,68.0,,3.86,21,Puteaux,Paris,Puteaux|Asnières-sur-Seine|Paris 17e,3,79,False,False,,5130,550,13
20260729T110432,A2,v3.3-search-gps,2026-07-30T09:00,2026-07-30T20:00,1219231,https://fr.getaround.com/location-voiture/paris/peugeot-208-1219231,Peugeot 208 (2023),2023,Getaround Connect,CITADINE,SEGMENT_RULES,THERMIQUE,False,68.0,,3.82,42,Puteaux,Paris,Puteaux|Asnières-sur-Seine|Paris 17e,3,80,False,False,,3860,550,13
20260729T110432,A2,v3.3-search-gps,2026-07-30T09:00,2026-07-30T20:00,1902651,https://fr.getaround.com/location-voiture/colombes/renault-twingo-iii-1902651,Renault Twingo III (2017),2017,Sur rendez-vous,CITADINE,SEGMENT_RULES,THERMIQUE,False,61.0,,,,Puteaux,Colombes,Puteaux|Asnières-sur-Seine|Paris 17e,3,80,False,False,,4330,550,13
20260729T110432,A2,v3.3-search-gps,2026-07-30T09:00,2026-07-30T20:00,1737221,https://fr.getaround.com/location-voiture/argenteuil/renault-twingo-ii-1737221,Renault Twingo II (2014),2014,Getaround Connect,CITADINE,SEGMENT_RULES,THERMIQUE,False,43.0,,4.76,17,Puteaux,Argenteuil,Puteaux|Asnières-sur-Seine|Paris 17e,3,81,False,False,,6750,550,13
20260729T110432,A2,v3.3-search-gps,2026-07-30T09:00,2026-07-30T20:00,1377553,https://fr.getaround.com/location-voiture/paris/peugeot-2008-1377553,Peugeot 2008 (2023),2023,Getaround Connect,SUV_COMPACT,SEGMENT_RULES,THERMIQUE,False,81.0,,4.14,51,Puteaux,Paris,Puteaux|Asnières-sur-Seine|Paris 17e,3,81,False,False,,5720,550,13
20260729T110432,A2,v3.3-search-gps,2026-07-30T09:00,2026-07-30T20:00,1665240,https://fr.getaround.com/location-voiture/boulogne-billancourt/peugeot-208-1665240,Peugeot 208 (2020),2020,Getaround Connect,CITADINE,SEGMENT_RULES,THERMIQUE,False,45.0,,4.25,36,Puteaux,Boulogne Billancourt,Puteaux|Asnières-sur-Seine|Paris 17e,3,82,False,False,,4560,550,13
20260729T110432,A2,v3.3-search-gps,2026-07-30T09:00,2026-07-30T20:00,1231308,https://fr.getaround.com/location-voiture/paris/peugeot-208-1231308,Peugeot 208 (2023),2023,Getaround Connect,CITADINE,SEGMENT_RULES,THERMIQUE,False,73.0,,3.93,78,Puteaux,Paris,Puteaux|Asnières-sur-Seine|Paris 17e,3,82,False,False,,3480,550,13
20260729T110432,A2,v3.3-search-gps,2026-07-30T09:00,2026-07-30T20:00,1646937,https://fr.getaround.com/location-voiture/nanterre/citroen-c3-1646937,Citroen C3 (2021),2021,Getaround Connect,CITADINE,SEGMENT_RULES,THERMIQUE,False,69.0,,4.51,35,Puteaux,Nanterre,Puteaux|Asnières-sur-Seine,2,83,False,False,,2820,550,13
20260729T110432,A2,v3.3-search-gps,2026-07-30T09:00,2026-07-30T20:00,1002074,https://fr.getaround.com/location-voiture/paris/peugeot-208-1002074,Peugeot 208 (2021),2021,Getaround Connect,CITADINE,SEGMENT_RULES,THERMIQUE,False,50.0,,4.19,113,Puteaux,Paris,Puteaux|Asnières-sur-Seine|Paris 17e,3,83,False,False,,3990,550,13
20260729T110432,A2,v3.3-search-gps,2026-07-30T09:00,2026-07-30T20:00,1056821,https://fr.getaround.com/location-voiture/la-garenne-colombes/fiat-500-c-1056821,Fiat 500 C (2016),2016,Getaround Connect,CABRIOLET,SEGMENT_RULES,THERMIQUE,False,74.0,,4.89,82,Puteaux,La Garenne Colombes,Puteaux|Asnières-sur-Seine|Paris 17e,3,86,False,False,,2730,550,13
20260729T110432,A2,v3.3-search-gps,2026-07-30T09:00,2026-07-30T20:00,1675488,https://fr.getaround.com/location-voiture/paris/peugeot-208-1675488,Peugeot 208 (2025),2025,Getaround Connect,CITADINE,SEGMENT_RULES,THERMIQUE,False,79.0,,4.59,34,Puteaux,Paris,Puteaux|Asnières-sur-Seine|Paris 17e,3,86,False,False,,3580,550,13
20260729T110432,A2,v3.3-search-gps,2026-07-30T09:00,2026-07-30T20:00,1492715,https://fr.getaround.com/location-voiture/saint-denis/renault-clio-1492715,Renault Clio (2021),2021,Getaround Connect,CITADINE,SEGMENT_RULES,THERMIQUE,False,44.0,,4.4,56,Asnières-sur-Seine,Saint Denis,Asnières-sur-Seine|Paris 17e,2,86,False,False,,5520,1001,26
20260729T110432,A2,v3.3-search-gps,2026-07-30T09:00,2026-07-30T20:00,1325437,https://fr.getaround.com/location-voiture/carrieres-sur-seine/peugeot-208-1325437,Peugeot 208 (2023),2023,Getaround Connect,CITADINE,SEGMENT_RULES,THERMIQUE,False,55.0,,4.59,49,Puteaux,Carrieres Sur Seine,Puteaux|Asnières-sur-Seine,2,87,False,False,,5150,550,13
20260729T110432,A2,v3.3-search-gps,2026-07-30T09:00,2026-07-30T20:00,1888798,https://fr.getaround.com/location-voiture/paris/volvo-xc40-recharge-1888798,Volvo XC40 Recharge (2022),2022,Sur rendez-vous,SUV_FAMILIAL,SEGMENT_RULES,THERMIQUE,False,132.0,,5.0,2,Puteaux,Paris,Puteaux|Asnières-sur-Seine|Paris 17e,3,87,False,False,,6760,550,13
20260729T110432,A2,v3.3-search-gps,2026-07-30T09:00,2026-07-30T20:00,711416,https://fr.getaround.com/location-voiture/paris/peugeot-2008-711416,Peugeot 2008 (2019),2019,Getaround Connect,SUV_COMPACT,SEGMENT_RULES,THERMIQUE,False,54.0,,4.0,45,Asnières-sur-Seine,Paris,Asnières-sur-Seine|Paris 17e,2,87,False,False,,5990,1001,26
20260729T110432,A2,v3.3-search-gps,2026-07-30T09:00,2026-07-30T20:00,1253213,https://fr.getaround.com/location-voiture/houilles/peugeot-208-1253213,Peugeot 208 (2023),2023,Getaround Connect,CITADINE,SEGMENT_RULES,THERMIQUE,False,58.0,,4.72,46,Puteaux,Houilles,Puteaux|Asnières-sur-Seine,2,88,False,False,,5590,550,13
20260729T110432,A2,v3.3-search-gps,2026-07-30T09:00,2026-07-30T20:00,1691386,https://fr.getaround.com/location-voiture/paris/peugeot-208-1691386,Peugeot 208 (2025),2025,Getaround Connect,CITADINE,SEGMENT_RULES,THERMIQUE,False,73.0,,3.14,7,Puteaux,Paris,Puteaux|Asnières-sur-Seine|Paris 17e,3,88,False,False,,3480,550,13
20260729T110432,A2,v3.3-search-gps,2026-07-30T09:00,2026-07-30T20:00,1917357,https://fr.getaround.com/location-voiture/rueil-malmaison/peugeot-208-1917357,Peugeot 208 (2015),2015,Getaround Connect,CITADINE,SEGMENT_RULES,THERMIQUE,False,59.0,,5.0,5,Puteaux,Rueil Malmaison,Puteaux|Asnières-sur-Seine,2,89,False,False,,3170,550,13
20260729T110432,A2,v3.3-search-gps,2026-07-30T09:00,2026-07-30T20:00,1681662,https://fr.getaround.com/location-voiture/paris/peugeot-208-1681662,Peugeot 208 (2020),2020,Getaround Connect,CITADINE,SEGMENT_RULES,THERMIQUE,False,52.0,,4.03,32,Asnières-sur-Seine,Paris,Asnières-sur-Seine|Paris 17e,2,89,False,False,,5320,1001,26
20260729T110432,A2,v3.3-search-gps,2026-07-30T09:00,2026-07-30T20:00,787195,https://fr.getaround.com/location-voiture/paris/renault-clio-e-tech-787195,Renault Clio E-tech (2020),2020,Getaround Connect,CITADINE,SEGMENT_RULES,ELECTRIQUE,False,47.0,,4.07,116,Puteaux,Paris,Puteaux|Asnières-sur-Seine|Paris 17e,3,90,False,False,,5190,550,13
20260729T110432,A2,v3.3-search-gps,2026-07-30T09:00,2026-07-30T20:00,1641140,https://fr.getaround.com/location-voiture/rueil-malmaison/volkswagen-golf-1641140,Volkswagen Golf (2014),2014,Getaround Connect,COMPACTE,SEGMENT_RULES,THERMIQUE,False,70.0,,4.92,65,Puteaux,Rueil Malmaison,Puteaux|Asnières-sur-Seine,2,92,False,False,,5030,550,13
20260729T110432,A2,v3.3-search-gps,2026-07-30T09:00,2026-07-30T20:00,1845844,https://fr.getaround.com/location-voiture/suresnes/hyundai-kona-electric-1845844,Hyundai Kona Electric (2020),2020,Getaround Connect,SUV_COMPACT,SEGMENT_RULES,ELECTRIQUE,False,67.0,,4.5,8,Puteaux,Suresnes,Puteaux|Asnières-sur-Seine|Paris 17e,3,93,False,False,,2560,550,13
20260729T110432,A2,v3.3-search-gps,2026-07-30T09:00,2026-07-30T20:00,1900604,https://fr.getaround.com/location-voiture/paris/peugeot-2008-1900604,Peugeot 2008 (2022),2022,Getaround Connect,SUV_COMPACT,SEGMENT_RULES,THERMIQUE,False,58.0,,,,Asnières-sur-Seine,Paris,Asnières-sur-Seine|Paris 17e,2,93,False,False,,7470,1001,26
20260729T110432,A2,v3.3-search-gps,2026-07-30T09:00,2026-07-30T20:00,1557141,https://fr.getaround.com/location-voiture/paris/peugeot-208-1557141,Peugeot 208 (2023),2023,Getaround Connect,CITADINE,SEGMENT_RULES,THERMIQUE,False,47.0,,4.72,9,Puteaux,Paris,Puteaux|Asnières-sur-Seine|Paris 17e,3,94,False,False,,5190,550,13
20260729T110432,A2,v3.3-search-gps,2026-07-30T09:00,2026-07-30T20:00,1145798,https://fr.getaround.com/location-voiture/asnieres-sur-seine/citroen-c4-cactus-1145798,Citroen C4 Cactus (2019),2019,Sur rendez-vous,COMPACTE,SEGMENT_RULES,THERMIQUE,False,125.0,,5.0,8,Asnières-sur-Seine,Asnieres Sur Seine,Asnières-sur-Seine,1,94,False,False,,630,1001,26
20260729T110432,A2,v3.3-search-gps,2026-07-30T09:00,2026-07-30T20:00,1718489,https://fr.getaround.com/location-voiture/suresnes/citroen-c3-1718489,Citroen C3 (2017),2017,Getaround Connect,CITADINE,SEGMENT_RULES,THERMIQUE,False,64.0,,4.64,22,Puteaux,Suresnes,Puteaux|Asnières-sur-Seine,2,95,False,False,,2680,550,13
20260729T110432,A2,v3.3-search-gps,2026-07-30T09:00,2026-07-30T20:00,1926929,https://fr.getaround.com/location-voiture/la-garenne-colombes/citroen-berlingo-multispace-1926929,Citroen Berlingo Multispace (2018),2018,Getaround Connect,MONOSPACE,SEGMENT_RULES,THERMIQUE,False,78.0,,5.0,1,Puteaux,La Garenne Colombes,Puteaux|Asnières-sur-Seine|Paris 17e,3,95,False,False,,2990,550,13
20260729T110432,A2,v3.3-search-gps,2026-07-30T09:00,2026-07-30T20:00,1608625,https://fr.getaround.com/location-voiture/paris/toyota-yaris-hybride-1608625,Toyota Yaris Hybride (2024),2024,Getaround Connect,CITADINE,SEGMENT_RULES,HYBRIDE,False,77.0,,5.0,24,Puteaux,Paris,Puteaux|Asnières-sur-Seine|Paris 17e,3,95,False,False,,6500,550,13
20260729T110432,A2,v3.3-search-gps,2026-07-30T09:00,2026-07-30T20:00,1687875,https://fr.getaround.com/location-voiture/colombes/peugeot-5008-1687875,Peugeot 5008 (2019),2019,Sur rendez-vous,MONOSPACE,SEGMENT_RULES,THERMIQUE,False,127.0,,5.0,14,Puteaux,Colombes,Puteaux|Asnières-sur-Seine|Paris 17e,3,96,False,False,,3590,550,13
20260729T110432,A2,v3.3-search-gps,2026-07-30T09:00,2026-07-30T20:00,1911327,https://fr.getaround.com/location-voiture/paris/citroen-c4-grand-spacetourer-1911327,Citroen C4 Grand Spacetourer (2022),2022,Getaround Connect,COMPACTE,SEGMENT_RULES,THERMIQUE,False,92.0,,,,Puteaux,Paris,Puteaux|Asnières-sur-Seine|Paris 17e,3,96,False,False,,5720,550,13
20260729T110432,A2,v3.3-search-gps,2026-07-30T09:00,2026-07-30T20:00,985204,https://fr.getaround.com/location-voiture/paris/renault-clio-985204,Renault Clio (2021),2021,Getaround Connect,CITADINE,SEGMENT_RULES,THERMIQUE,False,52.0,,4.36,105,Asnières-sur-Seine,Paris,Asnières-sur-Seine|Paris 17e,2,97,False,False,,6840,1001,26
20260729T110432,A2,v3.3-search-gps,2026-07-30T09:00,2026-07-30T20:00,1272472,https://fr.getaround.com/location-voiture/bois-colombes/toyota-yaris-hybride-1272472,Toyota Yaris Hybride (2018),2018,Getaround Connect,CITADINE,SEGMENT_RULES,HYBRIDE,False,88.0,,4.96,83,Puteaux,Bois Colombes,Puteaux|Asnières-sur-Seine,2,98,False,False,,3470,550,13
20260729T110432,A2,v3.3-search-gps,2026-07-30T09:00,2026-07-30T20:00,1708981,https://fr.getaround.com/location-voiture/paris/peugeot-3008-1708981,Peugeot 3008 (2020),2020,Getaround Connect,SUV_FAMILIAL,SEGMENT_RULES,THERMIQUE,False,67.0,,4.78,27,Puteaux,Paris,Puteaux|Asnières-sur-Seine|Paris 17e,3,99,False,False,,5190,550,13
20260729T110432,A2,v3.3-search-gps,2026-07-30T09:00,2026-07-30T20:00,1907868,https://fr.getaround.com/location-voiture/neuilly-sur-seine/renault-arkana-evolution-1907868,Renault Arkana Evolution (2022),2022,Getaround Connect,COMPACTE,SEGMENT_RULES,THERMIQUE,False,92.0,,,,Puteaux,Neuilly Sur Seine,Puteaux|Asnières-sur-Seine|Paris 17e,3,99,False,False,,3170,550,13
20260729T110432,A2,v3.3-search-gps,2026-07-30T09:00,2026-07-30T20:00,1794322,https://fr.getaround.com/location-voiture/ermont/peugeot-208-1794322,Peugeot 208 (2019),2019,Getaround Connect,CITADINE,SEGMENT_RULES,THERMIQUE,False,45.0,,4.68,25,Asnières-sur-Seine,Ermont,Asnières-sur-Seine,1,100,False,False,,7690,1001,26
20260729T110432,A2,v3.3-search-gps,2026-07-30T09:00,2026-07-30T20:00,783686,https://fr.getaround.com/location-voiture/paris/renault-clio-783686,Renault Clio (2017),2017,Getaround Connect,CITADINE,SEGMENT_RULES,THERMIQUE,False,52.0,,4.25,133,Asnières-sur-Seine,Paris,Asnières-sur-Seine|Paris 17e,2,101,False,False,,5320,1001,26
20260729T110432,A2,v3.3-search-gps,2026-07-30T09:00,2026-07-30T20:00,1915481,https://fr.getaround.com/location-voiture/nanterre/peugeot-308-1915481,Peugeot 308 (2018),2018,Getaround Connect,COMPACTE,SEGMENT_RULES,THERMIQUE,False,99.0,,5.0,2,Puteaux,Nanterre,Puteaux|Asnières-sur-Seine,2,102,False,False,,1550,550,13
20260729T110432,A2,v3.3-search-gps,2026-07-30T09:00,2026-07-30T20:00,1648271,https://fr.getaround.com/location-voiture/soisy-sous-montmorency/renault-clio-rs-line-1648271,Renault Clio RS Line (2022),2022,Getaround Connect,CITADINE,SEGMENT_RULES,THERMIQUE,False,74.0,,5.0,26,Asnières-sur-Seine,Soisy Sous Montmorency,Asnières-sur-Seine,1,102,False,False,,6930,1001,26
20260729T110432,A2,v3.3-search-gps,2026-07-30T09:00,2026-07-30T20:00,1442836,https://fr.getaround.com/location-voiture/paris/citroen-c3-1442836,Citroen C3 (2023),2023,Getaround Connect,CITADINE,SEGMENT_RULES,THERMIQUE,False,68.0,,4.84,55,Asnières-sur-Seine,Paris,Asnières-sur-Seine|Paris 17e,2,102,False,False,,4660,1001,26
20260729T110432,A2,v3.3-search-gps,2026-07-30T09:00,2026-07-30T20:00,1357432,https://fr.getaround.com/location-voiture/levallois-perret/peugeot-2008-1357432,Peugeot 2008 (2023),2023,Getaround Connect,SUV_COMPACT,SEGMENT_RULES,THERMIQUE,False,80.0,,4.4,68,Puteaux,Levallois Perret,Puteaux|Asnières-sur-Seine|Paris 17e,3,103,False,False,,4540,550,13
20260729T110432,A2,v3.3-search-gps,2026-07-30T09:00,2026-07-30T20:00,1862324,https://fr.getaround.com/location-voiture/levallois-perret/skoda-kodiaq-1862324,Skoda Kodiaq (2026),2026,Sur rendez-vous,SUV_FAMILIAL,SEGMENT_RULES,THERMIQUE,False,113.0,,5.0,1,Asnières-sur-Seine,Levallois Perret,Asnières-sur-Seine,1,103,False,False,,2310,1001,26
20260729T110432,A2,v3.3-search-gps,2026-07-30T09:00,2026-07-30T20:00,1438150,https://fr.getaround.com/location-voiture/paris/renault-clio-1438150,Renault Clio (2024),2024,Getaround Connect,CITADINE,SEGMENT_RULES,THERMIQUE,False,68.0,,4.0,21,Puteaux,Paris,Puteaux|Asnières-sur-Seine|Paris 17e,3,105,False,False,,7060,550,13
20260729T110432,A2,v3.3-search-gps,2026-07-30T09:00,2026-07-30T20:00,1921213,https://fr.getaround.com/location-voiture/paris/peugeot-208-1921213,Peugeot 208 (2026),2026,Getaround Connect,CITADINE,SEGMENT_RULES,THERMIQUE,False,63.0,,,,Puteaux,Paris,Puteaux|Asnières-sur-Seine|Paris 17e,3,106,False,False,,7210,550,13
20260729T110432,A2,v3.3-search-gps,2026-07-30T09:00,2026-07-30T20:00,1823084,https://fr.getaround.com/location-voiture/rueil-malmaison/peugeot-208-1823084,Peugeot 208 (2016),2016,Getaround Connect,CITADINE,SEGMENT_RULES,THERMIQUE,False,59.0,,5.0,15,Puteaux,Rueil Malmaison,Puteaux|Asnières-sur-Seine,2,107,False,False,,4200,550,13
20260729T110432,A2,v3.3-search-gps,2026-07-30T09:00,2026-07-30T20:00,1681663,https://fr.getaround.com/location-voiture/saint-denis/peugeot-208-1681663,Peugeot 208 (2020),2020,Getaround Connect,CITADINE,SEGMENT_RULES,THERMIQUE,False,44.0,,4.33,36,Asnières-sur-Seine,Saint Denis,Asnières-sur-Seine|Paris 17e,2,107,False,False,,5540,1001,26
20260729T110432,A2,v3.3-search-gps,2026-07-30T09:00,2026-07-30T20:00,1925584,https://fr.getaround.com/location-voiture/nanterre/land-rover-range-rover-evoque-1925584,Land-Rover Range Rover Evoque (2015),2015,Sur rendez-vous,SUV_FAMILIAL,SEGMENT_RULES,THERMIQUE,False,115.0,,5.0,2,Puteaux,Nanterre,Puteaux|Asnières-sur-Seine,2,108,False,False,,2510,550,13
20260729T110432,A2,v3.3-search-gps,2026-07-30T09:00,2026-07-30T20:00,1409654,https://fr.getaround.com/location-voiture/levallois-perret/citroen-c4-1409654,Citroen C4 (2015),2015,Getaround Connect,COMPACTE,SEGMENT_RULES,THERMIQUE,False,66.0,,4.33,52,Puteaux,Levallois Perret,Puteaux|Asnières-sur-Seine|Paris 17e,3,108,False,False,,3150,550,13
20260729T110432,A2,v3.3-search-gps,2026-07-30T09:00,2026-07-30T20:00,1452801,https://fr.getaround.com/location-voiture/paris/peugeot-208-1452801,Peugeot 208 (2023),2023,Getaround Connect,CITADINE,SEGMENT_RULES,THERMIQUE,False,68.0,,4.56,41,Puteaux,Paris,Puteaux|Asnières-sur-Seine|Paris 17e,3,108,False,False,,7220,550,13
20260729T110432,A2,v3.3-search-gps,2026-07-30T09:00,2026-07-30T20:00,1658296,https://fr.getaround.com/location-voiture/paris/bmw-serie-1-1658296,BMW Série 1 (2025),2025,Getaround Connect,COMPACTE,SEGMENT_RULES,THERMIQUE,False,93.0,,4.32,22,Puteaux,Paris,Puteaux|Asnières-sur-Seine|Paris 17e,3,109,False,False,,6900,550,13
20260729T110432,A2,v3.3-search-gps,2026-07-30T09:00,2026-07-30T20:00,1650526,https://fr.getaround.com/location-voiture/paris/volkswagen-t-cross-1650526,Volkswagen T-Cross (2024),2024,Getaround Connect,SUV_COMPACT,SEGMENT_RULES,THERMIQUE,False,61.0,,4.68,38,Puteaux,Paris,Puteaux|Asnières-sur-Seine|Paris 17e,3,110,False,False,,7260,550,13
20260729T110432,A2,v3.3-search-gps,2026-07-30T09:00,2026-07-30T20:00,1191742,https://fr.getaround.com/location-voiture/paris/renault-clio-1191742,Renault Clio (2020),2020,Getaround Connect,CITADINE,SEGMENT_RULES,THERMIQUE,False,49.0,,4.71,58,Asnières-sur-Seine,Paris,Asnières-sur-Seine|Paris 17e,2,110,False,False,,7610,1001,26
20260729T110432,A2,v3.3-search-gps,2026-07-30T09:00,2026-07-30T20:00,1613045,https://fr.getaround.com/location-voiture/puteaux/toyota-corolla-break-hybride-1613045,Toyota Corolla Break Hybride (2020),2020,Sur rendez-vous,BREAK,SEGMENT_RULES,HYBRIDE,False,75.0,,,,Puteaux,Puteaux,Puteaux|Asnières-sur-Seine,2,111,False,False,,660,550,13
20260729T110432,A2,v3.3-search-gps,2026-07-30T09:00,2026-07-30T20:00,1650452,https://fr.getaround.com/location-voiture/paris/volkswagen-t-cross-1650452,Volkswagen T-Cross (2024),2024,Getaround Connect,SUV_COMPACT,SEGMENT_RULES,THERMIQUE,False,80.0,,3.3,23,Puteaux,Paris,Puteaux|Asnières-sur-Seine|Paris 17e,3,111,False,False,,5720,550,13
20260729T110432,A2,v3.3-search-gps,2026-07-30T09:00,2026-07-30T20:00,1579019,https://fr.getaround.com/location-voiture/paris/renault-clio-e-tech-1579019,Renault Clio E-tech (2020),2020,Getaround Connect,CITADINE,SEGMENT_RULES,ELECTRIQUE,False,58.0,,4.75,63,Asnières-sur-Seine,Paris,Asnières-sur-Seine|Paris 17e,2,111,False,False,,7610,1001,26
20260729T110432,A2,v3.3-search-gps,2026-07-30T09:00,2026-07-30T20:00,1769823,https://fr.getaround.com/location-voiture/paris/renault-clio-e-tech-1769823,Renault Clio E-tech (2022),2022,Getaround Connect,CITADINE,SEGMENT_RULES,ELECTRIQUE,False,58.0,,4.76,29,Asnières-sur-Seine,Paris,Asnières-sur-Seine|Paris 17e,2,112,False,False,,8029,1001,26
20260729T110432,A2,v3.3-search-gps,2026-07-30T09:00,2026-07-30T20:00,1864703,https://fr.getaround.com/location-voiture/paris/renault-twingo-iii-1864703,Renault Twingo III (2017),2017,Getaround Connect,CITADINE,SEGMENT_RULES,THERMIQUE,False,48.0,,5.0,2,Paris 17e,Paris,Paris 17e,1,112,False,False,,3870,889,50
20260729T110432,A2,v3.3-search-gps,2026-07-30T09:00,2026-07-30T20:00,823374,https://fr.getaround.com/location-voiture/boulogne-billancourt/renault-clio-e-tech-823374,Renault Clio E-tech (2021),2021,Getaround Connect,CITADINE,SEGMENT_RULES,ELECTRIQUE,False,47.0,,4.03,118,Puteaux,Boulogne Billancourt,Puteaux|Asnières-sur-Seine|Paris 17e,3,113,False,False,,5890,550,13
20260729T110432,A2,v3.3-search-gps,2026-07-30T09:00,2026-07-30T20:00,1569930,https://fr.getaround.com/location-voiture/paris/renault-twingo-1569930,Renault Twingo (2019),2019,Sur rendez-vous,CITADINE,SEGMENT_RULES,THERMIQUE,False,80.0,,5.0,4,Puteaux,Paris,Puteaux|Asnières-sur-Seine|Paris 17e,3,113,False,False,,4920,550,13
20260729T110432,A2,v3.3-search-gps,2026-07-30T09:00,2026-07-30T20:00,1105416,https://fr.getaround.com/location-voiture/paris/renault-zoe-1105416,Renault ZOE (2020),2020,Getaround Connect,CITADINE,SEGMENT_RULES,ELECTRIQUE,False,78.0,,4.65,57,Puteaux,Paris,Puteaux|Asnières-sur-Seine|Paris 17e,3,114,False,False,,6170,550,13
20260729T110432,A2,v3.3-search-gps,2026-07-30T09:00,2026-07-30T20:00,1721439,https://fr.getaround.com/location-voiture/paris/renault-megane-1721439,Renault Mégane (2019),2019,Getaround Connect,COMPACTE,SEGMENT_RULES,THERMIQUE,False,74.0,,4.68,19,Puteaux,Paris,Puteaux|Asnières-sur-Seine|Paris 17e,3,116,False,False,,3390,550,13
20260729T110432,A2,v3.3-search-gps,2026-07-30T09:00,2026-07-30T20:00,845062,https://fr.getaround.com/location-voiture/paris/renault-clio-845062,Renault Clio (2019),2019,Getaround Connect,CITADINE,SEGMENT_RULES,THERMIQUE,False,52.0,,4.03,144,Asnières-sur-Seine,Paris,Asnières-sur-Seine|Paris 17e,2,116,False,False,,5540,1001,26
20260729T110432,A2,v3.3-search-gps,2026-07-30T09:00,2026-07-30T20:00,828092,https://fr.getaround.com/location-voiture/boulogne-billancourt/toyota-yaris-hybride-828092,Toyota Yaris Hybride (2021),2021,Getaround Connect,CITADINE,SEGMENT_RULES,HYBRIDE,False,47.0,,4.51,77,Puteaux,Boulogne Billancourt,Puteaux|Asnières-sur-Seine|Paris 17e,3,117,False,False,,6050,550,13
20260729T110432,A2,v3.3-search-gps,2026-07-30T09:00,2026-07-30T20:00,1766443,https://fr.getaround.com/location-voiture/sannois/renault-twingo-iii-1766443,Renault Twingo III (2016),2016,Getaround Connect,CITADINE,SEGMENT_RULES,THERMIQUE,False,47.0,,4.95,21,Asnières-sur-Seine,Sannois,Asnières-sur-Seine,1,117,False,False,,7950,1001,26
20260729T110432,A2,v3.3-search-gps,2026-07-30T09:00,2026-07-30T20:00,1664955,https://fr.getaround.com/location-voiture/paris/renault-captur-1664955,Renault Captur (2024),2024,Getaround Connect,SUV_COMPACT,SEGMENT_RULES,THERMIQUE,False,70.0,,3.64,25,Asnières-sur-Seine,Paris,Asnières-sur-Seine|Paris 17e,2,117,False,False,,5480,1001,26
20260729T110432,A2,v3.3-search-gps,2026-07-30T09:00,2026-07-30T20:00,1007377,https://fr.getaround.com/location-voiture/paris/citroen-c3-1007377,Citroen C3 (2022),2022,Getaround Connect,CITADINE,SEGMENT_RULES,THERMIQUE,False,52.0,,3.91,76,Puteaux,Paris,Puteaux|Asnières-sur-Seine|Paris 17e,3,118,False,False,,7200,550,13
20260729T110432,A2,v3.3-search-gps,2026-07-30T09:00,2026-07-30T20:00,1839703,https://fr.getaround.com/location-voiture/paris/renault-zoe-1839703,Renault ZOE (2020),2020,Getaround Connect,CITADINE,SEGMENT_RULES,ELECTRIQUE,False,52.0,,4.79,14,Puteaux,Paris,Puteaux|Paris 17e,2,119,False,False,,5510,550,13
20260729T110432,A2,v3.3-search-gps,2026-07-30T09:00,2026-07-30T20:00,558456,https://fr.getaround.com/location-voiture/nanterre/citroen-c3-558456,Citroen C3 (2015),2015,Sur rendez-vous,CITADINE,SEGMENT_RULES,THERMIQUE,False,60.0,,4.72,99,Puteaux,Nanterre,Puteaux|Asnières-sur-Seine,2,120,False,False,,2100,550,13
20260729T110432,A2,v3.3-search-gps,2026-07-30T09:00,2026-07-30T20:00,1746942,https://fr.getaround.com/location-voiture/eaubonne/citroen-c3-1746942,Citroen C3 (2014),2014,Getaround Connect,CITADINE,SEGMENT_RULES,THERMIQUE,False,42.0,,4.65,26,Asnières-sur-Seine,Eaubonne,Asnières-sur-Seine,1,120,False,False,,7330,1001,26
20260729T110432,A2,v3.3-search-gps,2026-07-30T09:00,2026-07-30T20:00,1752835,https://fr.getaround.com/location-voiture/paris/citroen-c3-1752835,Citroen C3 (2019),2019,Getaround Connect,CITADINE,SEGMENT_RULES,THERMIQUE,False,49.0,,4.11,18,Asnières-sur-Seine,Paris,Asnières-sur-Seine|Paris 17e,2,121,False,False,,7330,1001,26
20260729T110432,A2,v3.3-search-gps,2026-07-30T09:00,2026-07-30T20:00,1763978,https://fr.getaround.com/location-voiture/colombes/toyota-yaris-hybride-1763978,Toyota Yaris Hybride (2019),2019,Getaround Connect,CITADINE,SEGMENT_RULES,HYBRIDE,False,83.0,,5.0,31,Puteaux,Colombes,Puteaux|Asnières-sur-Seine,2,122,False,False,,2810,550,13
20260729T110432,A2,v3.3-search-gps,2026-07-30T09:00,2026-07-30T20:00,1159197,https://fr.getaround.com/location-voiture/paris/citroen-c3-1159197,Citroen C3 (2020),2020,Getaround Connect,CITADINE,SEGMENT_RULES,THERMIQUE,False,52.0,,3.49,67,Puteaux,Paris,Puteaux|Asnières-sur-Seine|Paris 17e,3,123,False,False,,5580,550,13
20260729T110432,A2,v3.3-search-gps,2026-07-30T09:00,2026-07-30T20:00,1927205,https://fr.getaround.com/location-voiture/gennevilliers/renault-captur-1927205,Renault Captur (2015),2015,Sur rendez-vous,SUV_COMPACT,SEGMENT_RULES,THERMIQUE,False,65.0,,5.0,1,Puteaux,Gennevilliers,Puteaux|Asnières-sur-Seine,2,123,False,False,,6400,550,13
20260729T110432,A2,v3.3-search-gps,2026-07-30T09:00,2026-07-30T20:00,1911418,https://fr.getaround.com/location-voiture/sannois/renault-twingo-iii-1911418,Renault Twingo III (2018),2018,Getaround Connect,CITADINE,SEGMENT_RULES,THERMIQUE,False,45.0,,5.0,2,Asnières-sur-Seine,Sannois,Asnières-sur-Seine,1,124,False,False,,7940,1001,26
20260729T110432,A2,v3.3-search-gps,2026-07-30T09:00,2026-07-30T20:00,1031523,https://fr.getaround.com/location-voiture/paris/fiat-500-1031523,Fiat 500 (2019),2019,Getaround Connect,CITADINE,SEGMENT_RULES,THERMIQUE,False,63.0,,4.98,208,Puteaux,Paris,Puteaux|Asnières-sur-Seine|Paris 17e,3,125,False,False,,4700,550,13
20260729T110432,A2,v3.3-search-gps,2026-07-30T09:00,2026-07-30T20:00,1166984,https://fr.getaround.com/location-voiture/paris/renault-clio-1166984,Renault Clio (2019),2019,Getaround Connect,CITADINE,SEGMENT_RULES,THERMIQUE,False,49.0,,4.62,79,Asnières-sur-Seine,Paris,Asnières-sur-Seine|Paris 17e,2,125,False,False,,8130,1001,26
20260729T110432,A2,v3.3-search-gps,2026-07-30T09:00,2026-07-30T20:00,1650443,https://fr.getaround.com/location-voiture/paris/volkswagen-t-cross-1650443,Volkswagen T-Cross (2024),2024,Getaround Connect,SUV_COMPACT,SEGMENT_RULES,THERMIQUE,False,80.0,,4.57,35,Puteaux,Paris,Puteaux|Asnières-sur-Seine|Paris 17e,3,127,False,False,,3930,550,13
20260729T110432,A2,v3.3-search-gps,2026-07-30T09:00,2026-07-30T20:00,1539169,https://fr.getaround.com/location-voiture/paris/peugeot-208-gt-line-1539169,Peugeot 208 GT Line (2020),2020,Getaround Connect,CITADINE,SEGMENT_RULES,THERMIQUE,False,57.0,,4.76,161,Puteaux,Paris,Puteaux|Asnières-sur-Seine|Paris 17e,3,127,False,False,,7670,550,13
20260729T110432,A2,v3.3-search-gps,2026-07-30T09:00,2026-07-30T20:00,1650510,https://fr.getaround.com/location-voiture/paris/volkswagen-t-cross-1650510,Volkswagen T-Cross (2024),2024,Getaround Connect,SUV_COMPACT,SEGMENT_RULES,THERMIQUE,False,80.0,,4.38,26,Puteaux,Paris,Puteaux|Asnières-sur-Seine|Paris 17e,3,128,False,False,,7200,550,13
20260729T110432,A2,v3.3-search-gps,2026-07-30T09:00,2026-07-30T20:00,1802217,https://fr.getaround.com/location-voiture/paris/renault-clio-1802217,Renault Clio (2021),2021,Getaround Connect,CITADINE,SEGMENT_RULES,THERMIQUE,False,49.0,,4.73,15,Asnières-sur-Seine,Paris,Asnières-sur-Seine|Paris 17e,2,128,False,False,,7590,1001,26
20260729T110432,A2,v3.3-search-gps,2026-07-30T09:00,2026-07-30T20:00,1784306,https://fr.getaround.com/location-voiture/paris/renault-clio-1784306,Renault Clio (2017),2017,Getaround Connect,CITADINE,SEGMENT_RULES,THERMIQUE,False,44.0,,4.44,16,Asnières-sur-Seine,Paris,Asnières-sur-Seine|Paris 17e,2,130,False,False,,7610,1001,26
20260729T110432,A2,v3.3-search-gps,2026-07-30T09:00,2026-07-30T20:00,1881904,https://fr.getaround.com/location-voiture/paris/peugeot-2008-1881904,Peugeot 2008 (2026),2026,Getaround Connect,SUV_COMPACT,SEGMENT_RULES,THERMIQUE,False,94.0,,5.0,5,Puteaux,Paris,Puteaux|Asnières-sur-Seine|Paris 17e,3,131,False,False,,6500,550,13
20260729T110432,A2,v3.3-search-gps,2026-07-30T09:00,2026-07-30T20:00,1804473,https://fr.getaround.com/location-voiture/colombes/ford-fiesta-1804473,Ford Fiesta (2019),2019,Sur rendez-vous,CITADINE,SEGMENT_RULES,THERMIQUE,False,41.0,,4.0,4,Puteaux,Colombes,Puteaux|Asnières-sur-Seine,2,131,False,False,,5360,550,13
20260729T110432,A2,v3.3-search-gps,2026-07-30T09:00,2026-07-30T20:00,1932353,https://fr.getaround.com/location-voiture/rueil-malmaison/peugeot-208-1932353,Peugeot 208 (2019),2019,Getaround Connect,CITADINE,SEGMENT_RULES,THERMIQUE,False,69.0,,,,Puteaux,Rueil Malmaison,Puteaux|Asnières-sur-Seine,2,132,False,False,,3170,550,13
20260729T110432,A2,v3.3-search-gps,2026-07-30T09:00,2026-07-30T20:00,1009324,https://fr.getaround.com/location-voiture/paris/citroen-c3-1009324,Citroen C3 (2022),2022,Getaround Connect,CITADINE,SEGMENT_RULES,THERMIQUE,False,52.0,,4.35,97,Asnières-sur-Seine,Paris,Asnières-sur-Seine|Paris 17e,2,132,False,False,,6840,1001,26
20260729T110432,A2,v3.3-search-gps,2026-07-30T09:00,2026-07-30T20:00,676257,https://fr.getaround.com/location-voiture/paris/renault-clio-estate-676257,Renault Clio Estate (2011),2011,Getaround Connect,BREAK,SEGMENT_RULES,THERMIQUE,False,64.0,,4.95,235,Asnières-sur-Seine,Paris,Asnières-sur-Seine|Paris 17e,2,133,False,False,,5390,1001,26
20260729T110432,A2,v3.3-search-gps,2026-07-30T09:00,2026-07-30T20:00,1351756,https://fr.getaround.com/location-voiture/paris/peugeot-2008-1351756,Peugeot 2008 (2023),2023,Getaround Connect,SUV_COMPACT,SEGMENT_RULES,THERMIQUE,False,81.0,,3.68,36,Puteaux,Paris,Puteaux|Asnières-sur-Seine|Paris 17e,3,134,False,False,,5580,550,13
20260729T110432,A2,v3.3-search-gps,2026-07-30T09:00,2026-07-30T20:00,1447401,https://fr.getaround.com/location-voiture/paris/renault-clio-1447401,Renault Clio (2021),2021,Getaround Connect,CITADINE,SEGMENT_RULES,THERMIQUE,False,49.0,,4.83,162,Puteaux,Paris,Puteaux|Asnières-sur-Seine|Paris 17e,3,135,False,False,,7670,550,13
20260729T110432,A2,v3.3-search-gps,2026-07-30T09:00,2026-07-30T20:00,1901768,https://fr.getaround.com/location-voiture/paris/toyota-corolla-break-hybride-1901768,Toyota Corolla Break Hybride (2022),2022,Getaround Connect,BREAK,SEGMENT_RULES,HYBRIDE,False,70.0,,,,Asnières-sur-Seine,Paris,Asnières-sur-Seine|Paris 17e,2,137,False,False,,6040,1001,26
20260729T110432,A2,v3.3-search-gps,2026-07-30T09:00,2026-07-30T20:00,1911653,https://fr.getaround.com/location-voiture/asnieres-sur-seine/fiat-500-x-1911653,Fiat 500 X (2018),2018,Sur rendez-vous,CITADINE,SEGMENT_RULES,THERMIQUE,False,75.0,,,,Asnières-sur-Seine,Asnieres Sur Seine,Asnières-sur-Seine,1,138,False,False,,1510,1001,26
20260729T110432,A2,v3.3-search-gps,2026-07-30T09:00,2026-07-30T20:00,1639244,https://fr.getaround.com/location-voiture/paris/peugeot-3008-1639244,Peugeot 3008 (2018),2018,Getaround Connect,SUV_FAMILIAL,SEGMENT_RULES,THERMIQUE,False,67.0,,4.19,16,Asnières-sur-Seine,Paris,Asnières-sur-Seine|Paris 17e,2,138,False,False,,7610,1001,26
20260729T110432,A2,v3.3-search-gps,2026-07-30T09:00,2026-07-30T20:00,1914172,https://fr.getaround.com/location-voiture/saint-cloud/renault-clio-1914172,Renault Clio (2016),2016,Getaround Connect,CITADINE,SEGMENT_RULES,THERMIQUE,False,60.0,,5.0,3,Puteaux,Saint Cloud,Puteaux|Asnières-sur-Seine|Paris 17e,3,139,False,False,,4330,550,13
20260729T110432,A2,v3.3-search-gps,2026-07-30T09:00,2026-07-30T20:00,1326913,https://fr.getaround.com/location-voiture/paris/bmw-serie-1-1326913,BMW Série 1 (2023),2023,Getaround Connect,COMPACTE,SEGMENT_RULES,THERMIQUE,False,78.0,,4.78,18,Asnières-sur-Seine,Paris,Asnières-sur-Seine|Paris 17e,2,139,False,False,,6440,1001,26
20260729T110432,A2,v3.3-search-gps,2026-07-30T09:00,2026-07-30T20:00,1929288,https://fr.getaround.com/location-voiture/garches/dacia-sandero-1929288,Dacia Sandero (2015),2015,Sur rendez-vous,CITADINE,SEGMENT_RULES,THERMIQUE,False,30.0,,5.0,2,Puteaux,Garches,Puteaux|Asnières-sur-Seine,2,140,False,False,,4740,550,13
20260729T110432,A2,v3.3-search-gps,2026-07-30T09:00,2026-07-30T20:00,1650514,https://fr.getaround.com/location-voiture/pantin/volkswagen-t-cross-1650514,Volkswagen T-Cross (2024),2024,Getaround Connect,SUV_COMPACT,SEGMENT_RULES,THERMIQUE,False,61.0,,4.76,41,Asnières-sur-Seine,Pantin,Asnières-sur-Seine,1,140,False,False,,9440,1001,26
20260729T110432,A2,v3.3-search-gps,2026-07-30T09:00,2026-07-30T20:00,1238361,https://fr.getaround.com/location-voiture/paris/opel-corsa-1238361,Opel Corsa (2012),2012,Getaround Connect,CITADINE,SEGMENT_RULES,THERMIQUE,False,39.0,,4.25,70,Puteaux,Paris,Puteaux|Asnières-sur-Seine|Paris 17e,3,141,False,False,,7450,550,13
20260729T110432,A2,v3.3-search-gps,2026-07-30T09:00,2026-07-30T20:00,1699930,https://fr.getaround.com/location-voiture/levallois-perret/citroen-c4-1699930,Citroen C4 (2023),2023,Sur rendez-vous,COMPACTE,SEGMENT_RULES,THERMIQUE,False,75.0,,5.0,2,Puteaux,Levallois Perret,Puteaux|Asnières-sur-Seine|Paris 17e,3,142,False,False,,4650,550,13
20260729T110432,A2,v3.3-search-gps,2026-07-30T09:00,2026-07-30T20:00,1728863,https://fr.getaround.com/location-voiture/paris/citroen-c4-1728863,Citroen C4 (2015),2015,Getaround Connect,COMPACTE,SEGMENT_RULES,THERMIQUE,False,66.0,,4.83,29,Puteaux,Paris,Puteaux|Asnières-sur-Seine|Paris 17e,3,143,False,False,,4190,550,13
20260729T110432,A2,v3.3-search-gps,2026-07-30T09:00,2026-07-30T20:00,701664,https://fr.getaround.com/location-voiture/paris/renault-twingo-701664,Renault Twingo (2017),2017,Getaround Connect,CITADINE,SEGMENT_RULES,THERMIQUE,False,54.0,,4.72,225,Puteaux,Paris,Puteaux|Asnières-sur-Seine|Paris 17e,3,144,False,False,,5760,550,13
20260729T110432,A2,v3.3-search-gps,2026-07-30T09:00,2026-07-30T20:00,1762369,https://fr.getaround.com/location-voiture/paris/renault-captur-1762369,Renault Captur (2024),2024,Getaround Connect,SUV_COMPACT,SEGMENT_RULES,THERMIQUE,False,77.0,,4.57,7,Puteaux,Paris,Puteaux|Asnières-sur-Seine|Paris 17e,3,146,False,False,,3110,550,13
20260729T110432,A2,v3.3-search-gps,2026-07-30T09:00,2026-07-30T20:00,1030151,https://fr.getaround.com/location-voiture/paris/peugeot-2008-1030151,Peugeot 2008 (2016),2016,Getaround Connect,SUV_COMPACT,SEGMENT_RULES,THERMIQUE,False,59.0,,3.84,104,Asnières-sur-Seine,Paris,Asnières-sur-Seine|Paris 17e,2,146,False,False,,5990,1001,26
20260729T110432,A2,v3.3-search-gps,2026-07-30T09:00,2026-07-30T20:00,1608623,https://fr.getaround.com/location-voiture/paris/toyota-yaris-hybride-1608623,Toyota Yaris Hybride (2024),2024,Getaround Connect,CITADINE,SEGMENT_RULES,HYBRIDE,False,77.0,,4.56,26,Puteaux,Paris,Puteaux|Asnières-sur-Seine|Paris 17e,3,147,False,False,,7030,550,13
20260729T110432,A2,v3.3-search-gps,2026-07-30T09:00,2026-07-30T20:00,1285003,https://fr.getaround.com/location-voiture/neuilly-sur-seine/renault-grand-scenic-1285003,Renault Grand Scenic (2018),2018,Getaround Connect,MONOSPACE,SEGMENT_RULES,THERMIQUE,False,110.0,,4.92,59,Puteaux,Neuilly Sur Seine,Puteaux|Asnières-sur-Seine|Paris 17e,3,148,False,False,,3050,550,13
20260729T110432,A2,v3.3-search-gps,2026-07-30T09:00,2026-07-30T20:00,722942,https://fr.getaround.com/location-voiture/paris/renault-clio-722942,Renault Clio (2018),2018,Getaround Connect,CITADINE,SEGMENT_RULES,THERMIQUE,False,52.0,,4.68,149,Asnières-sur-Seine,Paris,Asnières-sur-Seine|Paris 17e,2,149,False,False,,7500,1001,26
20260729T110432,A2,v3.3-search-gps,2026-07-30T09:00,2026-07-30T20:00,1835792,https://fr.getaround.com/location-voiture/boulogne-billancourt/toyota-aygo-ii-1835792,Toyota Aygo II (2019),2019,Getaround Connect,MICRO_CITADINE,SEGMENT_RULES,THERMIQUE,False,58.0,,4.92,12,Puteaux,Boulogne Billancourt,Puteaux|Asnières-sur-Seine|Paris 17e,3,151,False,False,,4490,550,13
20260729T110432,A2,v3.3-search-gps,2026-07-30T09:00,2026-07-30T20:00,1865414,https://fr.getaround.com/location-voiture/rueil-malmaison/peugeot-108-1865414,Peugeot 108 (2016),2016,Getaround Connect,MICRO_CITADINE,SEGMENT_RULES,THERMIQUE,False,52.0,,5.0,9,Puteaux,Rueil Malmaison,Puteaux|Asnières-sur-Seine,2,152,False,False,,5170,550,13
20260729T110432,A2,v3.3-search-gps,2026-07-30T09:00,2026-07-30T20:00,1543440,https://fr.getaround.com/location-voiture/aubervilliers/volkswagen-polo-1543440,Volkswagen Polo (2014),2014,Sur rendez-vous,CITADINE,SEGMENT_RULES,THERMIQUE,False,65.0,,5.0,13,Asnières-sur-Seine,Aubervilliers,Asnières-sur-Seine|Paris 17e,2,152,False,False,,6010,1001,26
20260729T110432,A2,v3.3-search-gps,2026-07-30T09:00,2026-07-30T20:00,704187,https://fr.getaround.com/location-voiture/paris/bmw-serie-2-gran-tourer-704187,BMW Série 2 Gran Tourer (2017),2017,Getaround Connect,COMPACTE,SEGMENT_RULES,THERMIQUE,False,62.0,,3.87,170,Asnières-sur-Seine,Paris,Asnières-sur-Seine|Paris 17e,2,152,False,False,,6400,1001,26
20260729T110432,A2,v3.3-search-gps,2026-07-30T09:00,2026-07-30T20:00,1474918,https://fr.getaround.com/location-voiture/paris/peugeot-208-1474918,Peugeot 208 (2023),2023,Getaround Connect,CITADINE,SEGMENT_RULES,THERMIQUE,False,49.0,,4.4,15,Puteaux,Paris,Puteaux|Asnières-sur-Seine|Paris 17e,3,153,False,False,,6860,550,13
20260729T110432,A2,v3.3-search-gps,2026-07-30T09:00,2026-07-30T20:00,1881888,https://fr.getaround.com/location-voiture/paris/peugeot-2008-1881888,Peugeot 2008 (2026),2026,Getaround Connect,SUV_COMPACT,SEGMENT_RULES,THERMIQUE,False,88.0,,3.0,2,Puteaux,Paris,Puteaux|Asnières-sur-Seine|Paris 17e,3,153,False,False,,6800,550,13
20260729T110432,A2,v3.3-search-gps,2026-07-30T09:00,2026-07-30T20:00,985117,https://fr.getaround.com/location-voiture/paris/peugeot-208-985117,Peugeot 208 (2021),2021,Getaround Connect,CITADINE,SEGMENT_RULES,THERMIQUE,False,52.0,,4.05,114,Puteaux,Paris,Puteaux|Asnières-sur-Seine|Paris 17e,3,154,False,False,,5420,550,13
20260729T110432,A2,v3.3-search-gps,2026-07-30T09:00,2026-07-30T20:00,1898548,https://fr.getaround.com/location-voiture/saint-ouen-sur-seine/seat-arona-1898548,Seat Arona (2018),2018,Getaround Connect,SUV_COMPACT,SEGMENT_RULES,THERMIQUE,False,75.0,,4.8,5,Puteaux,Saint Ouen Sur Seine,Puteaux|Asnières-sur-Seine|Paris 17e,3,154,False,False,,6970,550,13
20260729T110432,A2,v3.3-search-gps,2026-07-30T09:00,2026-07-30T20:00,1432561,https://fr.getaround.com/location-voiture/paris/citroen-c3-1432561,Citroen C3 (2023),2023,Getaround Connect,CITADINE,SEGMENT_RULES,THERMIQUE,False,68.0,,4.42,39,Puteaux,Paris,Puteaux|Asnières-sur-Seine|Paris 17e,3,155,False,False,,4240,550,13
20260729T110432,A2,v3.3-search-gps,2026-07-30T09:00,2026-07-30T20:00,623886,https://fr.getaround.com/location-voiture/paris/renault-twingo-623886,Renault Twingo (2011),2011,Getaround Connect,CITADINE,SEGMENT_RULES,THERMIQUE,False,43.0,,4.14,86,Asnières-sur-Seine,Paris,Asnières-sur-Seine|Paris 17e,2,155,False,False,,7040,1001,26
20260729T110432,A2,v3.3-search-gps,2026-07-30T09:00,2026-07-30T20:00,1041838,https://fr.getaround.com/location-voiture/paris/fiat-panda-1041838,Fiat Panda (2017),2017,Getaround Connect,MICRO_CITADINE,SEGMENT_RULES,THERMIQUE,False,44.0,,4.62,20,Puteaux,Paris,Puteaux|Asnières-sur-Seine|Paris 17e,3,156,False,False,,5190,550,13
20260729T110432,A2,v3.3-search-gps,2026-07-30T09:00,2026-07-30T20:00,823380,https://fr.getaround.com/location-voiture/paris/renault-clio-e-tech-823380,Renault Clio E-tech (2021),2021,Getaround Connect,CITADINE,SEGMENT_RULES,ELECTRIQUE,False,59.0,,4.21,140,Asnières-sur-Seine,Paris,Asnières-sur-Seine|Paris 17e,2,156,False,False,,6440,1001,26
20260729T110432,A2,v3.3-search-gps,2026-07-30T09:00,2026-07-30T20:00,1127703,https://fr.getaround.com/location-voiture/rueil-malmaison/peugeot-208-1127703,Peugeot 208 (2013),2013,Getaround Connect,CITADINE,SEGMENT_RULES,THERMIQUE,False,52.0,,4.65,79,Puteaux,Rueil Malmaison,Puteaux|Asnières-sur-Seine,2,157,False,False,,5190,550,13
20260729T110432,A2,v3.3-search-gps,2026-07-30T09:00,2026-07-30T20:00,703728,https://fr.getaround.com/location-voiture/montmagny/renault-clio-703728,Renault Clio (2019),2019,Getaround Connect,CITADINE,SEGMENT_RULES,THERMIQUE,False,50.0,,4.53,111,Asnières-sur-Seine,Montmagny,Asnières-sur-Seine,1,157,False,False,,5860,1001,26
20260729T110432,A2,v3.3-search-gps,2026-07-30T09:00,2026-07-30T20:00,830960,https://fr.getaround.com/location-voiture/paris/renault-twingo-830960,Renault Twingo (2011),2011,Getaround Connect,CITADINE,SEGMENT_RULES,THERMIQUE,False,43.0,,4.19,95,Asnières-sur-Seine,Paris,Asnières-sur-Seine|Paris 17e,2,157,False,False,,7040,1001,26
20260729T110432,A2,v3.3-search-gps,2026-07-30T09:00,2026-07-30T20:00,1139133,https://fr.getaround.com/location-voiture/paris/citroen-c3-1139133,Citroen C3 (2021),2021,Getaround Connect,CITADINE,SEGMENT_RULES,THERMIQUE,False,52.0,,3.96,64,Puteaux,Paris,Puteaux|Asnières-sur-Seine|Paris 17e,3,158,False,False,,4220,550,13
20260729T110432,A2,v3.3-search-gps,2026-07-30T09:00,2026-07-30T20:00,1918285,https://fr.getaround.com/location-voiture/la-garenne-colombes/dacia-spring-1918285,Dacia Spring (2022),2022,Getaround Connect,COMPACTE,SEGMENT_RULES,THERMIQUE,False,58.0,,,,Puteaux,La Garenne Colombes,Puteaux|Asnières-sur-Seine,2,159,False,False,,2910,550,13
20260729T110432,A2,v3.3-search-gps,2026-07-30T09:00,2026-07-30T20:00,1745072,https://fr.getaround.com/location-voiture/paris/peugeot-208-1745072,Peugeot 208 (2020),2020,Getaround Connect,CITADINE,SEGMENT_RULES,THERMIQUE,False,58.0,,4.39,28,Puteaux,Paris,Puteaux|Asnières-sur-Seine|Paris 17e,3,159,False,False,,5890,550,13
20260729T110432,A2,v3.3-search-gps,2026-07-30T09:00,2026-07-30T20:00,1323004,https://fr.getaround.com/location-voiture/paris/toyota-corolla-hybride-1323004,Toyota Corolla Hybride (2020),2020,Getaround Connect,COMPACTE,SEGMENT_RULES,HYBRIDE,False,70.0,,4.22,39,Asnières-sur-Seine,Paris,Asnières-sur-Seine|Paris 17e,2,160,False,False,,6780,1001,26
20260729T110432,A2,v3.3-search-gps,2026-07-30T09:00,2026-07-30T20:00,359982,https://fr.getaround.com/location-voiture/boulogne-billancourt/peugeot-2008-359982,Peugeot 2008 (2018),2018,Getaround Connect,SUV_COMPACT,SEGMENT_RULES,THERMIQUE,False,47.0,,4.34,230,Puteaux,Boulogne Billancourt,Puteaux|Asnières-sur-Seine|Paris 17e,3,161,False,False,,5880,550,13
20260729T110432,A2,v3.3-search-gps,2026-07-30T09:00,2026-07-30T20:00,1219226,https://fr.getaround.com/location-voiture/paris/peugeot-208-1219226,Peugeot 208 (2023),2023,Getaround Connect,CITADINE,SEGMENT_RULES,THERMIQUE,False,68.0,,4.52,43,Asnières-sur-Seine,Paris,Asnières-sur-Seine|Paris 17e,2,161,False,False,,7220,1001,26
20260729T110432,A2,v3.3-search-gps,2026-07-30T09:00,2026-07-30T20:00,1841451,https://fr.getaround.com/location-voiture/paris/renault-clio-e-tech-1841451,Renault Clio E-tech (2021),2021,Getaround Connect,CITADINE,SEGMENT_RULES,ELECTRIQUE,False,58.0,,4.5,2,Puteaux,Paris,Puteaux|Asnières-sur-Seine|Paris 17e,3,162,False,False,,7860,550,13
20260729T110432,A2,v3.3-search-gps,2026-07-30T09:00,2026-07-30T20:00,1668619,https://fr.getaround.com/location-voiture/paris/peugeot-2008-1668619,Peugeot 2008 (2021),2021,Getaround Connect,SUV_COMPACT,SEGMENT_RULES,THERMIQUE,False,67.0,,4.59,27,Asnières-sur-Seine,Paris,Asnières-sur-Seine|Paris 17e,2,162,False,False,,8060,1001,26
20260729T110432,A2,v3.3-search-gps,2026-07-30T09:00,2026-07-30T20:00,1219304,https://fr.getaround.com/location-voiture/houilles/peugeot-2008-1219304,Peugeot 2008 (2023),2023,Getaround Connect,SUV_COMPACT,SEGMENT_RULES,THERMIQUE,False,72.0,,4.56,35,Puteaux,Houilles,Puteaux|Asnières-sur-Seine,2,163,False,False,,5500,550,13
20260729T110432,A2,v3.3-search-gps,2026-07-30T09:00,2026-07-30T20:00,1881892,https://fr.getaround.com/location-voiture/paris/peugeot-2008-1881892,Peugeot 2008 (2026),2026,Getaround Connect,SUV_COMPACT,SEGMENT_RULES,THERMIQUE,False,94.0,,5.0,3,Puteaux,Paris,Puteaux|Asnières-sur-Seine|Paris 17e,3,163,False,False,,6630,550,13
20260729T110432,A2,v3.3-search-gps,2026-07-30T09:00,2026-07-30T20:00,1793951,https://fr.getaround.com/location-voiture/paris/volkswagen-golf-1793951,Volkswagen Golf (2018),2018,Getaround Connect,COMPACTE,SEGMENT_RULES,THERMIQUE,False,74.0,,4.7,30,Asnières-sur-Seine,Paris,Asnières-sur-Seine|Paris 17e,2,164,False,False,,7560,1001,26
20260729T110432,A2,v3.3-search-gps,2026-07-30T09:00,2026-07-30T20:00,1934966,https://fr.getaround.com/location-voiture/courbevoie/renault-arkana-business-1934966,Renault Arkana Business (2021),2021,Sur rendez-vous,COMPACTE,SEGMENT_RULES,THERMIQUE,False,94.0,,5.0,1,Puteaux,Courbevoie,Puteaux|Asnières-sur-Seine,2,165,False,False,,1910,550,13
20260729T110432,A2,v3.3-search-gps,2026-07-30T09:00,2026-07-30T20:00,1944362,https://fr.getaround.com/location-voiture/colombes/renault-clio-1944362,Renault Clio (2011),2011,Sur rendez-vous,CITADINE,SEGMENT_RULES,THERMIQUE,False,60.0,,,,Puteaux,Colombes,Puteaux|Asnières-sur-Seine,2,165,False,False,,5820,550,13
20260729T110432,A2,v3.3-search-gps,2026-07-30T09:00,2026-07-30T20:00,1853404,https://fr.getaround.com/location-voiture/paris/toyota-corolla-break-hybride-1853404,Toyota Corolla Break Hybride (2024),2024,Getaround Connect,BREAK,SEGMENT_RULES,HYBRIDE,False,69.0,,5.0,4,Puteaux,Paris,Puteaux|Asnières-sur-Seine|Paris 17e,3,166,False,False,,7510,550,13
20260729T110432,A2,v3.3-search-gps,2026-07-30T09:00,2026-07-30T20:00,1219241,https://fr.getaround.com/location-voiture/paris/peugeot-208-1219241,Peugeot 208 (2023),2023,Getaround Connect,CITADINE,SEGMENT_RULES,THERMIQUE,False,68.0,,3.89,48,Asnières-sur-Seine,Paris,Asnières-sur-Seine|Paris 17e,2,167,False,False,,6220,1001,26
20260729T110432,A2,v3.3-search-gps,2026-07-30T09:00,2026-07-30T20:00,1442843,https://fr.getaround.com/location-voiture/paris/citroen-c3-1442843,Citroen C3 (2023),2023,Getaround Connect,CITADINE,SEGMENT_RULES,THERMIQUE,False,68.0,,4.78,40,Puteaux,Paris,Puteaux|Asnières-sur-Seine|Paris 17e,3,168,False,False,,4059,550,13
20260729T110432,A2,v3.3-search-gps,2026-07-30T09:00,2026-07-30T20:00,1708132,https://fr.getaround.com/location-voiture/paris/peugeot-208-1708132,Peugeot 208 (2025),2025,Getaround Connect,CITADINE,SEGMENT_RULES,THERMIQUE,False,79.0,,4.42,19,Puteaux,Paris,Puteaux|Asnières-sur-Seine|Paris 17e,3,168,False,False,,3980,550,13
20260729T110432,A2,v3.3-search-gps,2026-07-30T09:00,2026-07-30T20:00,1786831,https://fr.getaround.com/location-voiture/rueil-malmaison/renault-clio-1786831,Renault Clio (2023),2023,Getaround Connect,CITADINE,SEGMENT_RULES,THERMIQUE,False,66.0,,4.81,16,Puteaux,Rueil Malmaison,Puteaux|Asnières-sur-Seine,2,169,False,False,,3900,550,13
20260729T110432,A2,v3.3-search-gps,2026-07-30T09:00,2026-07-30T20:00,1897879,https://fr.getaround.com/location-voiture/paris/nissan-leaf-1897879,Nissan Leaf (2019),2019,Getaround Connect,CITADINE,SEGMENT_RULES,THERMIQUE,False,59.0,,5.0,3,Puteaux,Paris,Puteaux|Asnières-sur-Seine|Paris 17e,3,170,False,False,,6130,550,13
20260729T110432,A2,v3.3-search-gps,2026-07-30T09:00,2026-07-30T20:00,1076638,https://fr.getaround.com/location-voiture/paris/renault-twingo-1076638,Renault Twingo (2014),2014,Getaround Connect,CITADINE,SEGMENT_RULES,THERMIQUE,False,49.0,,4.61,90,Asnières-sur-Seine,Paris,Asnières-sur-Seine|Paris 17e,2,170,False,False,,7540,1001,26
20260729T110432,A2,v3.3-search-gps,2026-07-30T09:00,2026-07-30T20:00,1421595,https://fr.getaround.com/location-voiture/paris/toyota-yaris-cross-hybrid-1421595,Toyota Yaris Cross Hybrid (2022),2022,Getaround Connect,SUV_COMPACT,SEGMENT_RULES,HYBRIDE,False,64.0,,4.94,32,Puteaux,Paris,Puteaux|Asnières-sur-Seine|Paris 17e,3,172,False,False,,5380,550,13
20260729T110432,A2,v3.3-search-gps,2026-07-30T09:00,2026-07-30T20:00,1875699,https://fr.getaround.com/location-voiture/enghien-les-bains/citroen-c4-picasso-1875699,Citroen C4 Picasso (2017),2017,Getaround Connect,MONOSPACE,SEGMENT_RULES,THERMIQUE,False,57.0,,,,Asnières-sur-Seine,Enghien Les Bains,Asnières-sur-Seine,1,172,False,False,,5560,1001,26
20260729T110432,A2,v3.3-search-gps,2026-07-30T09:00,2026-07-30T20:00,1583946,https://fr.getaround.com/location-voiture/boulogne-billancourt/peugeot-3008-1583946,Peugeot 3008 (2020),2020,Getaround Connect,SUV_FAMILIAL,SEGMENT_RULES,THERMIQUE,False,73.0,,4.26,39,Puteaux,Boulogne Billancourt,Puteaux|Asnières-sur-Seine|Paris 17e,3,173,False,False,,4530,550,13
20260729T110432,A2,v3.3-search-gps,2026-07-30T09:00,2026-07-30T20:00,1794291,https://fr.getaround.com/location-voiture/ermont/renault-twingo-iii-1794291,Renault Twingo III (2018),2018,Getaround Connect,CITADINE,SEGMENT_RULES,THERMIQUE,False,48.0,,4.85,26,Asnières-sur-Seine,Ermont,Asnières-sur-Seine,1,173,False,False,,7690,1001,26
20260729T110432,A2,v3.3-search-gps,2026-07-30T09:00,2026-07-30T20:00,1732897,https://fr.getaround.com/location-voiture/sartrouville/renault-clio-1732897,Renault Clio (2019),2019,Getaround Connect,CITADINE,SEGMENT_RULES,THERMIQUE,False,47.0,,4.83,12,Puteaux,Sartrouville,Puteaux|Asnières-sur-Seine,2,174,False,False,,8380,550,13
20260729T110432,A2,v3.3-search-gps,2026-07-30T09:00,2026-07-30T20:00,1762368,https://fr.getaround.com/location-voiture/paris/renault-captur-1762368,Renault Captur (2024),2024,Getaround Connect,SUV_COMPACT,SEGMENT_RULES,THERMIQUE,False,73.0,,4.11,9,Puteaux,Paris,Puteaux|Asnières-sur-Seine|Paris 17e,3,174,False,False,,3980,550,13
20260729T110432,A2,v3.3-search-gps,2026-07-30T09:00,2026-07-30T20:00,1589883,https://fr.getaround.com/location-voiture/neuilly-sur-seine/peugeot-2008-1589883,Peugeot 2008 (2023),2023,Getaround Connect,SUV_COMPACT,SEGMENT_RULES,THERMIQUE,False,75.0,,3.83,44,Puteaux,Neuilly Sur Seine,Puteaux|Asnières-sur-Seine|Paris 17e,3,175,False,False,,2920,550,13
20260729T110432,A2,v3.3-search-gps,2026-07-30T09:00,2026-07-30T20:00,1778631,https://fr.getaround.com/location-voiture/bois-colombes/peugeot-5008-1778631,Peugeot 5008 (2020),2020,Sur rendez-vous,MONOSPACE,SEGMENT_RULES,THERMIQUE,False,124.0,,5.0,1,Asnières-sur-Seine,Bois Colombes,Asnières-sur-Seine,1,175,False,False,,1180,1001,26
20260729T110432,A2,v3.3-search-gps,2026-07-30T09:00,2026-07-30T20:00,1541909,https://fr.getaround.com/location-voiture/paris/renault-clio-1541909,Renault Clio (2021),2021,Getaround Connect,CITADINE,SEGMENT_RULES,THERMIQUE,False,49.0,,4.72,38,Asnières-sur-Seine,Paris,Asnières-sur-Seine|Paris 17e,2,175,False,False,,10000,1001,26
20260729T110432,A2,v3.3-search-gps,2026-07-30T09:00,2026-07-30T20:00,1882073,https://fr.getaround.com/location-voiture/paris/renault-clio-1882073,Renault Clio (2016),2016,Getaround Connect,CITADINE,SEGMENT_RULES,THERMIQUE,False,60.0,,4.8,5,Asnières-sur-Seine,Paris,Asnières-sur-Seine|Paris 17e,2,176,False,False,,7330,1001,26
20260729T110432,A2,v3.3-search-gps,2026-07-30T09:00,2026-07-30T20:00,940720,https://fr.getaround.com/location-voiture/boulogne-billancourt/dacia-spring-940720,Dacia Spring (2021),2021,Getaround Connect,COMPACTE,SEGMENT_RULES,THERMIQUE,False,44.0,,4.34,88,Puteaux,Boulogne Billancourt,Puteaux|Asnières-sur-Seine|Paris 17e,3,177,False,False,,5880,550,13
20260729T110432,A2,v3.3-search-gps,2026-07-30T09:00,2026-07-30T20:00,1510039,https://fr.getaround.com/location-voiture/paris/renault-twingo-1510039,Renault Twingo (2015),2015,Getaround Connect,CITADINE,SEGMENT_RULES,THERMIQUE,False,49.0,,4.35,24,Asnières-sur-Seine,Paris,Asnières-sur-Seine|Paris 17e,2,177,False,False,,6710,1001,26
20260729T110432,A2,v3.3-search-gps,2026-07-30T09:00,2026-07-30T20:00,1540709,https://fr.getaround.com/location-voiture/paris/kia-niro-hybride-1540709,Kia Niro Hybride (2024),2024,Sur rendez-vous,SUV_COMPACT,SEGMENT_RULES,HYBRIDE,False,103.0,,5.0,5,Asnières-sur-Seine,Paris,Asnières-sur-Seine,1,178,False,False,,4490,1001,26
20260729T110432,A2,v3.3-search-gps,2026-07-30T09:00,2026-07-30T20:00,1584217,https://fr.getaround.com/location-voiture/neuilly-sur-seine/renault-grand-scenic-1584217,Renault Grand Scenic (2018),2018,Getaround Connect,MONOSPACE,SEGMENT_RULES,THERMIQUE,False,107.0,,4.94,31,Puteaux,Neuilly Sur Seine,Puteaux|Asnières-sur-Seine|Paris 17e,3,179,False,False,,3100,550,13
20260729T110432,A2,v3.3-search-gps,2026-07-30T09:00,2026-07-30T20:00,1909635,https://fr.getaround.com/location-voiture/drancy/peugeot-208-1909635,Peugeot 208 (2016),2016,Getaround Connect,CITADINE,SEGMENT_RULES,THERMIQUE,False,48.0,,5.0,1,Asnières-sur-Seine,Drancy,Asnières-sur-Seine,1,179,False,False,,9680,1001,26
20260729T110432,A2,v3.3-search-gps,2026-07-30T09:00,2026-07-30T20:00,1882597,https://fr.getaround.com/location-voiture/paris/peugeot-208-1882597,Peugeot 208 (2025),2025,Getaround Connect,CITADINE,SEGMENT_RULES,THERMIQUE,False,79.0,,5.0,3,Puteaux,Paris,Puteaux|Asnières-sur-Seine|Paris 17e,3,180,False,False,,4730,550,13
20260729T110432,A2,v3.3-search-gps,2026-07-30T09:00,2026-07-30T20:00,1570956,https://fr.getaround.com/location-voiture/bois-colombes/citroen-c4-1570956,Citroen C4 (2018),2018,Sur rendez-vous,COMPACTE,SEGMENT_RULES,THERMIQUE,False,71.0,,,,Asnières-sur-Seine,Bois Colombes,Asnières-sur-Seine,1,180,False,False,,1200,1001,26
20260729T110432,A2,v3.3-search-gps,2026-07-30T09:00,2026-07-30T20:00,1889322,https://fr.getaround.com/location-voiture/paris/opel-adam-1889322,Opel Adam (2016),2016,Getaround Connect,CITADINE,SEGMENT_RULES,THERMIQUE,False,49.0,,4.83,6,Asnières-sur-Seine,Paris,Asnières-sur-Seine|Paris 17e,2,181,False,False,,7300,1001,26
20260729T110432,A2,v3.3-search-gps,2026-07-30T09:00,2026-07-30T20:00,1883676,https://fr.getaround.com/location-voiture/paris/fiat-500-1883676,Fiat 500 (2015),2015,Getaround Connect,CITADINE,SEGMENT_RULES,THERMIQUE,False,53.0,,4.56,9,Asnières-sur-Seine,Paris,Asnières-sur-Seine|Paris 17e,2,182,False,False,,6700,1001,26
20260729T110432,A2,v3.3-search-gps,2026-07-30T09:00,2026-07-30T20:00,1787778,https://fr.getaround.com/location-voiture/paris/peugeot-208-1787778,Peugeot 208 (2025),2025,Getaround Connect,CITADINE,SEGMENT_RULES,THERMIQUE,False,73.0,,3.2,10,Asnières-sur-Seine,Paris,Asnières-sur-Seine|Paris 17e,2,183,False,False,,4830,1001,26
20260729T110432,A2,v3.3-search-gps,2026-07-30T09:00,2026-07-30T20:00,1572029,https://fr.getaround.com/location-voiture/montesson/renault-clio-1572029,Renault Clio (2024),2024,Getaround Connect,CITADINE,SEGMENT_RULES,THERMIQUE,False,55.0,,4.7,38,Puteaux,Montesson,Puteaux,1,184,False,False,,7150,550,13
20260729T110432,A2,v3.3-search-gps,2026-07-30T09:00,2026-07-30T20:00,1931412,https://fr.getaround.com/location-voiture/suresnes/toyota-yaris-5-door-l-1931412,Toyota Yaris 5-Door L (2019),2019,Sur rendez-vous,CITADINE,SEGMENT_RULES,THERMIQUE,False,65.0,,,,Puteaux,Suresnes,Puteaux|Asnières-sur-Seine,2,185,False,False,,2240,550,13
20260729T110432,A2,v3.3-search-gps,2026-07-30T09:00,2026-07-30T20:00,1829324,https://fr.getaround.com/location-voiture/boulogne-billancourt/fiat-panda-1829324,Fiat Panda (2016),2016,Getaround Connect,MICRO_CITADINE,SEGMENT_RULES,THERMIQUE,False,60.0,,4.97,30,Puteaux,Boulogne Billancourt,Puteaux|Asnières-sur-Seine|Paris 17e,3,186,False,False,,4720,550,13
20260729T110432,A2,v3.3-search-gps,2026-07-30T09:00,2026-07-30T20:00,1438248,https://fr.getaround.com/location-voiture/paris/toyota-yaris-hybride-1438248,Toyota Yaris Hybride (2021),2021,Getaround Connect,CITADINE,SEGMENT_RULES,HYBRIDE,False,64.0,,4.57,82,Asnières-sur-Seine,Paris,Asnières-sur-Seine|Paris 17e,2,186,False,False,,6860,1001,26
20260729T110432,A2,v3.3-search-gps,2026-07-30T09:00,2026-07-30T20:00,1915381,https://fr.getaround.com/location-voiture/deuil-la-barre/renault-clio-1915381,Renault Clio (2015),2015,Getaround Connect,CITADINE,SEGMENT_RULES,THERMIQUE,False,48.0,,,,Asnières-sur-Seine,Deuil La Barre,Asnières-sur-Seine,1,187,False,False,,7450,1001,26
20260729T110432,A2,v3.3-search-gps,2026-07-30T09:00,2026-07-30T20:00,1476506,https://fr.getaround.com/location-voiture/paris/peugeot-3008-1476506,Peugeot 3008 (2021),2021,Getaround Connect,SUV_FAMILIAL,SEGMENT_RULES,THERMIQUE,False,79.0,,3.9,53,Puteaux,Paris,Puteaux|Asnières-sur-Seine|Paris 17e,3,189,False,False,,4220,550,13
20260729T110432,A2,v3.3-search-gps,2026-07-30T09:00,2026-07-30T20:00,1784194,https://fr.getaround.com/location-voiture/gennevilliers/tesla-model-y-performance-1784194,Tesla Model Y Performance (2023),2023,Sur rendez-vous,SUV_FAMILIAL,SEGMENT_RULES,ELECTRIQUE,False,171.0,,,,Puteaux,Gennevilliers,Puteaux|Asnières-sur-Seine,2,189,False,False,,5490,550,13
20260729T110432,A2,v3.3-search-gps,2026-07-30T09:00,2026-07-30T20:00,1787784,https://fr.getaround.com/location-voiture/paris/peugeot-208-1787784,Peugeot 208 (2025),2025,Getaround Connect,CITADINE,SEGMENT_RULES,THERMIQUE,False,79.0,,4.73,15,Asnières-sur-Seine,Paris,Asnières-sur-Seine|Paris 17e,2,190,False,False,,6230,1001,26
20260729T110432,A2,v3.3-search-gps,2026-07-30T09:00,2026-07-30T20:00,1932736,https://fr.getaround.com/location-voiture/paris/toyota-yaris-hybride-1932736,Toyota Yaris Hybride (2026),2026,Getaround Connect,CITADINE,SEGMENT_RULES,HYBRIDE,False,82.0,,,,Asnières-sur-Seine,Paris,Asnières-sur-Seine|Paris 17e,2,191,False,False,,6040,1001,26
20260729T110432,A2,v3.3-search-gps,2026-07-30T09:00,2026-07-30T20:00,1902907,https://fr.getaround.com/location-voiture/colombes/peugeot-108-1902907,Peugeot 108 (2016),2016,Sur rendez-vous,MICRO_CITADINE,SEGMENT_RULES,THERMIQUE,False,57.0,,,,Puteaux,Colombes,Puteaux|Asnières-sur-Seine,2,192,False,False,,4330,550,13
20260729T110432,A2,v3.3-search-gps,2026-07-30T09:00,2026-07-30T20:00,275988,https://fr.getaround.com/location-voiture/courbevoie/toyota-prius-275988,Toyota Prius (2012),2012,Sur rendez-vous,COMPACTE,SEGMENT_RULES,HYBRIDE,False,102.0,,4.83,12,Puteaux,Courbevoie,Puteaux|Asnières-sur-Seine,2,193,False,False,,1080,550,13
20260729T110432,A2,v3.3-search-gps,2026-07-30T09:00,2026-07-30T20:00,1215739,https://fr.getaround.com/location-voiture/paris/peugeot-208-1215739,Peugeot 208 (2023),2023,Getaround Connect,CITADINE,SEGMENT_RULES,THERMIQUE,False,57.0,,4.07,76,Asnières-sur-Seine,Paris,Asnières-sur-Seine|Paris 17e,2,193,False,False,,6850,1001,26
20260729T110432,A2,v3.3-search-gps,2026-07-30T09:00,2026-07-30T20:00,1686169,https://fr.getaround.com/location-voiture/paris/renault-megane-estate-1686169,Renault Mégane Estate (2019),2019,Getaround Connect,BREAK,SEGMENT_RULES,THERMIQUE,False,74.0,,4.22,9,Puteaux,Paris,Puteaux|Asnières-sur-Seine|Paris 17e,3,194,False,False,,3390,550,13
20260729T110432,A2,v3.3-search-gps,2026-07-30T09:00,2026-07-30T20:00,1173353,https://fr.getaround.com/location-voiture/boulogne-billancourt/renault-twingo-iii-1173353,Renault Twingo III (2018),2018,Getaround Connect,CITADINE,SEGMENT_RULES,THERMIQUE,False,58.0,,4.96,113,Puteaux,Boulogne Billancourt,Puteaux|Asnières-sur-Seine|Paris 17e,3,195,False,False,,5680,550,13
20260729T110432,A2,v3.3-search-gps,2026-07-30T09:00,2026-07-30T20:00,1356052,https://fr.getaround.com/location-voiture/paris/renault-clio-1356052,Renault Clio (2021),2021,Getaround Connect,CITADINE,SEGMENT_RULES,THERMIQUE,False,58.0,,4.59,58,Asnières-sur-Seine,Paris,Asnières-sur-Seine|Paris 17e,2,195,False,False,,6780,1001,26
20260729T110432,A2,v3.3-search-gps,2026-07-30T09:00,2026-07-30T20:00,1848751,https://fr.getaround.com/location-voiture/deuil-la-barre/renault-clio-1848751,Renault Clio (2019),2019,Getaround Connect,CITADINE,SEGMENT_RULES,THERMIQUE,False,54.0,,5.0,10,Asnières-sur-Seine,Deuil La Barre,Asnières-sur-Seine,1,196,False,False,,7450,1001,26
20260729T110432,A2,v3.3-search-gps,2026-07-30T09:00,2026-07-30T20:00,1297193,https://fr.getaround.com/location-voiture/paris/renault-clio-1297193,Renault Clio (2015),2015,Getaround Connect,CITADINE,SEGMENT_RULES,THERMIQUE,False,50.0,,4.45,56,Asnières-sur-Seine,Paris,Asnières-sur-Seine|Paris 17e,2,197,False,False,,6700,1001,26
20260729T110432,A2,v3.3-search-gps,2026-07-30T09:00,2026-07-30T20:00,1612903,https://fr.getaround.com/location-voiture/rueil-malmaison/toyota-aygo-1612903,Toyota Aygo (2018),2018,Sur rendez-vous,MICRO_CITADINE,SEGMENT_RULES,THERMIQUE,False,59.0,,4.8,15,Puteaux,Rueil Malmaison,Puteaux|Asnières-sur-Seine,2,198,False,False,,4810,550,13
20260729T110432,A2,v3.3-search-gps,2026-07-30T09:00,2026-07-30T20:00,1711649,https://fr.getaround.com/location-voiture/deuil-la-barre/citroen-c4-1711649,Citroen C4 (2016),2016,Getaround Connect,COMPACTE,SEGMENT_RULES,THERMIQUE,False,60.0,,4.8,15,Asnières-sur-Seine,Deuil La Barre,Asnières-sur-Seine,1,198,False,False,,6310,1001,26
20260729T110432,A2,v3.3-search-gps,2026-07-30T09:00,2026-07-30T20:00,1854417,https://fr.getaround.com/location-voiture/charenton-le-pont/peugeot-208-1854417,Peugeot 208 (2017),2017,Getaround Connect,CITADINE,SEGMENT_RULES,THERMIQUE,False,42.0,,4.71,7,Paris 17e,Charenton Le Pont,Paris 17e,1,200,False,False,,8920,889,50
20260729T110432,A2,v3.3-search-gps,2026-07-30T09:00,2026-07-30T20:00,1763409,https://fr.getaround.com/location-voiture/paris/volkswagen-polo-1763409,Volkswagen Polo (2018),2018,Getaround Connect,CITADINE,SEGMENT_RULES,THERMIQUE,False,70.0,,5.0,17,Puteaux,Paris,Puteaux|Asnières-sur-Seine|Paris 17e,3,201,False,False,,7840,550,13
20260729T110432,A2,v3.3-search-gps,2026-07-30T09:00,2026-07-30T20:00,1308555,https://fr.getaround.com/location-voiture/soisy-sous-montmorency/peugeot-208-1308555,Peugeot 208 (2013),2013,Getaround Connect,CITADINE,SEGMENT_RULES,THERMIQUE,False,41.0,,4.27,28,Asnières-sur-Seine,Soisy Sous Montmorency,Asnières-sur-Seine,1,201,False,False,,6930,1001,26
20260729T110432,A2,v3.3-search-gps,2026-07-30T09:00,2026-07-30T20:00,1756733,https://fr.getaround.com/location-voiture/paris/renault-clio-1756733,Renault Clio (2024),2024,Getaround Connect,CITADINE,SEGMENT_RULES,THERMIQUE,False,68.0,,4.5,18,Puteaux,Paris,Puteaux|Asnières-sur-Seine|Paris 17e,3,202,False,False,,4240,550,13
20260729T110432,A2,v3.3-search-gps,2026-07-30T09:00,2026-07-30T20:00,1450226,https://fr.getaround.com/location-voiture/levallois-perret/citroen-c3-picasso-1450226,Citroen C3 Picasso (2013),2013,Sur rendez-vous,MONOSPACE,SEGMENT_RULES,THERMIQUE,False,78.0,,5.0,9,Puteaux,Levallois Perret,Puteaux|Asnières-sur-Seine|Paris 17e,3,202,False,False,,4240,550,13
20260729T110432,A2,v3.3-search-gps,2026-07-30T09:00,2026-07-30T20:00,1881169,https://fr.getaround.com/location-voiture/soisy-sous-montmorency/renault-clio-1881169,Renault Clio (2018),2018,Getaround Connect,CITADINE,SEGMENT_RULES,THERMIQUE,False,55.0,,5.0,4,Asnières-sur-Seine,Soisy Sous Montmorency,Asnières-sur-Seine,1,203,False,False,,6920,1001,26
20260729T110432,A2,v3.3-search-gps,2026-07-30T09:00,2026-07-30T20:00,1298895,https://fr.getaround.com/location-voiture/paris/peugeot-208-1298895,Peugeot 208 (2023),2023,Getaround Connect,CITADINE,SEGMENT_RULES,THERMIQUE,False,68.0,,4.41,59,Puteaux,Paris,Puteaux|Asnières-sur-Seine|Paris 17e,3,204,False,False,,6030,550,13
20260729T110432,A2,v3.3-search-gps,2026-07-30T09:00,2026-07-30T20:00,1691365,https://fr.getaround.com/location-voiture/paris/peugeot-208-1691365,Peugeot 208 (2025),2025,Getaround Connect,CITADINE,SEGMENT_RULES,THERMIQUE,False,73.0,,4.0,23,Asnières-sur-Seine,Paris,Asnières-sur-Seine|Paris 17e,2,204,False,False,,7800,1001,26
20260729T110432,A2,v3.3-search-gps,2026-07-30T09:00,2026-07-30T20:00,1474916,https://fr.getaround.com/location-voiture/boulogne-billancourt/peugeot-208-1474916,Peugeot 208 (2023),2023,Getaround Connect,CITADINE,SEGMENT_RULES,THERMIQUE,False,59.0,,4.75,36,Puteaux,Boulogne Billancourt,Puteaux|Asnières-sur-Seine|Paris 17e,3,205,False,False,,6050,550,13
20260729T110432,A2,v3.3-search-gps,2026-07-30T09:00,2026-07-30T20:00,1756735,https://fr.getaround.com/location-voiture/paris/renault-clio-1756735,Renault Clio (2024),2024,Getaround Connect,CITADINE,SEGMENT_RULES,THERMIQUE,False,68.0,,4.55,29,Asnières-sur-Seine,Paris,Asnières-sur-Seine|Paris 17e,2,205,False,False,,5310,1001,26
20260729T110432,A2,v3.3-search-gps,2026-07-30T09:00,2026-07-30T20:00,1521392,https://fr.getaround.com/location-voiture/la-garenne-colombes/peugeot-207-1521392,Peugeot 207+ (2014),2014,Sur rendez-vous,COMPACTE,SEGMENT_RULES,THERMIQUE,False,59.0,,5.0,5,Puteaux,La Garenne Colombes,Puteaux|Asnières-sur-Seine,2,206,False,False,,2550,550,13
20260729T110432,A2,v3.3-search-gps,2026-07-30T09:00,2026-07-30T20:00,1708120,https://fr.getaround.com/location-voiture/paris/peugeot-208-1708120,Peugeot 208 (2025),2025,Getaround Connect,CITADINE,SEGMENT_RULES,THERMIQUE,False,77.0,,4.62,21,Puteaux,Paris,Puteaux|Asnières-sur-Seine|Paris 17e,3,207,False,False,,4260,550,13
20260729T110432,A2,v3.3-search-gps,2026-07-30T09:00,2026-07-30T20:00,1608631,https://fr.getaround.com/location-voiture/cormeilles-en-parisis/peugeot-208-1608631,Peugeot 208 (2019),2019,Getaround Connect,CITADINE,SEGMENT_RULES,THERMIQUE,False,50.0,,4.95,21,Asnières-sur-Seine,Cormeilles En Parisis,Asnières-sur-Seine,1,207,False,False,,8610,1001,26
20260729T110432,A2,v3.3-search-gps,2026-07-30T09:00,2026-07-30T20:00,1631669,https://fr.getaround.com/location-voiture/boulogne-billancourt/opel-corsa-1631669,Opel Corsa (2024),2024,Getaround Connect,CITADINE,SEGMENT_RULES,THERMIQUE,False,63.0,,4.92,64,Puteaux,Boulogne Billancourt,Puteaux|Asnières-sur-Seine|Paris 17e,3,208,False,False,,6320,550,13
20260729T110432,A2,v3.3-search-gps,2026-07-30T09:00,2026-07-30T20:00,1675475,https://fr.getaround.com/location-voiture/paris/peugeot-208-1675475,Peugeot 208 (2025),2025,Getaround Connect,CITADINE,SEGMENT_RULES,THERMIQUE,False,73.0,,4.24,29,Puteaux,Paris,Puteaux|Asnières-sur-Seine|Paris 17e,3,208,False,False,,5950,550,13
20260729T110432,A2,v3.3-search-gps,2026-07-30T09:00,2026-07-30T20:00,1401206,https://fr.getaround.com/location-voiture/paris/dacia-sandero-expression-1401206,Dacia Sandero Expression (2023),2023,Getaround Connect,CITADINE,SEGMENT_RULES,THERMIQUE,False,68.0,,5.0,41,Puteaux,Paris,Puteaux|Asnières-sur-Seine|Paris 17e,3,209,False,False,,5330,550,13
20260729T110432,A2,v3.3-search-gps,2026-07-30T09:00,2026-07-30T20:00,958409,https://fr.getaround.com/location-voiture/gennevilliers/renault-twingo-958409,Renault Twingo (2021),2021,Sur rendez-vous,CITADINE,SEGMENT_RULES,THERMIQUE,False,52.0,,,,Asnières-sur-Seine,Gennevilliers,Asnières-sur-Seine,1,209,False,False,,1140,1001,26
20260729T110432,A2,v3.3-search-gps,2026-07-30T09:00,2026-07-30T20:00,1691309,https://fr.getaround.com/location-voiture/paris/peugeot-208-1691309,Peugeot 208 (2025),2025,Getaround Connect,CITADINE,SEGMENT_RULES,THERMIQUE,False,79.0,,4.44,18,Puteaux,Paris,Puteaux|Asnières-sur-Seine|Paris 17e,3,210,False,False,,4250,550,13
20260729T110432,A2,v3.3-search-gps,2026-07-30T09:00,2026-07-30T20:00,1857069,https://fr.getaround.com/location-voiture/paris/renault-grand-scenic-1857069,Renault Grand Scenic (2020),2020,Getaround Connect,MONOSPACE,SEGMENT_RULES,THERMIQUE,False,113.0,,5.0,6,Puteaux,Paris,Puteaux|Asnières-sur-Seine|Paris 17e,3,210,False,False,,3050,550,13
20260729T110432,A2,v3.3-search-gps,2026-07-30T09:00,2026-07-30T20:00,1685956,https://fr.getaround.com/location-voiture/paris/peugeot-308-1685956,Peugeot 308 (2019),2019,Getaround Connect,COMPACTE,SEGMENT_RULES,THERMIQUE,False,52.0,,4.62,29,Puteaux,Paris,Puteaux|Asnières-sur-Seine|Paris 17e,3,211,False,False,,7260,550,13
20260729T110432,A2,v3.3-search-gps,2026-07-30T09:00,2026-07-30T20:00,1694516,https://fr.getaround.com/location-voiture/paris/opel-crossland-1694516,Opel Crossland (2024),2024,Getaround Connect,SUV_COMPACT,SEGMENT_RULES,THERMIQUE,False,57.0,,4.75,12,Asnières-sur-Seine,Paris,Asnières-sur-Seine|Paris 17e,2,211,False,False,,5560,1001,26
20260729T110432,A2,v3.3-search-gps,2026-07-30T09:00,2026-07-30T20:00,1590454,https://fr.getaround.com/location-voiture/paris/peugeot-2008-1590454,Peugeot 2008 (2023),2023,Getaround Connect,SUV_COMPACT,SEGMENT_RULES,THERMIQUE,False,63.0,,4.78,44,Asnières-sur-Seine,Paris,Asnières-sur-Seine|Paris 17e,2,212,False,False,,8940,1001,26
20260729T110432,A2,v3.3-search-gps,2026-07-30T09:00,2026-07-30T20:00,1442840,https://fr.getaround.com/location-voiture/paris/citroen-c3-1442840,Citroen C3 (2023),2023,Getaround Connect,CITADINE,SEGMENT_RULES,THERMIQUE,False,68.0,,4.62,52,Puteaux,Paris,Puteaux|Asnières-sur-Seine|Paris 17e,3,213,False,False,,4880,550,13
20260729T110432,A2,v3.3-search-gps,2026-07-30T09:00,2026-07-30T20:00,1310061,https://fr.getaround.com/location-voiture/pantin/peugeot-208-1310061,Peugeot 208 (2019),2019,Getaround Connect,CITADINE,SEGMENT_RULES,THERMIQUE,False,49.0,,4.77,94,Asnières-sur-Seine,Pantin,Asnières-sur-Seine,1,213,False,False,,9650,1001,26
20260729T110432,A2,v3.3-search-gps,2026-07-30T09:00,2026-07-30T20:00,1421288,https://fr.getaround.com/location-voiture/rueil-malmaison/dacia-sandero-1421288,Dacia Sandero (2018),2018,Getaround Connect,CITADINE,SEGMENT_RULES,THERMIQUE,False,57.0,,4.74,42,Puteaux,Rueil Malmaison,Puteaux|Asnières-sur-Seine,2,214,False,False,,5340,550,13
20260729T110432,A2,v3.3-search-gps,2026-07-30T09:00,2026-07-30T20:00,1684302,https://fr.getaround.com/location-voiture/courbevoie/peugeot-208-1684302,Peugeot 208 (2013),2013,Sur rendez-vous,CITADINE,SEGMENT_RULES,THERMIQUE,False,62.0,,5.0,8,Asnières-sur-Seine,Courbevoie,Asnières-sur-Seine,1,214,False,False,,2900,1001,26
20260729T110432,A2,v3.3-search-gps,2026-07-30T09:00,2026-07-30T20:00,1535149,https://fr.getaround.com/location-voiture/boulogne-billancourt/toyota-auris-1535149,Toyota Auris (2017),2017,Getaround Connect,COMPACTE,SEGMENT_RULES,THERMIQUE,False,76.0,,4.93,76,Puteaux,Boulogne Billancourt,Puteaux|Asnières-sur-Seine,2,215,False,False,,5470,550,13
20260729T110432,A2,v3.3-search-gps,2026-07-30T09:00,2026-07-30T20:00,1852491,https://fr.getaround.com/location-voiture/courbevoie/renault-twingo-iii-1852491,Renault Twingo III (2014),2014,Sur rendez-vous,CITADINE,SEGMENT_RULES,THERMIQUE,False,50.0,,5.0,10,Asnières-sur-Seine,Courbevoie,Asnières-sur-Seine,1,215,False,False,,4290,1001,26
20260729T110432,A2,v3.3-search-gps,2026-07-30T09:00,2026-07-30T20:00,1940209,https://fr.getaround.com/location-voiture/neuilly-sur-seine/peugeot-2008-1940209,Peugeot 2008 (2023),2023,Sur rendez-vous,SUV_COMPACT,SEGMENT_RULES,THERMIQUE,False,88.0,,,,Puteaux,Neuilly Sur Seine,Puteaux|Asnières-sur-Seine|Paris 17e,3,216,False,False,,2320,550,13
20260729T110432,A2,v3.3-search-gps,2026-07-30T09:00,2026-07-30T20:00,1415561,https://fr.getaround.com/location-voiture/paris/fiat-500-1415561,Fiat 500 (2016),2016,Getaround Connect,CITADINE,SEGMENT_RULES,THERMIQUE,False,55.0,,4.41,17,Paris 17e,Paris,Paris 17e,1,216,False,False,,4740,889,50
20260729T110432,A2,v3.3-search-gps,2026-07-30T09:00,2026-07-30T20:00,733239,https://fr.getaround.com/location-voiture/sartrouville/fiat-500-733239,Fiat 500 (2016),2016,Getaround Connect,CITADINE,SEGMENT_RULES,THERMIQUE,False,53.0,,4.86,60,Puteaux,Sartrouville,Puteaux|Asnières-sur-Seine,2,217,False,False,,8020,550,13
20260729T110432,A2,v3.3-search-gps,2026-07-30T09:00,2026-07-30T20:00,705443,https://fr.getaround.com/location-voiture/paris/peugeot-208-705443,Peugeot 208 (2020),2020,Getaround Connect,CITADINE,SEGMENT_RULES,THERMIQUE,False,52.0,,4.32,210,Puteaux,Paris,Puteaux|Asnières-sur-Seine|Paris 17e,3,217,False,False,,6860,550,13
20260729T110432,A2,v3.3-search-gps,2026-07-30T09:00,2026-07-30T20:00,1836121,https://fr.getaround.com/location-voiture/paris/volkswagen-golf-1836121,Volkswagen Golf (2022),2022,Getaround Connect,COMPACTE,SEGMENT_RULES,THERMIQUE,False,73.0,,5.0,3,Asnières-sur-Seine,Paris,Asnières-sur-Seine|Paris 17e,2,217,False,False,,10660,1001,26
20260729T110432,A2,v3.3-search-gps,2026-07-30T09:00,2026-07-30T20:00,1474093,https://fr.getaround.com/location-voiture/la-celle-saint-cloud/toyota-yaris-1474093,Toyota Yaris (2017),2017,Getaround Connect,CITADINE,SEGMENT_RULES,THERMIQUE,False,60.0,,4.71,73,Puteaux,La Celle Saint Cloud,Puteaux|Asnières-sur-Seine,2,218,False,False,,7380,550,13
20260729T110432,A2,v3.3-search-gps,2026-07-30T09:00,2026-07-30T20:00,1885845,https://fr.getaround.com/location-voiture/paris/citroen-c1-ii-1885845,Citroen C1 II (2019),2019,Getaround Connect,MICRO_CITADINE,SEGMENT_RULES,THERMIQUE,False,58.0,,5.0,4,Paris 17e,Paris,Paris 17e,1,219,False,False,,3850,889,50
20260729T110432,A2,v3.3-search-gps,2026-07-30T09:00,2026-07-30T20:00,1787695,https://fr.getaround.com/location-voiture/paris/peugeot-208-1787695,Peugeot 208 (2025),2025,Getaround Connect,CITADINE,SEGMENT_RULES,THERMIQUE,False,73.0,,3.5,14,Puteaux,Paris,Puteaux|Asnières-sur-Seine|Paris 17e,3,220,False,False,,5330,550,13
20260729T110432,A2,v3.3-search-gps,2026-07-30T09:00,2026-07-30T20:00,1219229,https://fr.getaround.com/location-voiture/paris/peugeot-208-1219229,Peugeot 208 (2023),2023,Getaround Connect,CITADINE,SEGMENT_RULES,THERMIQUE,False,68.0,,4.21,33,Puteaux,Paris,Puteaux|Asnières-sur-Seine|Paris 17e,3,221,False,False,,8010,550,13
20260729T110432,A2,v3.3-search-gps,2026-07-30T09:00,2026-07-30T20:00,1787693,https://fr.getaround.com/location-voiture/paris/peugeot-208-1787693,Peugeot 208 (2025),2025,Getaround Connect,CITADINE,SEGMENT_RULES,THERMIQUE,False,73.0,,3.4,5,Puteaux,Paris,Puteaux|Asnières-sur-Seine|Paris 17e,3,222,False,False,,4980,550,13
20260729T110432,A2,v3.3-search-gps,2026-07-30T09:00,2026-07-30T20:00,1681926,https://fr.getaround.com/location-voiture/clichy/toyota-verso-1681926,Toyota Verso (2014),2014,Sur rendez-vous,MONOSPACE,SEGMENT_RULES,THERMIQUE,False,73.0,,,,Asnières-sur-Seine,Clichy,Asnières-sur-Seine,1,225,False,False,,1770,1001,26
20260729T110432,A2,v3.3-search-gps,2026-07-30T09:00,2026-07-30T20:00,941077,https://fr.getaround.com/location-voiture/boulogne-billancourt/dacia-spring-941077,Dacia Spring (2021),2021,Getaround Connect,COMPACTE,SEGMENT_RULES,THERMIQUE,False,42.0,,3.74,29,Puteaux,Boulogne Billancourt,Puteaux|Asnières-sur-Seine|Paris 17e,3,226,False,False,,5640,550,13
20260729T110432,A2,v3.3-search-gps,2026-07-30T09:00,2026-07-30T20:00,1297395,https://fr.getaround.com/location-voiture/sartrouville/renault-clio-1297395,Renault Clio (2014),2014,Getaround Connect,CITADINE,SEGMENT_RULES,THERMIQUE,False,53.0,,4.92,101,Puteaux,Sartrouville,Puteaux|Asnières-sur-Seine,2,227,False,False,,8200,550,13
20260729T110432,A2,v3.3-search-gps,2026-07-30T09:00,2026-07-30T20:00,1815674,https://fr.getaround.com/location-voiture/paris/renault-clio-1815674,Renault Clio (2021),2021,Getaround Connect,CITADINE,SEGMENT_RULES,THERMIQUE,False,49.0,,4.9,10,Asnières-sur-Seine,Paris,Asnières-sur-Seine|Paris 17e,2,227,False,False,,8990,1001,26
20260729T110432,A2,v3.3-search-gps,2026-07-30T09:00,2026-07-30T20:00,851209,https://fr.getaround.com/location-voiture/boulogne-billancourt/peugeot-208-851209,Peugeot 208 (2021),2021,Getaround Connect,CITADINE,SEGMENT_RULES,THERMIQUE,False,59.0,,4.44,115,Puteaux,Boulogne Billancourt,Puteaux|Asnières-sur-Seine|Paris 17e,3,228,False,False,,6050,550,13
20260729T110432,A2,v3.3-search-gps,2026-07-30T09:00,2026-07-30T20:00,641035,https://fr.getaround.com/location-voiture/paris/fiat-500-641035,Fiat 500 (2016),2016,Getaround Connect,CITADINE,SEGMENT_RULES,THERMIQUE,False,37.0,,4.82,129,Paris 17e,Paris,Paris 17e,1,229,False,False,,7480,889,50
20260729T110432,A2,v3.3-search-gps,2026-07-30T09:00,2026-07-30T20:00,1934280,https://fr.getaround.com/location-voiture/paris/peugeot-208-1934280,Peugeot 208 (2026),2026,Getaround Connect,CITADINE,SEGMENT_RULES,THERMIQUE,False,75.0,,,,Asnières-sur-Seine,Paris,Asnières-sur-Seine|Paris 17e,2,230,False,False,,6090,1001,26
20260729T110432,A2,v3.3-search-gps,2026-07-30T09:00,2026-07-30T20:00,1881900,https://fr.getaround.com/location-voiture/paris/peugeot-2008-1881900,Peugeot 2008 (2026),2026,Getaround Connect,SUV_COMPACT,SEGMENT_RULES,THERMIQUE,False,91.0,,5.0,4,Puteaux,Paris,Puteaux|Asnières-sur-Seine|Paris 17e,3,231,False,False,,4059,550,13
20260729T110432,A2,v3.3-search-gps,2026-07-30T09:00,2026-07-30T20:00,1179601,https://fr.getaround.com/location-voiture/issy-les-moulineaux/kia-cee-d-sw-1179601,Kia Cee'd SW (2013),2013,Sur rendez-vous,BREAK,SEGMENT_RULES,THERMIQUE,False,70.0,,5.0,36,Puteaux,Issy Les Moulineaux,Puteaux|Asnières-sur-Seine|Paris 17e,3,232,False,False,,6750,550,13
20260729T110432,A2,v3.3-search-gps,2026-07-30T09:00,2026-07-30T20:00,1478188,https://fr.getaround.com/location-voiture/paris/renault-clio-e-tech-1478188,Renault Clio E-tech (2020),2020,Getaround Connect,CITADINE,SEGMENT_RULES,ELECTRIQUE,False,58.0,,3.17,18,Puteaux,Paris,Puteaux|Asnières-sur-Seine|Paris 17e,3,232,False,False,,5750,550,13
20260729T110432,A2,v3.3-search-gps,2026-07-30T09:00,2026-07-30T20:00,1881937,https://fr.getaround.com/location-voiture/paris/peugeot-2008-1881937,Peugeot 2008 (2026),2026,Getaround Connect,SUV_COMPACT,SEGMENT_RULES,THERMIQUE,False,92.0,,4.83,6,Puteaux,Paris,Puteaux|Asnières-sur-Seine|Paris 17e,3,233,False,False,,4260,550,13
20260729T110432,A2,v3.3-search-gps,2026-07-30T09:00,2026-07-30T20:00,1665189,https://fr.getaround.com/location-voiture/paris/peugeot-208-1665189,Peugeot 208 (2019),2019,Getaround Connect,CITADINE,SEGMENT_RULES,THERMIQUE,False,52.0,,4.05,43,Asnières-sur-Seine,Paris,Asnières-sur-Seine|Paris 17e,2,233,False,False,,7160,1001,26
20260729T110432,A2,v3.3-search-gps,2026-07-30T09:00,2026-07-30T20:00,1839323,https://fr.getaround.com/location-voiture/bezons/citroen-c3-1839323,Citroen C3 (2021),2021,Getaround Connect,CITADINE,SEGMENT_RULES,THERMIQUE,False,69.0,,4.76,17,Puteaux,Bezons,Puteaux|Asnières-sur-Seine,2,234,False,False,,4600,550,13
20260729T110432,A2,v3.3-search-gps,2026-07-30T09:00,2026-07-30T20:00,1272663,https://fr.getaround.com/location-voiture/paris/toyota-corolla-hybride-1272663,Toyota Corolla Hybride (2022),2022,Getaround Connect,COMPACTE,SEGMENT_RULES,HYBRIDE,False,95.0,,4.55,57,Asnières-sur-Seine,Paris,Asnières-sur-Seine|Paris 17e,2,235,False,False,,6340,1001,26
20260729T110432,A2,v3.3-search-gps,2026-07-30T09:00,2026-07-30T20:00,1296795,https://fr.getaround.com/location-voiture/nanterre/suzuki-baleno-1296795,Suzuki Baleno (2017),2017,Sur rendez-vous,COMPACTE,SEGMENT_RULES,THERMIQUE,False,77.0,,,,Puteaux,Nanterre,Puteaux|Asnières-sur-Seine,2,236,False,False,,1420,550,13
20260729T110432,A2,v3.3-search-gps,2026-07-30T09:00,2026-07-30T20:00,1879471,https://fr.getaround.com/location-voiture/paris/renault-twingo-iii-1879471,Renault Twingo III (2016),2016,Getaround Connect,CITADINE,SEGMENT_RULES,THERMIQUE,False,60.0,,4.91,11,Puteaux,Paris,Puteaux|Asnières-sur-Seine|Paris 17e,3,236,False,False,,7540,550,13
20260729T110432,A2,v3.3-search-gps,2026-07-30T09:00,2026-07-30T20:00,1572123,https://fr.getaround.com/location-voiture/clichy/mini-clubman-cooper-1572123,Mini Clubman Cooper (2019),2019,Sur rendez-vous,BREAK,SEGMENT_RULES,THERMIQUE,False,88.0,,4.77,31,Puteaux,Clichy,Puteaux|Asnières-sur-Seine|Paris 17e,3,236,False,False,,5230,550,13
20260729T110432,A2,v3.3-search-gps,2026-07-30T09:00,2026-07-30T20:00,1629796,https://fr.getaround.com/location-voiture/paris/renault-clio-1629796,Renault Clio (2024),2024,Getaround Connect,CITADINE,SEGMENT_RULES,THERMIQUE,False,68.0,,4.83,39,Puteaux,Paris,Puteaux|Asnières-sur-Seine|Paris 17e,3,237,False,False,,5380,550,13
20260729T110432,A2,v3.3-search-gps,2026-07-30T09:00,2026-07-30T20:00,1196070,https://fr.getaround.com/location-voiture/courbevoie/honda-cr-v-1196070,Honda CR-V (2015),2015,Sur rendez-vous,SUV_FAMILIAL,SEGMENT_RULES,THERMIQUE,False,117.0,,,,Puteaux,Courbevoie,Puteaux,1,238,False,False,,1330,550,13
20260729T110432,A2,v3.3-search-gps,2026-07-30T09:00,2026-07-30T20:00,1866470,https://fr.getaround.com/location-voiture/saint-gratien/renault-clio-e-tech-1866470,Renault Clio E-tech (2022),2022,Getaround Connect,CITADINE,SEGMENT_RULES,ELECTRIQUE,False,86.0,,4.95,20,Asnières-sur-Seine,Saint Gratien,Asnières-sur-Seine,1,239,False,False,,4900,1001,26
20260729T110432,A2,v3.3-search-gps,2026-07-30T09:00,2026-07-30T20:00,1629787,https://fr.getaround.com/location-voiture/paris/renault-clio-1629787,Renault Clio (2024),2024,Getaround Connect,CITADINE,SEGMENT_RULES,THERMIQUE,False,57.0,,4.8,45,Puteaux,Paris,Puteaux|Asnières-sur-Seine|Paris 17e,3,240,False,False,,7100,550,13
20260729T110432,A2,v3.3-search-gps,2026-07-30T09:00,2026-07-30T20:00,1885350,https://fr.getaround.com/location-voiture/paris/renault-clio-1885350,Renault Clio (2019),2019,Getaround Connect,CITADINE,SEGMENT_RULES,THERMIQUE,False,49.0,,,,Asnières-sur-Seine,Paris,Asnières-sur-Seine|Paris 17e,2,240,False,False,,8990,1001,26
20260729T110432,A2,v3.3-search-gps,2026-07-30T09:00,2026-07-30T20:00,1555760,https://fr.getaround.com/location-voiture/issy-les-moulineaux/toyota-corolla-hybride-1555760,Toyota Corolla Hybride (2021),2021,Getaround Connect,COMPACTE,SEGMENT_RULES,HYBRIDE,False,70.0,,4.67,73,Puteaux,Issy Les Moulineaux,Puteaux|Paris 17e,2,241,False,False,,6840,550,13
20260729T110432,A2,v3.3-search-gps,2026-07-30T09:00,2026-07-30T20:00,1374147,https://fr.getaround.com/location-voiture/saint-ouen-sur-seine/renault-clio-1374147,Renault Clio (2019),2019,Getaround Connect,CITADINE,SEGMENT_RULES,THERMIQUE,False,69.0,,4.83,52,Asnières-sur-Seine,Saint Ouen Sur Seine,Asnières-sur-Seine|Paris 17e,2,242,False,False,,4170,1001,26
20260729T110432,A2,v3.3-search-gps,2026-07-30T09:00,2026-07-30T20:00,1873564,https://fr.getaround.com/location-voiture/boulogne-billancourt/fiat-500-1873564,Fiat 500 (2022),2022,Getaround Connect,CITADINE,SEGMENT_RULES,THERMIQUE,False,63.0,,4.78,9,Puteaux,Boulogne Billancourt,Puteaux|Asnières-sur-Seine,2,243,False,False,,5120,550,13
20260729T110432,A2,v3.3-search-gps,2026-07-30T09:00,2026-07-30T20:00,1575907,https://fr.getaround.com/location-voiture/paris/peugeot-208-1575907,Peugeot 208 (2024),2024,Getaround Connect,CITADINE,SEGMENT_RULES,THERMIQUE,False,68.0,,4.35,40,Puteaux,Paris,Puteaux|Asnières-sur-Seine|Paris 17e,3,244,False,False,,6740,550,13
20260729T110432,A2,v3.3-search-gps,2026-07-30T09:00,2026-07-30T20:00,1650472,https://fr.getaround.com/location-voiture/paris/volkswagen-t-cross-1650472,Volkswagen T-Cross (2024),2024,Getaround Connect,SUV_COMPACT,SEGMENT_RULES,THERMIQUE,False,80.0,,4.73,22,Puteaux,Paris,Puteaux|Asnières-sur-Seine|Paris 17e,3,244,False,False,,5420,550,13
20260729T110432,A2,v3.3-search-gps,2026-07-30T09:00,2026-07-30T20:00,1897393,https://fr.getaround.com/location-voiture/paris/renault-grand-scenic-1897393,Renault Grand Scenic (2017),2017,Getaround Connect,MONOSPACE,SEGMENT_RULES,THERMIQUE,False,107.0,,,,Puteaux,Paris,Puteaux|Asnières-sur-Seine|Paris 17e,3,245,False,False,,4260,550,13
20260729T110432,A2,v3.3-search-gps,2026-07-30T09:00,2026-07-30T20:00,1556430,https://fr.getaround.com/location-voiture/paris/toyota-corolla-break-hybride-1556430,Toyota Corolla Break Hybride (2021),2021,Getaround Connect,BREAK,SEGMENT_RULES,HYBRIDE,False,88.0,,4.79,35,Asnières-sur-Seine,Paris,Asnières-sur-Seine|Paris 17e,2,245,False,False,,6890,1001,26
20260729T110432,A2,v3.3-search-gps,2026-07-30T09:00,2026-07-30T20:00,1708050,https://fr.getaround.com/location-voiture/boulogne-billancourt/toyota-yaris-1708050,Toyota Yaris (2019),2019,Getaround Connect,CITADINE,SEGMENT_RULES,THERMIQUE,False,69.0,,4.9,20,Puteaux,Boulogne Billancourt,Puteaux|Asnières-sur-Seine,2,248,False,False,,5320,550,13
20260729T110432,A2,v3.3-search-gps,2026-07-30T09:00,2026-07-30T20:00,989643,https://fr.getaround.com/location-voiture/paris/renault-clio-989643,Renault Clio (2021),2021,Getaround Connect,CITADINE,SEGMENT_RULES,THERMIQUE,False,52.0,,4.34,94,Asnières-sur-Seine,Paris,Asnières-sur-Seine|Paris 17e,2,248,False,False,,8750,1001,26
20260729T110432,A2,v3.3-search-gps,2026-07-30T09:00,2026-07-30T20:00,1694498,https://fr.getaround.com/location-voiture/paris/peugeot-308-sw-1694498,Peugeot 308 SW (2021),2021,Getaround Connect,BREAK,SEGMENT_RULES,THERMIQUE,False,58.0,,3.76,17,Asnières-sur-Seine,Paris,Asnières-sur-Seine|Paris 17e,2,249,False,False,,5560,1001,26
20260729T110432,A2,v3.3-search-gps,2026-07-30T09:00,2026-07-30T20:00,1831047,https://fr.getaround.com/location-voiture/paris/renault-clio-1831047,Renault Clio (2025),2025,Getaround Connect,CITADINE,SEGMENT_RULES,THERMIQUE,False,54.0,,5.0,25,Asnières-sur-Seine,Paris,Asnières-sur-Seine|Paris 17e,2,250,False,False,,10180,1001,26
20260729T110432,A2,v3.3-search-gps,2026-07-30T09:00,2026-07-30T20:00,1424176,https://fr.getaround.com/location-voiture/paris/fiat-500-1424176,Fiat 500 (2013),2013,Getaround Connect,CITADINE,SEGMENT_RULES,THERMIQUE,False,55.0,,4.95,104,Asnières-sur-Seine,Paris,Asnières-sur-Seine|Paris 17e,2,252,False,False,,8010,1001,26
20260729T110432,A2,v3.3-search-gps,2026-07-30T09:00,2026-07-30T20:00,1582295,https://fr.getaround.com/location-voiture/asnieres-sur-seine/citroen-c3-1582295,Citroen C3 (2021),2021,Getaround Connect,CITADINE,SEGMENT_RULES,THERMIQUE,False,70.0,,4.75,24,Puteaux,Asnieres Sur Seine,Puteaux|Paris 17e,2,253,False,False,,4240,550,13
20260729T110432,A2,v3.3-search-gps,2026-07-30T09:00,2026-07-30T20:00,1853405,https://fr.getaround.com/location-voiture/vaucresson/toyota-corolla-break-hybride-1853405,Toyota Corolla Break Hybride (2024),2024,Getaround Connect,BREAK,SEGMENT_RULES,HYBRIDE,False,67.0,,4.0,2,Puteaux,Vaucresson,Puteaux|Asnières-sur-Seine,2,254,False,False,,7700,550,13
20260729T110432,A2,v3.3-search-gps,2026-07-30T09:00,2026-07-30T20:00,1401435,https://fr.getaround.com/location-voiture/gennevilliers/bmw-serie-2-active-tourer-1401435,BMW Série 2 Active Tourer (2016),2016,Sur rendez-vous,COMPACTE,SEGMENT_RULES,THERMIQUE,False,114.0,,4.33,6,Puteaux,Gennevilliers,Puteaux|Asnières-sur-Seine,2,254,False,False,,6260,550,13
20260729T110432,A2,v3.3-search-gps,2026-07-30T09:00,2026-07-30T20:00,1807035,https://fr.getaround.com/location-voiture/paris/fiat-500-hybride-1807035,Fiat 500 Hybride (2023),2023,Getaround Connect,CITADINE,SEGMENT_RULES,HYBRIDE,False,50.0,,4.86,7,Asnières-sur-Seine,Paris,Asnières-sur-Seine|Paris 17e,2,254,False,False,,8730,1001,26
20260729T110432,A2,v3.3-search-gps,2026-07-30T09:00,2026-07-30T20:00,699273,https://fr.getaround.com/location-voiture/paris/renault-clio-699273,Renault Clio (2017),2017,Getaround Connect,CITADINE,SEGMENT_RULES,THERMIQUE,False,63.0,,4.71,152,Puteaux,Paris,Puteaux|Asnières-sur-Seine|Paris 17e,3,255,False,False,,5800,550,13
20260729T110432,A2,v3.3-search-gps,2026-07-30T09:00,2026-07-30T20:00,1809387,https://fr.getaround.com/location-voiture/paris/renault-clio-1809387,Renault Clio (2022),2022,Getaround Connect,CITADINE,SEGMENT_RULES,THERMIQUE,False,49.0,,4.84,19,Asnières-sur-Seine,Paris,Asnières-sur-Seine|Paris 17e,2,255,False,False,,9710,1001,26
20260729T110432,A2,v3.3-search-gps,2026-07-30T09:00,2026-07-30T20:00,1224557,https://fr.getaround.com/location-voiture/issy-les-moulineaux/peugeot-208-1224557,Peugeot 208 (2023),2023,Getaround Connect,CITADINE,SEGMENT_RULES,THERMIQUE,False,50.0,,4.39,81,Puteaux,Issy Les Moulineaux,Puteaux|Asnières-sur-Seine|Paris 17e,3,256,False,False,,7150,550,13
20260729T110432,A2,v3.3-search-gps,2026-07-30T09:00,2026-07-30T20:00,1894949,https://fr.getaround.com/location-voiture/asnieres-sur-seine/citroen-c1-ii-1894949,Citroen C1 II (2017),2017,Sur rendez-vous,MICRO_CITADINE,SEGMENT_RULES,THERMIQUE,False,73.0,,5.0,1,Puteaux,Asnieres Sur Seine,Puteaux|Asnières-sur-Seine,2,256,False,False,,6360,550,13
20260729T110432,A2,v3.3-search-gps,2026-07-30T09:00,2026-07-30T20:00,1065708,https://fr.getaround.com/location-voiture/paris/peugeot-208-1065708,Peugeot 208 (2015),2015,Getaround Connect,CITADINE,SEGMENT_RULES,THERMIQUE,False,76.0,,4.48,84,Paris 17e,Paris,Paris 17e,1,256,False,False,,2460,889,50
20260729T110432,A2,v3.3-search-gps,2026-07-30T09:00,2026-07-30T20:00,1569354,https://fr.getaround.com/location-voiture/paris/toyota-yaris-hybride-1569354,Toyota Yaris Hybride (2017),2017,Getaround Connect,CITADINE,SEGMENT_RULES,HYBRIDE,False,58.0,,4.95,63,Asnières-sur-Seine,Paris,Asnières-sur-Seine|Paris 17e,2,257,False,False,,9550,1001,26
20260729T110432,A2,v3.3-search-gps,2026-07-30T09:00,2026-07-30T20:00,1701804,https://fr.getaround.com/location-voiture/aubervilliers/fiat-500-lounge-1701804,Fiat 500 Lounge (2014),2014,Getaround Connect,CITADINE,SEGMENT_RULES,THERMIQUE,False,55.0,,4.89,9,Asnières-sur-Seine,Aubervilliers,Asnières-sur-Seine|Paris 17e,2,258,False,False,,7690,1001,26
20260729T110432,A2,v3.3-search-gps,2026-07-30T09:00,2026-07-30T20:00,1629801,https://fr.getaround.com/location-voiture/paris/renault-clio-1629801,Renault Clio (2024),2024,Getaround Connect,CITADINE,SEGMENT_RULES,THERMIQUE,False,68.0,,4.58,49,Puteaux,Paris,Puteaux|Asnières-sur-Seine|Paris 17e,3,259,False,False,,5790,550,13
20260729T110432,A2,v3.3-search-gps,2026-07-30T09:00,2026-07-30T20:00,1911274,https://fr.getaround.com/location-voiture/paris/citroen-c3-1911274,Citroen C3 (2022),2022,Getaround Connect,CITADINE,SEGMENT_RULES,THERMIQUE,False,52.0,,,,Asnières-sur-Seine,Paris,Asnières-sur-Seine|Paris 17e,2,259,False,False,,5560,1001,26
20260729T110432,A2,v3.3-search-gps,2026-07-30T09:00,2026-07-30T20:00,1820987,https://fr.getaround.com/location-voiture/boulogne-billancourt/peugeot-208-1820987,Peugeot 208 (2015),2015,Getaround Connect,CITADINE,SEGMENT_RULES,THERMIQUE,False,55.0,,4.47,17,Puteaux,Boulogne Billancourt,Puteaux|Asnières-sur-Seine,2,260,False,False,,5930,550,13
20260729T110432,A2,v3.3-search-gps,2026-07-30T09:00,2026-07-30T20:00,1752944,https://fr.getaround.com/location-voiture/saint-gratien/renault-clio-e-tech-1752944,Renault Clio E-tech (2022),2022,Getaround Connect,CITADINE,SEGMENT_RULES,ELECTRIQUE,False,86.0,,4.94,31,Asnières-sur-Seine,Saint Gratien,Asnières-sur-Seine,1,260,False,False,,4900,1001,26
20260729T110432,A2,v3.3-search-gps,2026-07-30T09:00,2026-07-30T20:00,1759940,https://fr.getaround.com/location-voiture/rueil-malmaison/fiat-500-1759940,Fiat 500 (2011),2011,Sur rendez-vous,CITADINE,SEGMENT_RULES,THERMIQUE,False,57.0,,5.0,6,Puteaux,Rueil Malmaison,Puteaux|Asnières-sur-Seine,2,261,False,False,,3750,550,13
20260729T110432,A2,v3.3-search-gps,2026-07-30T09:00,2026-07-30T20:00,1148793,https://fr.getaround.com/location-voiture/arnouville/renault-twingo-ii-1148793,Renault Twingo II (2014),2014,Getaround Connect,CITADINE,SEGMENT_RULES,THERMIQUE,False,42.0,,4.76,60,Asnières-sur-Seine,Arnouville,Asnières-sur-Seine,1,261,False,False,,11990,1001,26
20260729T110432,A2,v3.3-search-gps,2026-07-30T09:00,2026-07-30T20:00,1078159,https://fr.getaround.com/location-voiture/paris/renault-twingo-1078159,Renault Twingo (2015),2015,Getaround Connect,CITADINE,SEGMENT_RULES,THERMIQUE,False,45.0,,4.07,38,Asnières-sur-Seine,Paris,Asnières-sur-Seine|Paris 17e,2,261,False,False,,7040,1001,26
20260729T110432,A2,v3.3-search-gps,2026-07-30T09:00,2026-07-30T20:00,1834680,https://fr.getaround.com/location-voiture/boulogne-billancourt/peugeot-208-1834680,Peugeot 208 (2016),2016,Sur rendez-vous,CITADINE,SEGMENT_RULES,THERMIQUE,False,63.0,,5.0,8,Puteaux,Boulogne Billancourt,Puteaux|Asnières-sur-Seine,2,262,False,False,,4990,550,13
20260729T110432,A2,v3.3-search-gps,2026-07-30T09:00,2026-07-30T20:00,1655119,https://fr.getaround.com/location-voiture/saint-gratien/renault-clio-e-tech-1655119,Renault Clio E-tech (2022),2022,Getaround Connect,CITADINE,SEGMENT_RULES,ELECTRIQUE,False,86.0,,4.74,19,Asnières-sur-Seine,Saint Gratien,Asnières-sur-Seine,1,262,False,False,,4900,1001,26
20260729T110432,A2,v3.3-search-gps,2026-07-30T09:00,2026-07-30T20:00,1829999,https://fr.getaround.com/location-voiture/paris/renault-clio-1829999,Renault Clio (2025),2025,Getaround Connect,CITADINE,SEGMENT_RULES,THERMIQUE,False,54.0,,4.7,30,Asnières-sur-Seine,Paris,Asnières-sur-Seine|Paris 17e,2,262,False,False,,10180,1001,26
20260729T110432,A2,v3.3-search-gps,2026-07-30T09:00,2026-07-30T20:00,1308105,https://fr.getaround.com/location-voiture/ville-d-avray/dacia-duster-1308105,Dacia Duster (2019),2019,Getaround Connect,CITADINE,SEGMENT_RULES,THERMIQUE,False,69.0,,5.0,19,Puteaux,Ville D Avray,Puteaux,1,263,False,False,,7070,550,13
20260729T110432,A2,v3.3-search-gps,2026-07-30T09:00,2026-07-30T20:00,839114,https://fr.getaround.com/location-voiture/paris/dacia-sandero-839114,Dacia Sandero (2014),2014,Getaround Connect,CITADINE,SEGMENT_RULES,THERMIQUE,False,47.0,,3.92,91,Asnières-sur-Seine,Paris,Asnières-sur-Seine|Paris 17e,2,263,False,False,,7040,1001,26
20260729T110432,A2,v3.3-search-gps,2026-07-30T09:00,2026-07-30T20:00,1922053,https://fr.getaround.com/location-voiture/nanterre/renault-clio-estate-1922053,Renault Clio Estate (2013),2013,Sur rendez-vous,BREAK,SEGMENT_RULES,THERMIQUE,False,55.0,,5.0,2,Puteaux,Nanterre,Puteaux|Asnières-sur-Seine,2,264,False,False,,3770,550,13
20260729T110432,A2,v3.3-search-gps,2026-07-30T09:00,2026-07-30T20:00,1928510,https://fr.getaround.com/location-voiture/saint-denis/renault-captur-1928510,Renault Captur (2020),2020,Getaround Connect,SUV_COMPACT,SEGMENT_RULES,THERMIQUE,False,77.0,,5.0,1,Asnières-sur-Seine,Saint Denis,Asnières-sur-Seine|Paris 17e,2,264,False,False,,4890,1001,26
20260729T110432,A2,v3.3-search-gps,2026-07-30T09:00,2026-07-30T20:00,1504245,https://fr.getaround.com/location-voiture/paris/peugeot-3008-1504245,Peugeot 3008 (2024),2024,Getaround Connect,SUV_FAMILIAL,SEGMENT_RULES,THERMIQUE,False,112.0,,4.0,16,Puteaux,Paris,Puteaux|Asnières-sur-Seine|Paris 17e,3,265,False,False,,5950,550,13
20260729T110432,A2,v3.3-search-gps,2026-07-30T09:00,2026-07-30T20:00,1556498,https://fr.getaround.com/location-voiture/paris/toyota-yaris-cross-hybrid-1556498,Toyota Yaris Cross Hybrid (2022),2022,Getaround Connect,SUV_COMPACT,SEGMENT_RULES,HYBRIDE,False,79.0,,4.3,42,Puteaux,Paris,Puteaux|Asnières-sur-Seine|Paris 17e,3,266,False,False,,7460,550,13
20260729T110432,A2,v3.3-search-gps,2026-07-30T09:00,2026-07-30T20:00,1787205,https://fr.getaround.com/location-voiture/paris/smart-fortwo-passion-1787205,Smart Fortwo Passion (2016),2016,Sur rendez-vous,MICRO_CITADINE,SEGMENT_RULES,THERMIQUE,False,69.0,,5.0,4,Puteaux,Paris,Puteaux|Asnières-sur-Seine|Paris 17e,3,266,False,False,,4200,550,13
20260729T110432,A2,v3.3-search-gps,2026-07-30T09:00,2026-07-30T20:00,1883464,https://fr.getaround.com/location-voiture/paris/peugeot-208-1883464,Peugeot 208 (2021),2021,Getaround Connect,CITADINE,SEGMENT_RULES,THERMIQUE,False,63.0,,5.0,13,Asnières-sur-Seine,Paris,Asnières-sur-Seine|Paris 17e,2,266,False,False,,10220,1001,26
20260729T110432,A2,v3.3-search-gps,2026-07-30T09:00,2026-07-30T20:00,1374847,https://fr.getaround.com/location-voiture/boulogne-billancourt/renault-clio-1374847,Renault Clio (2012),2012,Getaround Connect,CITADINE,SEGMENT_RULES,THERMIQUE,False,53.0,,4.41,92,Puteaux,Boulogne Billancourt,Puteaux|Asnières-sur-Seine,2,267,False,False,,5550,550,13
20260729T110432,A2,v3.3-search-gps,2026-07-30T09:00,2026-07-30T20:00,1220297,https://fr.getaround.com/location-voiture/paris/fiat-500-1220297,Fiat 500 (2012),2012,Getaround Connect,CITADINE,SEGMENT_RULES,THERMIQUE,False,49.0,,3.76,38,Asnières-sur-Seine,Paris,Asnières-sur-Seine|Paris 17e,2,267,False,False,,7040,1001,26
20260729T110432,A2,v3.3-search-gps,2026-07-30T09:00,2026-07-30T20:00,1665727,https://fr.getaround.com/location-voiture/paris/renault-twingo-iii-1665727,Renault Twingo III (2019),2019,Sur rendez-vous,CITADINE,SEGMENT_RULES,THERMIQUE,False,42.0,,4.91,33,Puteaux,Paris,Puteaux|Asnières-sur-Seine|Paris 17e,3,268,False,False,,7690,550,13
20260729T110432,A2,v3.3-search-gps,2026-07-30T09:00,2026-07-30T20:00,1591649,https://fr.getaround.com/location-voiture/gennevilliers/renault-clio-1591649,Renault Clio (2020),2020,Sur rendez-vous,CITADINE,SEGMENT_RULES,THERMIQUE,False,86.0,,,,Asnières-sur-Seine,Gennevilliers,Asnières-sur-Seine,1,268,False,False,,560,1001,26
20260729T110432,A2,v3.3-search-gps,2026-07-30T09:00,2026-07-30T20:00,1007447,https://fr.getaround.com/location-voiture/paris/fiat-500-1007447,Fiat 500 (2012),2012,Getaround Connect,CITADINE,SEGMENT_RULES,THERMIQUE,False,49.0,,3.87,56,Asnières-sur-Seine,Paris,Asnières-sur-Seine|Paris 17e,2,268,False,False,,7040,1001,26
20260729T110432,A2,v3.3-search-gps,2026-07-30T09:00,2026-07-30T20:00,1216442,https://fr.getaround.com/location-voiture/paris/peugeot-208-1216442,Peugeot 208 (2023),2023,Getaround Connect,CITADINE,SEGMENT_RULES,THERMIQUE,False,68.0,,4.72,76,Puteaux,Paris,Puteaux|Asnières-sur-Seine|Paris 17e,3,269,False,False,,6740,550,13
20260729T110432,A2,v3.3-search-gps,2026-07-30T09:00,2026-07-30T20:00,1922215,https://fr.getaround.com/location-voiture/paris/toyota-yaris-hybride-1922215,Toyota Yaris Hybride (2026),2026,Sur rendez-vous,CITADINE,SEGMENT_RULES,HYBRIDE,False,74.0,,,,Puteaux,Paris,Puteaux|Asnières-sur-Seine|Paris 17e,3,269,False,False,,3720,550,13
20260729T110432,A2,v3.3-search-gps,2026-07-30T09:00,2026-07-30T20:00,1433801,https://fr.getaround.com/location-voiture/montmagny/renault-clio-1433801,Renault Clio (2013),2013,Getaround Connect,CITADINE,SEGMENT_RULES,THERMIQUE,False,54.0,,4.95,37,Asnières-sur-Seine,Montmagny,Asnières-sur-Seine,1,269,False,False,,7710,1001,26
20260729T110432,A2,v3.3-search-gps,2026-07-30T09:00,2026-07-30T20:00,1787478,https://fr.getaround.com/location-voiture/paris/peugeot-208-1787478,Peugeot 208 (2025),2025,Getaround Connect,CITADINE,SEGMENT_RULES,THERMIQUE,False,79.0,,4.55,11,Puteaux,Paris,Puteaux|Asnières-sur-Seine,2,270,False,False,,4880,550,13
20260729T110432,A2,v3.3-search-gps,2026-07-30T09:00,2026-07-30T20:00,994695,https://fr.getaround.com/location-voiture/paris/renault-twingo-994695,Renault Twingo (2017),2017,Getaround Connect,CITADINE,SEGMENT_RULES,THERMIQUE,False,55.0,,4.76,89,Puteaux,Paris,Puteaux|Asnières-sur-Seine|Paris 17e,3,272,False,False,,7860,550,13
20260729T110432,A2,v3.3-search-gps,2026-07-30T09:00,2026-07-30T20:00,1871183,https://fr.getaround.com/location-voiture/paris/dacia-sandero-stepway-1871183,Dacia Sandero Stepway (2016),2016,Sur rendez-vous,CITADINE,SEGMENT_RULES,THERMIQUE,False,60.0,,,,Puteaux,Paris,Puteaux|Asnières-sur-Seine|Paris 17e,3,272,False,False,,6530,550,13
20260729T110432,A2,v3.3-search-gps,2026-07-30T09:00,2026-07-30T20:00,1904339,https://fr.getaround.com/location-voiture/paris/renault-clio-1904339,Renault Clio (2019),2019,Getaround Connect,CITADINE,SEGMENT_RULES,THERMIQUE,False,58.0,,,,Puteaux,Paris,Puteaux|Paris 17e,2,274,False,False,,7780,550,13
20260729T110432,A2,v3.3-search-gps,2026-07-30T09:00,2026-07-30T20:00,1936723,https://fr.getaround.com/location-voiture/colombes/peugeot-2008-1936723,Peugeot 2008 (2021),2021,Sur rendez-vous,SUV_COMPACT,SEGMENT_RULES,THERMIQUE,False,80.0,,,,Puteaux,Colombes,Puteaux|Asnières-sur-Seine,2,275,False,False,,3290,550,13
20260729T110432,A2,v3.3-search-gps,2026-07-30T09:00,2026-07-30T20:00,1280421,https://fr.getaround.com/location-voiture/gennevilliers/smart-fortwo-cabriolet-1280421,Smart Fortwo Cabriolet (2014),2014,Sur rendez-vous,CABRIOLET,SEGMENT_RULES,THERMIQUE,False,76.0,,,,Puteaux,Gennevilliers,Puteaux|Asnières-sur-Seine,2,275,False,False,,6270,550,13
20260729T110432,A2,v3.3-search-gps,2026-07-30T09:00,2026-07-30T20:00,1877578,https://fr.getaround.com/location-voiture/paris/renault-arkana-e-tech-1877578,Renault Arkana E-Tech (2023),2023,Getaround Connect,COMPACTE,SEGMENT_RULES,ELECTRIQUE,False,73.0,,5.0,1,Asnières-sur-Seine,Paris,Asnières-sur-Seine|Paris 17e,2,275,False,False,,8730,1001,26
20260729T110432,A2,v3.3-search-gps,2026-07-30T09:00,2026-07-30T20:00,1765403,https://fr.getaround.com/location-voiture/enghien-les-bains/citroen-c3-1765403,Citroen C3 (2020),2020,Getaround Connect,CITADINE,SEGMENT_RULES,THERMIQUE,False,63.0,,5.0,6,Asnières-sur-Seine,Enghien Les Bains,Asnières-sur-Seine,1,276,False,False,,5420,1001,26
20260729T110432,A2,v3.3-search-gps,2026-07-30T09:00,2026-07-30T20:00,1608621,https://fr.getaround.com/location-voiture/paris/toyota-yaris-hybride-1608621,Toyota Yaris Hybride (2024),2024,Getaround Connect,CITADINE,SEGMENT_RULES,HYBRIDE,False,69.0,,4.3,23,Puteaux,Paris,Puteaux|Asnières-sur-Seine|Paris 17e,3,277,False,False,,4390,550,13
20260729T110432,A2,v3.3-search-gps,2026-07-30T09:00,2026-07-30T20:00,1512546,https://fr.getaround.com/location-voiture/deuil-la-barre/peugeot-207-1512546,Peugeot 207 (2011),2011,Sur rendez-vous,COMPACTE,SEGMENT_RULES,THERMIQUE,False,44.0,,5.0,30,Asnières-sur-Seine,Deuil La Barre,Asnières-sur-Seine,1,278,False,False,,6750,1001,26
20260729T110432,A2,v3.3-search-gps,2026-07-30T09:00,2026-07-30T20:00,833696,https://fr.getaround.com/location-voiture/paris/renault-clio-833696,Renault Clio (2017),2017,Getaround Connect,CITADINE,SEGMENT_RULES,THERMIQUE,False,52.0,,4.1,134,Asnières-sur-Seine,Paris,Asnières-sur-Seine|Paris 17e,2,279,False,False,,9420,1001,26
20260729T110432,A2,v3.3-search-gps,2026-07-30T09:00,2026-07-30T20:00,1886656,https://fr.getaround.com/location-voiture/paris/citroen-c1-ii-1886656,Citroen C1 II (2019),2019,Getaround Connect,MICRO_CITADINE,SEGMENT_RULES,THERMIQUE,False,55.0,,5.0,1,Puteaux,Paris,Puteaux|Asnières-sur-Seine|Paris 17e,3,280,False,False,,7420,550,13
20260729T110432,A2,v3.3-search-gps,2026-07-30T09:00,2026-07-30T20:00,1920362,https://fr.getaround.com/location-voiture/asnieres-sur-seine/ford-fiesta-1920362,Ford Fiesta (2015),2015,Sur rendez-vous,CITADINE,SEGMENT_RULES,THERMIQUE,False,69.0,,,,Puteaux,Asnieres Sur Seine,Puteaux|Asnières-sur-Seine,2,280,False,False,,6360,550,13
20260729T110432,A2,v3.3-search-gps,2026-07-30T09:00,2026-07-30T20:00,1291658,https://fr.getaround.com/location-voiture/vanves/toyota-yaris-hybride-1291658,Toyota Yaris Hybride (2022),2022,Getaround Connect,CITADINE,SEGMENT_RULES,HYBRIDE,False,64.0,,4.46,55,Puteaux,Vanves,Puteaux|Paris 17e,2,281,False,False,,8029,550,13
20260729T110432,A2,v3.3-search-gps,2026-07-30T09:00,2026-07-30T20:00,661155,https://fr.getaround.com/location-voiture/paris/renault-captur-661155,Renault Captur (2016),2016,Getaround Connect,SUV_COMPACT,SEGMENT_RULES,THERMIQUE,False,55.0,,4.15,169,Asnières-sur-Seine,Paris,Asnières-sur-Seine|Paris 17e,2,281,False,False,,6380,1001,26
20260729T110432,A2,v3.3-search-gps,2026-07-30T09:00,2026-07-30T20:00,1675505,https://fr.getaround.com/location-voiture/paris/peugeot-208-1675505,Peugeot 208 (2025),2025,Getaround Connect,CITADINE,SEGMENT_RULES,THERMIQUE,False,73.0,,3.0,11,Puteaux,Paris,Puteaux|Asnières-sur-Seine,2,282,False,False,,4730,550,13
20260729T110432,A2,v3.3-search-gps,2026-07-30T09:00,2026-07-30T20:00,1841453,https://fr.getaround.com/location-voiture/paris/renault-arkana-e-tech-1841453,Renault Arkana E-Tech (2023),2023,Getaround Connect,COMPACTE,SEGMENT_RULES,ELECTRIQUE,False,73.0,,4.83,12,Asnières-sur-Seine,Paris,Asnières-sur-Seine|Paris 17e,2,284,False,False,,9580,1001,26
20260729T110432,A2,v3.3-search-gps,2026-07-30T09:00,2026-07-30T20:00,1556516,https://fr.getaround.com/location-voiture/paris/toyota-corolla-break-hybride-1556516,Toyota Corolla Break Hybride (2022),2022,Getaround Connect,BREAK,SEGMENT_RULES,HYBRIDE,False,70.0,,4.78,23,Asnières-sur-Seine,Paris,Asnières-sur-Seine|Paris 17e,2,285,False,False,,11260,1001,26
20260729T110432,A2,v3.3-search-gps,2026-07-30T09:00,2026-07-30T20:00,1851073,https://fr.getaround.com/location-voiture/paris/peugeot-208-1851073,Peugeot 208 (2023),2023,Sur rendez-vous,CITADINE,SEGMENT_RULES,THERMIQUE,False,68.0,,5.0,4,Puteaux,Paris,Puteaux|Asnières-sur-Seine|Paris 17e,3,286,False,False,,6400,550,13
20260729T110432,A2,v3.3-search-gps,2026-07-30T09:00,2026-07-30T20:00,1895320,https://fr.getaround.com/location-voiture/paris/volkswagen-polo-1895320,Volkswagen Polo (2024),2024,Getaround Connect,CITADINE,SEGMENT_RULES,THERMIQUE,False,77.0,,4.5,2,Asnières-sur-Seine,Paris,Asnières-sur-Seine|Paris 17e,2,287,False,False,,9790,1001,26
20260729T110432,A2,v3.3-search-gps,2026-07-30T09:00,2026-07-30T20:00,563736,https://fr.getaround.com/location-voiture/paris/renault-clio-563736,Renault Clio (2014),2014,Getaround Connect,CITADINE,SEGMENT_RULES,THERMIQUE,False,55.0,,4.16,196,Asnières-sur-Seine,Paris,Asnières-sur-Seine|Paris 17e,2,288,False,False,,8010,1001,26
20260729T110432,A2,v3.3-search-gps,2026-07-30T09:00,2026-07-30T20:00,1707222,https://fr.getaround.com/location-voiture/paris/peugeot-208-1707222,Peugeot 208 (2025),2025,Getaround Connect,CITADINE,SEGMENT_RULES,THERMIQUE,False,79.0,,4.26,23,Puteaux,Paris,Puteaux|Asnières-sur-Seine|Paris 17e,3,289,False,False,,5390,550,13
20260729T110432,A2,v3.3-search-gps,2026-07-30T09:00,2026-07-30T20:00,1650442,https://fr.getaround.com/location-voiture/paris/volkswagen-t-cross-1650442,Volkswagen T-Cross (2024),2024,Getaround Connect,SUV_COMPACT,SEGMENT_RULES,THERMIQUE,False,80.0,,3.5,18,Asnières-sur-Seine,Paris,Asnières-sur-Seine|Paris 17e,2,289,False,False,,6900,1001,26
20260729T110432,A2,v3.3-search-gps,2026-07-30T09:00,2026-07-30T20:00,1370312,https://fr.getaround.com/location-voiture/saint-ouen-sur-seine/citroen-c3-1370312,Citroen C3 (2020),2020,Getaround Connect,CITADINE,SEGMENT_RULES,THERMIQUE,False,69.0,,4.66,41,Asnières-sur-Seine,Saint Ouen Sur Seine,Asnières-sur-Seine|Paris 17e,2,290,False,False,,4170,1001,26
20260729T110432,A2,v3.3-search-gps,2026-07-30T09:00,2026-07-30T20:00,1339800,https://fr.getaround.com/location-voiture/paris/renault-clio-1339800,Renault Clio (2023),2023,Getaround Connect,CITADINE,SEGMENT_RULES,THERMIQUE,False,63.0,,4.17,52,Asnières-sur-Seine,Paris,Asnières-sur-Seine|Paris 17e,2,290,False,False,,6890,1001,26
20260729T110432,A2,v3.3-search-gps,2026-07-30T09:00,2026-07-30T20:00,1681647,https://fr.getaround.com/location-voiture/paris/peugeot-3008-1681647,Peugeot 3008 (2020),2020,Getaround Connect,SUV_FAMILIAL,SEGMENT_RULES,THERMIQUE,False,79.0,,3.86,21,Puteaux,Paris,Puteaux|Asnières-sur-Seine|Paris 17e,3,291,False,False,,5420,550,13
20260729T110432,A2,v3.3-search-gps,2026-07-30T09:00,2026-07-30T20:00,1400423,https://fr.getaround.com/location-voiture/argenteuil/peugeot-208-1400423,Peugeot 208 (2020),2020,Getaround Connect,CITADINE,SEGMENT_RULES,THERMIQUE,False,69.0,,4.58,36,Puteaux,Argenteuil,Puteaux|Asnières-sur-Seine,2,291,False,False,,7270,550,13
20260729T110432,A2,v3.3-search-gps,2026-07-30T09:00,2026-07-30T20:00,1322902,https://fr.getaround.com/location-voiture/paris/toyota-corolla-break-hybride-1322902,Toyota Corolla Break Hybride (2020),2020,Getaround Connect,BREAK,SEGMENT_RULES,HYBRIDE,False,81.0,,4.35,42,Puteaux,Paris,Puteaux|Asnières-sur-Seine|Paris 17e,3,291,False,False,,7890,550,13
20260729T110432,A2,v3.3-search-gps,2026-07-30T09:00,2026-07-30T20:00,1927762,https://fr.getaround.com/location-voiture/puteaux/smart-fortwo-electric-drive-1927762,Smart Fortwo Electric Drive (2020),2020,Sur rendez-vous,MICRO_CITADINE,SEGMENT_RULES,ELECTRIQUE,False,80.0,,,,Puteaux,Puteaux,Puteaux|Asnières-sur-Seine,2,292,False,False,,670,550,13
20260729T110432,A2,v3.3-search-gps,2026-07-30T09:00,2026-07-30T20:00,945215,https://fr.getaround.com/location-voiture/paris/renault-grand-scenic-945215,Renault Grand Scenic (2016),2016,Getaround Connect,MONOSPACE,SEGMENT_RULES,THERMIQUE,False,79.0,,4.48,85,Puteaux,Paris,Puteaux|Asnières-sur-Seine|Paris 17e,3,294,False,False,,5770,550,13
20260729T110432,A2,v3.3-search-gps,2026-07-30T09:00,2026-07-30T20:00,1194707,https://fr.getaround.com/location-voiture/franconville/toyota-yaris-hybride-1194707,Toyota Yaris Hybride (2017),2017,Getaround Connect,CITADINE,SEGMENT_RULES,HYBRIDE,False,55.0,,4.65,62,Asnières-sur-Seine,Franconville,Asnières-sur-Seine,1,294,False,False,,9700,1001,26
20260729T110432,A2,v3.3-search-gps,2026-07-30T09:00,2026-07-30T20:00,1291651,https://fr.getaround.com/location-voiture/paris/toyota-yaris-hybride-1291651,Toyota Yaris Hybride (2021),2021,Getaround Connect,CITADINE,SEGMENT_RULES,HYBRIDE,False,58.0,,4.36,51,Asnières-sur-Seine,Paris,Asnières-sur-Seine|Paris 17e,2,294,False,False,,10200,1001,26
20260729T110432,A2,v3.3-search-gps,2026-07-30T09:00,2026-07-30T20:00,1632887,https://fr.getaround.com/location-voiture/boulogne-billancourt/toyota-corolla-break-hybride-1632887,Toyota Corolla Break Hybride (2021),2021,Getaround Connect,BREAK,SEGMENT_RULES,HYBRIDE,False,104.0,,5.0,22,Puteaux,Boulogne Billancourt,Puteaux|Asnières-sur-Seine,2,295,False,False,,5470,550,13
20260729T110432,A2,v3.3-search-gps,2026-07-30T09:00,2026-07-30T20:00,1314493,https://fr.getaround.com/location-voiture/paris/peugeot-208-1314493,Peugeot 208 (2023),2023,Getaround Connect,CITADINE,SEGMENT_RULES,THERMIQUE,False,68.0,,4.26,66,Puteaux,Paris,Puteaux|Asnières-sur-Seine|Paris 17e,3,295,False,False,,8010,550,13
20260729T110432,A2,v3.3-search-gps,2026-07-30T09:00,2026-07-30T20:00,1780427,https://fr.getaround.com/location-voiture/epinay-sur-seine/citroen-c3-1780427,Citroen C3 (2022),2022,Getaround Connect,CITADINE,SEGMENT_RULES,THERMIQUE,False,66.0,,4.76,21,Asnières-sur-Seine,Epinay Sur Seine,Asnières-sur-Seine,1,296,False,False,,5500,1001,26
20260729T110432,A2,v3.3-search-gps,2026-07-30T09:00,2026-07-30T20:00,1272657,https://fr.getaround.com/location-voiture/paris/toyota-yaris-hybride-1272657,Toyota Yaris Hybride (2020),2020,Getaround Connect,CITADINE,SEGMENT_RULES,HYBRIDE,False,58.0,,4.83,72,Asnières-sur-Seine,Paris,Asnières-sur-Seine|Paris 17e,2,296,False,False,,10390,1001,26
20260729T110432,A2,v3.3-search-gps,2026-07-30T09:00,2026-07-30T20:00,1274540,https://fr.getaround.com/location-voiture/paris/peugeot-208-1274540,Peugeot 208 (2023),2023,Getaround Connect,CITADINE,SEGMENT_RULES,THERMIQUE,False,68.0,,4.13,50,Puteaux,Paris,Puteaux|Paris 17e,2,298,False,False,,9150,550,13
20260729T110432,A2,v3.3-search-gps,2026-07-30T09:00,2026-07-30T20:00,714802,https://fr.getaround.com/location-voiture/paris/fiat-500-x-714802,Fiat 500 X (2020),2020,Getaround Connect,CITADINE,SEGMENT_RULES,THERMIQUE,False,62.0,,3.75,101,Puteaux,Paris,Puteaux|Asnières-sur-Seine|Paris 17e,3,299,False,False,,5190,550,13
20260729T110432,A2,v3.3-search-gps,2026-07-30T09:00,2026-07-30T20:00,845057,https://fr.getaround.com/location-voiture/paris/renault-clio-845057,Renault Clio (2018),2018,Getaround Connect,CITADINE,SEGMENT_RULES,THERMIQUE,False,52.0,,3.98,142,Asnières-sur-Seine,Paris,Asnières-sur-Seine|Paris 17e,2,300,False,False,,8750,1001,26
20260729T110432,A2,v3.3-search-gps,2026-07-30T09:00,2026-07-30T20:00,1356027,https://fr.getaround.com/location-voiture/paris/renault-clio-1356027,Renault Clio (2022),2022,Getaround Connect,CITADINE,SEGMENT_RULES,THERMIQUE,False,69.0,,4.86,65,Puteaux,Paris,Puteaux|Asnières-sur-Seine|Paris 17e,3,301,False,False,,7100,550,13
20260729T110432,A2,v3.3-search-gps,2026-07-30T09:00,2026-07-30T20:00,776791,https://fr.getaround.com/location-voiture/paris/dacia-sandero-776791,Dacia Sandero (2017),2017,Getaround Connect,CITADINE,SEGMENT_RULES,THERMIQUE,False,52.0,,4.09,71,Asnières-sur-Seine,Paris,Asnières-sur-Seine|Paris 17e,2,301,False,False,,7040,1001,26
20260729T110432,A2,v3.3-search-gps,2026-07-30T09:00,2026-07-30T20:00,1504247,https://fr.getaround.com/location-voiture/paris/peugeot-3008-1504247,Peugeot 3008 (2023),2023,Getaround Connect,SUV_FAMILIAL,SEGMENT_RULES,THERMIQUE,False,122.0,,4.96,26,Puteaux,Paris,Puteaux|Asnières-sur-Seine|Paris 17e,3,302,False,False,,5870,550,13
20260729T110432,A2,v3.3-search-gps,2026-07-30T09:00,2026-07-30T20:00,1806943,https://fr.getaround.com/location-voiture/paris/fiat-500-hybride-1806943,Fiat 500 Hybride (2022),2022,Getaround Connect,CITADINE,SEGMENT_RULES,HYBRIDE,False,49.0,,4.42,12,Asnières-sur-Seine,Paris,Asnières-sur-Seine|Paris 17e,2,302,False,False,,8990,1001,26
20260729T110432,A2,v3.3-search-gps,2026-07-30T09:00,2026-07-30T20:00,1629793,https://fr.getaround.com/location-voiture/paris/renault-clio-1629793,Renault Clio (2024),2024,Getaround Connect,CITADINE,SEGMENT_RULES,THERMIQUE,False,68.0,,4.33,39,Puteaux,Paris,Puteaux|Asnières-sur-Seine|Paris 17e,3,303,False,False,,5790,550,13
20260729T110432,A2,v3.3-search-gps,2026-07-30T09:00,2026-07-30T20:00,1506950,https://fr.getaround.com/location-voiture/paris/peugeot-208-1506950,Peugeot 208 (2024),2024,Getaround Connect,CITADINE,SEGMENT_RULES,THERMIQUE,False,79.0,,4.87,42,Asnières-sur-Seine,Paris,Asnières-sur-Seine|Paris 17e,2,304,False,False,,8150,1001,26
20260729T110432,A2,v3.3-search-gps,2026-07-30T09:00,2026-07-30T20:00,1356038,https://fr.getaround.com/location-voiture/paris/renault-clio-1356038,Renault Clio (2021),2021,Getaround Connect,CITADINE,SEGMENT_RULES,THERMIQUE,False,69.0,,4.81,75,Puteaux,Paris,Puteaux|Asnières-sur-Seine|Paris 17e,3,306,False,False,,7100,550,13
20260729T110432,A2,v3.3-search-gps,2026-07-30T09:00,2026-07-30T20:00,1670797,https://fr.getaround.com/location-voiture/paris/peugeot-208-1670797,Peugeot 208 (2025),2025,Getaround Connect,CITADINE,SEGMENT_RULES,THERMIQUE,False,73.0,,3.81,16,Asnières-sur-Seine,Paris,Asnières-sur-Seine|Paris 17e,2,307,False,False,,8150,1001,26
20260729T110432,A2,v3.3-search-gps,2026-07-30T09:00,2026-07-30T20:00,1931434,https://fr.getaround.com/location-voiture/epinay-sur-seine/fiat-500-c-1931434,Fiat 500 C (2019),2019,Getaround Connect,CABRIOLET,SEGMENT_RULES,THERMIQUE,False,76.0,,,,Asnières-sur-Seine,Epinay Sur Seine,Asnières-sur-Seine,1,308,False,False,,5210,1001,26
20260729T110432,A2,v3.3-search-gps,2026-07-30T09:00,2026-07-30T20:00,1320462,https://fr.getaround.com/location-voiture/paris/peugeot-208-1320462,Peugeot 208 (2023),2023,Getaround Connect,CITADINE,SEGMENT_RULES,THERMIQUE,False,68.0,,4.21,46,Asnières-sur-Seine,Paris,Asnières-sur-Seine|Paris 17e,2,308,False,False,,9230,1001,26
20260729T110432,A2,v3.3-search-gps,2026-07-30T09:00,2026-07-30T20:00,1690512,https://fr.getaround.com/location-voiture/boulogne-billancourt/peugeot-208-1690512,Peugeot 208 (2017),2017,Getaround Connect,CITADINE,SEGMENT_RULES,THERMIQUE,False,63.0,,4.88,8,Puteaux,Boulogne Billancourt,Puteaux|Asnières-sur-Seine,2,309,False,False,,6320,550,13
20260729T110432,A2,v3.3-search-gps,2026-07-30T09:00,2026-07-30T20:00,1686534,https://fr.getaround.com/location-voiture/issy-les-moulineaux/peugeot-308-1686534,Peugeot 308 (2021),2021,Getaround Connect,COMPACTE,SEGMENT_RULES,THERMIQUE,False,52.0,,3.85,20,Puteaux,Issy Les Moulineaux,Puteaux|Paris 17e,2,310,False,False,,6850,550,13
20260729T110432,A2,v3.3-search-gps,2026-07-30T09:00,2026-07-30T20:00,1906679,https://fr.getaround.com/location-voiture/paris/renault-megane-1906679,Renault Mégane (2017),2017,Sur rendez-vous,COMPACTE,SEGMENT_RULES,THERMIQUE,False,70.0,,5.0,4,Puteaux,Paris,Puteaux|Asnières-sur-Seine|Paris 17e,3,311,False,False,,7100,550,13
20260729T110432,A2,v3.3-search-gps,2026-07-30T09:00,2026-07-30T20:00,1634367,https://fr.getaround.com/location-voiture/paris/opel-corsa-1634367,Opel Corsa (2024),2024,Getaround Connect,CITADINE,SEGMENT_RULES,THERMIQUE,False,57.0,,4.71,34,Asnières-sur-Seine,Paris,Asnières-sur-Seine|Paris 17e,2,312,False,False,,8990,1001,26
20260729T110432,A2,v3.3-search-gps,2026-07-30T09:00,2026-07-30T20:00,1721129,https://fr.getaround.com/location-voiture/issy-les-moulineaux/smart-forfour-1721129,Smart Forfour (2015),2015,Getaround Connect,MICRO_CITADINE,SEGMENT_RULES,THERMIQUE,False,55.0,,4.54,13,Puteaux,Issy Les Moulineaux,Puteaux|Asnières-sur-Seine|Paris 17e,3,313,False,False,,6770,550,13
20260729T110432,A2,v3.3-search-gps,2026-07-30T09:00,2026-07-30T20:00,813514,https://fr.getaround.com/location-voiture/paris/renault-clio-813514,Renault Clio (2013),2013,Getaround Connect,CITADINE,SEGMENT_RULES,THERMIQUE,False,53.0,,4.3,72,Asnières-sur-Seine,Paris,Asnières-sur-Seine|Paris 17e,2,316,False,False,,7040,1001,26
20260729T110432,A2,v3.3-search-gps,2026-07-30T09:00,2026-07-30T20:00,1817646,https://fr.getaround.com/location-voiture/paris/renault-captur-1817646,Renault Captur (2018),2018,Sur rendez-vous,SUV_COMPACT,SEGMENT_RULES,THERMIQUE,False,72.0,,5.0,5,Puteaux,Paris,Puteaux|Asnières-sur-Seine,2,317,False,False,,4300,550,13
20260729T110432,A2,v3.3-search-gps,2026-07-30T09:00,2026-07-30T20:00,1873408,https://fr.getaround.com/location-voiture/paris/toyota-yaris-hybride-1873408,Toyota Yaris Hybride (2015),2015,Getaround Connect,CITADINE,SEGMENT_RULES,HYBRIDE,False,66.0,,4.89,9,Asnières-sur-Seine,Paris,Asnières-sur-Seine|Paris 17e,2,317,False,False,,7340,1001,26
20260729T110432,A2,v3.3-search-gps,2026-07-30T09:00,2026-07-30T20:00,1717710,https://fr.getaround.com/location-voiture/paris/citroen-c3-1717710,Citroen C3 (2019),2019,Getaround Connect,CITADINE,SEGMENT_RULES,THERMIQUE,False,49.0,,4.79,28,Asnières-sur-Seine,Paris,Asnières-sur-Seine|Paris 17e,2,318,False,False,,10670,1001,26
20260729T110432,A2,v3.3-search-gps,2026-07-30T09:00,2026-07-30T20:00,714807,https://fr.getaround.com/location-voiture/paris/renault-clio-714807,Renault Clio (2020),2020,Getaround Connect,CITADINE,SEGMENT_RULES,THERMIQUE,False,62.0,,4.25,179,Puteaux,Paris,Puteaux|Asnières-sur-Seine|Paris 17e,3,319,False,False,,7370,550,13
20260729T110432,A2,v3.3-search-gps,2026-07-30T09:00,2026-07-30T20:00,1326257,https://fr.getaround.com/location-voiture/saint-denis/renault-clio-1326257,Renault Clio (2012),2012,Getaround Connect,CITADINE,SEGMENT_RULES,THERMIQUE,False,55.0,,4.88,17,Asnières-sur-Seine,Saint Denis,Asnières-sur-Seine,1,319,False,False,,7770,1001,26
20260729T110432,A2,v3.3-search-gps,2026-07-30T09:00,2026-07-30T20:00,1830090,https://fr.getaround.com/location-voiture/soisy-sous-montmorency/peugeot-5008-1830090,Peugeot 5008 (2025),2025,Sur rendez-vous,MONOSPACE,SEGMENT_RULES,THERMIQUE,False,135.0,,5.0,3,Asnières-sur-Seine,Soisy Sous Montmorency,Asnières-sur-Seine,1,321,False,False,,7250,1001,26
20260729T110432,A2,v3.3-search-gps,2026-07-30T09:00,2026-07-30T20:00,1314301,https://fr.getaround.com/location-voiture/paris/fiat-500-1314301,Fiat 500 (2012),2012,Getaround Connect,CITADINE,SEGMENT_RULES,THERMIQUE,False,49.0,,3.63,31,Asnières-sur-Seine,Paris,Asnières-sur-Seine|Paris 17e,2,321,False,False,,7040,1001,26
20260729T110432,A2,v3.3-search-gps,2026-07-30T09:00,2026-07-30T20:00,1442841,https://fr.getaround.com/location-voiture/paris/citroen-c3-1442841,Citroen C3 (2023),2023,Getaround Connect,CITADINE,SEGMENT_RULES,THERMIQUE,False,68.0,,4.48,54,Puteaux,Paris,Puteaux|Asnières-sur-Seine|Paris 17e,3,322,False,False,,6090,550,13
20260729T110432,A2,v3.3-search-gps,2026-07-30T09:00,2026-07-30T20:00,1701259,https://fr.getaround.com/location-voiture/saint-gratien/renault-clio-e-tech-1701259,Renault Clio E-tech (2021),2021,Getaround Connect,CITADINE,SEGMENT_RULES,ELECTRIQUE,False,86.0,,4.5,14,Asnières-sur-Seine,Saint Gratien,Asnières-sur-Seine,1,323,False,False,,4900,1001,26
20260729T110432,A2,v3.3-search-gps,2026-07-30T09:00,2026-07-30T20:00,1814059,https://fr.getaround.com/location-voiture/colombes/mazda-cx-3-1814059,Mazda CX-3 (2016),2016,Sur rendez-vous,SUV_COMPACT,SEGMENT_RULES,THERMIQUE,False,81.0,,5.0,2,Puteaux,Colombes,Puteaux|Asnières-sur-Seine,2,324,False,False,,5450,550,13
20260729T110432,A2,v3.3-search-gps,2026-07-30T09:00,2026-07-30T20:00,1913858,https://fr.getaround.com/location-voiture/paris/renault-clio-1913858,Renault Clio (2020),2020,Getaround Connect,CITADINE,SEGMENT_RULES,THERMIQUE,False,49.0,,4.0,1,Asnières-sur-Seine,Paris,Asnières-sur-Seine|Paris 17e,2,325,False,False,,9580,1001,26
20260729T110432,A2,v3.3-search-gps,2026-07-30T09:00,2026-07-30T20:00,1634381,https://fr.getaround.com/location-voiture/boulogne-billancourt/opel-corsa-1634381,Opel Corsa (2024),2024,Getaround Connect,CITADINE,SEGMENT_RULES,THERMIQUE,False,73.0,,4.82,42,Puteaux,Boulogne Billancourt,Puteaux|Asnières-sur-Seine,2,326,False,False,,6320,550,13
20260729T110432,A2,v3.3-search-gps,2026-07-30T09:00,2026-07-30T20:00,1926461,https://fr.getaround.com/location-voiture/paris/renault-twingo-1926461,Renault Twingo (2026),2026,Getaround Connect,CITADINE,SEGMENT_RULES,THERMIQUE,False,52.0,,,,Asnières-sur-Seine,Paris,Asnières-sur-Seine|Paris 17e,2,326,False,False,,10390,1001,26
20260729T110432,A2,v3.3-search-gps,2026-07-30T09:00,2026-07-30T20:00,1787775,https://fr.getaround.com/location-voiture/paris/peugeot-208-1787775,Peugeot 208 (2025),2025,Getaround Connect,CITADINE,SEGMENT_RULES,THERMIQUE,False,79.0,,4.33,12,Asnières-sur-Seine,Paris,Asnières-sur-Seine|Paris 17e,2,326,False,False,,8290,1001,26
20260729T110432,A2,v3.3-search-gps,2026-07-30T09:00,2026-07-30T20:00,1650460,https://fr.getaround.com/location-voiture/paris/volkswagen-t-cross-1650460,Volkswagen T-Cross (2024),2024,Getaround Connect,SUV_COMPACT,SEGMENT_RULES,THERMIQUE,False,80.0,,3.28,18,Asnières-sur-Seine,Paris,Asnières-sur-Seine|Paris 17e,2,327,False,False,,5540,1001,26
20260729T110432,A2,v3.3-search-gps,2026-07-30T09:00,2026-07-30T20:00,1731998,https://fr.getaround.com/location-voiture/paris/lexus-ux-hybride-1731998,Lexus UX Hybride (2024),2024,Sur rendez-vous,SUV_COMPACT,SEGMENT_RULES,HYBRIDE,False,123.0,,5.0,4,Puteaux,Paris,Puteaux|Paris 17e,2,328,False,False,,8140,550,13
20260729T110432,A2,v3.3-search-gps,2026-07-30T09:00,2026-07-30T20:00,1558419,https://fr.getaround.com/location-voiture/paris/citroen-c3-1558419,Citroen C3 (2019),2019,Getaround Connect,CITADINE,SEGMENT_RULES,THERMIQUE,False,58.0,,4.67,45,Asnières-sur-Seine,Paris,Asnières-sur-Seine|Paris 17e,2,328,False,False,,9420,1001,26
20260729T110432,A2,v3.3-search-gps,2026-07-30T09:00,2026-07-30T20:00,1155983,https://fr.getaround.com/location-voiture/paris/peugeot-108-1155983,Peugeot 108 (2018),2018,Getaround Connect,MICRO_CITADINE,SEGMENT_RULES,THERMIQUE,False,58.0,,4.58,46,Asnières-sur-Seine,Paris,Asnières-sur-Seine|Paris 17e,2,329,False,False,,7590,1001,26
20260729T110432,A2,v3.3-search-gps,2026-07-30T09:00,2026-07-30T20:00,714809,https://fr.getaround.com/location-voiture/boulogne-billancourt/renault-captur-714809,Renault Captur (2020),2020,Getaround Connect,SUV_COMPACT,SEGMENT_RULES,THERMIQUE,False,64.0,,4.08,134,Puteaux,Boulogne Billancourt,Puteaux|Asnières-sur-Seine,2,330,False,False,,5860,550,13
20260729T110432,A2,v3.3-search-gps,2026-07-30T09:00,2026-07-30T20:00,1691376,https://fr.getaround.com/location-voiture/paris/peugeot-208-1691376,Peugeot 208 (2025),2025,Getaround Connect,CITADINE,SEGMENT_RULES,THERMIQUE,False,79.0,,4.56,27,Asnières-sur-Seine,Paris,Asnières-sur-Seine|Paris 17e,2,330,False,False,,7800,1001,26
20260729T110432,A2,v3.3-search-gps,2026-07-30T09:00,2026-07-30T20:00,1483800,https://fr.getaround.com/location-voiture/paris/renault-twingo-iii-1483800,Renault Twingo III (2020),2020,Getaround Connect,CITADINE,SEGMENT_RULES,THERMIQUE,False,63.0,,4.81,54,Puteaux,Paris,Puteaux|Asnières-sur-Seine|Paris 17e,3,331,False,False,,6350,550,13
20260729T110432,A2,v3.3-search-gps,2026-07-30T09:00,2026-07-30T20:00,1706202,https://fr.getaround.com/location-voiture/levallois-perret/peugeot-2008-1706202,Peugeot 2008 (2018),2018,Sur rendez-vous,SUV_COMPACT,SEGMENT_RULES,THERMIQUE,False,70.0,,5.0,4,Puteaux,Levallois Perret,Puteaux|Asnières-sur-Seine,2,331,False,False,,3830,550,13
20260729T110432,A2,v3.3-search-gps,2026-07-30T09:00,2026-07-30T20:00,1888038,https://fr.getaround.com/location-voiture/colombes/peugeot-5008-1888038,Peugeot 5008 (2013),2013,Sur rendez-vous,MONOSPACE,SEGMENT_RULES,THERMIQUE,False,111.0,,,,Puteaux,Colombes,Puteaux|Asnières-sur-Seine,2,332,False,False,,3480,550,13
20260729T110432,A2,v3.3-search-gps,2026-07-30T09:00,2026-07-30T20:00,1891065,https://fr.getaround.com/location-voiture/drancy/renault-clio-1891065,Renault Clio (2015),2015,Getaround Connect,CITADINE,SEGMENT_RULES,THERMIQUE,False,62.0,,5.0,3,Asnières-sur-Seine,Drancy,Asnières-sur-Seine,1,332,False,False,,9910,1001,26
20260729T110432,A2,v3.3-search-gps,2026-07-30T09:00,2026-07-30T20:00,1610891,https://fr.getaround.com/location-voiture/issy-les-moulineaux/audi-a5-sportback-1610891,Audi A5 Sportback (2013),2013,Sur rendez-vous,BERLINE,SEGMENT_RULES,THERMIQUE,False,108.0,,5.0,4,Puteaux,Issy Les Moulineaux,Puteaux|Asnières-sur-Seine,2,333,False,False,,6280,550,13
20260729T110432,A2,v3.3-search-gps,2026-07-30T09:00,2026-07-30T20:00,1738351,https://fr.getaround.com/location-voiture/chatou/toyota-corolla-1738351,Toyota Corolla (2020),2020,Sur rendez-vous,COMPACTE,SEGMENT_RULES,THERMIQUE,False,76.0,,5.0,7,Puteaux,Chatou,Puteaux|Asnières-sur-Seine,2,334,False,False,,6520,550,13
20260729T110432,A2,v3.3-search-gps,2026-07-30T09:00,2026-07-30T20:00,831985,https://fr.getaround.com/location-voiture/paris/dacia-lodgy-831985,Dacia Lodgy (2021),2021,Getaround Connect,MONOSPACE,SEGMENT_RULES,THERMIQUE,False,69.0,,4.27,148,Puteaux,Paris,Puteaux|Asnières-sur-Seine|Paris 17e,3,335,False,False,,7370,550,13
20260729T110432,A2,v3.3-search-gps,2026-07-30T09:00,2026-07-30T20:00,820919,https://fr.getaround.com/location-voiture/paris/renault-clio-820919,Renault Clio (2017),2017,Getaround Connect,CITADINE,SEGMENT_RULES,THERMIQUE,False,63.0,,4.73,102,Asnières-sur-Seine,Paris,Asnières-sur-Seine|Paris 17e,2,335,False,False,,8750,1001,26
20260729T110432,A2,v3.3-search-gps,2026-07-30T09:00,2026-07-30T20:00,1637857,https://fr.getaround.com/location-voiture/argenteuil/peugeot-208-1637857,Peugeot 208 (2019),2019,Getaround Connect,CITADINE,SEGMENT_RULES,THERMIQUE,False,69.0,,5.0,15,Puteaux,Argenteuil,Puteaux|Asnières-sur-Seine,2,337,False,False,,7270,550,13
20260729T110432,A2,v3.3-search-gps,2026-07-30T09:00,2026-07-30T20:00,1787600,https://fr.getaround.com/location-voiture/vanves/fiat-500l-1787600,Fiat 500L (2016),2016,Getaround Connect,COMPACTE,SEGMENT_RULES,THERMIQUE,False,43.0,,4.07,15,Puteaux,Vanves,Puteaux|Paris 17e,2,338,False,False,,8029,550,13
20260729T110432,A2,v3.3-search-gps,2026-07-30T09:00,2026-07-30T20:00,1782417,https://fr.getaround.com/location-voiture/paris/renault-zoe-1782417,Renault ZOE (2021),2021,Getaround Connect,CITADINE,SEGMENT_RULES,ELECTRIQUE,False,63.0,,4.93,14,Asnières-sur-Seine,Paris,Asnières-sur-Seine|Paris 17e,2,338,False,False,,7700,1001,26
20260729T110432,A2,v3.3-search-gps,2026-07-30T09:00,2026-07-30T20:00,1777304,https://fr.getaround.com/location-voiture/paris/peugeot-5008-1777304,Peugeot 5008 (2019),2019,Getaround Connect,MONOSPACE,SEGMENT_RULES,THERMIQUE,False,92.0,,4.4,10,Puteaux,Paris,Puteaux|Asnières-sur-Seine|Paris 17e,3,339,False,False,,7370,550,13
20260729T110432,A2,v3.3-search-gps,2026-07-30T09:00,2026-07-30T20:00,890107,https://fr.getaround.com/location-voiture/paris/fiat-500-890107,Fiat 500 (2013),2013,Getaround Connect,CITADINE,SEGMENT_RULES,THERMIQUE,False,49.0,,3.67,78,Asnières-sur-Seine,Paris,Asnières-sur-Seine|Paris 17e,2,339,False,False,,7040,1001,26
20260729T110432,A2,v3.3-search-gps,2026-07-30T09:00,2026-07-30T20:00,1322999,https://fr.getaround.com/location-voiture/paris/toyota-yaris-hybride-1322999,Toyota Yaris Hybride (2021),2021,Getaround Connect,CITADINE,SEGMENT_RULES,HYBRIDE,False,60.0,,4.66,44,Asnières-sur-Seine,Paris,Asnières-sur-Seine|Paris 17e,2,340,False,False,,10660,1001,26
20260729T110432,A2,v3.3-search-gps,2026-07-30T09:00,2026-07-30T20:00,1893769,https://fr.getaround.com/location-voiture/boulogne-billancourt/volkswagen-golf-1893769,Volkswagen Golf (2012),2012,Sur rendez-vous,COMPACTE,SEGMENT_RULES,THERMIQUE,False,47.0,,5.0,1,Puteaux,Boulogne Billancourt,Puteaux,1,341,False,False,,6410,550,13
20260729T110432,A2,v3.3-search-gps,2026-07-30T09:00,2026-07-30T20:00,1924671,https://fr.getaround.com/location-voiture/rueil-malmaison/renault-megane-iv-1924671,Renault Mégane IV (2021),2021,Getaround Connect,COMPACTE,SEGMENT_RULES,THERMIQUE,False,88.0,,,,Puteaux,Rueil Malmaison,Puteaux|Asnières-sur-Seine,2,342,False,False,,4790,550,13
20260729T110432,A2,v3.3-search-gps,2026-07-30T09:00,2026-07-30T20:00,845066,https://fr.getaround.com/location-voiture/paris/renault-clio-845066,Renault Clio (2018),2018,Getaround Connect,CITADINE,SEGMENT_RULES,THERMIQUE,False,52.0,,4.06,140,Asnières-sur-Seine,Paris,Asnières-sur-Seine|Paris 17e,2,342,False,False,,10220,1001,26
20260729T110432,A2,v3.3-search-gps,2026-07-30T09:00,2026-07-30T20:00,1821363,https://fr.getaround.com/location-voiture/nanterre/ford-fiesta-1821363,Ford Fiesta (2015),2015,Getaround Connect,CITADINE,SEGMENT_RULES,THERMIQUE,False,60.0,,4.0,2,Puteaux,Nanterre,Puteaux|Asnières-sur-Seine,2,343,False,False,,4010,550,13
20260729T110432,A2,v3.3-search-gps,2026-07-30T09:00,2026-07-30T20:00,1934283,https://fr.getaround.com/location-voiture/paris/peugeot-208-1934283,Peugeot 208 (2026),2026,Getaround Connect,CITADINE,SEGMENT_RULES,THERMIQUE,False,75.0,,,,Puteaux,Paris,Puteaux|Asnières-sur-Seine|Paris 17e,3,345,False,False,,6450,550,13
20260729T110432,A2,v3.3-search-gps,2026-07-30T09:00,2026-07-30T20:00,1788487,https://fr.getaround.com/location-voiture/asnieres-sur-seine/tesla-model-y-standard-range-1788487,Tesla Model Y Standard Range (2023),2023,Sur rendez-vous,SUV_FAMILIAL,SEGMENT_RULES,ELECTRIQUE,False,112.0,,,,Asnières-sur-Seine,Asnieres Sur Seine,Asnières-sur-Seine,1,345,False,False,,1020,1001,26
20260729T110432,A2,v3.3-search-gps,2026-07-30T09:00,2026-07-30T20:00,1833543,https://fr.getaround.com/location-voiture/argenteuil/citroen-c3-1833543,Citroen C3 (2019),2019,Getaround Connect,CITADINE,SEGMENT_RULES,THERMIQUE,False,63.0,,5.0,2,Puteaux,Argenteuil,Puteaux|Asnières-sur-Seine,2,346,False,False,,7250,550,13
20260729T110432,A2,v3.3-search-gps,2026-07-30T09:00,2026-07-30T20:00,1502565,https://fr.getaround.com/location-voiture/paris/renault-clio-1502565,Renault Clio (2014),2014,Getaround Connect,CITADINE,SEGMENT_RULES,THERMIQUE,False,60.0,,4.47,34,Asnières-sur-Seine,Paris,Asnières-sur-Seine|Paris 17e,2,346,False,False,,6710,1001,26
20260729T110432,A2,v3.3-search-gps,2026-07-30T09:00,2026-07-30T20:00,1458233,https://fr.getaround.com/location-voiture/issy-les-moulineaux/peugeot-308-sw-1458233,Peugeot 308 SW (2017),2017,Getaround Connect,BREAK,SEGMENT_RULES,THERMIQUE,False,76.0,,4.73,41,Puteaux,Issy Les Moulineaux,Puteaux,1,347,False,False,,6750,550,13
20260729T110432,A2,v3.3-search-gps,2026-07-30T09:00,2026-07-30T20:00,1555703,https://fr.getaround.com/location-voiture/paris/toyota-corolla-hybride-1555703,Toyota Corolla Hybride (2021),2021,Getaround Connect,COMPACTE,SEGMENT_RULES,HYBRIDE,False,70.0,,4.6,35,Asnières-sur-Seine,Paris,Asnières-sur-Seine|Paris 17e,2,347,False,False,,10390,1001,26
20260729T110432,A2,v3.3-search-gps,2026-07-30T09:00,2026-07-30T20:00,1718217,https://fr.getaround.com/location-voiture/suresnes/mercedes-benz-classe-e-e-300-1718217,Mercedes-Benz Classe E E 300 (2024),2024,Sur rendez-vous,BERLINE,SEGMENT_RULES,THERMIQUE,False,230.0,,,,Puteaux,Suresnes,Puteaux|Asnières-sur-Seine,2,348,False,False,,1410,550,13
20260729T110432,A2,v3.3-search-gps,2026-07-30T09:00,2026-07-30T20:00,1542682,https://fr.getaround.com/location-voiture/paris/toyota-corolla-hybride-1542682,Toyota Corolla Hybride (2020),2020,Getaround Connect,COMPACTE,SEGMENT_RULES,HYBRIDE,False,70.0,,4.55,39,Asnières-sur-Seine,Paris,Asnières-sur-Seine|Paris 17e,2,348,False,False,,10660,1001,26
20260729T110432,A2,v3.3-search-gps,2026-07-30T09:00,2026-07-30T20:00,1689747,https://fr.getaround.com/location-voiture/paris/renault-clio-1689747,Renault Clio (2024),2024,Getaround Connect,CITADINE,SEGMENT_RULES,THERMIQUE,False,68.0,,4.05,21,Puteaux,Paris,Puteaux|Asnières-sur-Seine|Paris 17e,3,350,False,False,,6050,550,13
20260729T110432,A2,v3.3-search-gps,2026-07-30T09:00,2026-07-30T20:00,1695612,https://fr.getaround.com/location-voiture/nanterre/renault-twingo-iii-1695612,Renault Twingo III (2020),2020,Sur rendez-vous,CITADINE,SEGMENT_RULES,THERMIQUE,False,73.0,,,,Puteaux,Nanterre,Puteaux,1,352,False,False,,2220,550,13
20260729T110432,A2,v3.3-search-gps,2026-07-30T09:00,2026-07-30T20:00,653333,https://fr.getaround.com/location-voiture/paris/renault-twingo-653333,Renault Twingo (2016),2016,Getaround Connect,CITADINE,SEGMENT_RULES,THERMIQUE,False,52.0,,4.84,155,Paris 17e,Paris,Paris 17e,1,353,False,False,,7480,889,50
20260729T110432,A2,v3.3-search-gps,2026-07-30T09:00,2026-07-30T20:00,1745226,https://fr.getaround.com/location-voiture/paris/peugeot-3008-1745226,Peugeot 3008 (2019),2019,Getaround Connect,SUV_FAMILIAL,SEGMENT_RULES,THERMIQUE,False,79.0,,3.75,8,Puteaux,Paris,Puteaux|Asnières-sur-Seine|Paris 17e,3,354,False,False,,7370,550,13
20260729T110432,A2,v3.3-search-gps,2026-07-30T09:00,2026-07-30T20:00,1916387,https://fr.getaround.com/location-voiture/carrieres-sur-seine/citroen-c3-1916387,Citroen C3 (2014),2014,Sur rendez-vous,CITADINE,SEGMENT_RULES,THERMIQUE,False,51.0,,5.0,1,Puteaux,Carrieres Sur Seine,Puteaux|Asnières-sur-Seine,2,355,False,False,,5260,550,13
20260729T110432,A2,v3.3-search-gps,2026-07-30T09:00,2026-07-30T20:00,1440909,https://fr.getaround.com/location-voiture/paris/renault-clio-1440909,Renault Clio (2024),2024,Getaround Connect,CITADINE,SEGMENT_RULES,THERMIQUE,False,68.0,,4.83,52,Puteaux,Paris,Puteaux|Asnières-sur-Seine|Paris 17e,3,356,False,False,,8600,550,13
20260729T110432,A2,v3.3-search-gps,2026-07-30T09:00,2026-07-30T20:00,1275063,https://fr.getaround.com/location-voiture/paris/renault-twingo-iii-1275063,Renault Twingo III (2016),2016,Getaround Connect,CITADINE,SEGMENT_RULES,THERMIQUE,False,51.0,,4.45,28,Asnières-sur-Seine,Paris,Asnières-sur-Seine|Paris 17e,2,356,False,False,,7040,1001,26
20260729T110432,A2,v3.3-search-gps,2026-07-30T09:00,2026-07-30T20:00,1813056,https://fr.getaround.com/location-voiture/paris/volkswagen-polo-1813056,Volkswagen Polo (2011),2011,Sur rendez-vous,CITADINE,SEGMENT_RULES,THERMIQUE,False,84.0,,4.9,10,Puteaux,Paris,Puteaux|Asnières-sur-Seine,2,357,False,False,,4440,550,13
20260729T110432,A2,v3.3-search-gps,2026-07-30T09:00,2026-07-30T20:00,1412609,https://fr.getaround.com/location-voiture/boulogne-billancourt/renault-zoe-1412609,Renault ZOE (2020),2020,Getaround Connect,CITADINE,SEGMENT_RULES,ELECTRIQUE,False,63.0,,4.71,21,Puteaux,Boulogne Billancourt,Puteaux|Asnières-sur-Seine,2,358,False,False,,5630,550,13
20260729T110432,A2,v3.3-search-gps,2026-07-30T09:00,2026-07-30T20:00,1618557,https://fr.getaround.com/location-voiture/levallois-perret/tesla-model-y-1618557,Tesla Model Y (2024),2024,Sur rendez-vous,SUV_FAMILIAL,SEGMENT_RULES,ELECTRIQUE,False,127.0,,,,Puteaux,Levallois Perret,Puteaux|Asnières-sur-Seine|Paris 17e,3,359,False,False,,3490,550,13
20260729T110432,A2,v3.3-search-gps,2026-07-30T09:00,2026-07-30T20:00,1511659,https://fr.getaround.com/location-voiture/paris/toyota-yaris-1511659,Toyota Yaris (2016),2016,Getaround Connect,CITADINE,SEGMENT_RULES,THERMIQUE,False,61.0,,4.68,25,Asnières-sur-Seine,Paris,Asnières-sur-Seine|Paris 17e,2,359,False,False,,9400,1001,26
20260729T110432,A2,v3.3-search-gps,2026-07-30T09:00,2026-07-30T20:00,1756251,https://fr.getaround.com/location-voiture/vanves/toyota-c-hr-1756251,Toyota C-HR (2019),2019,Getaround Connect,SUV_COMPACT,SEGMENT_RULES,THERMIQUE,False,80.0,,4.3,23,Puteaux,Vanves,Puteaux|Paris 17e,2,360,False,False,,7890,550,13
20260729T110432,A2,v3.3-search-gps,2026-07-30T09:00,2026-07-30T20:00,1622264,https://fr.getaround.com/location-voiture/paris/renault-twingo-iii-1622264,Renault Twingo III (2016),2016,Getaround Connect,CITADINE,SEGMENT_RULES,THERMIQUE,False,55.0,,4.79,57,Asnières-sur-Seine,Paris,Asnières-sur-Seine|Paris 17e,2,360,False,False,,10720,1001,26
20260729T110432,A2,v3.3-search-gps,2026-07-30T09:00,2026-07-30T20:00,1820985,https://fr.getaround.com/location-voiture/issy-les-moulineaux/peugeot-208-1820985,Peugeot 208 (2017),2017,Getaround Connect,CITADINE,SEGMENT_RULES,THERMIQUE,False,63.0,,4.73,30,Puteaux,Issy Les Moulineaux,Puteaux,1,362,False,False,,6760,550,13
20260729T110432,A2,v3.3-search-gps,2026-07-30T09:00,2026-07-30T20:00,762727,https://fr.getaround.com/location-voiture/paris/opel-agila-762727,Opel Agila (2012),2012,Getaround Connect,CITADINE,SEGMENT_RULES,THERMIQUE,False,49.0,,4.43,88,Asnières-sur-Seine,Paris,Asnières-sur-Seine|Paris 17e,2,362,False,False,,7040,1001,26
20260729T110432,A2,v3.3-search-gps,2026-07-30T09:00,2026-07-30T20:00,1823639,https://fr.getaround.com/location-voiture/issy-les-moulineaux/peugeot-208-1823639,Peugeot 208 (2020),2020,Getaround Connect,CITADINE,SEGMENT_RULES,THERMIQUE,False,63.0,,4.75,24,Puteaux,Issy Les Moulineaux,Puteaux,1,363,False,False,,7070,550,13
20260729T110432,A2,v3.3-search-gps,2026-07-30T09:00,2026-07-30T20:00,1681055,https://fr.getaround.com/location-voiture/paris/peugeot-208-1681055,Peugeot 208 (2023),2023,Getaround Connect,CITADINE,SEGMENT_RULES,THERMIQUE,False,73.0,,4.28,25,Asnières-sur-Seine,Paris,Asnières-sur-Seine|Paris 17e,2,363,False,False,,9720,1001,26
20260729T110432,A2,v3.3-search-gps,2026-07-30T09:00,2026-07-30T20:00,1892221,https://fr.getaround.com/location-voiture/paris/toyota-corolla-hybride-1892221,Toyota Corolla Hybride (2020),2020,Getaround Connect,COMPACTE,SEGMENT_RULES,HYBRIDE,False,95.0,,5.0,3,Puteaux,Paris,Puteaux|Asnières-sur-Seine|Paris 17e,3,364,False,False,,7510,550,13
20260729T110432,A2,v3.3-search-gps,2026-07-30T09:00,2026-07-30T20:00,1916407,https://fr.getaround.com/location-voiture/paris/peugeot-208-1916407,Peugeot 208 (2026),2026,Getaround Connect,CITADINE,SEGMENT_RULES,THERMIQUE,False,63.0,,,,Asnières-sur-Seine,Paris,Asnières-sur-Seine|Paris 17e,2,364,False,False,,11060,1001,26
20260729T110432,A2,v3.3-search-gps,2026-07-30T09:00,2026-07-30T20:00,1629791,https://fr.getaround.com/location-voiture/paris/renault-clio-1629791,Renault Clio (2024),2024,Getaround Connect,CITADINE,SEGMENT_RULES,THERMIQUE,False,68.0,,4.86,58,Puteaux,Paris,Puteaux|Paris 17e,2,365,False,False,,9210,550,13
20260729T110432,A2,v3.3-search-gps,2026-07-30T09:00,2026-07-30T20:00,1541399,https://fr.getaround.com/location-voiture/paris/toyota-yaris-cross-hybrid-1541399,Toyota Yaris Cross Hybrid (2021),2021,Getaround Connect,SUV_COMPACT,SEGMENT_RULES,HYBRIDE,False,79.0,,4.39,42,Asnières-sur-Seine,Paris,Asnières-sur-Seine|Paris 17e,2,365,False,False,,10390,1001,26
20260729T110432,A2,v3.3-search-gps,2026-07-30T09:00,2026-07-30T20:00,854615,https://fr.getaround.com/location-voiture/courbevoie/mg-zs-ev-854615,Mg ZS EV (2020),2020,Sur rendez-vous,SUV_COMPACT,SEGMENT_RULES,ELECTRIQUE,False,150.0,,5.0,8,Puteaux,Courbevoie,Puteaux|Asnières-sur-Seine,2,367,False,False,,1620,550,13
20260729T110432,A2,v3.3-search-gps,2026-07-30T09:00,2026-07-30T20:00,1608526,https://fr.getaround.com/location-voiture/paris/citroen-c3-1608526,Citroen C3 (2024),2024,Getaround Connect,CITADINE,SEGMENT_RULES,THERMIQUE,False,68.0,,4.55,57,Asnières-sur-Seine,Paris,Asnières-sur-Seine|Paris 17e,2,367,False,False,,8900,1001,26
20260729T110432,A2,v3.3-search-gps,2026-07-30T09:00,2026-07-30T20:00,1650440,https://fr.getaround.com/location-voiture/issy-les-moulineaux/volkswagen-t-cross-1650440,Volkswagen T-Cross (2024),2024,Getaround Connect,SUV_COMPACT,SEGMENT_RULES,THERMIQUE,False,73.0,,3.35,17,Puteaux,Issy Les Moulineaux,Puteaux,1,368,False,False,,7150,550,13
20260729T110432,A2,v3.3-search-gps,2026-07-30T09:00,2026-07-30T20:00,1670817,https://fr.getaround.com/location-voiture/paris/peugeot-208-1670817,Peugeot 208 (2025),2025,Getaround Connect,CITADINE,SEGMENT_RULES,THERMIQUE,False,79.0,,4.46,39,Puteaux,Paris,Puteaux|Asnières-sur-Seine|Paris 17e,3,369,False,False,,7940,550,13
20260729T110432,A2,v3.3-search-gps,2026-07-30T09:00,2026-07-30T20:00,1250163,https://fr.getaround.com/location-voiture/paris/peugeot-208-1250163,Peugeot 208 (2023),2023,Getaround Connect,CITADINE,SEGMENT_RULES,THERMIQUE,False,57.0,,4.57,45,Asnières-sur-Seine,Paris,Asnières-sur-Seine|Paris 17e,2,369,False,False,,10660,1001,26
20260729T110432,A2,v3.3-search-gps,2026-07-30T09:00,2026-07-30T20:00,701657,https://fr.getaround.com/location-voiture/paris/renault-twingo-701657,Renault Twingo (2017),2017,Getaround Connect,CITADINE,SEGMENT_RULES,THERMIQUE,False,55.0,,4.77,152,Asnières-sur-Seine,Paris,Asnières-sur-Seine|Paris 17e,2,370,False,False,,10830,1001,26
20260729T110432,A2,v3.3-search-gps,2026-07-30T09:00,2026-07-30T20:00,1370309,https://fr.getaround.com/location-voiture/issy-les-moulineaux/citroen-c3-1370309,Citroen C3 (2020),2020,Getaround Connect,CITADINE,SEGMENT_RULES,THERMIQUE,False,63.0,,4.22,65,Puteaux,Issy Les Moulineaux,Puteaux,1,371,False,False,,7050,550,13
20260729T110432,A2,v3.3-search-gps,2026-07-30T09:00,2026-07-30T20:00,851259,https://fr.getaround.com/location-voiture/paris/skoda-fabia-851259,Skoda Fabia (2021),2021,Getaround Connect,CITADINE,SEGMENT_RULES,THERMIQUE,False,70.0,,4.9,104,Asnières-sur-Seine,Paris,Asnières-sur-Seine|Paris 17e,2,371,False,False,,6150,1001,26
20260729T110432,A2,v3.3-search-gps,2026-07-30T09:00,2026-07-30T20:00,1823655,https://fr.getaround.com/location-voiture/issy-les-moulineaux/citroen-c3-1823655,Citroen C3 (2022),2022,Getaround Connect,CITADINE,SEGMENT_RULES,THERMIQUE,False,63.0,,4.58,19,Puteaux,Issy Les Moulineaux,Puteaux,1,372,False,False,,7070,550,13
20260729T110432,A2,v3.3-search-gps,2026-07-30T09:00,2026-07-30T20:00,1933549,https://fr.getaround.com/location-voiture/argenteuil/citroen-c3-1933549,Citroen C3 (2018),2018,Sur rendez-vous,CITADINE,SEGMENT_RULES,THERMIQUE,False,63.0,,,,Puteaux,Argenteuil,Puteaux|Asnières-sur-Seine,2,372,False,False,,6710,550,13
20260729T110432,A2,v3.3-search-gps,2026-07-30T09:00,2026-07-30T20:00,1852946,https://fr.getaround.com/location-voiture/asnieres-sur-seine/bmw-x1-sdrive18d-1852946,BMW X1 sDrive18d (2018),2018,Sur rendez-vous,SUV_FAMILIAL,SEGMENT_RULES,THERMIQUE,False,115.0,,,,Asnières-sur-Seine,Asnieres Sur Seine,Asnières-sur-Seine,1,373,False,False,,1490,1001,26
20260729T110432,A2,v3.3-search-gps,2026-07-30T09:00,2026-07-30T20:00,1007375,https://fr.getaround.com/location-voiture/paris/citroen-c3-1007375,Citroen C3 (2022),2022,Getaround Connect,CITADINE,SEGMENT_RULES,THERMIQUE,False,52.0,,4.23,84,Asnières-sur-Seine,Paris,Asnières-sur-Seine|Paris 17e,2,373,False,False,,8750,1001,26
20260729T110432,A2,v3.3-search-gps,2026-07-30T09:00,2026-07-30T20:00,1671475,https://fr.getaround.com/location-voiture/paris/peugeot-3008-1671475,Peugeot 3008 (2020),2020,Getaround Connect,SUV_FAMILIAL,SEGMENT_RULES,THERMIQUE,False,79.0,,4.5,32,Puteaux,Paris,Puteaux|Asnières-sur-Seine|Paris 17e,3,374,False,False,,7370,550,13
20260729T110432,A2,v3.3-search-gps,2026-07-30T09:00,2026-07-30T20:00,1077086,https://fr.getaround.com/location-voiture/paris/opel-corsa-1077086,Opel Corsa (2013),2013,Getaround Connect,CITADINE,SEGMENT_RULES,THERMIQUE,False,53.0,,4.31,40,Asnières-sur-Seine,Paris,Asnières-sur-Seine|Paris 17e,2,375,False,False,,7040,1001,26
20260729T110432,A2,v3.3-search-gps,2026-07-30T09:00,2026-07-30T20:00,1590279,https://fr.getaround.com/location-voiture/paris/fiat-500-1590279,Fiat 500 (2018),2018,Getaround Connect,CITADINE,SEGMENT_RULES,THERMIQUE,False,52.0,,4.67,47,Asnières-sur-Seine,Paris,Asnières-sur-Seine|Paris 17e,2,376,False,False,,11080,1001,26
20260729T110432,A2,v3.3-search-gps,2026-07-30T09:00,2026-07-30T20:00,1927747,https://fr.getaround.com/location-voiture/villeneuve-la-garenne/peugeot-208-1927747,Peugeot 208 (2017),2017,Sur rendez-vous,CITADINE,SEGMENT_RULES,THERMIQUE,False,62.0,,,,Puteaux,Villeneuve La Garenne,Puteaux|Asnières-sur-Seine,2,377,False,False,,8470,550,13
20260729T110432,A2,v3.3-search-gps,2026-07-30T09:00,2026-07-30T20:00,1812855,https://fr.getaround.com/location-voiture/paris/volkswagen-polo-1812855,Volkswagen Polo (2011),2011,Sur rendez-vous,CITADINE,SEGMENT_RULES,THERMIQUE,False,75.0,,4.29,7,Puteaux,Paris,Puteaux|Asnières-sur-Seine,2,378,False,False,,4460,550,13
20260729T110432,A2,v3.3-search-gps,2026-07-30T09:00,2026-07-30T20:00,1533270,https://fr.getaround.com/location-voiture/colombes/renault-clio-1533270,Renault Clio (2014),2014,Sur rendez-vous,CITADINE,SEGMENT_RULES,THERMIQUE,False,65.0,,4.57,7,Asnières-sur-Seine,Colombes,Asnières-sur-Seine,1,378,False,False,,1940,1001,26
20260729T110432,A2,v3.3-search-gps,2026-07-30T09:00,2026-07-30T20:00,1881944,https://fr.getaround.com/location-voiture/paris/peugeot-2008-1881944,Peugeot 2008 (2026),2026,Getaround Connect,SUV_COMPACT,SEGMENT_RULES,THERMIQUE,False,94.0,,5.0,4,Asnières-sur-Seine,Paris,Asnières-sur-Seine|Paris 17e,2,378,False,False,,7090,1001,26
20260729T110432,A2,v3.3-search-gps,2026-07-30T09:00,2026-07-30T20:00,763196,https://fr.getaround.com/location-voiture/paris/peugeot-108-763196,Peugeot 108 (2017),2017,Getaround Connect,MICRO_CITADINE,SEGMENT_RULES,THERMIQUE,False,58.0,,4.63,117,Puteaux,Paris,Puteaux|Paris 17e,2,379,False,False,,8860,550,13
20260729T110432,A2,v3.3-search-gps,2026-07-30T09:00,2026-07-30T20:00,1721538,https://fr.getaround.com/location-voiture/saint-gratien/renault-captur-1721538,Renault Captur (2021),2021,Getaround Connect,SUV_COMPACT,SEGMENT_RULES,THERMIQUE,False,76.0,,5.0,17,Asnières-sur-Seine,Saint Gratien,Asnières-sur-Seine,1,379,False,False,,5010,1001,26
20260729T110432,A2,v3.3-search-gps,2026-07-30T09:00,2026-07-30T20:00,1675484,https://fr.getaround.com/location-voiture/paris/peugeot-208-1675484,Peugeot 208 (2025),2025,Getaround Connect,CITADINE,SEGMENT_RULES,THERMIQUE,False,79.0,,3.57,14,Asnières-sur-Seine,Paris,Asnières-sur-Seine|Paris 17e,2,379,False,False,,7090,1001,26
20260729T110432,A2,v3.3-search-gps,2026-07-30T09:00,2026-07-30T20:00,1915993,https://fr.getaround.com/location-voiture/issy-les-moulineaux/citroen-c3-1915993,Citroen C3 (2020),2020,Getaround Connect,CITADINE,SEGMENT_RULES,THERMIQUE,False,63.0,,5.0,1,Puteaux,Issy Les Moulineaux,Puteaux,1,380,False,False,,7050,550,13
20260729T110432,A2,v3.3-search-gps,2026-07-30T09:00,2026-07-30T20:00,1831570,https://fr.getaround.com/location-voiture/asnieres-sur-seine/citroen-c4-1831570,Citroen C4 (2016),2016,Getaround Connect,COMPACTE,SEGMENT_RULES,THERMIQUE,False,85.0,,4.83,6,Puteaux,Asnieres Sur Seine,Puteaux|Paris 17e,2,381,False,False,,6410,550,13
20260729T110432,A2,v3.3-search-gps,2026-07-30T09:00,2026-07-30T20:00,1749905,https://fr.getaround.com/location-voiture/paris/fiat-500-1749905,Fiat 500 (2012),2012,Sur rendez-vous,CITADINE,SEGMENT_RULES,THERMIQUE,False,48.0,,4.93,28,Asnières-sur-Seine,Paris,Asnières-sur-Seine|Paris 17e,2,381,False,False,,11720,1001,26
20260729T110432,A2,v3.3-search-gps,2026-07-30T09:00,2026-07-30T20:00,945216,https://fr.getaround.com/location-voiture/paris/renault-grand-scenic-945216,Renault Grand Scenic (2015),2015,Getaround Connect,MONOSPACE,SEGMENT_RULES,THERMIQUE,False,74.0,,4.74,115,Puteaux,Paris,Puteaux|Asnières-sur-Seine|Paris 17e,3,382,False,False,,8800,550,13
20260729T110432,A2,v3.3-search-gps,2026-07-30T09:00,2026-07-30T20:00,1557780,https://fr.getaround.com/location-voiture/paris/renault-clio-campus-1557780,Renault Clio Campus (2011),2011,Sur rendez-vous,CITADINE,SEGMENT_RULES,THERMIQUE,False,62.0,,5.0,10,Puteaux,Paris,Puteaux|Asnières-sur-Seine,2,383,False,False,,5480,550,13
20260729T110432,A2,v3.3-search-gps,2026-07-30T09:00,2026-07-30T20:00,1005693,https://fr.getaround.com/location-voiture/paris/dacia-lodgy-1005693,Dacia Lodgy (2017),2017,Getaround Connect,MONOSPACE,SEGMENT_RULES,THERMIQUE,False,89.0,,4.78,76,Asnières-sur-Seine,Paris,Asnières-sur-Seine|Paris 17e,2,383,False,False,,8270,1001,26
20260729T110432,A2,v3.3-search-gps,2026-07-30T09:00,2026-07-30T20:00,836035,https://fr.getaround.com/location-voiture/paris/toyota-yaris-hybride-836035,Toyota Yaris Hybride (2021),2021,Getaround Connect,CITADINE,SEGMENT_RULES,HYBRIDE,False,54.0,,3.95,87,Asnières-sur-Seine,Paris,Asnières-sur-Seine|Paris 17e,2,384,False,False,,10670,1001,26
20260729T110432,A2,v3.3-search-gps,2026-07-30T09:00,2026-07-30T20:00,1644100,https://fr.getaround.com/location-voiture/paris/peugeot-308-1644100,Peugeot 308 (2019),2019,Getaround Connect,COMPACTE,SEGMENT_RULES,THERMIQUE,False,58.0,,4.3,20,Puteaux,Paris,Puteaux|Asnières-sur-Seine|Paris 17e,3,385,False,False,,7940,550,13
20260729T110432,A2,v3.3-search-gps,2026-07-30T09:00,2026-07-30T20:00,1893660,https://fr.getaround.com/location-voiture/herblay-sur-seine/nissan-pulsar-1893660,Nissan Pulsar (2014),2014,Getaround Connect,SUV_COMPACT,SEGMENT_RULES,THERMIQUE,False,49.0,,,,Asnières-sur-Seine,Herblay Sur Seine,Asnières-sur-Seine,1,386,False,False,,11430,1001,26
20260729T110432,A2,v3.3-search-gps,2026-07-30T09:00,2026-07-30T20:00,1712083,https://fr.getaround.com/location-voiture/sartrouville/mercedes-benz-classe-e-coupe-1712083,Mercedes-Benz Classe E Coupé (2014),2014,Sur rendez-vous,BERLINE,SEGMENT_RULES,THERMIQUE,False,170.0,,5.0,1,Puteaux,Sartrouville,Puteaux|Asnières-sur-Seine,2,387,False,False,,8610,550,13
20260729T110432,A2,v3.3-search-gps,2026-07-30T09:00,2026-07-30T20:00,873604,https://fr.getaround.com/location-voiture/paris/renault-captur-873604,Renault Captur (2013),2013,Getaround Connect,SUV_COMPACT,SEGMENT_RULES,THERMIQUE,False,66.0,,4.59,79,Asnières-sur-Seine,Paris,Asnières-sur-Seine|Paris 17e,2,387,False,False,,7750,1001,26
20260729T110432,A2,v3.3-search-gps,2026-07-30T09:00,2026-07-30T20:00,1666424,https://fr.getaround.com/location-voiture/paris/peugeot-208-1666424,Peugeot 208 (2025),2025,Getaround Connect,CITADINE,SEGMENT_RULES,THERMIQUE,False,79.0,,4.19,21,Puteaux,Paris,Puteaux|Asnières-sur-Seine|Paris 17e,3,388,False,False,,7790,550,13
20260729T110432,A2,v3.3-search-gps,2026-07-30T09:00,2026-07-30T20:00,985160,https://fr.getaround.com/location-voiture/paris/peugeot-208-985160,Peugeot 208 (2021),2021,Getaround Connect,CITADINE,SEGMENT_RULES,THERMIQUE,False,52.0,,3.82,61,Asnières-sur-Seine,Paris,Asnières-sur-Seine|Paris 17e,2,388,False,False,,8750,1001,26
20260729T110432,A2,v3.3-search-gps,2026-07-30T09:00,2026-07-30T20:00,1881938,https://fr.getaround.com/location-voiture/paris/peugeot-2008-1881938,Peugeot 2008 (2026),2026,Getaround Connect,SUV_COMPACT,SEGMENT_RULES,THERMIQUE,False,93.0,,5.0,1,Asnières-sur-Seine,Paris,Asnières-sur-Seine|Paris 17e,2,389,False,False,,8280,1001,26
20260729T110432,A2,v3.3-search-gps,2026-07-30T09:00,2026-07-30T20:00,1807347,https://fr.getaround.com/location-voiture/asnieres-sur-seine/peugeot-308-sw-1807347,Peugeot 308 SW (2019),2019,Sur rendez-vous,BREAK,SEGMENT_RULES,THERMIQUE,False,83.0,,5.0,1,Puteaux,Asnieres Sur Seine,Puteaux|Asnières-sur-Seine,2,390,False,False,,6370,550,13
20260729T110432,A2,v3.3-search-gps,2026-07-30T09:00,2026-07-30T20:00,1819391,https://fr.getaround.com/location-voiture/issy-les-moulineaux/citroen-c3-1819391,Citroen C3 (2020),2020,Sur rendez-vous,CITADINE,SEGMENT_RULES,THERMIQUE,False,67.0,,5.0,8,Puteaux,Issy Les Moulineaux,Puteaux,1,391,False,False,,7140,550,13
20260729T110432,A2,v3.3-search-gps,2026-07-30T09:00,2026-07-30T20:00,1574326,https://fr.getaround.com/location-voiture/paris/renault-clio-1574326,Renault Clio (2021),2021,Getaround Connect,CITADINE,SEGMENT_RULES,THERMIQUE,False,52.0,,3.83,29,Asnières-sur-Seine,Paris,Asnières-sur-Seine|Paris 17e,2,392,False,False,,10600,1001,26
20260729T110432,A2,v3.3-search-gps,2026-07-30T09:00,2026-07-30T20:00,1206340,https://fr.getaround.com/location-voiture/boulogne-billancourt/renault-grand-scenic-1206340,Renault Grand Scenic (2017),2017,Getaround Connect,MONOSPACE,SEGMENT_RULES,THERMIQUE,False,120.0,,4.94,47,Puteaux,Boulogne Billancourt,Puteaux|Asnières-sur-Seine,2,393,False,False,,5840,550,13
20260729T110432,A2,v3.3-search-gps,2026-07-30T09:00,2026-07-30T20:00,1708107,https://fr.getaround.com/location-voiture/paris/renault-zoe-1708107,Renault ZOE (2015),2015,Getaround Connect,CITADINE,SEGMENT_RULES,ELECTRIQUE,False,55.0,,4.95,21,Asnières-sur-Seine,Paris,Asnières-sur-Seine|Paris 17e,2,393,False,False,,11160,1001,26
20260729T110432,A2,v3.3-search-gps,2026-07-30T09:00,2026-07-30T20:00,1629808,https://fr.getaround.com/location-voiture/paris/renault-clio-1629808,Renault Clio (2024),2024,Getaround Connect,CITADINE,SEGMENT_RULES,THERMIQUE,False,68.0,,4.7,46,Puteaux,Paris,Puteaux|Paris 17e,2,394,False,False,,9210,550,13
20260729T110432,A2,v3.3-search-gps,2026-07-30T09:00,2026-07-30T20:00,1815369,https://fr.getaround.com/location-voiture/saint-cloud/audi-a4-2-0t-premium-plus-1815369,Audi  A4 2.0T Premium Plus (2014),2014,Sur rendez-vous,BERLINE,SEGMENT_RULES,THERMIQUE,False,104.0,,,,Puteaux,Saint Cloud,Puteaux,1,395,False,False,,4530,550,13
20260729T110432,A2,v3.3-search-gps,2026-07-30T09:00,2026-07-30T20:00,1555698,https://fr.getaround.com/location-voiture/paris/toyota-corolla-break-hybride-1555698,Toyota Corolla Break Hybride (2021),2021,Getaround Connect,BREAK,SEGMENT_RULES,HYBRIDE,False,76.0,,4.66,48,Asnières-sur-Seine,Paris,Asnières-sur-Seine|Paris 17e,2,396,False,False,,11170,1001,26
20260729T110432,A2,v3.3-search-gps,2026-07-30T09:00,2026-07-30T20:00,1873949,https://fr.getaround.com/location-voiture/paris/peugeot-208-gt-line-1873949,Peugeot 208 GT Line (2021),2021,Sur rendez-vous,CITADINE,SEGMENT_RULES,THERMIQUE,False,74.0,,,,Puteaux,Paris,Puteaux|Asnières-sur-Seine|Paris 17e,3,397,False,False,,4320,550,13
20260729T110432,A2,v3.3-search-gps,2026-07-30T09:00,2026-07-30T20:00,1631645,https://fr.getaround.com/location-voiture/paris/opel-corsa-1631645,Opel Corsa (2024),2024,Getaround Connect,CITADINE,SEGMENT_RULES,THERMIQUE,False,57.0,,4.55,29,Asnières-sur-Seine,Paris,Asnières-sur-Seine|Paris 17e,2,397,False,False,,10200,1001,26
20260729T110432,A2,v3.3-search-gps,2026-07-30T09:00,2026-07-30T20:00,1708959,https://fr.getaround.com/location-voiture/paris/peugeot-208-1708959,Peugeot 208 (2017),2017,Getaround Connect,CITADINE,SEGMENT_RULES,THERMIQUE,False,64.0,,4.4,10,Puteaux,Paris,Puteaux|Asnières-sur-Seine|Paris 17e,3,398,False,False,,7610,550,13
20260729T110432,A2,v3.3-search-gps,2026-07-30T09:00,2026-07-30T20:00,1697007,https://fr.getaround.com/location-voiture/nanterre/volkswagen-golf-1697007,Volkswagen Golf (2014),2014,Sur rendez-vous,COMPACTE,SEGMENT_RULES,THERMIQUE,False,90.0,,5.0,1,Puteaux,Nanterre,Puteaux|Asnières-sur-Seine,2,399,False,False,,2380,550,13
20260729T110432,A2,v3.3-search-gps,2026-07-30T09:00,2026-07-30T20:00,1138592,https://fr.getaround.com/location-voiture/issy-les-moulineaux/renault-captur-1138592,Renault Captur (2019),2019,Getaround Connect,SUV_COMPACT,SEGMENT_RULES,THERMIQUE,False,72.0,,4.58,71,Puteaux,Issy Les Moulineaux,Puteaux,1,400,False,False,,7050,550,13
20260729T110432,A2,v3.3-search-gps,2026-07-30T09:00,2026-07-30T20:00,665319,https://fr.getaround.com/location-voiture/paris/fiat-500-665319,Fiat 500 (2017),2017,Getaround Connect,CITADINE,SEGMENT_RULES,THERMIQUE,False,58.0,,4.89,136,Paris 17e,Paris,Paris 17e,1,400,False,False,,7480,889,50
20260729T110432,A2,v3.3-search-gps,2026-07-30T09:00,2026-07-30T20:00,1843343,https://fr.getaround.com/location-voiture/paris/citroen-c3-1843343,Citroen C3 (2018),2018,Getaround Connect,CITADINE,SEGMENT_RULES,THERMIQUE,False,69.0,,5.0,8,Asnières-sur-Seine,Paris,Asnières-sur-Seine|Paris 17e,2,401,False,False,,7010,1001,26
20260729T110432,A2,v3.3-search-gps,2026-07-30T09:00,2026-07-30T20:00,1878628,https://fr.getaround.com/location-voiture/paris/peugeot-2008-1878628,Peugeot 2008 (2026),2026,Getaround Connect,SUV_COMPACT,SEGMENT_RULES,THERMIQUE,False,93.0,,5.0,3,Puteaux,Paris,Puteaux|Asnières-sur-Seine|Paris 17e,3,402,False,False,,6890,550,13
20260729T110432,A2,v3.3-search-gps,2026-07-30T09:00,2026-07-30T20:00,1600723,https://fr.getaround.com/location-voiture/paris/peugeot-2008-1600723,Peugeot 2008 (2023),2023,Getaround Connect,SUV_COMPACT,SEGMENT_RULES,THERMIQUE,False,81.0,,3.75,16,Puteaux,Paris,Puteaux|Asnières-sur-Seine|Paris 17e,3,403,False,False,,6390,550,13
20260729T110432,A2,v3.3-search-gps,2026-07-30T09:00,2026-07-30T20:00,1848158,https://fr.getaround.com/location-voiture/boulogne-billancourt/peugeot-e-2008-1848158,Peugeot e-2008 (2022),2022,Sur rendez-vous,SUV_COMPACT,SEGMENT_RULES,THERMIQUE,False,75.0,,5.0,2,Puteaux,Boulogne Billancourt,Puteaux|Asnières-sur-Seine,2,404,False,False,,6190,550,13
20260729T110432,A2,v3.3-search-gps,2026-07-30T09:00,2026-07-30T20:00,1572041,https://fr.getaround.com/location-voiture/paris/renault-grand-scenic-1572041,Renault Grand Scenic (2015),2015,Getaround Connect,MONOSPACE,SEGMENT_RULES,THERMIQUE,False,102.0,,4.97,31,Puteaux,Paris,Puteaux|Asnières-sur-Seine|Paris 17e,3,405,False,False,,7460,550,13
20260729T110432,A2,v3.3-search-gps,2026-07-30T09:00,2026-07-30T20:00,1232078,https://fr.getaround.com/location-voiture/paris/peugeot-208-1232078,Peugeot 208 (2023),2023,Getaround Connect,CITADINE,SEGMENT_RULES,THERMIQUE,False,68.0,,4.74,42,Asnières-sur-Seine,Paris,Asnières-sur-Seine|Paris 17e,2,405,False,False,,9820,1001,26
20260729T110432,A2,v3.3-search-gps,2026-07-30T09:00,2026-07-30T20:00,1376882,https://fr.getaround.com/location-voiture/paris/peugeot-2008-1376882,Peugeot 2008 (2023),2023,Getaround Connect,SUV_COMPACT,SEGMENT_RULES,THERMIQUE,False,86.0,,4.51,63,Puteaux,Paris,Puteaux|Asnières-sur-Seine|Paris 17e,3,406,False,False,,6390,550,13
20260729T110432,A2,v3.3-search-gps,2026-07-30T09:00,2026-07-30T20:00,680037,https://fr.getaround.com/location-voiture/saint-cloud/peugeot-5008-680037,Peugeot 5008 (2020),2020,Sur rendez-vous,MONOSPACE,SEGMENT_RULES,THERMIQUE,False,136.0,,4.96,50,Puteaux,Saint Cloud,Puteaux|Asnières-sur-Seine,2,407,False,False,,5510,550,13
20260729T110432,A2,v3.3-search-gps,2026-07-30T09:00,2026-07-30T20:00,1818875,https://fr.getaround.com/location-voiture/paris/citroen-c3-picasso-1818875,Citroen C3 Picasso (2012),2012,Sur rendez-vous,MONOSPACE,SEGMENT_RULES,THERMIQUE,False,57.0,,4.94,18,Asnières-sur-Seine,Paris,Asnières-sur-Seine|Paris 17e,2,407,False,False,,6920,1001,26
20260729T110432,A2,v3.3-search-gps,2026-07-30T09:00,2026-07-30T20:00,1443395,https://fr.getaround.com/location-voiture/issy-les-moulineaux/renault-clio-1443395,Renault Clio (2021),2021,Getaround Connect,CITADINE,SEGMENT_RULES,THERMIQUE,False,52.0,,4.69,59,Paris 17e,Issy Les Moulineaux,Paris 17e,1,407,False,False,,8330,889,50
20260729T110432,A2,v3.3-search-gps,2026-07-30T09:00,2026-07-30T20:00,1863796,https://fr.getaround.com/location-voiture/paris/tesla-model-3-1863796,Tesla Model 3 (2023),2023,Sur rendez-vous,BERLINE,SEGMENT_RULES,ELECTRIQUE,False,115.0,,5.0,2,Puteaux,Paris,Puteaux|Asnières-sur-Seine|Paris 17e,3,408,False,False,,6360,550,13
20260729T110432,A2,v3.3-search-gps,2026-07-30T09:00,2026-07-30T20:00,1236915,https://fr.getaround.com/location-voiture/asnieres-sur-seine/toyota-c-hr-1236915,Toyota C-HR (2018),2018,Sur rendez-vous,SUV_COMPACT,SEGMENT_RULES,THERMIQUE,False,131.0,,,,Asnières-sur-Seine,Asnieres Sur Seine,Asnières-sur-Seine,1,409,False,False,,640,1001,26
20260729T110432,A2,v3.3-search-gps,2026-07-30T09:00,2026-07-30T20:00,1944772,https://fr.getaround.com/location-voiture/houilles/peugeot-208-1944772,Peugeot 208 (2021),2021,Sur rendez-vous,CITADINE,SEGMENT_RULES,THERMIQUE,False,70.0,,,,Puteaux,Houilles,Puteaux|Asnières-sur-Seine,2,410,False,False,,6150,550,13
20260729T110432,A2,v3.3-search-gps,2026-07-30T09:00,2026-07-30T20:00,1584195,https://fr.getaround.com/location-voiture/bezons/lynk-co-01-1584195,Lynk & Co 01 (2021),2021,Sur rendez-vous,SUV_FAMILIAL,SEGMENT_RULES,THERMIQUE,False,117.0,,5.0,2,Puteaux,Bezons,Puteaux|Asnières-sur-Seine,2,411,False,False,,5260,550,13
20260729T110432,A2,v3.3-search-gps,2026-07-30T09:00,2026-07-30T20:00,1694521,https://fr.getaround.com/location-voiture/paris/peugeot-308-1694521,Peugeot 308 (2019),2019,Getaround Connect,COMPACTE,SEGMENT_RULES,THERMIQUE,False,58.0,,3.72,25,Puteaux,Paris,Puteaux|Asnières-sur-Seine|Paris 17e,3,412,False,False,,8730,550,13
20260729T110432,A2,v3.3-search-gps,2026-07-30T09:00,2026-07-30T20:00,1808709,https://fr.getaround.com/location-voiture/soisy-sous-montmorency/peugeot-208-gt-line-1808709,Peugeot 208 GT Line (2024),2024,Getaround Connect,CITADINE,SEGMENT_RULES,THERMIQUE,False,82.0,,4.57,14,Asnières-sur-Seine,Soisy Sous Montmorency,Asnières-sur-Seine,1,412,False,False,,6890,1001,26
20260729T110432,A2,v3.3-search-gps,2026-07-30T09:00,2026-07-30T20:00,1837677,https://fr.getaround.com/location-voiture/chatou/fiat-500e-1837677,Fiat 500e (2021),2021,Sur rendez-vous,CITADINE,SEGMENT_RULES,THERMIQUE,False,54.0,,5.0,1,Puteaux,Chatou,Puteaux,1,413,False,False,,6990,550,13
20260729T110432,A2,v3.3-search-gps,2026-07-30T09:00,2026-07-30T20:00,1777327,https://fr.getaround.com/location-voiture/paris/citroen-c4-cactus-1777327,Citroen C4 Cactus (2020),2020,Getaround Connect,COMPACTE,SEGMENT_RULES,THERMIQUE,False,64.0,,5.0,7,Asnières-sur-Seine,Paris,Asnières-sur-Seine|Paris 17e,2,413,False,False,,7560,1001,26
20260729T110432,A2,v3.3-search-gps,2026-07-30T09:00,2026-07-30T20:00,1880601,https://fr.getaround.com/location-voiture/paris/peugeot-2008-1880601,Peugeot 2008 (2026),2026,Getaround Connect,SUV_COMPACT,SEGMENT_RULES,THERMIQUE,False,94.0,,5.0,3,Puteaux,Paris,Puteaux|Asnières-sur-Seine|Paris 17e,3,414,False,False,,7790,550,13
20260729T110432,A2,v3.3-search-gps,2026-07-30T09:00,2026-07-30T20:00,1542085,https://fr.getaround.com/location-voiture/paris/toyota-yaris-cross-hybrid-1542085,Toyota Yaris Cross Hybrid (2023),2023,Getaround Connect,SUV_COMPACT,SEGMENT_RULES,HYBRIDE,False,75.0,,4.71,24,Asnières-sur-Seine,Paris,Asnières-sur-Seine|Paris 17e,2,414,False,False,,11260,1001,26
20260729T110432,A2,v3.3-search-gps,2026-07-30T09:00,2026-07-30T20:00,1622219,https://fr.getaround.com/location-voiture/paris/peugeot-208-1622219,Peugeot 208 (2017),2017,Getaround Connect,CITADINE,SEGMENT_RULES,THERMIQUE,False,69.0,,4.85,41,Puteaux,Paris,Puteaux,1,415,False,False,,9470,550,13
20260729T110432,A2,v3.3-search-gps,2026-07-30T09:00,2026-07-30T20:00,641057,https://fr.getaround.com/location-voiture/paris/fiat-500-641057,Fiat 500 (2016),2016,Getaround Connect,CITADINE,SEGMENT_RULES,THERMIQUE,False,55.0,,4.85,176,Paris 17e,Paris,Paris 17e,1,415,False,False,,7480,889,50
20260729T110432,A2,v3.3-search-gps,2026-07-30T09:00,2026-07-30T20:00,1895443,https://fr.getaround.com/location-voiture/paris/peugeot-208-1895443,Peugeot 208 (2025),2025,Getaround Connect,CITADINE,SEGMENT_RULES,THERMIQUE,False,73.0,,5.0,2,Asnières-sur-Seine,Paris,Asnières-sur-Seine|Paris 17e,2,416,False,False,,9090,1001,26
20260729T110432,A2,v3.3-search-gps,2026-07-30T09:00,2026-07-30T20:00,1889838,https://fr.getaround.com/location-voiture/sevres/renault-twingo-iii-1889838,Renault Twingo III (2020),2020,Getaround Connect,CITADINE,SEGMENT_RULES,THERMIQUE,False,69.0,,5.0,8,Puteaux,Sevres,Puteaux|Asnières-sur-Seine,2,418,False,False,,6790,550,13
20260729T110432,A2,v3.3-search-gps,2026-07-30T09:00,2026-07-30T20:00,1613974,https://fr.getaround.com/location-voiture/paris/honda-civic-1613974,Honda Civic (2016),2016,Sur rendez-vous,COMPACTE,SEGMENT_RULES,THERMIQUE,False,68.0,,5.0,2,Puteaux,Paris,Puteaux|Asnières-sur-Seine,2,420,False,False,,5640,550,13
20260729T110432,A2,v3.3-search-gps,2026-07-30T09:00,2026-07-30T20:00,820940,https://fr.getaround.com/location-voiture/paris/renault-clio-820940,Renault Clio (2017),2017,Getaround Connect,CITADINE,SEGMENT_RULES,THERMIQUE,False,63.0,,4.64,143,Asnières-sur-Seine,Paris,Asnières-sur-Seine|Paris 17e,2,420,False,False,,10700,1001,26
20260729T110432,A2,v3.3-search-gps,2026-07-30T09:00,2026-07-30T20:00,973946,https://fr.getaround.com/location-voiture/boulogne-billancourt/fiat-500-973946,Fiat 500 (2019),2019,Sur rendez-vous,CITADINE,SEGMENT_RULES,THERMIQUE,False,70.0,,5.0,32,Puteaux,Boulogne Billancourt,Puteaux|Asnières-sur-Seine,2,421,False,False,,5780,550,13
20260729T110432,A2,v3.3-search-gps,2026-07-30T09:00,2026-07-30T20:00,1890607,https://fr.getaround.com/location-voiture/sartrouville/fiat-doblo-1890607,Fiat Doblo (2022),2022,Getaround Connect,UTILITAIRE,SEGMENT_RULES,THERMIQUE,False,64.0,,5.0,1,Asnières-sur-Seine,Sartrouville,Asnières-sur-Seine,1,421,False,False,,8710,1001,26
20260729T110432,A2,v3.3-search-gps,2026-07-30T09:00,2026-07-30T20:00,1589885,https://fr.getaround.com/location-voiture/paris/peugeot-2008-1589885,Peugeot 2008 (2023),2023,Getaround Connect,SUV_COMPACT,SEGMENT_RULES,THERMIQUE,False,81.0,,4.03,34,Asnières-sur-Seine,Paris,Asnières-sur-Seine|Paris 17e,2,421,False,False,,5540,1001,26
20260729T110432,A2,v3.3-search-gps,2026-07-30T09:00,2026-07-30T20:00,1926026,https://fr.getaround.com/location-voiture/nanterre/peugeot-5008-1926026,Peugeot 5008 (2025),2025,Sur rendez-vous,MONOSPACE,SEGMENT_RULES,THERMIQUE,False,173.0,,,,Puteaux,Nanterre,Puteaux|Asnières-sur-Seine,2,422,False,False,,3260,550,13
20260729T110432,A2,v3.3-search-gps,2026-07-30T09:00,2026-07-30T20:00,1574328,https://fr.getaround.com/location-voiture/paris/renault-clio-1574328,Renault Clio (2021),2021,Getaround Connect,CITADINE,SEGMENT_RULES,THERMIQUE,False,52.0,,3.36,28,Asnières-sur-Seine,Paris,Asnières-sur-Seine|Paris 17e,2,422,False,False,,10600,1001,26
20260729T110432,A2,v3.3-search-gps,2026-07-30T09:00,2026-07-30T20:00,1868615,https://fr.getaround.com/location-voiture/paris/nissan-micra-1868615,Nissan Micra (2022),2022,Getaround Connect,CITADINE,SEGMENT_RULES,THERMIQUE,False,76.0,,4.91,11,Puteaux,Paris,Puteaux|Asnières-sur-Seine,2,423,False,False,,6300,550,13
20260729T110432,A2,v3.3-search-gps,2026-07-30T09:00,2026-07-30T20:00,1306895,https://fr.getaround.com/location-voiture/paris/peugeot-2008-1306895,Peugeot 2008 (2023),2023,Getaround Connect,SUV_COMPACT,SEGMENT_RULES,THERMIQUE,False,83.0,,4.49,58,Asnières-sur-Seine,Paris,Asnières-sur-Seine|Paris 17e,2,423,False,False,,9240,1001,26
20260729T110432,A2,v3.3-search-gps,2026-07-30T09:00,2026-07-30T20:00,1918802,https://fr.getaround.com/location-voiture/l-ile-saint-denis/volkswagen-polo-1918802,Volkswagen Polo (2023),2023,Sur rendez-vous,CITADINE,SEGMENT_RULES,THERMIQUE,False,75.0,,,,Puteaux,L Ile Saint Denis,Puteaux|Asnières-sur-Seine,2,424,False,False,,8290,550,13
20260729T110432,A2,v3.3-search-gps,2026-07-30T09:00,2026-07-30T20:00,1757751,https://fr.getaround.com/location-voiture/paris/tesla-model-3-1757751,Tesla Model 3 (2022),2022,Sur rendez-vous,BERLINE,SEGMENT_RULES,ELECTRIQUE,False,109.0,,5.0,4,Paris 17e,Paris,Paris 17e,1,424,False,False,,6820,889,50
20260729T110432,A2,v3.3-search-gps,2026-07-30T09:00,2026-07-30T20:00,1257197,https://fr.getaround.com/location-voiture/la-garenne-colombes/honda-cr-v-hybride-1257197,Honda CR-V Hybride (2021),2021,Sur rendez-vous,SUV_FAMILIAL,SEGMENT_RULES,HYBRIDE,False,147.0,,,,Asnières-sur-Seine,La Garenne Colombes,Asnières-sur-Seine,1,425,False,False,,2110,1001,26
20260729T110432,A2,v3.3-search-gps,2026-07-30T09:00,2026-07-30T20:00,1240925,https://fr.getaround.com/location-voiture/paris/peugeot-208-1240925,Peugeot 208 (2023),2023,Getaround Connect,CITADINE,SEGMENT_RULES,THERMIQUE,False,57.0,,3.87,50,Asnières-sur-Seine,Paris,Asnières-sur-Seine|Paris 17e,2,425,False,False,,10660,1001,26
20260729T110432,A2,v3.3-search-gps,2026-07-30T09:00,2026-07-30T20:00,1198362,https://fr.getaround.com/location-voiture/paris/opel-corsa-1198362,Opel Corsa (2014),2014,Getaround Connect,CITADINE,SEGMENT_RULES,THERMIQUE,False,55.0,,4.67,36,Asnières-sur-Seine,Paris,Asnières-sur-Seine|Paris 17e,2,426,False,False,,7040,1001,26
20260729T110432,A2,v3.3-search-gps,2026-07-30T09:00,2026-07-30T20:00,1760124,https://fr.getaround.com/location-voiture/paris/toyota-aygo-x-1760124,Toyota Aygo X (2022),2022,Getaround Connect,MICRO_CITADINE,SEGMENT_RULES,THERMIQUE,False,63.0,,5.0,5,Asnières-sur-Seine,Paris,Asnières-sur-Seine|Paris 17e,2,427,False,False,,8109,1001,26
20260729T110432,A2,v3.3-search-gps,2026-07-30T09:00,2026-07-30T20:00,1357355,https://fr.getaround.com/location-voiture/paris/peugeot-2008-1357355,Peugeot 2008 (2023),2023,Getaround Connect,SUV_COMPACT,SEGMENT_RULES,THERMIQUE,False,86.0,,4.63,68,Puteaux,Paris,Puteaux|Asnières-sur-Seine,2,429,False,False,,7370,550,13
20260729T110432,A2,v3.3-search-gps,2026-07-30T09:00,2026-07-30T20:00,1378087,https://fr.getaround.com/location-voiture/sarcelles/nissan-juke-1378087,Nissan Juke (2013),2013,Getaround Connect,SUV_COMPACT,SEGMENT_RULES,THERMIQUE,False,60.0,,4.61,14,Asnières-sur-Seine,Sarcelles,Asnières-sur-Seine,1,429,False,False,,9030,1001,26
20260729T110432,A2,v3.3-search-gps,2026-07-30T09:00,2026-07-30T20:00,1203644,https://fr.getaround.com/location-voiture/paris/citroen-c3-1203644,Citroen C3 (2023),2023,Getaround Connect,CITADINE,SEGMENT_RULES,THERMIQUE,False,57.0,,4.22,85,Puteaux,Paris,Puteaux|Asnières-sur-Seine|Paris 17e,3,430,False,False,,7080,550,13
20260729T110432,A2,v3.3-search-gps,2026-07-30T09:00,2026-07-30T20:00,1881858,https://fr.getaround.com/location-voiture/paris/peugeot-2008-1881858,Peugeot 2008 (2026),2026,Getaround Connect,SUV_COMPACT,SEGMENT_RULES,THERMIQUE,False,94.0,,5.0,3,Asnières-sur-Seine,Paris,Asnières-sur-Seine|Paris 17e,2,430,False,False,,7500,1001,26
20260729T110432,A2,v3.3-search-gps,2026-07-30T09:00,2026-07-30T20:00,1937431,https://fr.getaround.com/location-voiture/paris/smart-fortwo-coupe-1937431,Smart Fortwo Coupé (2013),2013,Sur rendez-vous,MICRO_CITADINE,SEGMENT_RULES,THERMIQUE,False,70.0,,,,Puteaux,Paris,Puteaux,1,431,False,False,,4660,550,13
20260729T110432,A2,v3.3-search-gps,2026-07-30T09:00,2026-07-30T20:00,1797688,https://fr.getaround.com/location-voiture/neuilly-sur-seine/mercedes-benz-classe-b-1797688,Mercedes-Benz Classe B (2019),2019,Sur rendez-vous,MONOSPACE,SEGMENT_RULES,THERMIQUE,False,90.0,,5.0,1,Puteaux,Neuilly Sur Seine,Puteaux|Asnières-sur-Seine,2,433,False,False,,2760,550,13
20260729T110432,A2,v3.3-search-gps,2026-07-30T09:00,2026-07-30T20:00,1153936,https://fr.getaround.com/location-voiture/paris/smart-fortwo-coupe-1153936,Smart Fortwo Coupé (2017),2017,Getaround Connect,MICRO_CITADINE,SEGMENT_RULES,THERMIQUE,False,54.0,,4.49,37,Asnières-sur-Seine,Paris,Asnières-sur-Seine|Paris 17e,2,433,False,False,,7590,1001,26
20260729T110432,A2,v3.3-search-gps,2026-07-30T09:00,2026-07-30T20:00,1940728,https://fr.getaround.com/location-voiture/paris/audi-q4-sportback-35-e-tron-1940728,Audi Q4 Sportback 35 e-tron (2022),2022,Sur rendez-vous,SUV_FAMILIAL,SEGMENT_RULES,THERMIQUE,False,146.0,,,,Puteaux,Paris,Puteaux,1,434,False,False,,4430,550,13
20260729T110432,A2,v3.3-search-gps,2026-07-30T09:00,2026-07-30T20:00,1916414,https://fr.getaround.com/location-voiture/paris/peugeot-208-1916414,Peugeot 208 (2026),2026,Getaround Connect,CITADINE,SEGMENT_RULES,THERMIQUE,False,63.0,,,,Asnières-sur-Seine,Paris,Asnières-sur-Seine|Paris 17e,2,434,False,False,,10550,1001,26
20260729T110432,A2,v3.3-search-gps,2026-07-30T09:00,2026-07-30T20:00,1117220,https://fr.getaround.com/location-voiture/paris/renault-clio-1117220,Renault Clio (2014),2014,Getaround Connect,CITADINE,SEGMENT_RULES,THERMIQUE,False,74.0,,4.74,19,Puteaux,Paris,Puteaux|Asnières-sur-Seine,2,435,False,False,,7610,550,13
20260729T110432,A2,v3.3-search-gps,2026-07-30T09:00,2026-07-30T20:00,1231237,https://fr.getaround.com/location-voiture/paris/peugeot-208-1231237,Peugeot 208 (2023),2023,Getaround Connect,CITADINE,SEGMENT_RULES,THERMIQUE,False,68.0,,4.47,62,Asnières-sur-Seine,Paris,Asnières-sur-Seine|Paris 17e,2,435,False,False,,9850,1001,26
20260729T110432,A2,v3.3-search-gps,2026-07-30T09:00,2026-07-30T20:00,1541850,https://fr.getaround.com/location-voiture/garches/renault-clio-1541850,Renault Clio (2016),2016,Sur rendez-vous,CITADINE,SEGMENT_RULES,THERMIQUE,False,61.0,,5.0,2,Puteaux,Garches,Puteaux|Asnières-sur-Seine,2,436,False,False,,5400,550,13
20260729T110432,A2,v3.3-search-gps,2026-07-30T09:00,2026-07-30T20:00,1683217,https://fr.getaround.com/location-voiture/paris/renault-twingo-ii-1683217,Renault Twingo II (2012),2012,Sur rendez-vous,CITADINE,SEGMENT_RULES,THERMIQUE,False,59.0,,4.97,31,Asnières-sur-Seine,Paris,Asnières-sur-Seine|Paris 17e,2,436,False,False,,10770,1001,26
20260729T110432,A2,v3.3-search-gps,2026-07-30T09:00,2026-07-30T20:00,1666425,https://fr.getaround.com/location-voiture/paris/peugeot-208-1666425,Peugeot 208 (2025),2025,Getaround Connect,CITADINE,SEGMENT_RULES,THERMIQUE,False,79.0,,4.75,8,Asnières-sur-Seine,Paris,Asnières-sur-Seine|Paris 17e,2,436,False,False,,8140,1001,26
20260729T110432,A2,v3.3-search-gps,2026-07-30T09:00,2026-07-30T20:00,1632665,https://fr.getaround.com/location-voiture/paris/renault-twingo-iii-1632665,Renault Twingo III (2018),2018,Getaround Connect,CITADINE,SEGMENT_RULES,THERMIQUE,False,70.0,,4.76,45,Puteaux,Paris,Puteaux|Asnières-sur-Seine,2,438,False,False,,7940,550,13
20260729T110432,A2,v3.3-search-gps,2026-07-30T09:00,2026-07-30T20:00,1885082,https://fr.getaround.com/location-voiture/paris/renault-captur-1885082,Renault Captur (2016),2016,Getaround Connect,SUV_COMPACT,SEGMENT_RULES,THERMIQUE,False,69.0,,5.0,5,Asnières-sur-Seine,Paris,Asnières-sur-Seine|Paris 17e,2,438,False,False,,10940,1001,26
20260729T110432,A2,v3.3-search-gps,2026-07-30T09:00,2026-07-30T20:00,1849526,https://fr.getaround.com/location-voiture/boulogne-billancourt/ds-3-1849526,DS 3 (2019),2019,Sur rendez-vous,CITADINE,SEGMENT_RULES,THERMIQUE,False,86.0,,5.0,1,Puteaux,Boulogne Billancourt,Puteaux|Asnières-sur-Seine,2,439,False,False,,5810,550,13
20260729T110432,A2,v3.3-search-gps,2026-07-30T09:00,2026-07-30T20:00,1692885,https://fr.getaround.com/location-voiture/bobigny/citroen-c4-1692885,Citroen C4 (2015),2015,Getaround Connect,COMPACTE,SEGMENT_RULES,THERMIQUE,False,59.0,,4.6,50,Asnières-sur-Seine,Bobigny,Asnières-sur-Seine,1,439,False,False,,9540,1001,26
20260729T110432,A2,v3.3-search-gps,2026-07-30T09:00,2026-07-30T20:00,1722616,https://fr.getaround.com/location-voiture/paris/peugeot-3008-1722616,Peugeot 3008 (2020),2020,Getaround Connect,SUV_FAMILIAL,SEGMENT_RULES,THERMIQUE,False,79.0,,4.07,14,Asnières-sur-Seine,Paris,Asnières-sur-Seine|Paris 17e,2,439,False,False,,9990,1001,26
20260729T110432,A2,v3.3-search-gps,2026-07-30T09:00,2026-07-30T20:00,1816320,https://fr.getaround.com/location-voiture/saint-cloud/hyundai-inster-1816320,Hyundai Inster (2025),2025,Sur rendez-vous,COMPACTE,SEGMENT_RULES,THERMIQUE,False,78.0,,5.0,1,Puteaux,Saint Cloud,Puteaux|Asnières-sur-Seine,2,440,False,False,,5510,550,13
20260729T110432,A2,v3.3-search-gps,2026-07-30T09:00,2026-07-30T20:00,1408683,https://fr.getaround.com/location-voiture/charenton-le-pont/renault-twingo-iii-1408683,Renault Twingo III (2015),2015,Getaround Connect,CITADINE,SEGMENT_RULES,THERMIQUE,False,47.0,,4.72,47,Paris 17e,Charenton Le Pont,Paris 17e,1,440,False,False,,8920,889,50
20260729T110432,A2,v3.3-search-gps,2026-07-30T09:00,2026-07-30T20:00,1828643,https://fr.getaround.com/location-voiture/paris/smart-fortwo-cabriolet-1828643,Smart Fortwo Cabriolet (2012),2012,Sur rendez-vous,CABRIOLET,SEGMENT_RULES,THERMIQUE,False,75.0,,,,Puteaux,Paris,Puteaux|Asnières-sur-Seine|Paris 17e,3,441,False,False,,3620,550,13
20260729T110432,A2,v3.3-search-gps,2026-07-30T09:00,2026-07-30T20:00,1932446,https://fr.getaround.com/location-voiture/chatou/ford-fiesta-1932446,Ford Fiesta (2014),2014,Sur rendez-vous,CITADINE,SEGMENT_RULES,THERMIQUE,False,65.0,,,,Puteaux,Chatou,Puteaux,1,443,False,False,,6450,550,13
20260729T110432,A2,v3.3-search-gps,2026-07-30T09:00,2026-07-30T20:00,835614,https://fr.getaround.com/location-voiture/paris/renault-zoe-835614,Renault ZOE (2017),2017,Getaround Connect,CITADINE,SEGMENT_RULES,ELECTRIQUE,False,45.0,,4.44,215,Asnières-sur-Seine,Paris,Asnières-sur-Seine|Paris 17e,2,443,False,False,,10180,1001,26
20260729T110432,A2,v3.3-search-gps,2026-07-30T09:00,2026-07-30T20:00,1538749,https://fr.getaround.com/location-voiture/houilles/renault-twingo-ii-1538749,Renault Twingo II (2013),2013,Sur rendez-vous,CITADINE,SEGMENT_RULES,THERMIQUE,False,37.0,,,,Puteaux,Houilles,Puteaux|Asnières-sur-Seine,2,444,False,False,,5990,550,13
20260729T110432,A2,v3.3-search-gps,2026-07-30T09:00,2026-07-30T20:00,677035,https://fr.getaround.com/location-voiture/paris/fiat-500-677035,Fiat 500 (2018),2018,Getaround Connect,CITADINE,SEGMENT_RULES,THERMIQUE,False,58.0,,4.8,146,Paris 17e,Paris,Paris 17e,1,444,False,False,,7480,889,50
20260729T110432,A2,v3.3-search-gps,2026-07-30T09:00,2026-07-30T20:00,1226214,https://fr.getaround.com/location-voiture/argenteuil/renault-twingo-ii-1226214,Renault Twingo II (2013),2013,Sur rendez-vous,CITADINE,SEGMENT_RULES,THERMIQUE,False,58.0,,5.0,7,Asnières-sur-Seine,Argenteuil,Asnières-sur-Seine,1,445,False,False,,4400,1001,26
20260729T110432,A2,v3.3-search-gps,2026-07-30T09:00,2026-07-30T20:00,1665207,https://fr.getaround.com/location-voiture/paris/peugeot-308-1665207,Peugeot 308 (2019),2019,Getaround Connect,COMPACTE,SEGMENT_RULES,THERMIQUE,False,58.0,,4.52,27,Asnières-sur-Seine,Paris,Asnières-sur-Seine|Paris 17e,2,445,False,False,,10600,1001,26
20260729T110432,A2,v3.3-search-gps,2026-07-30T09:00,2026-07-30T20:00,1939019,https://fr.getaround.com/location-voiture/issy-les-moulineaux/chevrolet-aveo-1939019,Chevrolet Aveo (2012),2012,Sur rendez-vous,CITADINE,SEGMENT_RULES,THERMIQUE,False,60.0,,,,Puteaux,Issy Les Moulineaux,Puteaux,1,446,False,False,,7160,550,13
20260729T110432,A2,v3.3-search-gps,2026-07-30T09:00,2026-07-30T20:00,1751139,https://fr.getaround.com/location-voiture/gennevilliers/toyota-c-hr-hybrid-1751139,Toyota C-HR Hybrid (2017),2017,Sur rendez-vous,SUV_COMPACT,SEGMENT_RULES,HYBRIDE,False,78.0,,,,Puteaux,Gennevilliers,Puteaux|Asnières-sur-Seine,2,447,False,False,,7360,550,13
20260729T110432,A2,v3.3-search-gps,2026-07-30T09:00,2026-07-30T20:00,869742,https://fr.getaround.com/location-voiture/paris/audi-a3-869742,Audi A3 (2016),2016,Getaround Connect,COMPACTE,SEGMENT_RULES,THERMIQUE,False,83.0,,4.83,96,Paris 17e,Paris,Paris 17e,1,447,False,False,,6810,889,50
20260729T110432,A2,v3.3-search-gps,2026-07-30T09:00,2026-07-30T20:00,1117375,https://fr.getaround.com/location-voiture/boulogne-billancourt/peugeot-308-sw-1117375,Peugeot 308 SW (2018),2018,Sur rendez-vous,BREAK,SEGMENT_RULES,THERMIQUE,False,106.0,,4.77,24,Puteaux,Boulogne Billancourt,Puteaux|Asnières-sur-Seine,2,448,False,False,,4440,550,13
20260729T110432,A2,v3.3-search-gps,2026-07-30T09:00,2026-07-30T20:00,1851732,https://fr.getaround.com/location-voiture/la-celle-saint-cloud/fiat-600e-1851732,Fiat 600e (2024),2024,Sur rendez-vous,CITADINE,SEGMENT_RULES,THERMIQUE,False,61.0,,5.0,1,Puteaux,La Celle Saint Cloud,Puteaux,1,449,False,False,,7710,550,13
20260729T110432,A2,v3.3-search-gps,2026-07-30T09:00,2026-07-30T20:00,1749372,https://fr.getaround.com/location-voiture/bezons/dacia-spring-1749372,Dacia Spring (2025),2025,Sur rendez-vous,COMPACTE,SEGMENT_RULES,THERMIQUE,False,57.0,,5.0,6,Puteaux,Bezons,Puteaux|Asnières-sur-Seine,2,450,False,False,,5500,550,13
20260729T110432,A2,v3.3-search-gps,2026-07-30T09:00,2026-07-30T20:00,1519739,https://fr.getaround.com/location-voiture/pantin/peugeot-208-1519739,Peugeot 208 (2023),2023,Getaround Connect,CITADINE,SEGMENT_RULES,THERMIQUE,False,68.0,,4.95,60,Asnières-sur-Seine,Pantin,Asnières-sur-Seine,1,450,False,False,,10010,1001,26
20260729T110432,A2,v3.3-search-gps,2026-07-30T09:00,2026-07-30T20:00,1702914,https://fr.getaround.com/location-voiture/paris/renault-scenic-1702914,Renault Scenic (2012),2012,Sur rendez-vous,MONOSPACE,SEGMENT_RULES,THERMIQUE,False,102.0,,5.0,10,Puteaux,Paris,Puteaux|Asnières-sur-Seine,2,451,False,False,,4850,550,13
20260729T110432,A2,v3.3-search-gps,2026-07-30T09:00,2026-07-30T20:00,787200,https://fr.getaround.com/location-voiture/paris/renault-clio-787200,Renault Clio (2020),2020,Getaround Connect,CITADINE,SEGMENT_RULES,THERMIQUE,False,54.0,,4.24,188,Asnières-sur-Seine,Paris,Asnières-sur-Seine|Paris 17e,2,451,False,False,,10660,1001,26
20260729T110432,A2,v3.3-search-gps,2026-07-30T09:00,2026-07-30T20:00,784637,https://fr.getaround.com/location-voiture/sartrouville/peugeot-308-784637,Peugeot 308 (2018),2018,Getaround Connect,COMPACTE,SEGMENT_RULES,THERMIQUE,False,76.0,,4.86,92,Puteaux,Sartrouville,Puteaux|Asnières-sur-Seine,2,452,False,False,,8119,550,13
20260729T110432,A2,v3.3-search-gps,2026-07-30T09:00,2026-07-30T20:00,1542069,https://fr.getaround.com/location-voiture/paris/toyota-yaris-cross-hybrid-1542069,Toyota Yaris Cross Hybrid (2022),2022,Getaround Connect,SUV_COMPACT,SEGMENT_RULES,HYBRIDE,False,85.0,,4.71,24,Asnières-sur-Seine,Paris,Asnières-sur-Seine|Paris 17e,2,453,False,False,,10660,1001,26
20260729T110432,A2,v3.3-search-gps,2026-07-30T09:00,2026-07-30T20:00,1230139,https://fr.getaround.com/location-voiture/paris/peugeot-108-cabriolet-1230139,Peugeot 108 Cabriolet (2014),2014,Sur rendez-vous,CABRIOLET,SEGMENT_RULES,THERMIQUE,False,102.0,,5.0,5,Puteaux,Paris,Puteaux|Asnières-sur-Seine|Paris 17e,3,454,False,False,,3610,550,13
20260729T110432,A2,v3.3-search-gps,2026-07-30T09:00,2026-07-30T20:00,1296508,https://fr.getaround.com/location-voiture/paris/mercedes-benz-classe-e-1296508,Mercedes-Benz Classe E (2015),2015,Sur rendez-vous,BERLINE,SEGMENT_RULES,THERMIQUE,False,91.0,,4.64,7,Puteaux,Paris,Puteaux|Paris 17e,2,454,False,False,,5130,550,13
20260729T110432,A2,v3.3-search-gps,2026-07-30T09:00,2026-07-30T20:00,1503075,https://fr.getaround.com/location-voiture/carrieres-sur-seine/renault-zoe-1503075,Renault ZOE (2021),2021,Sur rendez-vous,CITADINE,SEGMENT_RULES,ELECTRIQUE,False,60.0,,5.0,7,Puteaux,Carrieres Sur Seine,Puteaux|Asnières-sur-Seine,2,455,False,False,,5460,550,13
20260729T110432,A2,v3.3-search-gps,2026-07-30T09:00,2026-07-30T20:00,1731967,https://fr.getaround.com/location-voiture/houilles/bmw-ix1-1731967,BMW iX1 (2021),2021,Sur rendez-vous,SUV_FAMILIAL,SEGMENT_RULES,THERMIQUE,False,138.0,,,,Puteaux,Houilles,Puteaux,1,456,False,False,,6240,550,13
20260729T110432,A2,v3.3-search-gps,2026-07-30T09:00,2026-07-30T20:00,1067334,https://fr.getaround.com/location-voiture/nanterre/citroen-c5-cross-tourer-1067334,Citroen C5 Cross Tourer (2022),2022,Sur rendez-vous,BREAK,SEGMENT_RULES,THERMIQUE,False,123.0,,,,Puteaux,Nanterre,Puteaux,1,457,False,False,,3140,550,13
20260729T110432,A2,v3.3-search-gps,2026-07-30T09:00,2026-07-30T20:00,1545704,https://fr.getaround.com/location-voiture/boulogne-billancourt/land-rover-range-rover-evoque-1545704,Land-Rover Range Rover Evoque (2014),2014,Sur rendez-vous,SUV_FAMILIAL,SEGMENT_RULES,THERMIQUE,False,130.0,,4.88,4,Puteaux,Boulogne Billancourt,Puteaux|Asnières-sur-Seine,2,460,False,False,,6310,550,13
20260729T110432,A2,v3.3-search-gps,2026-07-30T09:00,2026-07-30T20:00,1556512,https://fr.getaround.com/location-voiture/paris/toyota-yaris-hybride-1556512,Toyota Yaris Hybride (2022),2022,Getaround Connect,CITADINE,SEGMENT_RULES,HYBRIDE,False,74.0,,4.52,42,Asnières-sur-Seine,Paris,Asnières-sur-Seine|Paris 17e,2,460,False,False,,10200,1001,26
20260729T110432,A2,v3.3-search-gps,2026-07-30T09:00,2026-07-30T20:00,847824,https://fr.getaround.com/location-voiture/neuilly-sur-seine/toyota-yaris-hybride-847824,Toyota Yaris Hybride (2020),2020,Sur rendez-vous,CITADINE,SEGMENT_RULES,HYBRIDE,False,63.0,,4.97,45,Asnières-sur-Seine,Neuilly Sur Seine,Asnières-sur-Seine,1,461,False,False,,4490,1001,26
20260729T110432,A2,v3.3-search-gps,2026-07-30T09:00,2026-07-30T20:00,1739577,https://fr.getaround.com/location-voiture/paris/renault-clio-1739577,Renault Clio (2017),2017,Getaround Connect,CITADINE,SEGMENT_RULES,THERMIQUE,False,63.0,,4.96,23,Asnières-sur-Seine,Paris,Asnières-sur-Seine|Paris 17e,2,461,False,False,,11180,1001,26
20260729T110432,A2,v3.3-search-gps,2026-07-30T09:00,2026-07-30T20:00,1875617,https://fr.getaround.com/location-voiture/sartrouville/ford-ka-1875617,Ford Ka (2016),2016,Sur rendez-vous,CITADINE,SEGMENT_RULES,THERMIQUE,False,55.0,,5.0,4,Puteaux,Sartrouville,Puteaux|Asnières-sur-Seine,2,462,False,False,,7170,550,13
20260729T110432,A2,v3.3-search-gps,2026-07-30T09:00,2026-07-30T20:00,1894571,https://fr.getaround.com/location-voiture/paris/renault-clio-1894571,Renault Clio (2021),2021,Getaround Connect,CITADINE,SEGMENT_RULES,THERMIQUE,False,69.0,,5.0,1,Asnières-sur-Seine,Paris,Asnières-sur-Seine|Paris 17e,2,462,False,False,,7590,1001,26
20260729T110432,A2,v3.3-search-gps,2026-07-30T09:00,2026-07-30T20:00,1614145,https://fr.getaround.com/location-voiture/courbevoie/peugeot-208-1614145,Peugeot 208 (2024),2024,Sur rendez-vous,CITADINE,SEGMENT_RULES,THERMIQUE,False,157.0,,,,Puteaux,Courbevoie,Puteaux|Asnières-sur-Seine,2,463,False,False,,1830,550,13
20260729T110432,A2,v3.3-search-gps,2026-07-30T09:00,2026-07-30T20:00,671162,https://fr.getaround.com/location-voiture/paris/renault-clio-671162,Renault Clio (2018),2018,Getaround Connect,CITADINE,SEGMENT_RULES,THERMIQUE,False,63.0,,4.83,135,Paris 17e,Paris,Paris 17e,1,463,False,False,,7480,889,50
20260729T110432,A2,v3.3-search-gps,2026-07-30T09:00,2026-07-30T20:00,1867943,https://fr.getaround.com/location-voiture/suresnes/skoda-kamiq-1867943,Skoda Kamiq (2025),2025,Sur rendez-vous,SUV_COMPACT,SEGMENT_RULES,THERMIQUE,False,111.0,,,,Puteaux,Suresnes,Puteaux|Asnières-sur-Seine,2,464,False,False,,3200,550,13
20260729T110432,A2,v3.3-search-gps,2026-07-30T09:00,2026-07-30T20:00,1002069,https://fr.getaround.com/location-voiture/paris/peugeot-208-1002069,Peugeot 208 (2021),2021,Getaround Connect,CITADINE,SEGMENT_RULES,THERMIQUE,False,52.0,,3.83,106,Asnières-sur-Seine,Paris,Asnières-sur-Seine|Paris 17e,2,464,False,False,,11750,1001,26
20260729T110432,A2,v3.3-search-gps,2026-07-30T09:00,2026-07-30T20:00,1139784,https://fr.getaround.com/location-voiture/courbevoie/peugeot-208-1139784,Peugeot 208 (2015),2015,Sur rendez-vous,CITADINE,SEGMENT_RULES,THERMIQUE,False,96.0,,,,Puteaux,Courbevoie,Puteaux|Asnières-sur-Seine,2,465,False,False,,1640,550,13
20260729T110432,A2,v3.3-search-gps,2026-07-30T09:00,2026-07-30T20:00,1675476,https://fr.getaround.com/location-voiture/paris/peugeot-208-1675476,Peugeot 208 (2025),2025,Getaround Connect,CITADINE,SEGMENT_RULES,THERMIQUE,False,79.0,,4.81,26,Asnières-sur-Seine,Paris,Asnières-sur-Seine|Paris 17e,2,465,False,False,,9720,1001,26
20260729T110432,A2,v3.3-search-gps,2026-07-30T09:00,2026-07-30T20:00,1083759,https://fr.getaround.com/location-voiture/rueil-malmaison/renault-zoe-1083759,Renault ZOE (2018),2018,Sur rendez-vous,CITADINE,SEGMENT_RULES,ELECTRIQUE,False,71.0,,,,Puteaux,Rueil Malmaison,Puteaux,1,466,False,False,,4410,550,13
20260729T110432,A2,v3.3-search-gps,2026-07-30T09:00,2026-07-30T20:00,1744314,https://fr.getaround.com/location-voiture/paris/renault-twingo-iii-1744314,Renault Twingo III (2021),2021,Getaround Connect,CITADINE,SEGMENT_RULES,THERMIQUE,False,63.0,,4.62,21,Asnières-sur-Seine,Paris,Asnières-sur-Seine|Paris 17e,2,466,False,False,,10660,1001,26
20260729T110432,A2,v3.3-search-gps,2026-07-30T09:00,2026-07-30T20:00,1665565,https://fr.getaround.com/location-voiture/nanterre/land-rover-range-rover-evoque-1665565,Land-Rover Range Rover Evoque (2013),2013,Sur rendez-vous,SUV_FAMILIAL,SEGMENT_RULES,THERMIQUE,False,137.0,,,,Puteaux,Nanterre,Puteaux|Asnières-sur-Seine,2,467,False,False,,2810,550,13
20260729T110432,A2,v3.3-search-gps,2026-07-30T09:00,2026-07-30T20:00,1684914,https://fr.getaround.com/location-voiture/paris/citroen-c3-1684914,Citroen C3 (2023),2023,Getaround Connect,CITADINE,SEGMENT_RULES,THERMIQUE,False,73.0,,4.94,36,Asnières-sur-Seine,Paris,Asnières-sur-Seine|Paris 17e,2,467,False,False,,10770,1001,26
20260729T110432,A2,v3.3-search-gps,2026-07-30T09:00,2026-07-30T20:00,1557087,https://fr.getaround.com/location-voiture/paris/peugeot-208-1557087,Peugeot 208 (2023),2023,Getaround Connect,CITADINE,SEGMENT_RULES,THERMIQUE,False,59.0,,3.3,51,Puteaux,Paris,Puteaux|Asnières-sur-Seine,2,468,False,False,,6860,550,13
20260729T110432,A2,v3.3-search-gps,2026-07-30T09:00,2026-07-30T20:00,1660692,https://fr.getaround.com/location-voiture/paris/peugeot-2008-1660692,Peugeot 2008 (2016),2016,Sur rendez-vous,SUV_COMPACT,SEGMENT_RULES,THERMIQUE,False,76.0,,5.0,11,Asnières-sur-Seine,Paris,Asnières-sur-Seine|Paris 17e,2,468,False,False,,7990,1001,26
20260729T110432,A2,v3.3-search-gps,2026-07-30T09:00,2026-07-30T20:00,1291666,https://fr.getaround.com/location-voiture/paris/toyota-yaris-hybride-1291666,Toyota Yaris Hybride (2022),2022,Getaround Connect,CITADINE,SEGMENT_RULES,HYBRIDE,False,62.0,,4.6,52,Asnières-sur-Seine,Paris,Asnières-sur-Seine|Paris 17e,2,469,False,False,,12070,1001,26
20260729T110432,A2,v3.3-search-gps,2026-07-30T09:00,2026-07-30T20:00,1935040,https://fr.getaround.com/location-voiture/sartrouville/fiat-panda-1935040,Fiat Panda (2014),2014,Sur rendez-vous,MICRO_CITADINE,SEGMENT_RULES,THERMIQUE,False,63.0,,,,Puteaux,Sartrouville,Puteaux,1,470,False,False,,7560,550,13
20260729T110432,A2,v3.3-search-gps,2026-07-30T09:00,2026-07-30T20:00,1942770,https://fr.getaround.com/location-voiture/paris/dacia-jogger-1942770,Dacia Jogger (2023),2023,Sur rendez-vous,MONOSPACE,SEGMENT_RULES,THERMIQUE,False,97.0,,,,Puteaux,Paris,Puteaux|Asnières-sur-Seine,2,471,False,False,,7650,550,13
20260729T110432,A2,v3.3-search-gps,2026-07-30T09:00,2026-07-30T20:00,1879658,https://fr.getaround.com/location-voiture/paris/peugeot-2008-1879658,Peugeot 2008 (2026),2026,Getaround Connect,SUV_COMPACT,SEGMENT_RULES,THERMIQUE,False,94.0,,5.0,4,Asnières-sur-Seine,Paris,Asnières-sur-Seine|Paris 17e,2,472,False,False,,7500,1001,26
20260729T110432,A2,v3.3-search-gps,2026-07-30T09:00,2026-07-30T20:00,1906993,https://fr.getaround.com/location-voiture/villeneuve-la-garenne/ford-mondeo-hybride-1906993,Ford Mondeo Hybride (2018),2018,Sur rendez-vous,BERLINE,SEGMENT_RULES,HYBRIDE,False,84.0,,,,Puteaux,Villeneuve La Garenne,Puteaux|Asnières-sur-Seine,2,473,False,False,,9130,550,13
20260729T110432,A2,v3.3-search-gps,2026-07-30T09:00,2026-07-30T20:00,1943972,https://fr.getaround.com/location-voiture/issy-les-moulineaux/renault-captur-1943972,Renault Captur (2013),2013,Sur rendez-vous,SUV_COMPACT,SEGMENT_RULES,THERMIQUE,False,59.0,,,,Puteaux,Issy Les Moulineaux,Puteaux,1,474,False,False,,7000,550,13
20260729T110432,A2,v3.3-search-gps,2026-07-30T09:00,2026-07-30T20:00,1295964,https://fr.getaround.com/location-voiture/pierrefitte-sur-seine/peugeot-2008-1295964,Peugeot 2008 (2023),2023,Getaround Connect,SUV_COMPACT,SEGMENT_RULES,THERMIQUE,False,87.0,,4.69,36,Asnières-sur-Seine,Pierrefitte Sur Seine,Asnières-sur-Seine,1,474,False,False,,8039,1001,26
20260729T110432,A2,v3.3-search-gps,2026-07-30T09:00,2026-07-30T20:00,1617403,https://fr.getaround.com/location-voiture/paris/smart-fortwo-coupe-1617403,Smart Fortwo Coupé (2019),2019,Getaround Connect,MICRO_CITADINE,SEGMENT_RULES,THERMIQUE,False,79.0,,,,Puteaux,Paris,Puteaux,1,475,False,False,,9040,550,13
20260729T110432,A2,v3.3-search-gps,2026-07-30T09:00,2026-07-30T20:00,1506949,https://fr.getaround.com/location-voiture/paris/peugeot-208-1506949,Peugeot 208 (2024),2024,Getaround Connect,CITADINE,SEGMENT_RULES,THERMIQUE,False,79.0,,4.8,53,Asnières-sur-Seine,Paris,Asnières-sur-Seine|Paris 17e,2,475,False,False,,9790,1001,26
20260729T110432,A2,v3.3-search-gps,2026-07-30T09:00,2026-07-30T20:00,1942583,https://fr.getaround.com/location-voiture/paris/renault-twingo-iii-1942583,Renault Twingo III (2016),2016,Sur rendez-vous,CITADINE,SEGMENT_RULES,THERMIQUE,False,50.0,,,,Asnières-sur-Seine,Paris,Asnières-sur-Seine|Paris 17e,2,476,False,False,,8730,1001,26
20260729T110432,A2,v3.3-search-gps,2026-07-30T09:00,2026-07-30T20:00,1531978,https://fr.getaround.com/location-voiture/boulogne-billancourt/jeep-renegade-limited-1531978,Jeep Renegade Limited (2019),2019,Sur rendez-vous,SUV_FAMILIAL,SEGMENT_RULES,THERMIQUE,False,264.0,,5.0,5,Puteaux,Boulogne Billancourt,Puteaux,1,477,False,False,,6090,550,13
20260729T110432,A2,v3.3-search-gps,2026-07-30T09:00,2026-07-30T20:00,1841262,https://fr.getaround.com/location-voiture/nanterre/ford-puma-1841262,Ford Puma (2021),2021,Sur rendez-vous,SUV_COMPACT,SEGMENT_RULES,THERMIQUE,False,166.0,,,,Puteaux,Nanterre,Puteaux,1,478,False,False,,3030,550,13
20260729T110432,A2,v3.3-search-gps,2026-07-30T09:00,2026-07-30T20:00,1342226,https://fr.getaround.com/location-voiture/paris/renault-clio-1342226,Renault Clio (2014),2014,Getaround Connect,CITADINE,SEGMENT_RULES,THERMIQUE,False,53.0,,3.62,29,Asnières-sur-Seine,Paris,Asnières-sur-Seine|Paris 17e,2,478,False,False,,7050,1001,26
20260729T110432,A2,v3.3-search-gps,2026-07-30T09:00,2026-07-30T20:00,1427176,https://fr.getaround.com/location-voiture/paris/toyota-yaris-hybride-1427176,Toyota Yaris Hybride (2022),2022,Getaround Connect,CITADINE,SEGMENT_RULES,HYBRIDE,False,64.0,,4.75,63,Asnières-sur-Seine,Paris,Asnières-sur-Seine|Paris 17e,2,479,False,False,,11170,1001,26
20260729T110432,A2,v3.3-search-gps,2026-07-30T09:00,2026-07-30T20:00,1586588,https://fr.getaround.com/location-voiture/boulogne-billancourt/peugeot-308-1586588,Peugeot 308 (2022),2022,Sur rendez-vous,COMPACTE,SEGMENT_RULES,THERMIQUE,False,74.0,,,,Puteaux,Boulogne Billancourt,Puteaux,1,480,False,False,,5680,550,13
20260729T110432,A2,v3.3-search-gps,2026-07-30T09:00,2026-07-30T20:00,1825574,https://fr.getaround.com/location-voiture/les-lilas/nissan-micra-1825574,Nissan Micra (2015),2015,Sur rendez-vous,CITADINE,SEGMENT_RULES,THERMIQUE,False,44.0,,5.0,15,Asnières-sur-Seine,Les Lilas,Asnières-sur-Seine,1,480,False,False,,10060,1001,26
20260729T110432,A2,v3.3-search-gps,2026-07-30T09:00,2026-07-30T20:00,641059,https://fr.getaround.com/location-voiture/paris/fiat-500-641059,Fiat 500 (2016),2016,Getaround Connect,CITADINE,SEGMENT_RULES,THERMIQUE,False,55.0,,4.81,151,Paris 17e,Paris,Paris 17e,1,480,False,False,,7480,889,50
20260729T110432,A2,v3.3-search-gps,2026-07-30T09:00,2026-07-30T20:00,671580,https://fr.getaround.com/location-voiture/paris/fiat-500-671580,Fiat 500 (2017),2017,Getaround Connect,CITADINE,SEGMENT_RULES,THERMIQUE,False,63.0,,4.84,153,Paris 17e,Paris,Paris 17e,1,481,False,False,,7480,889,50
20260729T110432,A2,v3.3-search-gps,2026-07-30T09:00,2026-07-30T20:00,1640739,https://fr.getaround.com/location-voiture/boulogne-billancourt/lancia-voyager-1640739,Lancia Voyager (2014),2014,Sur rendez-vous,MONOSPACE,SEGMENT_RULES,THERMIQUE,False,172.0,,,,Puteaux,Boulogne Billancourt,Puteaux,1,482,False,False,,4420,550,13
20260729T110432,A2,v3.3-search-gps,2026-07-30T09:00,2026-07-30T20:00,1736314,https://fr.getaround.com/location-voiture/boulogne-billancourt/smart-fortwo-passion-1736314,Smart Fortwo Passion (2015),2015,Sur rendez-vous,MICRO_CITADINE,SEGMENT_RULES,THERMIQUE,False,71.0,,5.0,2,Puteaux,Boulogne Billancourt,Puteaux|Asnières-sur-Seine,2,483,False,False,,4920,550,13
20260729T110432,A2,v3.3-search-gps,2026-07-30T09:00,2026-07-30T20:00,1848146,https://fr.getaround.com/location-voiture/rueil-malmaison/mercedes-benz-gla-250-4matic-1848146,Mercedes-Benz GLA 250 4MATIC (2021),2021,Sur rendez-vous,SUV_COMPACT,SEGMENT_RULES,THERMIQUE,False,108.0,,,,Puteaux,Rueil Malmaison,Puteaux|Asnières-sur-Seine,2,484,False,False,,5040,550,13
20260729T110432,A2,v3.3-search-gps,2026-07-30T09:00,2026-07-30T20:00,1382784,https://fr.getaround.com/location-voiture/paris/peugeot-5008-1382784,Peugeot 5008 (2019),2019,Getaround Connect,MONOSPACE,SEGMENT_RULES,THERMIQUE,False,124.0,,4.53,39,Asnières-sur-Seine,Paris,Asnières-sur-Seine|Paris 17e,2,484,False,False,,10670,1001,26
20260729T110432,A2,v3.3-search-gps,2026-07-30T09:00,2026-07-30T20:00,1846783,https://fr.getaround.com/location-voiture/rueil-malmaison/hyundai-i20-1846783,Hyundai i20 (2020),2020,Sur rendez-vous,CITADINE,SEGMENT_RULES,THERMIQUE,False,97.0,,,,Puteaux,Rueil Malmaison,Puteaux|Asnières-sur-Seine,2,485,False,False,,3750,550,13
20260729T110432,A2,v3.3-search-gps,2026-07-30T09:00,2026-07-30T20:00,1597078,https://fr.getaround.com/location-voiture/houilles/toyota-yaris-1597078,Toyota Yaris (2013),2013,Sur rendez-vous,CITADINE,SEGMENT_RULES,THERMIQUE,False,69.0,,,,Puteaux,Houilles,Puteaux|Asnières-sur-Seine,2,486,False,False,,5520,550,13
20260729T110432,A2,v3.3-search-gps,2026-07-30T09:00,2026-07-30T20:00,1643095,https://fr.getaround.com/location-voiture/rueil-malmaison/volkswagen-coccinelle-cabriolet-1643095,Volkswagen Coccinelle Cabriolet (1970),1970,Sur rendez-vous,CABRIOLET,SEGMENT_RULES,THERMIQUE,False,242.0,,4.8,5,Puteaux,Rueil Malmaison,Puteaux|Asnières-sur-Seine,2,487,False,False,,5190,550,13
20260729T110432,A2,v3.3-search-gps,2026-07-30T09:00,2026-07-30T20:00,1199921,https://fr.getaround.com/location-voiture/argenteuil/mg-mg4-1199921,Mg MG4 (2022),2022,Sur rendez-vous,COMPACTE,SEGMENT_RULES,THERMIQUE,False,90.0,,,,Puteaux,Argenteuil,Puteaux|Asnières-sur-Seine,2,488,False,False,,6710,550,13
20260729T110432,A2,v3.3-search-gps,2026-07-30T09:00,2026-07-30T20:00,1929307,https://fr.getaround.com/location-voiture/pantin/volkswagen-polo-1929307,Volkswagen Polo (2012),2012,Sur rendez-vous,CITADINE,SEGMENT_RULES,THERMIQUE,False,63.0,,5.0,1,Asnières-sur-Seine,Pantin,Asnières-sur-Seine,1,489,False,False,,8640,1001,26
20260729T110432,A2,v3.3-search-gps,2026-07-30T09:00,2026-07-30T20:00,852766,https://fr.getaround.com/location-voiture/paris/citroen-2cv-852766,Citroen 2CV (1982),1982,Sur rendez-vous,CABRIOLET,SEGMENT_RULES,THERMIQUE,False,143.0,,4.68,11,Puteaux,Paris,Puteaux|Asnières-sur-Seine,2,490,False,False,,7440,550,13
20260729T110432,A2,v3.3-search-gps,2026-07-30T09:00,2026-07-30T20:00,1929776,https://fr.getaround.com/location-voiture/saint-denis/fiat-500-lounge-1929776,Fiat 500 Lounge (2016),2016,Getaround Connect,CITADINE,SEGMENT_RULES,THERMIQUE,False,64.0,,5.0,1,Paris 17e,Saint Denis,Paris 17e,1,490,False,False,,6300,889,50
20260729T110432,A2,v3.3-search-gps,2026-07-30T09:00,2026-07-30T20:00,1883063,https://fr.getaround.com/location-voiture/rueil-malmaison/bmw-x1-sdrive18i-1883063,BMW X1 sDrive18i (2019),2019,Sur rendez-vous,SUV_FAMILIAL,SEGMENT_RULES,THERMIQUE,False,163.0,,,,Puteaux,Rueil Malmaison,Puteaux|Asnières-sur-Seine,2,491,False,False,,3450,550,13
20260729T110432,A2,v3.3-search-gps,2026-07-30T09:00,2026-07-30T20:00,1218015,https://fr.getaround.com/location-voiture/paris/opel-corsa-1218015,Opel Corsa (2012),2012,Getaround Connect,CITADINE,SEGMENT_RULES,THERMIQUE,False,51.0,,3.53,15,Asnières-sur-Seine,Paris,Asnières-sur-Seine|Paris 17e,2,491,False,False,,7040,1001,26
20260729T110432,A2,v3.3-search-gps,2026-07-30T09:00,2026-07-30T20:00,1253205,https://fr.getaround.com/location-voiture/paris/peugeot-208-1253205,Peugeot 208 (2023),2023,Getaround Connect,CITADINE,SEGMENT_RULES,THERMIQUE,False,68.0,,4.07,38,Paris 17e,Paris,Paris 17e,1,492,False,False,,7800,889,50
20260729T110432,A2,v3.3-search-gps,2026-07-30T09:00,2026-07-30T20:00,1888564,https://fr.getaround.com/location-voiture/bezons/renault-scenic-1888564,Renault Scenic (2017),2017,Sur rendez-vous,MONOSPACE,SEGMENT_RULES,THERMIQUE,False,87.0,,5.0,1,Puteaux,Bezons,Puteaux|Asnières-sur-Seine,2,494,False,False,,6230,550,13
20260729T110432,A2,v3.3-search-gps,2026-07-30T09:00,2026-07-30T20:00,1570773,https://fr.getaround.com/location-voiture/bezons/audi-q3-1570773,Audi Q3 (2015),2015,Sur rendez-vous,SUV_COMPACT,SEGMENT_RULES,THERMIQUE,False,115.0,,5.0,3,Puteaux,Bezons,Puteaux|Asnières-sur-Seine,2,495,False,False,,5070,550,13
20260729T110432,A2,v3.3-search-gps,2026-07-30T09:00,2026-07-30T20:00,1911322,https://fr.getaround.com/location-voiture/paris/citroen-c4-grand-spacetourer-1911322,Citroen C4 Grand Spacetourer (2022),2022,Getaround Connect,COMPACTE,SEGMENT_RULES,THERMIQUE,False,92.0,,,,Asnières-sur-Seine,Paris,Asnières-sur-Seine|Paris 17e,2,496,False,False,,7560,1001,26
20260729T110432,A2,v3.3-search-gps,2026-07-30T09:00,2026-07-30T20:00,1616323,https://fr.getaround.com/location-voiture/paris/tesla-model-3-long-range-1616323,Tesla Model 3 Long Range (2019),2019,Sur rendez-vous,BERLINE,SEGMENT_RULES,ELECTRIQUE,False,196.0,,5.0,2,Puteaux,Paris,Puteaux|Asnières-sur-Seine,2,498,False,False,,6980,550,13
20260729T110432,A2,v3.3-search-gps,2026-07-30T09:00,2026-07-30T20:00,1705445,https://fr.getaround.com/location-voiture/sartrouville/peugeot-208-1705445,Peugeot 208 (2015),2015,Sur rendez-vous,CITADINE,SEGMENT_RULES,THERMIQUE,False,71.0,,5.0,4,Puteaux,Sartrouville,Puteaux|Asnières-sur-Seine,2,499,False,False,,8390,550,13
20260729T110432,A2,v3.3-search-gps,2026-07-30T09:00,2026-07-30T20:00,1680745,https://fr.getaround.com/location-voiture/paris/citroen-c3-1680745,Citroen C3 (2024),2024,Sur rendez-vous,CITADINE,SEGMENT_RULES,THERMIQUE,False,77.0,,5.0,1,Asnières-sur-Seine,Paris,Asnières-sur-Seine,1,499,False,False,,3040,1001,26
20260729T110432,A2,v3.3-search-gps,2026-07-30T09:00,2026-07-30T20:00,1882814,https://fr.getaround.com/location-voiture/sartrouville/citroen-c3-1882814,Citroen C3 (2015),2015,Sur rendez-vous,CITADINE,SEGMENT_RULES,THERMIQUE,False,69.0,,,,Puteaux,Sartrouville,Puteaux,1,500,False,False,,7990,550,13
20260729T110432,A2,v3.3-search-gps,2026-07-30T09:00,2026-07-30T20:00,1874723,https://fr.getaround.com/location-voiture/sartrouville/citroen-c3-1874723,Citroen C3 (2019),2019,Sur rendez-vous,CITADINE,SEGMENT_RULES,THERMIQUE,False,80.0,,,,Puteaux,Sartrouville,Puteaux,1,501,False,False,,7220,550,13
20260729T110432,A2,v3.3-search-gps,2026-07-30T09:00,2026-07-30T20:00,1806891,https://fr.getaround.com/location-voiture/paris/peugeot-e-2008-1806891,Peugeot e-2008 (2025),2025,Sur rendez-vous,SUV_COMPACT,SEGMENT_RULES,THERMIQUE,False,86.0,,5.0,1,Asnières-sur-Seine,Paris,Asnières-sur-Seine,1,501,False,False,,3670,1001,26
20260729T110432,A2,v3.3-search-gps,2026-07-30T09:00,2026-07-30T20:00,1671440,https://fr.getaround.com/location-voiture/paris/peugeot-2008-1671440,Peugeot 2008 (2021),2021,Getaround Connect,SUV_COMPACT,SEGMENT_RULES,THERMIQUE,False,76.0,,3.88,43,Asnières-sur-Seine,Paris,Asnières-sur-Seine|Paris 17e,2,501,False,False,,7560,1001,26
20260729T110432,A2,v3.3-search-gps,2026-07-30T09:00,2026-07-30T20:00,1406256,https://fr.getaround.com/location-voiture/paris/citroen-c5-aircross-1406256,Citroen C5 Aircross (2020),2020,Sur rendez-vous,SUV_COMPACT,SEGMENT_RULES,THERMIQUE,False,115.0,,,,Puteaux,Paris,Puteaux|Asnières-sur-Seine,2,502,False,False,,6410,550,13
20260729T110432,A2,v3.3-search-gps,2026-07-30T09:00,2026-07-30T20:00,1775080,https://fr.getaround.com/location-voiture/paris/renault-kadjar-1775080,Renault Kadjar (2016),2016,Getaround Connect,SUV_FAMILIAL,SEGMENT_RULES,THERMIQUE,False,71.0,,5.0,4,Asnières-sur-Seine,Paris,Asnières-sur-Seine|Paris 17e,2,502,False,False,,9980,1001,26
20260729T110432,A2,v3.3-search-gps,2026-07-30T09:00,2026-07-30T20:00,1461054,https://fr.getaround.com/location-voiture/boulogne-billancourt/toyota-aygo-1461054,Toyota Aygo (2011),2011,Sur rendez-vous,MICRO_CITADINE,SEGMENT_RULES,THERMIQUE,False,115.0,,4.93,14,Puteaux,Boulogne Billancourt,Puteaux|Asnières-sur-Seine,2,503,False,False,,6000,550,13
20260729T110432,A2,v3.3-search-gps,2026-07-30T09:00,2026-07-30T20:00,1530499,https://fr.getaround.com/location-voiture/nanterre/renault-clio-1530499,Renault Clio (2020),2020,Sur rendez-vous,CITADINE,SEGMENT_RULES,THERMIQUE,False,92.0,,,,Puteaux,Nanterre,Puteaux|Asnières-sur-Seine,2,504,False,False,,3160,550,13
20260729T110432,A2,v3.3-search-gps,2026-07-30T09:00,2026-07-30T20:00,1532395,https://fr.getaround.com/location-voiture/paris/toyota-yaris-hybride-1532395,Toyota Yaris Hybride (2020),2020,Getaround Connect,CITADINE,SEGMENT_RULES,HYBRIDE,False,74.0,,4.68,63,Asnières-sur-Seine,Paris,Asnières-sur-Seine|Paris 17e,2,504,False,False,,8260,1001,26
20260729T110432,A2,v3.3-search-gps,2026-07-30T09:00,2026-07-30T20:00,1156569,https://fr.getaround.com/location-voiture/colombes/mercedes-classe-a-1156569,Mercedes Classe A (2013),2013,Sur rendez-vous,COMPACTE,SEGMENT_RULES,THERMIQUE,False,172.0,,,,Puteaux,Colombes,Puteaux,1,505,False,False,,2960,550,13
20260729T110432,A2,v3.3-search-gps,2026-07-30T09:00,2026-07-30T20:00,1649267,https://fr.getaround.com/location-voiture/paris/citroen-c3-picasso-1649267,Citroen C3 Picasso (2016),2016,Getaround Connect,MONOSPACE,SEGMENT_RULES,THERMIQUE,False,76.0,,4.69,16,Asnières-sur-Seine,Paris,Asnières-sur-Seine|Paris 17e,2,505,False,False,,7590,1001,26
20260729T110432,A2,v3.3-search-gps,2026-07-30T09:00,2026-07-30T20:00,1457837,https://fr.getaround.com/location-voiture/boulogne-billancourt/smart-fortwo-cabriolet-1457837,Smart Fortwo Cabriolet (2017),2017,Sur rendez-vous,CABRIOLET,SEGMENT_RULES,THERMIQUE,False,86.0,,5.0,2,Puteaux,Boulogne Billancourt,Puteaux,1,506,False,False,,5280,550,13
20260729T110432,A2,v3.3-search-gps,2026-07-30T09:00,2026-07-30T20:00,1731790,https://fr.getaround.com/location-voiture/argenteuil/citroen-c3-1731790,Citroen C3 (2020),2020,Getaround Connect,CITADINE,SEGMENT_RULES,THERMIQUE,False,70.0,,5.0,1,Asnières-sur-Seine,Argenteuil,Asnières-sur-Seine,1,506,False,False,,5490,1001,26
20260729T110432,A2,v3.3-search-gps,2026-07-30T09:00,2026-07-30T20:00,766571,https://fr.getaround.com/location-voiture/maisons-laffitte/renault-clio-766571,Renault Clio (2018),2018,Sur rendez-vous,CITADINE,SEGMENT_RULES,THERMIQUE,False,72.0,,4.85,72,Puteaux,Maisons Laffitte,Puteaux,1,507,False,False,,9450,550,13
20260729T110432,A2,v3.3-search-gps,2026-07-30T09:00,2026-07-30T20:00,660000,https://fr.getaround.com/location-voiture/paris/opel-agila-660000,Opel Agila (2011),2011,Getaround Connect,CITADINE,SEGMENT_RULES,THERMIQUE,False,47.0,,3.77,65,Asnières-sur-Seine,Paris,Asnières-sur-Seine|Paris 17e,2,507,False,False,,7040,1001,26
20260729T110432,A2,v3.3-search-gps,2026-07-30T09:00,2026-07-30T20:00,765741,https://fr.getaround.com/location-voiture/maisons-laffitte/toyota-aygo-ii-765741,Toyota Aygo II (2019),2019,Getaround Connect,MICRO_CITADINE,SEGMENT_RULES,THERMIQUE,False,76.0,,4.66,116,Puteaux,Maisons Laffitte,Puteaux,1,508,False,False,,9450,550,13
20260729T110432,A2,v3.3-search-gps,2026-07-30T09:00,2026-07-30T20:00,495420,https://fr.getaround.com/location-voiture/clichy/citroen-c4-495420,Citroen C4 (2011),2011,Sur rendez-vous,COMPACTE,SEGMENT_RULES,THERMIQUE,False,78.0,,,,Puteaux,Clichy,Puteaux|Asnières-sur-Seine,2,509,False,False,,4440,550,13
20260729T110432,A2,v3.3-search-gps,2026-07-30T09:00,2026-07-30T20:00,1650453,https://fr.getaround.com/location-voiture/paris/volkswagen-t-cross-1650453,Volkswagen T-Cross (2024),2024,Getaround Connect,SUV_COMPACT,SEGMENT_RULES,THERMIQUE,False,80.0,,4.17,15,Asnières-sur-Seine,Paris,Asnières-sur-Seine|Paris 17e,2,509,False,False,,9430,1001,26
20260729T110432,A2,v3.3-search-gps,2026-07-30T09:00,2026-07-30T20:00,1261374,https://fr.getaround.com/location-voiture/bezons/renault-zoe-1261374,Renault ZOE (2017),2017,Sur rendez-vous,CITADINE,SEGMENT_RULES,ELECTRIQUE,False,72.0,,,,Puteaux,Bezons,Puteaux|Asnières-sur-Seine,2,510,False,False,,5300,550,13
20260729T110432,A2,v3.3-search-gps,2026-07-30T09:00,2026-07-30T20:00,1556483,https://fr.getaround.com/location-voiture/paris/toyota-yaris-cross-hybrid-1556483,Toyota Yaris Cross Hybrid (2021),2021,Getaround Connect,SUV_COMPACT,SEGMENT_RULES,HYBRIDE,False,81.0,,4.53,54,Asnières-sur-Seine,Paris,Asnières-sur-Seine|Paris 17e,2,510,False,False,,12070,1001,26
20260729T110432,A2,v3.3-search-gps,2026-07-30T09:00,2026-07-30T20:00,1463106,https://fr.getaround.com/location-voiture/clichy/bmw-x2-1463106,BMW X2 (2018),2018,Sur rendez-vous,SUV_FAMILIAL,SEGMENT_RULES,THERMIQUE,False,202.0,,,,Puteaux,Clichy,Puteaux|Asnières-sur-Seine,2,511,False,False,,6090,550,13
20260729T110432,A2,v3.3-search-gps,2026-07-30T09:00,2026-07-30T20:00,1289524,https://fr.getaround.com/location-voiture/asnieres-sur-seine/ds-3-1289524,DS 3 (2018),2018,Sur rendez-vous,CITADINE,SEGMENT_RULES,THERMIQUE,False,86.0,,,,Asnières-sur-Seine,Asnieres Sur Seine,Asnières-sur-Seine,1,512,False,False,,1660,1001,26
20260729T110432,A2,v3.3-search-gps,2026-07-30T09:00,2026-07-30T20:00,612510,https://fr.getaround.com/location-voiture/neuilly-sur-seine/bmw-serie-1-612510,BMW Série 1 (2018),2018,Sur rendez-vous,COMPACTE,SEGMENT_RULES,THERMIQUE,False,142.0,,5.0,1,Puteaux,Neuilly Sur Seine,Puteaux|Asnières-sur-Seine,2,513,False,False,,2640,550,13
20260729T110432,A2,v3.3-search-gps,2026-07-30T09:00,2026-07-30T20:00,1802893,https://fr.getaround.com/location-voiture/argenteuil/renault-clio-1802893,Renault Clio (2021),2021,Getaround Connect,CITADINE,SEGMENT_RULES,THERMIQUE,False,72.0,,5.0,2,Asnières-sur-Seine,Argenteuil,Asnières-sur-Seine,1,513,False,False,,5490,1001,26
20260729T110432,A2,v3.3-search-gps,2026-07-30T09:00,2026-07-30T20:00,1829731,https://fr.getaround.com/location-voiture/paris/fiat-500-c-1829731,Fiat 500 C (2018),2018,Getaround Connect,CABRIOLET,SEGMENT_RULES,THERMIQUE,False,67.0,,5.0,26,Asnières-sur-Seine,Paris,Asnières-sur-Seine|Paris 17e,2,513,False,False,,11170,1001,26
20260729T110432,A2,v3.3-search-gps,2026-07-30T09:00,2026-07-30T20:00,1864308,https://fr.getaround.com/location-voiture/colombes/renault-clio-1864308,Renault Clio (2021),2021,Sur rendez-vous,CITADINE,SEGMENT_RULES,THERMIQUE,False,86.0,,5.0,1,Puteaux,Colombes,Puteaux|Asnières-sur-Seine,2,514,False,False,,5190,550,13
20260729T110432,A2,v3.3-search-gps,2026-07-30T09:00,2026-07-30T20:00,1730226,https://fr.getaround.com/location-voiture/paris/renault-clio-1730226,Renault Clio (2017),2017,Getaround Connect,CITADINE,SEGMENT_RULES,THERMIQUE,False,63.0,,4.93,41,Paris 17e,Paris,Paris 17e,1,514,False,False,,7480,889,50
20260729T110432,A2,v3.3-search-gps,2026-07-30T09:00,2026-07-30T20:00,1894631,https://fr.getaround.com/location-voiture/paris/tesla-model-y-performance-1894631,Tesla Model Y Performance (2023),2023,Sur rendez-vous,SUV_FAMILIAL,SEGMENT_RULES,ELECTRIQUE,False,185.0,,,,Asnières-sur-Seine,Paris,Asnières-sur-Seine|Paris 17e,2,515,False,False,,7200,1001,26
20260729T110432,A2,v3.3-search-gps,2026-07-30T09:00,2026-07-30T20:00,1720938,https://fr.getaround.com/location-voiture/levallois-perret/renault-clio-1720938,Renault Clio (2013),2013,Sur rendez-vous,CITADINE,SEGMENT_RULES,THERMIQUE,False,71.0,,,,Puteaux,Levallois Perret,Puteaux|Asnières-sur-Seine,2,516,False,False,,4280,550,13
20260729T110432,A2,v3.3-search-gps,2026-07-30T09:00,2026-07-30T20:00,1909716,https://fr.getaround.com/location-voiture/paris/peugeot-208-1909716,Peugeot 208 (2026),2026,Getaround Connect,CITADINE,SEGMENT_RULES,THERMIQUE,False,73.0,,5.0,2,Asnières-sur-Seine,Paris,Asnières-sur-Seine|Paris 17e,2,516,False,False,,11060,1001,26
20260729T110432,A2,v3.3-search-gps,2026-07-30T09:00,2026-07-30T20:00,1428328,https://fr.getaround.com/location-voiture/bezons/toyota-c-hr-1428328,Toyota C-HR (2018),2018,Sur rendez-vous,SUV_COMPACT,SEGMENT_RULES,THERMIQUE,False,86.0,,4.0,3,Puteaux,Bezons,Puteaux|Asnières-sur-Seine,2,517,False,False,,5540,550,13
20260729T110432,A2,v3.3-search-gps,2026-07-30T09:00,2026-07-30T20:00,1633612,https://fr.getaround.com/location-voiture/paris/renault-kangoo-1633612,Renault Kangoo (2019),2019,Getaround Connect,UTILITAIRE,SEGMENT_RULES,THERMIQUE,False,72.0,,5.0,13,Paris 17e,Paris,Paris 17e,1,517,False,False,,7280,889,50
20260729T110432,A2,v3.3-search-gps,2026-07-30T09:00,2026-07-30T20:00,1916635,https://fr.getaround.com/location-voiture/paris/tesla-model-y-1916635,Tesla Model Y (2022),2022,Sur rendez-vous,SUV_FAMILIAL,SEGMENT_RULES,ELECTRIQUE,False,160.0,,,,Puteaux,Paris,Puteaux|Asnières-sur-Seine,2,518,False,False,,6390,550,13
20260729T110432,A2,v3.3-search-gps,2026-07-30T09:00,2026-07-30T20:00,1232062,https://fr.getaround.com/location-voiture/paris/peugeot-208-1232062,Peugeot 208 (2023),2023,Getaround Connect,CITADINE,SEGMENT_RULES,THERMIQUE,False,68.0,,4.48,62,Asnières-sur-Seine,Paris,Asnières-sur-Seine|Paris 17e,2,518,False,False,,9780,1001,26
20260729T110432,A2,v3.3-search-gps,2026-07-30T09:00,2026-07-30T20:00,1533284,https://fr.getaround.com/location-voiture/chatou/renault-clio-1533284,Renault Clio (2021),2021,Sur rendez-vous,CITADINE,SEGMENT_RULES,THERMIQUE,False,91.0,,,,Puteaux,Chatou,Puteaux,1,519,False,False,,5700,550,13
20260729T110432,A2,v3.3-search-gps,2026-07-30T09:00,2026-07-30T20:00,1589894,https://fr.getaround.com/location-voiture/paris/peugeot-2008-1589894,Peugeot 2008 (2023),2023,Getaround Connect,SUV_COMPACT,SEGMENT_RULES,THERMIQUE,False,81.0,,3.89,33,Asnières-sur-Seine,Paris,Asnières-sur-Seine|Paris 17e,2,519,False,False,,7920,1001,26
20260729T110432,A2,v3.3-search-gps,2026-07-30T09:00,2026-07-30T20:00,1773988,https://fr.getaround.com/location-voiture/colombes/volkswagen-polo-r-line-1773988,Volkswagen Polo R-Line (2022),2022,Sur rendez-vous,CITADINE,SEGMENT_RULES,THERMIQUE,False,125.0,,,,Puteaux,Colombes,Puteaux|Asnières-sur-Seine,2,520,False,False,,3700,550,13
20260729T110432,A2,v3.3-search-gps,2026-07-30T09:00,2026-07-30T20:00,1791336,https://fr.getaround.com/location-voiture/paris/dacia-lodgy-1791336,Dacia Lodgy (2021),2021,Getaround Connect,MONOSPACE,SEGMENT_RULES,THERMIQUE,False,90.0,,4.8,5,Asnières-sur-Seine,Paris,Asnières-sur-Seine|Paris 17e,2,520,False,False,,9600,1001,26
20260729T110432,A2,v3.3-search-gps,2026-07-30T09:00,2026-07-30T20:00,454116,https://fr.getaround.com/location-voiture/paris/volkswagen-coccinelle-454116,Volkswagen Coccinelle (1971),1971,Sur rendez-vous,COLLECTION,SEGMENT_RULES,THERMIQUE,False,208.0,,5.0,11,Puteaux,Paris,Puteaux|Asnières-sur-Seine,2,521,False,False,,8160,550,13
20260729T110432,A2,v3.3-search-gps,2026-07-30T09:00,2026-07-30T20:00,1681623,https://fr.getaround.com/location-voiture/paris/peugeot-208-1681623,Peugeot 208 (2022),2022,Getaround Connect,CITADINE,SEGMENT_RULES,THERMIQUE,False,52.0,,3.79,29,Asnières-sur-Seine,Paris,Asnières-sur-Seine|Paris 17e,2,521,False,False,,11750,1001,26
20260729T110432,A2,v3.3-search-gps,2026-07-30T09:00,2026-07-30T20:00,1290758,https://fr.getaround.com/location-voiture/sartrouville/citroen-c3-1290758,Citroen C3 (2018),2018,Sur rendez-vous,CITADINE,SEGMENT_RULES,THERMIQUE,False,81.0,,4.46,13,Puteaux,Sartrouville,Puteaux,1,522,False,False,,7240,550,13
20260729T110432,A2,v3.3-search-gps,2026-07-30T09:00,2026-07-30T20:00,1639801,https://fr.getaround.com/location-voiture/houilles/peugeot-308-1639801,Peugeot 308 (2012),2012,Sur rendez-vous,COMPACTE,SEGMENT_RULES,THERMIQUE,False,71.0,,,,Puteaux,Houilles,Puteaux|Asnières-sur-Seine,2,523,False,False,,5700,550,13
20260729T110432,A2,v3.3-search-gps,2026-07-30T09:00,2026-07-30T20:00,1670785,https://fr.getaround.com/location-voiture/paris/peugeot-208-1670785,Peugeot 208 (2025),2025,Getaround Connect,CITADINE,SEGMENT_RULES,THERMIQUE,False,79.0,,4.37,19,Asnières-sur-Seine,Paris,Asnières-sur-Seine|Paris 17e,2,523,False,False,,10280,1001,26
20260729T110432,A2,v3.3-search-gps,2026-07-30T09:00,2026-07-30T20:00,1437323,https://fr.getaround.com/location-voiture/houilles/peugeot-3008-1437323,Peugeot 3008 (2013),2013,Sur rendez-vous,SUV_FAMILIAL,SEGMENT_RULES,THERMIQUE,False,121.0,,,,Puteaux,Houilles,Puteaux,1,524,False,False,,5430,550,13
20260729T110432,A2,v3.3-search-gps,2026-07-30T09:00,2026-07-30T20:00,767156,https://fr.getaround.com/location-voiture/maisons-laffitte/renault-clio-767156,Renault Clio (2019),2019,Sur rendez-vous,CITADINE,SEGMENT_RULES,THERMIQUE,False,67.0,,4.44,106,Puteaux,Maisons Laffitte,Puteaux,1,525,False,False,,9450,550,13
20260729T110432,A2,v3.3-search-gps,2026-07-30T09:00,2026-07-30T20:00,1777318,https://fr.getaround.com/location-voiture/paris/peugeot-308-1777318,Peugeot 308 (2019),2019,Getaround Connect,COMPACTE,SEGMENT_RULES,THERMIQUE,False,58.0,,4.14,14,Asnières-sur-Seine,Paris,Asnières-sur-Seine|Paris 17e,2,525,False,False,,8830,1001,26
20260729T110432,A2,v3.3-search-gps,2026-07-30T09:00,2026-07-30T20:00,1932888,https://fr.getaround.com/location-voiture/paris/renault-kangoo-1932888,Renault Kangoo (2012),2012,Sur rendez-vous,UTILITAIRE,SEGMENT_RULES,THERMIQUE,False,69.0,,,,Puteaux,Paris,Puteaux|Asnières-sur-Seine,2,526,False,False,,7430,550,13
20260729T110432,A2,v3.3-search-gps,2026-07-30T09:00,2026-07-30T20:00,1701429,https://fr.getaround.com/location-voiture/neuilly-sur-seine/nissan-juke-1701429,Nissan Juke (2014),2014,Sur rendez-vous,SUV_COMPACT,SEGMENT_RULES,THERMIQUE,False,75.0,,5.0,5,Asnières-sur-Seine,Neuilly Sur Seine,Asnières-sur-Seine,1,526,False,False,,3980,1001,26
20260729T110432,A2,v3.3-search-gps,2026-07-30T09:00,2026-07-30T20:00,1556496,https://fr.getaround.com/location-voiture/paris/toyota-yaris-hybride-1556496,Toyota Yaris Hybride (2022),2022,Getaround Connect,CITADINE,SEGMENT_RULES,HYBRIDE,False,64.0,,4.54,46,Paris 17e,Paris,Paris 17e,1,526,False,False,,7810,889,50
20260729T110432,A2,v3.3-search-gps,2026-07-30T09:00,2026-07-30T20:00,1834784,https://fr.getaround.com/location-voiture/argenteuil/renault-clio-1834784,Renault Clio (2021),2021,Sur rendez-vous,CITADINE,SEGMENT_RULES,THERMIQUE,False,73.0,,,,Puteaux,Argenteuil,Puteaux|Asnières-sur-Seine,2,527,False,False,,6890,550,13
20260729T110432,A2,v3.3-search-gps,2026-07-30T09:00,2026-07-30T20:00,1143282,https://fr.getaround.com/location-voiture/paris/smart-fortwo-coupe-1143282,Smart Fortwo Coupé (2017),2017,Getaround Connect,MICRO_CITADINE,SEGMENT_RULES,THERMIQUE,False,54.0,,4.31,36,Asnières-sur-Seine,Paris,Asnières-sur-Seine|Paris 17e,2,527,False,False,,7590,1001,26
20260729T110432,A2,v3.3-search-gps,2026-07-30T09:00,2026-07-30T20:00,1679927,https://fr.getaround.com/location-voiture/bezons/nissan-micra-1679927,Nissan Micra (2017),2017,Sur rendez-vous,CITADINE,SEGMENT_RULES,THERMIQUE,False,79.0,,,,Puteaux,Bezons,Puteaux|Asnières-sur-Seine,2,528,False,False,,5750,550,13
20260729T110432,A2,v3.3-search-gps,2026-07-30T09:00,2026-07-30T20:00,559425,https://fr.getaround.com/location-voiture/la-celle-saint-cloud/fiat-500-559425,Fiat 500 (2018),2018,Sur rendez-vous,CITADINE,SEGMENT_RULES,THERMIQUE,False,103.0,,4.94,18,Puteaux,La Celle Saint Cloud,Puteaux,1,529,False,False,,7090,550,13
20260729T110432,A2,v3.3-search-gps,2026-07-30T09:00,2026-07-30T20:00,1880595,https://fr.getaround.com/location-voiture/paris/peugeot-2008-1880595,Peugeot 2008 (2026),2026,Getaround Connect,SUV_COMPACT,SEGMENT_RULES,THERMIQUE,False,93.0,,4.5,2,Asnières-sur-Seine,Paris,Asnières-sur-Seine|Paris 17e,2,529,False,False,,7500,1001,26
20260729T110432,A2,v3.3-search-gps,2026-07-30T09:00,2026-07-30T20:00,552262,https://fr.getaround.com/location-voiture/la-celle-saint-cloud/fiat-500-552262,Fiat 500 (2018),2018,Sur rendez-vous,CITADINE,SEGMENT_RULES,THERMIQUE,False,103.0,,4.67,20,Puteaux,La Celle Saint Cloud,Puteaux,1,530,False,False,,7090,550,13
20260729T110432,A2,v3.3-search-gps,2026-07-30T09:00,2026-07-30T20:00,1524455,https://fr.getaround.com/location-voiture/villeneuve-la-garenne/skoda-kamiq-1524455,Skoda Kamiq (2024),2024,Sur rendez-vous,SUV_COMPACT,SEGMENT_RULES,THERMIQUE,False,103.0,,4.67,3,Puteaux,Villeneuve La Garenne,Puteaux|Asnières-sur-Seine,2,531,False,False,,8060,550,13
20260729T110432,A2,v3.3-search-gps,2026-07-30T09:00,2026-07-30T20:00,1739099,https://fr.getaround.com/location-voiture/rueil-malmaison/renault-megane-1739099,Renault Mégane (2016),2016,Sur rendez-vous,COMPACTE,SEGMENT_RULES,THERMIQUE,False,108.0,,,,Puteaux,Rueil Malmaison,Puteaux,1,532,False,False,,4120,550,13
20260729T110432,A2,v3.3-search-gps,2026-07-30T09:00,2026-07-30T20:00,100528,https://fr.getaround.com/location-voiture/maisons-laffitte/mg-b-cabriolet-100528,Mg B Cabriolet (1978),1978,Sur rendez-vous,CABRIOLET,SEGMENT_RULES,THERMIQUE,False,296.0,,4.94,18,Puteaux,Maisons Laffitte,Puteaux,1,533,False,False,,9720,550,13
20260729T110432,A2,v3.3-search-gps,2026-07-30T09:00,2026-07-30T20:00,1820372,https://fr.getaround.com/location-voiture/saint-denis/hyundai-i20-1820372,Hyundai i20 (2012),2012,Sur rendez-vous,CITADINE,SEGMENT_RULES,THERMIQUE,False,58.0,,4.6,5,Asnières-sur-Seine,Saint Denis,Asnières-sur-Seine,1,533,False,False,,5010,1001,26
20260729T110432,A2,v3.3-search-gps,2026-07-30T09:00,2026-07-30T20:00,1293598,https://fr.getaround.com/location-voiture/paris/renault-clio-1293598,Renault Clio (2020),2020,Getaround Connect,CITADINE,SEGMENT_RULES,THERMIQUE,False,74.0,,4.49,46,Asnières-sur-Seine,Paris,Asnières-sur-Seine|Paris 17e,2,533,False,False,,10670,1001,26
20260729T110432,A2,v3.3-search-gps,2026-07-30T09:00,2026-07-30T20:00,1379338,https://fr.getaround.com/location-voiture/asnieres-sur-seine/ford-fiesta-1379338,Ford Fiesta (2015),2015,Sur rendez-vous,CITADINE,SEGMENT_RULES,THERMIQUE,False,90.0,,5.0,1,Puteaux,Asnieres Sur Seine,Puteaux|Asnières-sur-Seine,2,534,False,False,,6490,550,13
20260729T110432,A2,v3.3-search-gps,2026-07-30T09:00,2026-07-30T20:00,1211690,https://fr.getaround.com/location-voiture/saint-denis/renault-espace-1211690,Renault Espace (2015),2015,Sur rendez-vous,MONOSPACE,SEGMENT_RULES,THERMIQUE,False,116.0,,4.93,22,Asnières-sur-Seine,Saint Denis,Asnières-sur-Seine,1,534,False,False,,5420,1001,26
20260729T110432,A2,v3.3-search-gps,2026-07-30T09:00,2026-07-30T20:00,1427143,https://fr.getaround.com/location-voiture/paris/toyota-yaris-hybride-1427143,Toyota Yaris Hybride (2021),2021,Getaround Connect,CITADINE,SEGMENT_RULES,HYBRIDE,False,64.0,,4.57,65,Paris 17e,Paris,Paris 17e,1,534,False,False,,7810,889,50
20260729T110432,A2,v3.3-search-gps,2026-07-30T09:00,2026-07-30T20:00,1879181,https://fr.getaround.com/location-voiture/paris/land-rover-range-rover-evoque-1879181,Land-Rover Range Rover Evoque (2020),2020,Sur rendez-vous,SUV_FAMILIAL,SEGMENT_RULES,THERMIQUE,False,300.0,,5.0,1,Puteaux,Paris,Puteaux|Asnières-sur-Seine,2,535,False,False,,3890,550,13
20260729T110432,A2,v3.3-search-gps,2026-07-30T09:00,2026-07-30T20:00,1884148,https://fr.getaround.com/location-voiture/soisy-sous-montmorency/citroen-c3-aircross-1884148,Citroen C3 Aircross (2018),2018,Sur rendez-vous,CITADINE,SEGMENT_RULES,THERMIQUE,False,44.0,,5.0,3,Asnières-sur-Seine,Soisy Sous Montmorency,Asnières-sur-Seine,1,535,False,False,,9210,1001,26
20260729T110432,A2,v3.3-search-gps,2026-07-30T09:00,2026-07-30T20:00,1881884,https://fr.getaround.com/location-voiture/paris/peugeot-2008-1881884,Peugeot 2008 (2026),2026,Getaround Connect,SUV_COMPACT,SEGMENT_RULES,THERMIQUE,False,94.0,,5.0,3,Asnières-sur-Seine,Paris,Asnières-sur-Seine|Paris 17e,2,535,False,False,,7500,1001,26
20260729T110432,A2,v3.3-search-gps,2026-07-30T09:00,2026-07-30T20:00,1643102,https://fr.getaround.com/location-voiture/saint-ouen-sur-seine/peugeot-5008-1643102,Peugeot 5008 (2015),2015,Sur rendez-vous,MONOSPACE,SEGMENT_RULES,THERMIQUE,False,114.0,,3.0,1,Puteaux,Saint Ouen Sur Seine,Puteaux|Asnières-sur-Seine,2,536,False,False,,7610,550,13
20260729T110432,A2,v3.3-search-gps,2026-07-30T09:00,2026-07-30T20:00,1932183,https://fr.getaround.com/location-voiture/saint-denis/renault-espace-1932183,Renault Espace (2016),2016,Sur rendez-vous,MONOSPACE,SEGMENT_RULES,THERMIQUE,False,158.0,,5.0,1,Asnières-sur-Seine,Saint Denis,Asnières-sur-Seine,1,536,False,False,,5220,1001,26
20260729T110432,A2,v3.3-search-gps,2026-07-30T09:00,2026-07-30T20:00,1542070,https://fr.getaround.com/location-voiture/paris/toyota-yaris-hybride-1542070,Toyota Yaris Hybride (2022),2022,Getaround Connect,CITADINE,SEGMENT_RULES,HYBRIDE,False,74.0,,4.69,58,Asnières-sur-Seine,Paris,Asnières-sur-Seine|Paris 17e,2,536,False,False,,8260,1001,26
20260729T110432,A2,v3.3-search-gps,2026-07-30T09:00,2026-07-30T20:00,948339,https://fr.getaround.com/location-voiture/paris/nissan-qashqai-948339,Nissan Qashqai (2016),2016,Sur rendez-vous,SUV_COMPACT,SEGMENT_RULES,THERMIQUE,False,85.0,,5.0,3,Puteaux,Paris,Puteaux,1,537,False,False,,8109,550,13
20260729T110432,A2,v3.3-search-gps,2026-07-30T09:00,2026-07-30T20:00,1277964,https://fr.getaround.com/location-voiture/pantin/citroen-c1-1277964,Citroen C1 (2014),2014,Getaround Connect,MICRO_CITADINE,SEGMENT_RULES,THERMIQUE,False,53.0,,4.78,74,Asnières-sur-Seine,Pantin,Asnières-sur-Seine,1,537,False,False,,9990,1001,26
20260729T110432,A2,v3.3-search-gps,2026-07-30T09:00,2026-07-30T20:00,1644098,https://fr.getaround.com/location-voiture/paris/peugeot-208-1644098,Peugeot 208 (2020),2020,Getaround Connect,CITADINE,SEGMENT_RULES,THERMIQUE,False,58.0,,4.09,29,Asnières-sur-Seine,Paris,Asnières-sur-Seine|Paris 17e,2,537,False,False,,8830,1001,26
20260729T110432,A2,v3.3-search-gps,2026-07-30T09:00,2026-07-30T20:00,1644598,https://fr.getaround.com/location-voiture/argenteuil/audi-a1-sportback-1644598,Audi A1 Sportback (2024),2024,Sur rendez-vous,CITADINE,SEGMENT_RULES,THERMIQUE,False,123.0,,,,Puteaux,Argenteuil,Puteaux|Asnières-sur-Seine,2,538,False,False,,7040,550,13
20260729T110432,A2,v3.3-search-gps,2026-07-30T09:00,2026-07-30T20:00,653396,https://fr.getaround.com/location-voiture/paris/renault-clio-653396,Renault Clio (2017),2017,Getaround Connect,CITADINE,SEGMENT_RULES,THERMIQUE,False,63.0,,4.73,112,Paris 17e,Paris,Paris 17e,1,538,False,False,,7480,889,50
20260729T110432,A2,v3.3-search-gps,2026-07-30T09:00,2026-07-30T20:00,763159,https://fr.getaround.com/location-voiture/maisons-laffitte/citroen-c3-763159,Citroen C3 (2019),2019,Sur rendez-vous,CITADINE,SEGMENT_RULES,THERMIQUE,False,134.0,,4.77,79,Puteaux,Maisons Laffitte,Puteaux,1,539,False,False,,9450,550,13
20260729T110432,A2,v3.3-search-gps,2026-07-30T09:00,2026-07-30T20:00,1931432,https://fr.getaround.com/location-voiture/herblay-sur-seine/audi-a1-sportback-1931432,Audi A1 Sportback (2012),2012,Sur rendez-vous,CITADINE,SEGMENT_RULES,THERMIQUE,False,80.0,,,,Asnières-sur-Seine,Herblay Sur Seine,Asnières-sur-Seine,1,539,False,False,,11520,1001,26
20260729T110432,A2,v3.3-search-gps,2026-07-30T09:00,2026-07-30T20:00,742356,https://fr.getaround.com/location-voiture/paris/renault-modus-742356,Renault Modus (2012),2012,Getaround Connect,MONOSPACE,SEGMENT_RULES,THERMIQUE,False,53.0,,4.33,67,Asnières-sur-Seine,Paris,Asnières-sur-Seine|Paris 17e,2,539,False,False,,7040,1001,26
20260729T110432,A2,v3.3-search-gps,2026-07-30T09:00,2026-07-30T20:00,1745559,https://fr.getaround.com/location-voiture/argenteuil/peugeot-308-1745559,Peugeot 308 (2023),2023,Sur rendez-vous,COMPACTE,SEGMENT_RULES,THERMIQUE,False,139.0,,,,Puteaux,Argenteuil,Puteaux,1,540,False,False,,5730,550,13
20260729T110432,A2,v3.3-search-gps,2026-07-30T09:00,2026-07-30T20:00,1880597,https://fr.getaround.com/location-voiture/paris/peugeot-2008-1880597,Peugeot 2008 (2026),2026,Getaround Connect,SUV_COMPACT,SEGMENT_RULES,THERMIQUE,False,93.0,,4.6,5,Asnières-sur-Seine,Paris,Asnières-sur-Seine|Paris 17e,2,540,False,False,,7500,1001,26
20260729T110432,A2,v3.3-search-gps,2026-07-30T09:00,2026-07-30T20:00,1668556,https://fr.getaround.com/location-voiture/paris/citroen-c1-ii-1668556,Citroen C1 II (2018),2018,Sur rendez-vous,MICRO_CITADINE,SEGMENT_RULES,THERMIQUE,False,82.0,,,,Puteaux,Paris,Puteaux|Asnières-sur-Seine,2,541,False,False,,6420,550,13
20260729T110432,A2,v3.3-search-gps,2026-07-30T09:00,2026-07-30T20:00,1638372,https://fr.getaround.com/location-voiture/paris/peugeot-308-sw-1638372,Peugeot 308 SW (2019),2019,Sur rendez-vous,BREAK,SEGMENT_RULES,THERMIQUE,False,197.0,,,,Puteaux,Paris,Puteaux,1,542,False,False,,7530,550,13
20260729T110432,A2,v3.3-search-gps,2026-07-30T09:00,2026-07-30T20:00,1544484,https://fr.getaround.com/location-voiture/sannois/toyota-yaris-hybride-1544484,Toyota Yaris Hybride (2022),2022,Sur rendez-vous,CITADINE,SEGMENT_RULES,HYBRIDE,False,74.0,,5.0,1,Asnières-sur-Seine,Sannois,Asnières-sur-Seine,1,542,False,False,,6100,1001,26
20260729T110432,A2,v3.3-search-gps,2026-07-30T09:00,2026-07-30T20:00,1308958,https://fr.getaround.com/location-voiture/clichy/smart-fortwo-cabriolet-1308958,Smart Fortwo Cabriolet (2016),2016,Sur rendez-vous,CABRIOLET,SEGMENT_RULES,THERMIQUE,False,140.0,,,,Puteaux,Clichy,Puteaux|Asnières-sur-Seine,2,543,False,False,,5360,550,13
20260729T110432,A2,v3.3-search-gps,2026-07-30T09:00,2026-07-30T20:00,1224586,https://fr.getaround.com/location-voiture/paris/peugeot-208-1224586,Peugeot 208 (2023),2023,Getaround Connect,CITADINE,SEGMENT_RULES,THERMIQUE,False,57.0,,3.57,74,Asnières-sur-Seine,Paris,Asnières-sur-Seine|Paris 17e,2,543,False,False,,10590,1001,26
20260729T110432,A2,v3.3-search-gps,2026-07-30T09:00,2026-07-30T20:00,1481047,https://fr.getaround.com/location-voiture/sartrouville/bmw-x1-1481047,BMW X1 (2017),2017,Sur rendez-vous,SUV_FAMILIAL,SEGMENT_RULES,THERMIQUE,False,211.0,,,,Puteaux,Sartrouville,Puteaux,1,544,False,False,,7220,550,13
20260729T110432,A2,v3.3-search-gps,2026-07-30T09:00,2026-07-30T20:00,1803883,https://fr.getaround.com/location-voiture/houilles/peugeot-2008-1803883,Peugeot 2008 (2024),2024,Sur rendez-vous,SUV_COMPACT,SEGMENT_RULES,THERMIQUE,False,91.0,,1.0,1,Puteaux,Houilles,Puteaux,1,545,False,False,,5860,550,13
20260729T110432,A2,v3.3-search-gps,2026-07-30T09:00,2026-07-30T20:00,1895765,https://fr.getaround.com/location-voiture/paris/bmw-serie-1-1895765,BMW Série 1 (2012),2012,Getaround Connect,COMPACTE,SEGMENT_RULES,THERMIQUE,False,65.0,,4.5,2,Asnières-sur-Seine,Paris,Asnières-sur-Seine|Paris 17e,2,545,False,False,,8730,1001,26
20260729T110432,A2,v3.3-search-gps,2026-07-30T09:00,2026-07-30T20:00,152547,https://fr.getaround.com/location-voiture/paris/citroen-ds20-152547,Citroen DS20 (1973),1973,Sur rendez-vous,COLLECTION,SEGMENT_RULES,THERMIQUE,False,415.0,,5.0,1,Puteaux,Paris,Puteaux,1,546,False,False,,7450,550,13
20260729T110432,A2,v3.3-search-gps,2026-07-30T09:00,2026-07-30T20:00,1698708,https://fr.getaround.com/location-voiture/paris/renault-zoe-1698708,Renault ZOE (2019),2019,Getaround Connect,CITADINE,SEGMENT_RULES,ELECTRIQUE,False,68.0,,4.0,5,Puteaux,Paris,Puteaux|Asnières-sur-Seine,2,547,False,False,,5870,550,13
20260729T110432,A2,v3.3-search-gps,2026-07-30T09:00,2026-07-30T20:00,1671722,https://fr.getaround.com/location-voiture/paris/renault-zoe-1671722,Renault ZOE (2019),2019,Getaround Connect,CITADINE,SEGMENT_RULES,ELECTRIQUE,False,63.0,,2.25,4,Puteaux,Paris,Puteaux|Asnières-sur-Seine,2,548,False,False,,6020,550,13
20260729T110432,A2,v3.3-search-gps,2026-07-30T09:00,2026-07-30T20:00,1682168,https://fr.getaround.com/location-voiture/paris/bmw-serie-1-1682168,BMW Série 1 (2025),2025,Sur rendez-vous,COMPACTE,SEGMENT_RULES,THERMIQUE,False,120.0,,1.0,1,Puteaux,Paris,Puteaux,1,549,False,False,,7550,550,13
20260729T110432,A2,v3.3-search-gps,2026-07-30T09:00,2026-07-30T20:00,1501900,https://fr.getaround.com/location-voiture/paris/peugeot-5008-1501900,Peugeot 5008 (2020),2020,Sur rendez-vous,MONOSPACE,SEGMENT_RULES,THERMIQUE,False,323.0,,1.0,1,Puteaux,Paris,Puteaux,1,550,False,False,,5540,550,13
20260729T110432,A2,v3.3-search-gps,2026-07-30T09:00,2026-07-30T20:00,1900833,https://fr.getaround.com/location-voiture/soisy-sous-montmorency/peugeot-208-1900833,Peugeot 208 (2023),2023,Sur rendez-vous,CITADINE,SEGMENT_RULES,THERMIQUE,False,63.0,,,,Asnières-sur-Seine,Soisy Sous Montmorency,Asnières-sur-Seine,1,551,False,False,,7730,1001,26
20260729T110432,A2,v3.3-search-gps,2026-07-30T09:00,2026-07-30T20:00,1881847,https://fr.getaround.com/location-voiture/paris/peugeot-2008-1881847,Peugeot 2008 (2026),2026,Getaround Connect,SUV_COMPACT,SEGMENT_RULES,THERMIQUE,False,93.0,,,,Asnières-sur-Seine,Paris,Asnières-sur-Seine|Paris 17e,2,557,False,False,,7500,1001,26
20260729T110432,A2,v3.3-search-gps,2026-07-30T09:00,2026-07-30T20:00,1880017,https://fr.getaround.com/location-voiture/paris/peugeot-208-1880017,Peugeot 208 (2020),2020,Getaround Connect,CITADINE,SEGMENT_RULES,THERMIQUE,False,69.0,,5.0,9,Asnières-sur-Seine,Paris,Asnières-sur-Seine|Paris 17e,2,558,False,False,,10660,1001,26
20260729T110432,A2,v3.3-search-gps,2026-07-30T09:00,2026-07-30T20:00,1550955,https://fr.getaround.com/location-voiture/paris/toyota-yaris-1550955,Toyota Yaris (2016),2016,Getaround Connect,CITADINE,SEGMENT_RULES,THERMIQUE,False,71.0,,4.92,25,Asnières-sur-Seine,Paris,Asnières-sur-Seine|Paris 17e,2,560,False,False,,10320,1001,26
20260729T110432,A2,v3.3-search-gps,2026-07-30T09:00,2026-07-30T20:00,1940416,https://fr.getaround.com/location-voiture/saint-gratien/kia-stonic-1940416,Kia Stonic (2023),2023,Sur rendez-vous,NON_CLASSE,SEGMENT_RULES,THERMIQUE,False,79.0,,,,Asnières-sur-Seine,Saint Gratien,Asnières-sur-Seine,1,561,False,False,,5190,1001,26
20260729T110432,A2,v3.3-search-gps,2026-07-30T09:00,2026-07-30T20:00,1904984,https://fr.getaround.com/location-voiture/eaubonne/peugeot-2008-1904984,Peugeot 2008 (2017),2017,Sur rendez-vous,SUV_COMPACT,SEGMENT_RULES,THERMIQUE,False,81.0,,5.0,1,Asnières-sur-Seine,Eaubonne,Asnières-sur-Seine,1,563,False,False,,8220,1001,26
20260729T110432,A2,v3.3-search-gps,2026-07-30T09:00,2026-07-30T20:00,1796212,https://fr.getaround.com/location-voiture/pantin/seat-ibiza-sc-1796212,Seat Ibiza SC (2015),2015,Getaround Connect,CITADINE,SEGMENT_RULES,THERMIQUE,False,60.0,,3.8,5,Asnières-sur-Seine,Pantin,Asnières-sur-Seine,1,564,False,False,,9990,1001,26
20260729T110432,A2,v3.3-search-gps,2026-07-30T09:00,2026-07-30T20:00,1502587,https://fr.getaround.com/location-voiture/clichy/mini-cooper-r56-1502587,Mini Cooper R56 (2012),2012,Sur rendez-vous,CITADINE,SEGMENT_RULES,THERMIQUE,False,75.0,,5.0,1,Asnières-sur-Seine,Clichy,Asnières-sur-Seine,1,569,False,False,,2350,1001,26
20260729T110432,A2,v3.3-search-gps,2026-07-30T09:00,2026-07-30T20:00,1790478,https://fr.getaround.com/location-voiture/saint-gratien/smart-fortwo-cabriolet-1790478,Smart Fortwo Cabriolet (2019),2019,Getaround Connect,CABRIOLET,SEGMENT_RULES,THERMIQUE,False,86.0,,5.0,5,Asnières-sur-Seine,Saint Gratien,Asnières-sur-Seine,1,578,False,False,,5510,1001,26
20260729T110432,A2,v3.3-search-gps,2026-07-30T09:00,2026-07-30T20:00,1266687,https://fr.getaround.com/location-voiture/asnieres-sur-seine/mercedes-benz-classe-b-1266687,Mercedes-Benz Classe B (2012),2012,Sur rendez-vous,MONOSPACE,SEGMENT_RULES,THERMIQUE,False,67.0,,,,Asnières-sur-Seine,Asnieres Sur Seine,Asnières-sur-Seine,1,579,False,False,,1290,1001,26
20260729T110432,A2,v3.3-search-gps,2026-07-30T09:00,2026-07-30T20:00,808153,https://fr.getaround.com/location-voiture/les-lilas/peugeot-208-808153,Peugeot 208 (2015),2015,Getaround Connect,CITADINE,SEGMENT_RULES,THERMIQUE,False,61.0,,4.84,22,Asnières-sur-Seine,Les Lilas,Asnières-sur-Seine,1,582,False,False,,10540,1001,26
20260729T110432,A2,v3.3-search-gps,2026-07-30T09:00,2026-07-30T20:00,1670801,https://fr.getaround.com/location-voiture/paris/peugeot-208-1670801,Peugeot 208 (2025),2025,Getaround Connect,CITADINE,SEGMENT_RULES,THERMIQUE,False,79.0,,4.17,18,Asnières-sur-Seine,Paris,Asnières-sur-Seine,1,594,False,False,,10440,1001,26
20260729T110432,A2,v3.3-search-gps,2026-07-30T09:00,2026-07-30T20:00,1938839,https://fr.getaround.com/location-voiture/cormeilles-en-parisis/peugeot-208-1938839,Peugeot 208 (2018),2018,Getaround Connect,CITADINE,SEGMENT_RULES,THERMIQUE,False,73.0,,,,Asnières-sur-Seine,Cormeilles En Parisis,Asnières-sur-Seine,1,596,False,False,,7940,1001,26
20260729T110432,A2,v3.3-search-gps,2026-07-30T09:00,2026-07-30T20:00,1847744,https://fr.getaround.com/location-voiture/paris/renault-clio-1847744,Renault Clio (2025),2025,Getaround Connect,CITADINE,SEGMENT_RULES,THERMIQUE,False,79.0,,4.83,6,Asnières-sur-Seine,Paris,Asnières-sur-Seine,1,600,False,False,,9790,1001,26
20260729T110432,A2,v3.3-search-gps,2026-07-30T09:00,2026-07-30T20:00,1864980,https://fr.getaround.com/location-voiture/la-garenne-colombes/nissan-leaf-1864980,Nissan Leaf (2022),2022,Sur rendez-vous,CITADINE,SEGMENT_RULES,THERMIQUE,False,74.0,,,,Asnières-sur-Seine,La Garenne Colombes,Asnières-sur-Seine,1,609,False,False,,3120,1001,26
20260729T110432,A2,v3.3-search-gps,2026-07-30T09:00,2026-07-30T20:00,1908762,https://fr.getaround.com/location-voiture/stains/renault-clio-1908762,Renault Clio (2015),2015,Sur rendez-vous,CITADINE,SEGMENT_RULES,THERMIQUE,False,55.0,,5.0,2,Asnières-sur-Seine,Stains,Asnières-sur-Seine,1,612,False,False,,9260,1001,26
20260729T110432,A2,v3.3-search-gps,2026-07-30T09:00,2026-07-30T20:00,1436995,https://fr.getaround.com/location-voiture/paris/peugeot-208-1436995,Peugeot 208 (2014),2014,Getaround Connect,CITADINE,SEGMENT_RULES,THERMIQUE,False,60.0,,4.21,38,Asnières-sur-Seine,Paris,Asnières-sur-Seine,1,623,False,False,,10240,1001,26
20260729T110432,A2,v3.3-search-gps,2026-07-30T09:00,2026-07-30T20:00,1536962,https://fr.getaround.com/location-voiture/levallois-perret/toyota-yaris-hybride-1536962,Toyota Yaris Hybride (2013),2013,Sur rendez-vous,CITADINE,SEGMENT_RULES,HYBRIDE,False,70.0,,,,Asnières-sur-Seine,Levallois Perret,Asnières-sur-Seine,1,629,False,False,,2090,1001,26
20260729T110432,A2,v3.3-search-gps,2026-07-30T09:00,2026-07-30T20:00,1370314,https://fr.getaround.com/location-voiture/paris/citroen-c3-1370314,Citroen C3 (2020),2020,Getaround Connect,CITADINE,SEGMENT_RULES,THERMIQUE,False,69.0,,4.55,50,Asnières-sur-Seine,Paris,Asnières-sur-Seine,1,630,False,False,,7450,1001,26
20260729T110432,A2,v3.3-search-gps,2026-07-30T09:00,2026-07-30T20:00,1892430,https://fr.getaround.com/location-voiture/le-plessis-bouchard/renault-grand-scenic-1892430,Renault Grand Scenic (2014),2014,Sur rendez-vous,MONOSPACE,SEGMENT_RULES,THERMIQUE,False,103.0,,5.0,4,Asnières-sur-Seine,Le Plessis Bouchard,Asnières-sur-Seine,1,633,False,False,,10380,1001,26
20260729T110432,A2,v3.3-search-gps,2026-07-30T09:00,2026-07-30T20:00,1855162,https://fr.getaround.com/location-voiture/nanterre/peugeot-208-1855162,Peugeot 208 (2014),2014,Sur rendez-vous,CITADINE,SEGMENT_RULES,THERMIQUE,False,60.0,,5.0,1,Asnières-sur-Seine,Nanterre,Asnières-sur-Seine,1,638,False,False,,6050,1001,26
20260729T110432,A2,v3.3-search-gps,2026-07-30T09:00,2026-07-30T20:00,1894570,https://fr.getaround.com/location-voiture/paris/toyota-yaris-hybride-1894570,Toyota Yaris Hybride (2021),2021,Getaround Connect,CITADINE,SEGMENT_RULES,HYBRIDE,False,76.0,,5.0,7,Asnières-sur-Seine,Paris,Asnières-sur-Seine,1,639,False,False,,11540,1001,26
20260729T110432,A2,v3.3-search-gps,2026-07-30T09:00,2026-07-30T20:00,1920131,https://fr.getaround.com/location-voiture/aubervilliers/peugeot-208-1920131,Peugeot 208 (2024),2024,Sur rendez-vous,CITADINE,SEGMENT_RULES,THERMIQUE,False,67.0,,5.0,3,Asnières-sur-Seine,Aubervilliers,Asnières-sur-Seine,1,644,False,False,,7490,1001,26
20260729T110432,A2,v3.3-search-gps,2026-07-30T09:00,2026-07-30T20:00,1851137,https://fr.getaround.com/location-voiture/argenteuil/alfa-romeo-giulietta-1851137,Alfa-Romeo Giulietta (2013),2013,Sur rendez-vous,BERLINE,SEGMENT_RULES,THERMIQUE,False,68.0,,,,Asnières-sur-Seine,Argenteuil,Asnières-sur-Seine,1,647,False,False,,4450,1001,26
20260729T110432,A2,v3.3-search-gps,2026-07-30T09:00,2026-07-30T20:00,1853407,https://fr.getaround.com/location-voiture/paris/toyota-corolla-break-hybride-1853407,Toyota Corolla Break Hybride (2023),2023,Getaround Connect,BREAK,SEGMENT_RULES,HYBRIDE,False,75.0,,2.8,5,Asnières-sur-Seine,Paris,Asnières-sur-Seine,1,648,False,False,,8260,1001,26
20260729T110432,A2,v3.3-search-gps,2026-07-30T09:00,2026-07-30T20:00,1929064,https://fr.getaround.com/location-voiture/paris/renault-captur-1929064,Renault Captur (2017),2017,Sur rendez-vous,SUV_COMPACT,SEGMENT_RULES,THERMIQUE,False,51.0,,5.0,2,Asnières-sur-Seine,Paris,Asnières-sur-Seine,1,649,False,False,,8730,1001,26
20260729T110432,A2,v3.3-search-gps,2026-07-30T09:00,2026-07-30T20:00,1811673,https://fr.getaround.com/location-voiture/paris/peugeot-e-2008-1811673,Peugeot e-2008 (2023),2023,Getaround Connect,SUV_COMPACT,SEGMENT_RULES,THERMIQUE,False,104.0,,5.0,5,Asnières-sur-Seine,Paris,Asnières-sur-Seine,1,652,False,False,,10370,1001,26
20260729T110432,A2,v3.3-search-gps,2026-07-30T09:00,2026-07-30T20:00,1890120,https://fr.getaround.com/location-voiture/franconville/ford-kuga-1890120,Ford Kuga (2022),2022,Sur rendez-vous,SUV_FAMILIAL,SEGMENT_RULES,THERMIQUE,False,96.0,,5.0,1,Asnières-sur-Seine,Franconville,Asnières-sur-Seine,1,660,False,False,,9430,1001,26
20260729T110432,A2,v3.3-search-gps,2026-07-30T09:00,2026-07-30T20:00,1463655,https://fr.getaround.com/location-voiture/paris/citroen-c4-cactus-1463655,Citroen C4 Cactus (2015),2015,Getaround Connect,COMPACTE,SEGMENT_RULES,THERMIQUE,False,64.0,,4.38,41,Asnières-sur-Seine,Paris,Asnières-sur-Seine,1,662,False,False,,10240,1001,26
20260729T110432,A2,v3.3-search-gps,2026-07-30T09:00,2026-07-30T20:00,1787967,https://fr.getaround.com/location-voiture/paris/dacia-jogger-1787967,Dacia Jogger (2023),2023,Getaround Connect,MONOSPACE,SEGMENT_RULES,THERMIQUE,False,98.0,,4.94,18,Asnières-sur-Seine,Paris,Asnières-sur-Seine,1,664,False,False,,9220,1001,26
20260729T110432,A2,v3.3-search-gps,2026-07-30T09:00,2026-07-30T20:00,1531702,https://fr.getaround.com/location-voiture/argenteuil/seat-ibiza-1531702,Seat Ibiza (2017),2017,Sur rendez-vous,CITADINE,SEGMENT_RULES,THERMIQUE,False,58.0,,5.0,3,Asnières-sur-Seine,Argenteuil,Asnières-sur-Seine,1,665,False,False,,4600,1001,26
20260729T110432,A2,v3.3-search-gps,2026-07-30T09:00,2026-07-30T20:00,1693831,https://fr.getaround.com/location-voiture/franconville/peugeot-207-1693831,Peugeot 207 (2012),2012,Sur rendez-vous,COMPACTE,SEGMENT_RULES,THERMIQUE,False,67.0,,5.0,22,Asnières-sur-Seine,Franconville,Asnières-sur-Seine,1,669,False,False,,9430,1001,26
20260729T110432,A2,v3.3-search-gps,2026-07-30T09:00,2026-07-30T20:00,1773923,https://fr.getaround.com/location-voiture/paris/toyota-aygo-1773923,Toyota Aygo (2015),2015,Sur rendez-vous,MICRO_CITADINE,SEGMENT_RULES,THERMIQUE,False,59.0,,5.0,2,Asnières-sur-Seine,Paris,Asnières-sur-Seine,1,671,False,False,,7520,1001,26
20260729T110432,A2,v3.3-search-gps,2026-07-30T09:00,2026-07-30T20:00,1874364,https://fr.getaround.com/location-voiture/pantin/toyota-yaris-hybride-1874364,Toyota Yaris Hybride (2020),2020,Getaround Connect,CITADINE,SEGMENT_RULES,HYBRIDE,False,74.0,,5.0,5,Asnières-sur-Seine,Pantin,Asnières-sur-Seine,1,673,False,False,,9570,1001,26
20260729T110432,A2,v3.3-search-gps,2026-07-30T09:00,2026-07-30T20:00,1797736,https://fr.getaround.com/location-voiture/paris/peugeot-5008-1797736,Peugeot 5008 (2019),2019,Getaround Connect,MONOSPACE,SEGMENT_RULES,THERMIQUE,False,116.0,,4.06,16,Asnières-sur-Seine,Paris,Asnières-sur-Seine,1,674,False,False,,11260,1001,26
20260729T110432,A2,v3.3-search-gps,2026-07-30T09:00,2026-07-30T20:00,1657745,https://fr.getaround.com/location-voiture/paris/renault-captur-1657745,Renault Captur (2024),2024,Getaround Connect,SUV_COMPACT,SEGMENT_RULES,THERMIQUE,False,71.0,,3.85,20,Asnières-sur-Seine,Paris,Asnières-sur-Seine,1,680,False,False,,10740,1001,26
20260729T110432,A2,v3.3-search-gps,2026-07-30T09:00,2026-07-30T20:00,1219196,https://fr.getaround.com/location-voiture/paris/peugeot-208-1219196,Peugeot 208 (2023),2023,Getaround Connect,CITADINE,SEGMENT_RULES,THERMIQUE,False,68.0,,4.4,62,Asnières-sur-Seine,Paris,Asnières-sur-Seine,1,682,False,False,,12810,1001,26
20260729T110432,A2,v3.3-search-gps,2026-07-30T09:00,2026-07-30T20:00,843844,https://fr.getaround.com/location-voiture/paris/renault-clio-estate-843844,Renault Clio Estate (2014),2014,Getaround Connect,BREAK,SEGMENT_RULES,THERMIQUE,False,60.0,,4.47,98,Asnières-sur-Seine,Paris,Asnières-sur-Seine,1,685,False,False,,9430,1001,26
20260729T110432,A2,v3.3-search-gps,2026-07-30T09:00,2026-07-30T20:00,1450638,https://fr.getaround.com/location-voiture/paris/citroen-c3-1450638,Citroen C3 (2017),2017,Getaround Connect,CITADINE,SEGMENT_RULES,THERMIQUE,False,63.0,,4.77,47,Asnières-sur-Seine,Paris,Asnières-sur-Seine,1,689,False,False,,10240,1001,26
20260729T110432,A2,v3.3-search-gps,2026-07-30T09:00,2026-07-30T20:00,1767434,https://fr.getaround.com/location-voiture/villeneuve-la-garenne/audi-a3-cabriolet-1767434,Audi A3 Cabriolet (2015),2015,Sur rendez-vous,CABRIOLET,SEGMENT_RULES,THERMIQUE,False,122.0,,,,Asnières-sur-Seine,Villeneuve La Garenne,Asnières-sur-Seine,1,692,False,False,,4190,1001,26
20260729T110432,A2,v3.3-search-gps,2026-07-30T09:00,2026-07-30T20:00,1010017,https://fr.getaround.com/location-voiture/saint-brice-sous-foret/renault-grand-scenic-1010017,Renault Grand Scenic (2012),2012,Getaround Connect,MONOSPACE,SEGMENT_RULES,THERMIQUE,False,85.0,,4.72,38,Asnières-sur-Seine,Saint Brice Sous Foret,Asnières-sur-Seine,1,694,False,False,,10960,1001,26
20260729T110432,A2,v3.3-search-gps,2026-07-30T09:00,2026-07-30T20:00,1428949,https://fr.getaround.com/location-voiture/paris/tesla-model-3-1428949,Tesla Model 3 (2022),2022,Sur rendez-vous,BERLINE,SEGMENT_RULES,ELECTRIQUE,False,109.0,,5.0,12,Asnières-sur-Seine,Paris,Asnières-sur-Seine,1,695,False,False,,8160,1001,26
20260729T110432,A2,v3.3-search-gps,2026-07-30T09:00,2026-07-30T20:00,1730373,https://fr.getaround.com/location-voiture/argenteuil/renault-megane-1730373,Renault Mégane (2012),2012,Sur rendez-vous,COMPACTE,SEGMENT_RULES,THERMIQUE,False,63.0,,5.0,1,Asnières-sur-Seine,Argenteuil,Asnières-sur-Seine,1,696,False,False,,4150,1001,26
20260729T110432,A2,v3.3-search-gps,2026-07-30T09:00,2026-07-30T20:00,1556530,https://fr.getaround.com/location-voiture/paris/toyota-corolla-hybride-1556530,Toyota Corolla Hybride (2020),2020,Getaround Connect,COMPACTE,SEGMENT_RULES,HYBRIDE,False,95.0,,4.76,48,Asnières-sur-Seine,Paris,Asnières-sur-Seine,1,698,False,False,,8900,1001,26
20260729T110432,A2,v3.3-search-gps,2026-07-30T09:00,2026-07-30T20:00,1097657,https://fr.getaround.com/location-voiture/paris/smart-fortwo-coupe-1097657,Smart Fortwo Coupé (2013),2013,Getaround Connect,MICRO_CITADINE,SEGMENT_RULES,THERMIQUE,False,55.0,,5.0,2,Asnières-sur-Seine,Paris,Asnières-sur-Seine,1,700,False,False,,11070,1001,26
20260729T110432,A2,v3.3-search-gps,2026-07-30T09:00,2026-07-30T20:00,1670239,https://fr.getaround.com/location-voiture/paris/tesla-model-3-standard-range-plus-1670239,Tesla Model 3 Standard Range Plus (2022),2022,Sur rendez-vous,BERLINE,SEGMENT_RULES,ELECTRIQUE,False,115.0,,4.56,9,Asnières-sur-Seine,Paris,Asnières-sur-Seine,1,701,False,False,,7860,1001,26
20260729T110432,A2,v3.3-search-gps,2026-07-30T09:00,2026-07-30T20:00,1449984,https://fr.getaround.com/location-voiture/houilles/peugeot-308-1449984,Peugeot 308 (2015),2015,Sur rendez-vous,COMPACTE,SEGMENT_RULES,THERMIQUE,False,78.0,,5.0,26,Asnières-sur-Seine,Houilles,Asnières-sur-Seine,1,702,False,False,,7380,1001,26
20260729T110432,A2,v3.3-search-gps,2026-07-30T09:00,2026-07-30T20:00,1695121,https://fr.getaround.com/location-voiture/paris/peugeot-208-1695121,Peugeot 208 (2020),2020,Getaround Connect,CITADINE,SEGMENT_RULES,THERMIQUE,False,58.0,,3.56,9,Asnières-sur-Seine,Paris,Asnières-sur-Seine,1,703,False,False,,11470,1001,26
20260729T110432,A2,v3.3-search-gps,2026-07-30T09:00,2026-07-30T20:00,1226250,https://fr.getaround.com/location-voiture/saint-denis/peugeot-2008-1226250,Peugeot 2008 (2019),2019,Sur rendez-vous,SUV_COMPACT,SEGMENT_RULES,THERMIQUE,False,86.0,,5.0,12,Asnières-sur-Seine,Saint Denis,Asnières-sur-Seine,1,704,False,False,,5420,1001,26
20260729T110432,A2,v3.3-search-gps,2026-07-30T09:00,2026-07-30T20:00,1665178,https://fr.getaround.com/location-voiture/paris/citroen-c4-cactus-1665178,Citroen C4 Cactus (2020),2020,Getaround Connect,COMPACTE,SEGMENT_RULES,THERMIQUE,False,64.0,,4.17,35,Asnières-sur-Seine,Paris,Asnières-sur-Seine,1,708,False,False,,8400,1001,26
20260729T110432,A2,v3.3-search-gps,2026-07-30T09:00,2026-07-30T20:00,1595023,https://fr.getaround.com/location-voiture/paris/citroen-c3-picasso-1595023,Citroen C3 Picasso (2015),2015,Getaround Connect,MONOSPACE,SEGMENT_RULES,THERMIQUE,False,65.0,,4.42,25,Asnières-sur-Seine,Paris,Asnières-sur-Seine,1,712,False,False,,10240,1001,26
20260729T110432,A2,v3.3-search-gps,2026-07-30T09:00,2026-07-30T20:00,1573548,https://fr.getaround.com/location-voiture/levallois-perret/renault-captur-1573548,Renault Captur (2014),2014,Sur rendez-vous,SUV_COMPACT,SEGMENT_RULES,THERMIQUE,False,96.0,,5.0,2,Asnières-sur-Seine,Levallois Perret,Asnières-sur-Seine,1,713,False,False,,2290,1001,26
20260729T110432,A2,v3.3-search-gps,2026-07-30T09:00,2026-07-30T20:00,601145,https://fr.getaround.com/location-voiture/paris/renault-clio-601145,Renault Clio (2015),2015,Getaround Connect,CITADINE,SEGMENT_RULES,THERMIQUE,False,60.0,,4.65,168,Asnières-sur-Seine,Paris,Asnières-sur-Seine,1,716,False,False,,11100,1001,26
20260729T110432,A2,v3.3-search-gps,2026-07-30T09:00,2026-07-30T20:00,1756738,https://fr.getaround.com/location-voiture/paris/renault-clio-1756738,Renault Clio (2024),2024,Getaround Connect,CITADINE,SEGMENT_RULES,THERMIQUE,False,68.0,,3.86,14,Asnières-sur-Seine,Paris,Asnières-sur-Seine,1,717,False,False,,11430,1001,26
20260729T110432,A2,v3.3-search-gps,2026-07-30T09:00,2026-07-30T20:00,1681715,https://fr.getaround.com/location-voiture/paris/peugeot-308-1681715,Peugeot 308 (2020),2020,Getaround Connect,COMPACTE,SEGMENT_RULES,THERMIQUE,False,58.0,,4.5,35,Asnières-sur-Seine,Paris,Asnières-sur-Seine,1,718,False,False,,10600,1001,26
20260729T110432,A2,v3.3-search-gps,2026-07-30T09:00,2026-07-30T20:00,1365667,https://fr.getaround.com/location-voiture/pantin/nissan-juke-1365667,Nissan Juke (2013),2013,Getaround Connect,SUV_COMPACT,SEGMENT_RULES,THERMIQUE,False,71.0,,4.59,43,Asnières-sur-Seine,Pantin,Asnières-sur-Seine,1,723,False,False,,9990,1001,26
20260729T110432,A2,v3.3-search-gps,2026-07-30T09:00,2026-07-30T20:00,1139897,https://fr.getaround.com/location-voiture/paris/renault-scenic-1139897,Renault Scenic (2016),2016,Getaround Connect,MONOSPACE,SEGMENT_RULES,THERMIQUE,False,78.0,,4.54,34,Asnières-sur-Seine,Paris,Asnières-sur-Seine,1,724,False,False,,7450,1001,26
20260729T110432,A2,v3.3-search-gps,2026-07-30T09:00,2026-07-30T20:00,1631660,https://fr.getaround.com/location-voiture/paris/opel-corsa-1631660,Opel Corsa (2024),2024,Getaround Connect,CITADINE,SEGMENT_RULES,THERMIQUE,False,73.0,,4.71,31,Asnières-sur-Seine,Paris,Asnières-sur-Seine,1,725,False,False,,8990,1001,26
20260729T110432,A2,v3.3-search-gps,2026-07-30T09:00,2026-07-30T20:00,1695110,https://fr.getaround.com/location-voiture/paris/peugeot-3008-1695110,Peugeot 3008 (2019),2019,Getaround Connect,SUV_FAMILIAL,SEGMENT_RULES,THERMIQUE,False,79.0,,4.13,23,Asnières-sur-Seine,Paris,Asnières-sur-Seine,1,727,False,False,,11480,1001,26
20260729T110432,A2,v3.3-search-gps,2026-07-30T09:00,2026-07-30T20:00,1851427,https://fr.getaround.com/location-voiture/paris/renault-megane-e-tech-hybride-1851427,Renault Mégane E-tech Hybride (2021),2021,Sur rendez-vous,COMPACTE,SEGMENT_RULES,ELECTRIQUE,False,93.0,,5.0,2,Asnières-sur-Seine,Paris,Asnières-sur-Seine,1,729,False,False,,12270,1001,26
20260729T110432,A2,v3.3-search-gps,2026-07-30T09:00,2026-07-30T20:00,1796631,https://fr.getaround.com/location-voiture/paris/mg-hs-phev-1796631,MG HS PHEV (2025),2025,Sur rendez-vous,SUV_FAMILIAL,SEGMENT_RULES,THERMIQUE,False,110.0,,,,Asnières-sur-Seine,Paris,Asnières-sur-Seine,1,730,False,False,,7170,1001,26
20260729T110432,A2,v3.3-search-gps,2026-07-30T09:00,2026-07-30T20:00,1469522,https://fr.getaround.com/location-voiture/paris/fiat-500-x-1469522,Fiat 500 X (2017),2017,Getaround Connect,CITADINE,SEGMENT_RULES,THERMIQUE,False,76.0,,4.8,51,Asnières-sur-Seine,Paris,Asnières-sur-Seine,1,731,False,False,,11110,1001,26
20260729T110432,A2,v3.3-search-gps,2026-07-30T09:00,2026-07-30T20:00,1917406,https://fr.getaround.com/location-voiture/paris/peugeot-208-1917406,Peugeot 208 (2026),2026,Getaround Connect,CITADINE,SEGMENT_RULES,THERMIQUE,False,79.0,,,,Asnières-sur-Seine,Paris,Asnières-sur-Seine,1,734,False,False,,8160,1001,26
20260729T110432,A2,v3.3-search-gps,2026-07-30T09:00,2026-07-30T20:00,1850966,https://fr.getaround.com/location-voiture/paris/citroen-c4-grand-spacetourer-1850966,Citroen C4 Grand Spacetourer (2019),2019,Sur rendez-vous,COMPACTE,SEGMENT_RULES,THERMIQUE,False,98.0,,5.0,3,Asnières-sur-Seine,Paris,Asnières-sur-Seine,1,735,False,False,,5450,1001,26
20260729T110432,A2,v3.3-search-gps,2026-07-30T09:00,2026-07-30T20:00,1473699,https://fr.getaround.com/location-voiture/paris/renault-captur-1473699,Renault Captur (2017),2017,Getaround Connect,SUV_COMPACT,SEGMENT_RULES,THERMIQUE,False,76.0,,4.75,8,Asnières-sur-Seine,Paris,Asnières-sur-Seine,1,736,False,False,,10690,1001,26
20260729T110432,A2,v3.3-search-gps,2026-07-30T09:00,2026-07-30T20:00,1829772,https://fr.getaround.com/location-voiture/nanterre/citroen-c4-cactus-1829772,Citroen C4 Cactus (2016),2016,Sur rendez-vous,COMPACTE,SEGMENT_RULES,THERMIQUE,False,74.0,,5.0,7,Asnières-sur-Seine,Nanterre,Asnières-sur-Seine,1,738,False,False,,5020,1001,26
20260729T110432,A2,v3.3-search-gps,2026-07-30T09:00,2026-07-30T20:00,1807321,https://fr.getaround.com/location-voiture/paris/citroen-c3-1807321,Citroen C3 (2018),2018,Getaround Connect,CITADINE,SEGMENT_RULES,THERMIQUE,False,69.0,,5.0,4,Asnières-sur-Seine,Paris,Asnières-sur-Seine,1,740,False,False,,10660,1001,26
20260729T110432,A2,v3.3-search-gps,2026-07-30T09:00,2026-07-30T20:00,941924,https://fr.getaround.com/location-voiture/paris/volkswagen-up-941924,Volkswagen Up! (2012),2012,Getaround Connect,MICRO_CITADINE,SEGMENT_RULES,THERMIQUE,False,61.0,,4.8,60,Asnières-sur-Seine,Paris,Asnières-sur-Seine,1,741,False,False,,10680,1001,26
20260729T110432,A2,v3.3-search-gps,2026-07-30T09:00,2026-07-30T20:00,1753195,https://fr.getaround.com/location-voiture/paris/renault-clio-1753195,Renault Clio (2018),2018,Getaround Connect,CITADINE,SEGMENT_RULES,THERMIQUE,False,83.0,,5.0,25,Asnières-sur-Seine,Paris,Asnières-sur-Seine,1,744,False,False,,8430,1001,26
20260729T110432,A2,v3.3-search-gps,2026-07-30T09:00,2026-07-30T20:00,559151,https://fr.getaround.com/location-voiture/asnieres-sur-seine/renault-twingo-559151,Renault Twingo (2016),2016,Sur rendez-vous,CITADINE,SEGMENT_RULES,THERMIQUE,False,52.0,,3.0,2,Asnières-sur-Seine,Asnieres Sur Seine,Asnières-sur-Seine,1,745,False,False,,1530,1001,26
20260729T110432,A2,v3.3-search-gps,2026-07-30T09:00,2026-07-30T20:00,1563979,https://fr.getaround.com/location-voiture/paris/peugeot-208-1563979,Peugeot 208 (2020),2020,Getaround Connect,CITADINE,SEGMENT_RULES,THERMIQUE,False,74.0,,4.76,46,Asnières-sur-Seine,Paris,Asnières-sur-Seine,1,746,False,False,,10520,1001,26
20260729T110432,A2,v3.3-search-gps,2026-07-30T09:00,2026-07-30T20:00,1291645,https://fr.getaround.com/location-voiture/paris/toyota-yaris-hybride-1291645,Toyota Yaris Hybride (2021),2021,Getaround Connect,CITADINE,SEGMENT_RULES,HYBRIDE,False,74.0,,4.61,44,Asnières-sur-Seine,Paris,Asnières-sur-Seine,1,747,False,False,,8950,1001,26
20260729T110432,A2,v3.3-search-gps,2026-07-30T09:00,2026-07-30T20:00,1080459,https://fr.getaround.com/location-voiture/bagnolet/peugeot-2008-1080459,Peugeot 2008 (2021),2021,Getaround Connect,SUV_COMPACT,SEGMENT_RULES,THERMIQUE,False,70.0,,4.37,123,Asnières-sur-Seine,Bagnolet,Asnières-sur-Seine,1,748,False,False,,10820,1001,26
20260729T110432,A2,v3.3-search-gps,2026-07-30T09:00,2026-07-30T20:00,1814972,https://fr.getaround.com/location-voiture/paris/ford-b-max-1814972,Ford B-Max (2016),2016,Sur rendez-vous,BREAK,SEGMENT_RULES,THERMIQUE,False,68.0,,5.0,3,Asnières-sur-Seine,Paris,Asnières-sur-Seine,1,749,False,False,,7670,1001,26
20260729T110432,A2,v3.3-search-gps,2026-07-30T09:00,2026-07-30T20:00,1881883,https://fr.getaround.com/location-voiture/paris/peugeot-2008-1881883,Peugeot 2008 (2026),2026,Getaround Connect,SUV_COMPACT,SEGMENT_RULES,THERMIQUE,False,94.0,,4.6,5,Asnières-sur-Seine,Paris,Asnières-sur-Seine,1,750,False,False,,8130,1001,26
20260729T110432,A2,v3.3-search-gps,2026-07-30T09:00,2026-07-30T20:00,1605426,https://fr.getaround.com/location-voiture/saint-ouen-sur-seine/peugeot-308-1605426,Peugeot 308 (2019),2019,Sur rendez-vous,COMPACTE,SEGMENT_RULES,THERMIQUE,False,72.0,,,,Asnières-sur-Seine,Saint Ouen Sur Seine,Asnières-sur-Seine,1,752,False,False,,3050,1001,26
20260729T110432,A2,v3.3-search-gps,2026-07-30T09:00,2026-07-30T20:00,1860457,https://fr.getaround.com/location-voiture/paris/citroen-c4-picasso-1860457,Citroen C4 Picasso (2016),2016,Getaround Connect,MONOSPACE,SEGMENT_RULES,THERMIQUE,False,71.0,,4.71,7,Asnières-sur-Seine,Paris,Asnières-sur-Seine,1,754,False,False,,11060,1001,26
20260729T110432,A2,v3.3-search-gps,2026-07-30T09:00,2026-07-30T20:00,1712670,https://fr.getaround.com/location-voiture/paris/renault-captur-1712670,Renault Captur (2015),2015,Getaround Connect,SUV_COMPACT,SEGMENT_RULES,THERMIQUE,False,80.0,,4.75,4,Asnières-sur-Seine,Paris,Asnières-sur-Seine,1,755,False,False,,10660,1001,26
20260729T110432,A2,v3.3-search-gps,2026-07-30T09:00,2026-07-30T20:00,1774551,https://fr.getaround.com/location-voiture/villeneuve-la-garenne/citroen-c4-1774551,Citroen C4 (2020),2020,Sur rendez-vous,COMPACTE,SEGMENT_RULES,THERMIQUE,False,66.0,,,,Asnières-sur-Seine,Villeneuve La Garenne,Asnières-sur-Seine,1,757,False,False,,4190,1001,26
20260729T110432,A2,v3.3-search-gps,2026-07-30T09:00,2026-07-30T20:00,1930984,https://fr.getaround.com/location-voiture/saint-brice-sous-foret/renault-twingo-iii-1930984,Renault Twingo III (2017),2017,Sur rendez-vous,CITADINE,SEGMENT_RULES,THERMIQUE,False,54.0,,5.0,3,Asnières-sur-Seine,Saint Brice Sous Foret,Asnières-sur-Seine,1,758,False,False,,10470,1001,26
20260729T110432,A2,v3.3-search-gps,2026-07-30T09:00,2026-07-30T20:00,1800157,https://fr.getaround.com/location-voiture/paris/fiat-500e-1800157,Fiat 500e (2022),2022,Getaround Connect,CITADINE,SEGMENT_RULES,THERMIQUE,False,72.0,,5.0,1,Asnières-sur-Seine,Paris,Asnières-sur-Seine,1,759,False,False,,11160,1001,26
20260729T110432,A2,v3.3-search-gps,2026-07-30T09:00,2026-07-30T20:00,483319,https://fr.getaround.com/location-voiture/colombes/peugeot-2008-483319,Peugeot 2008 (2017),2017,Sur rendez-vous,SUV_COMPACT,SEGMENT_RULES,THERMIQUE,False,93.0,,5.0,1,Asnières-sur-Seine,Colombes,Asnières-sur-Seine,1,760,False,False,,2780,1001,26
20260729T110432,A2,v3.3-search-gps,2026-07-30T09:00,2026-07-30T20:00,1795090,https://fr.getaround.com/location-voiture/paris/tesla-model-3-standard-range-plus-1795090,Tesla Model 3 Standard Range Plus (2021),2021,Sur rendez-vous,BERLINE,SEGMENT_RULES,ELECTRIQUE,False,122.0,,5.0,6,Asnières-sur-Seine,Paris,Asnières-sur-Seine,1,761,False,False,,11160,1001,26
20260729T110432,A2,v3.3-search-gps,2026-07-30T09:00,2026-07-30T20:00,1866628,https://fr.getaround.com/location-voiture/paris/renault-arkana-e-tech-1866628,Renault Arkana E-Tech (2024),2024,Sur rendez-vous,COMPACTE,SEGMENT_RULES,ELECTRIQUE,False,129.0,,5.0,1,Asnières-sur-Seine,Paris,Asnières-sur-Seine,1,762,False,False,,3380,1001,26
20260729T110432,A2,v3.3-search-gps,2026-07-30T09:00,2026-07-30T20:00,1936025,https://fr.getaround.com/location-voiture/franconville/peugeot-208-1936025,Peugeot 208 (2018),2018,Sur rendez-vous,CITADINE,SEGMENT_RULES,THERMIQUE,False,48.0,,,,Asnières-sur-Seine,Franconville,Asnières-sur-Seine,1,763,False,False,,9060,1001,26
20260729T110432,A2,v3.3-search-gps,2026-07-30T09:00,2026-07-30T20:00,1682116,https://fr.getaround.com/location-voiture/paris/citroen-c4-cactus-1682116,Citroen C4 Cactus (2022),2022,Getaround Connect,COMPACTE,SEGMENT_RULES,THERMIQUE,False,64.0,,3.94,16,Asnières-sur-Seine,Paris,Asnières-sur-Seine,1,764,False,False,,10210,1001,26
20260729T110432,A2,v3.3-search-gps,2026-07-30T09:00,2026-07-30T20:00,1597394,https://fr.getaround.com/location-voiture/paris/renault-captur-1597394,Renault Captur (2014),2014,Getaround Connect,SUV_COMPACT,SEGMENT_RULES,THERMIQUE,False,80.0,,4.71,7,Asnières-sur-Seine,Paris,Asnières-sur-Seine,1,767,False,False,,10690,1001,26
20260729T110432,A2,v3.3-search-gps,2026-07-30T09:00,2026-07-30T20:00,1440918,https://fr.getaround.com/location-voiture/paris/renault-clio-1440918,Renault Clio (2023),2023,Getaround Connect,CITADINE,SEGMENT_RULES,THERMIQUE,False,68.0,,4.4,41,Asnières-sur-Seine,Paris,Asnières-sur-Seine,1,768,False,False,,11250,1001,26
20260729T110432,A2,v3.3-search-gps,2026-07-30T09:00,2026-07-30T20:00,468891,https://fr.getaround.com/location-voiture/paris/citroen-c4-cactus-468891,Citroen C4 Cactus (2016),2016,Getaround Connect,COMPACTE,SEGMENT_RULES,THERMIQUE,False,61.0,,4.37,203,Asnières-sur-Seine,Paris,Asnières-sur-Seine,1,769,False,False,,11460,1001,26
20260729T110432,A2,v3.3-search-gps,2026-07-30T09:00,2026-07-30T20:00,685145,https://fr.getaround.com/location-voiture/argenteuil/renault-clio-685145,Renault Clio (2018),2018,Sur rendez-vous,CITADINE,SEGMENT_RULES,THERMIQUE,False,61.0,,4.7,49,Asnières-sur-Seine,Argenteuil,Asnières-sur-Seine,1,771,False,False,,4220,1001,26
20260729T110432,A2,v3.3-search-gps,2026-07-30T09:00,2026-07-30T20:00,1815342,https://fr.getaround.com/location-voiture/paris/dacia-logan-1815342,Dacia Logan (2015),2015,Getaround Connect,CITADINE,SEGMENT_RULES,THERMIQUE,False,66.0,,4.29,7,Asnières-sur-Seine,Paris,Asnières-sur-Seine,1,772,False,False,,10310,1001,26
20260729T110432,A2,v3.3-search-gps,2026-07-30T09:00,2026-07-30T20:00,1698026,https://fr.getaround.com/location-voiture/paris/citroen-c3-1698026,Citroen C3 (2018),2018,Getaround Connect,CITADINE,SEGMENT_RULES,THERMIQUE,False,63.0,,4.8,41,Asnières-sur-Seine,Paris,Asnières-sur-Seine,1,777,False,False,,9260,1001,26
20260729T110432,A2,v3.3-search-gps,2026-07-30T09:00,2026-07-30T20:00,1203653,https://fr.getaround.com/location-voiture/paris/citroen-c3-1203653,Citroen C3 (2023),2023,Getaround Connect,CITADINE,SEGMENT_RULES,THERMIQUE,False,57.0,,4.22,86,Asnières-sur-Seine,Paris,Asnières-sur-Seine,1,779,False,False,,8730,1001,26
20260729T110432,A2,v3.3-search-gps,2026-07-30T09:00,2026-07-30T20:00,1839702,https://fr.getaround.com/location-voiture/paris/peugeot-308-1839702,Peugeot 308 (2014),2014,Sur rendez-vous,COMPACTE,SEGMENT_RULES,THERMIQUE,False,67.0,,5.0,2,Asnières-sur-Seine,Paris,Asnières-sur-Seine,1,781,False,False,,10830,1001,26
20260729T110432,A2,v3.3-search-gps,2026-07-30T09:00,2026-07-30T20:00,1721813,https://fr.getaround.com/location-voiture/montmagny/volkswagen-golf-1721813,Volkswagen Golf (2018),2018,Sur rendez-vous,COMPACTE,SEGMENT_RULES,THERMIQUE,False,79.0,,,,Asnières-sur-Seine,Montmagny,Asnières-sur-Seine,1,782,False,False,,7370,1001,26
20260729T110432,A2,v3.3-search-gps,2026-07-30T09:00,2026-07-30T20:00,1840273,https://fr.getaround.com/location-voiture/paris/volkswagen-touran-1840273,Volkswagen Touran (2011),2011,Sur rendez-vous,MONOSPACE,SEGMENT_RULES,THERMIQUE,False,73.0,,5.0,1,Asnières-sur-Seine,Paris,Asnières-sur-Seine,1,783,False,False,,7490,1001,26
20260729T110432,A2,v3.3-search-gps,2026-07-30T09:00,2026-07-30T20:00,1139892,https://fr.getaround.com/location-voiture/paris/citroen-c4-picasso-1139892,Citroen C4 Picasso (2018),2018,Getaround Connect,MONOSPACE,SEGMENT_RULES,THERMIQUE,False,78.0,,4.68,47,Asnières-sur-Seine,Paris,Asnières-sur-Seine,1,784,False,False,,9300,1001,26
20260729T110432,A2,v3.3-search-gps,2026-07-30T09:00,2026-07-30T20:00,1210675,https://fr.getaround.com/location-voiture/paris/citroen-c3-1210675,Citroen C3 (2023),2023,Getaround Connect,CITADINE,SEGMENT_RULES,THERMIQUE,False,57.0,,4.07,86,Asnières-sur-Seine,Paris,Asnières-sur-Seine,1,788,False,False,,9090,1001,26
20260729T110432,A2,v3.3-search-gps,2026-07-30T09:00,2026-07-30T20:00,1857517,https://fr.getaround.com/location-voiture/soisy-sous-montmorency/renault-clio-1857517,Renault Clio (2017),2017,Sur rendez-vous,CITADINE,SEGMENT_RULES,THERMIQUE,False,67.0,,5.0,3,Asnières-sur-Seine,Soisy Sous Montmorency,Asnières-sur-Seine,1,790,False,False,,6930,1001,26
20260729T110432,A2,v3.3-search-gps,2026-07-30T09:00,2026-07-30T20:00,1816171,https://fr.getaround.com/location-voiture/paris/renault-zoe-1816171,Renault ZOE (2019),2019,Getaround Connect,CITADINE,SEGMENT_RULES,ELECTRIQUE,False,63.0,,5.0,6,Asnières-sur-Seine,Paris,Asnières-sur-Seine,1,791,False,False,,11160,1001,26
20260729T110432,A2,v3.3-search-gps,2026-07-30T09:00,2026-07-30T20:00,1859230,https://fr.getaround.com/location-voiture/paris/volvo-ex30-single-extended-range-1859230,Volvo EX30 Single Extended Range (2024),2024,Sur rendez-vous,SUV_FAMILIAL,SEGMENT_RULES,THERMIQUE,False,111.0,,,,Asnières-sur-Seine,Paris,Asnières-sur-Seine,1,792,False,False,,8950,1001,26
20260729T110432,A2,v3.3-search-gps,2026-07-30T09:00,2026-07-30T20:00,1840999,https://fr.getaround.com/location-voiture/paris/renault-clio-1840999,Renault Clio (2015),2015,Sur rendez-vous,CITADINE,SEGMENT_RULES,THERMIQUE,False,60.0,,5.0,3,Asnières-sur-Seine,Paris,Asnières-sur-Seine,1,793,False,False,,10640,1001,26
20260729T110432,A2,v3.3-search-gps,2026-07-30T09:00,2026-07-30T20:00,1540612,https://fr.getaround.com/location-voiture/paris/mercedes-benz-classe-c-coupe-1540612,Mercedes-Benz Classe C Coupé (2013),2013,Sur rendez-vous,BERLINE,SEGMENT_RULES,THERMIQUE,False,115.0,,5.0,2,Asnières-sur-Seine,Paris,Asnières-sur-Seine,1,794,False,False,,9000,1001,26
20260729T110432,A2,v3.3-search-gps,2026-07-30T09:00,2026-07-30T20:00,1796070,https://fr.getaround.com/location-voiture/paris/bmw-x1-1796070,BMW X1 (2017),2017,Sur rendez-vous,SUV_FAMILIAL,SEGMENT_RULES,THERMIQUE,False,117.0,,5.0,1,Asnières-sur-Seine,Paris,Asnières-sur-Seine,1,795,False,False,,7530,1001,26
20260729T110432,A2,v3.3-search-gps,2026-07-30T09:00,2026-07-30T20:00,1587360,https://fr.getaround.com/location-voiture/villeneuve-la-garenne/kia-niro-hybride-1587360,Kia Niro Hybride (2019),2019,Sur rendez-vous,SUV_COMPACT,SEGMENT_RULES,HYBRIDE,False,90.0,,,,Asnières-sur-Seine,Villeneuve La Garenne,Asnières-sur-Seine,1,797,False,False,,3770,1001,26
20260729T110432,A2,v3.3-search-gps,2026-07-30T09:00,2026-07-30T20:00,1769340,https://fr.getaround.com/location-voiture/paris/smart-fortwo-passion-1769340,Smart Fortwo Passion (2019),2019,Getaround Connect,MICRO_CITADINE,SEGMENT_RULES,THERMIQUE,False,53.0,,4.72,18,Asnières-sur-Seine,Paris,Asnières-sur-Seine,1,800,False,False,,11430,1001,26
20260729T110432,A2,v3.3-search-gps,2026-07-30T09:00,2026-07-30T20:00,1911272,https://fr.getaround.com/location-voiture/paris/citroen-c3-1911272,Citroen C3 (2022),2022,Getaround Connect,CITADINE,SEGMENT_RULES,THERMIQUE,False,52.0,,,,Asnières-sur-Seine,Paris,Asnières-sur-Seine,1,802,False,False,,10600,1001,26
20260729T110432,A2,v3.3-search-gps,2026-07-30T09:00,2026-07-30T20:00,963372,https://fr.getaround.com/location-voiture/paris/smart-fortwo-coupe-963372,Smart Fortwo Coupé (2015),2015,Getaround Connect,MICRO_CITADINE,SEGMENT_RULES,THERMIQUE,False,51.0,,4.64,25,Asnières-sur-Seine,Paris,Asnières-sur-Seine,1,804,False,False,,11070,1001,26
20260729T110432,A2,v3.3-search-gps,2026-07-30T09:00,2026-07-30T20:00,1259582,https://fr.getaround.com/location-voiture/paris/peugeot-2008-1259582,Peugeot 2008 (2023),2023,Getaround Connect,SUV_COMPACT,SEGMENT_RULES,THERMIQUE,False,86.0,,4.6,57,Asnières-sur-Seine,Paris,Asnières-sur-Seine,1,805,False,False,,10080,1001,26
20260729T110432,A2,v3.3-search-gps,2026-07-30T09:00,2026-07-30T20:00,1715596,https://fr.getaround.com/location-voiture/paris/citroen-c4-1715596,Citroen C4 (2019),2019,Getaround Connect,COMPACTE,SEGMENT_RULES,THERMIQUE,False,64.0,,3.92,12,Asnières-sur-Seine,Paris,Asnières-sur-Seine,1,806,False,False,,8400,1001,26
20260729T110432,A2,v3.3-search-gps,2026-07-30T09:00,2026-07-30T20:00,1461884,https://fr.getaround.com/location-voiture/paris/renault-megane-estate-1461884,Renault Mégane Estate (2015),2015,Getaround Connect,BREAK,SEGMENT_RULES,THERMIQUE,False,69.0,,4.79,70,Asnières-sur-Seine,Paris,Asnières-sur-Seine,1,808,False,False,,11610,1001,26
20260729T110432,A2,v3.3-search-gps,2026-07-30T09:00,2026-07-30T20:00,689358,https://fr.getaround.com/location-voiture/paris/renault-clio-estate-689358,Renault Clio Estate (2018),2018,Getaround Connect,BREAK,SEGMENT_RULES,THERMIQUE,False,54.0,,3.9,157,Asnières-sur-Seine,Paris,Asnières-sur-Seine,1,809,False,False,,10670,1001,26
20260729T110432,A2,v3.3-search-gps,2026-07-30T09:00,2026-07-30T20:00,1634372,https://fr.getaround.com/location-voiture/paris/opel-corsa-1634372,Opel Corsa (2024),2024,Getaround Connect,CITADINE,SEGMENT_RULES,THERMIQUE,False,73.0,,4.59,39,Asnières-sur-Seine,Paris,Asnières-sur-Seine,1,810,False,False,,10200,1001,26
20260729T110432,A2,v3.3-search-gps,2026-07-30T09:00,2026-07-30T20:00,1765111,https://fr.getaround.com/location-voiture/paris/renault-5-e-tech-1765111,Renault 5 E-Tech (2024),2024,Sur rendez-vous,CITADINE,SEGMENT_RULES,ELECTRIQUE,False,67.0,,5.0,5,Asnières-sur-Seine,Paris,Asnières-sur-Seine,1,814,False,False,,11240,1001,26
20260729T110432,A2,v3.3-search-gps,2026-07-30T09:00,2026-07-30T20:00,1600730,https://fr.getaround.com/location-voiture/paris/peugeot-2008-1600730,Peugeot 2008 (2022),2022,Getaround Connect,SUV_COMPACT,SEGMENT_RULES,THERMIQUE,False,76.0,,3.88,30,Asnières-sur-Seine,Paris,Asnières-sur-Seine,1,815,False,False,,10660,1001,26
20260729T110432,A2,v3.3-search-gps,2026-07-30T09:00,2026-07-30T20:00,1644581,https://fr.getaround.com/location-voiture/paris/renault-clio-1644581,Renault Clio (2015),2015,Getaround Connect,CITADINE,SEGMENT_RULES,THERMIQUE,False,68.0,,4.46,13,Asnières-sur-Seine,Paris,Asnières-sur-Seine,1,817,False,False,,10690,1001,26
20260729T110432,A2,v3.3-search-gps,2026-07-30T09:00,2026-07-30T20:00,1276489,https://fr.getaround.com/location-voiture/levallois-perret/mini-countryman-1276489,Mini Countryman (2010),2010,Sur rendez-vous,SUV_FAMILIAL,SEGMENT_RULES,THERMIQUE,False,83.0,,,,Asnières-sur-Seine,Levallois Perret,Asnières-sur-Seine,1,818,False,False,,2850,1001,26
20260729T110432,A2,v3.3-search-gps,2026-07-30T09:00,2026-07-30T20:00,1909179,https://fr.getaround.com/location-voiture/garges-les-gonesse/peugeot-5008-1909179,Peugeot 5008 (2019),2019,Sur rendez-vous,MONOSPACE,SEGMENT_RULES,THERMIQUE,False,121.0,,,,Asnières-sur-Seine,Garges Les Gonesse,Asnières-sur-Seine,1,819,False,False,,10180,1001,26
20260729T110432,A2,v3.3-search-gps,2026-07-30T09:00,2026-07-30T20:00,1824907,https://fr.getaround.com/location-voiture/argenteuil/opel-adam-1824907,Opel Adam (2016),2016,Sur rendez-vous,CITADINE,SEGMENT_RULES,THERMIQUE,False,60.0,,,,Asnières-sur-Seine,Argenteuil,Asnières-sur-Seine,1,821,False,False,,4970,1001,26
20260729T110432,A2,v3.3-search-gps,2026-07-30T09:00,2026-07-30T20:00,1052264,https://fr.getaround.com/location-voiture/paris/chevrolet-aveo-1052264,Chevrolet Aveo (2012),2012,Sur rendez-vous,CITADINE,SEGMENT_RULES,THERMIQUE,False,71.0,,4.98,32,Asnières-sur-Seine,Paris,Asnières-sur-Seine,1,822,False,False,,6280,1001,26
20260729T110432,A2,v3.3-search-gps,2026-07-30T09:00,2026-07-30T20:00,1764767,https://fr.getaround.com/location-voiture/la-courneuve/nissan-micra-1764767,Nissan Micra (2017),2017,Getaround Connect,CITADINE,SEGMENT_RULES,THERMIQUE,False,62.0,,3.67,3,Asnières-sur-Seine,La Courneuve,Asnières-sur-Seine,1,823,False,False,,7900,1001,26
20260729T110432,A2,v3.3-search-gps,2026-07-30T09:00,2026-07-30T20:00,1642282,https://fr.getaround.com/location-voiture/paris/renault-zoe-1642282,Renault ZOE (2021),2021,Getaround Connect,CITADINE,SEGMENT_RULES,ELECTRIQUE,False,63.0,,4.64,22,Asnières-sur-Seine,Paris,Asnières-sur-Seine,1,824,False,False,,9760,1001,26
20260729T110432,A2,v3.3-search-gps,2026-07-30T09:00,2026-07-30T20:00,1351763,https://fr.getaround.com/location-voiture/paris/peugeot-2008-1351763,Peugeot 2008 (2023),2023,Getaround Connect,SUV_COMPACT,SEGMENT_RULES,THERMIQUE,False,81.0,,4.04,36,Asnières-sur-Seine,Paris,Asnières-sur-Seine,1,826,False,False,,9980,1001,26
20260729T110432,A2,v3.3-search-gps,2026-07-30T09:00,2026-07-30T20:00,1711475,https://fr.getaround.com/location-voiture/ermont/volkswagen-golf-1711475,Volkswagen Golf (2013),2013,Sur rendez-vous,COMPACTE,SEGMENT_RULES,THERMIQUE,False,61.0,,5.0,5,Asnières-sur-Seine,Ermont,Asnières-sur-Seine,1,827,False,False,,9040,1001,26
20260729T110432,A2,v3.3-search-gps,2026-07-30T09:00,2026-07-30T20:00,1413393,https://fr.getaround.com/location-voiture/paris/peugeot-2008-1413393,Peugeot 2008 (2023),2023,Getaround Connect,SUV_COMPACT,SEGMENT_RULES,THERMIQUE,False,86.0,,4.08,66,Asnières-sur-Seine,Paris,Asnières-sur-Seine,1,829,False,False,,7560,1001,26
20260729T110432,A2,v3.3-search-gps,2026-07-30T09:00,2026-07-30T20:00,1600725,https://fr.getaround.com/location-voiture/paris/peugeot-2008-1600725,Peugeot 2008 (2022),2022,Getaround Connect,SUV_COMPACT,SEGMENT_RULES,THERMIQUE,False,76.0,,3.67,27,Asnières-sur-Seine,Paris,Asnières-sur-Seine,1,830,False,False,,9410,1001,26
20260729T110432,A2,v3.3-search-gps,2026-07-30T09:00,2026-07-30T20:00,1722587,https://fr.getaround.com/location-voiture/paris/citroen-c4-cactus-1722587,Citroen C4 Cactus (2019),2019,Getaround Connect,COMPACTE,SEGMENT_RULES,THERMIQUE,False,64.0,,4.0,8,Asnières-sur-Seine,Paris,Asnières-sur-Seine,1,831,False,False,,10970,1001,26
20260729T110432,A2,v3.3-search-gps,2026-07-30T09:00,2026-07-30T20:00,1589887,https://fr.getaround.com/location-voiture/paris/peugeot-2008-1589887,Peugeot 2008 (2023),2023,Getaround Connect,SUV_COMPACT,SEGMENT_RULES,THERMIQUE,False,81.0,,4.45,38,Asnières-sur-Seine,Paris,Asnières-sur-Seine,1,833,False,False,,10520,1001,26
20260729T110432,A2,v3.3-search-gps,2026-07-30T09:00,2026-07-30T20:00,1923372,https://fr.getaround.com/location-voiture/la-courneuve/audi-a1-sportback-tfsi-150-s-tronic-1923372,Audi A1 Sportback TFSI 150 S Tronic (2024),2024,Sur rendez-vous,CITADINE,SEGMENT_RULES,THERMIQUE,False,109.0,,5.0,2,Asnières-sur-Seine,La Courneuve,Asnières-sur-Seine,1,834,False,False,,8390,1001,26
20260729T110432,A2,v3.3-search-gps,2026-07-30T09:00,2026-07-30T20:00,1628212,https://fr.getaround.com/location-voiture/paris/renault-megane-estate-1628212,Renault Mégane Estate (2014),2014,Sur rendez-vous,BREAK,SEGMENT_RULES,THERMIQUE,False,71.0,,4.95,10,Asnières-sur-Seine,Paris,Asnières-sur-Seine,1,835,False,False,,6330,1001,26
20260729T110432,A2,v3.3-search-gps,2026-07-30T09:00,2026-07-30T20:00,1932796,https://fr.getaround.com/location-voiture/enghien-les-bains/audi-a5-sportback-1932796,Audi A5 Sportback (2015),2015,Sur rendez-vous,BERLINE,SEGMENT_RULES,THERMIQUE,False,134.0,,5.0,1,Asnières-sur-Seine,Enghien Les Bains,Asnières-sur-Seine,1,836,False,False,,6300,1001,26
20260729T110432,A2,v3.3-search-gps,2026-07-30T09:00,2026-07-30T20:00,1682097,https://fr.getaround.com/location-voiture/paris/peugeot-308-1682097,Peugeot 308 (2020),2020,Getaround Connect,COMPACTE,SEGMENT_RULES,THERMIQUE,False,58.0,,3.87,31,Asnières-sur-Seine,Paris,Asnières-sur-Seine,1,837,False,False,,12430,1001,26
20260729T110432,A2,v3.3-search-gps,2026-07-30T09:00,2026-07-30T20:00,1301867,https://fr.getaround.com/location-voiture/levallois-perret/tesla-model-3-1301867,Tesla Model 3 (2023),2023,Sur rendez-vous,BERLINE,SEGMENT_RULES,ELECTRIQUE,False,146.0,,5.0,1,Asnières-sur-Seine,Levallois Perret,Asnières-sur-Seine,1,838,False,False,,2150,1001,26
20260729T110432,A2,v3.3-search-gps,2026-07-30T09:00,2026-07-30T20:00,1260862,https://fr.getaround.com/location-voiture/paris/citroen-c4-grand-picasso-1260862,Citroen C4 Grand Picasso (2016),2016,Getaround Connect,COMPACTE,SEGMENT_RULES,THERMIQUE,False,85.0,,4.2,23,Asnières-sur-Seine,Paris,Asnières-sur-Seine,1,840,False,False,,11750,1001,26
20260729T110432,A2,v3.3-search-gps,2026-07-30T09:00,2026-07-30T20:00,1137162,https://fr.getaround.com/location-voiture/paris/peugeot-2008-1137162,Peugeot 2008 (2019),2019,Getaround Connect,SUV_COMPACT,SEGMENT_RULES,THERMIQUE,False,83.0,,4.78,43,Asnières-sur-Seine,Paris,Asnières-sur-Seine,1,841,False,False,,11180,1001,26
20260729T110432,A2,v3.3-search-gps,2026-07-30T09:00,2026-07-30T20:00,1671367,https://fr.getaround.com/location-voiture/paris/peugeot-308-1671367,Peugeot 308 (2020),2020,Getaround Connect,COMPACTE,SEGMENT_RULES,THERMIQUE,False,58.0,,3.45,20,Asnières-sur-Seine,Paris,Asnières-sur-Seine,1,842,False,False,,9090,1001,26
20260729T110432,A2,v3.3-search-gps,2026-07-30T09:00,2026-07-30T20:00,1357639,https://fr.getaround.com/location-voiture/paris/peugeot-2008-1357639,Peugeot 2008 (2023),2023,Getaround Connect,SUV_COMPACT,SEGMENT_RULES,THERMIQUE,False,86.0,,4.13,57,Asnières-sur-Seine,Paris,Asnières-sur-Seine,1,843,False,False,,8390,1001,26
20260729T110432,A2,v3.3-search-gps,2026-07-30T09:00,2026-07-30T20:00,1606446,https://fr.getaround.com/location-voiture/paris/toyota-corolla-hybride-1606446,Toyota Corolla Hybride (2019),2019,Getaround Connect,COMPACTE,SEGMENT_RULES,HYBRIDE,False,90.0,,4.69,8,Asnières-sur-Seine,Paris,Asnières-sur-Seine,1,844,False,False,,11470,1001,26
20260729T110432,A2,v3.3-search-gps,2026-07-30T09:00,2026-07-30T20:00,1445169,https://fr.getaround.com/location-voiture/villeneuve-la-garenne/renault-kangoo-1445169,Renault Kangoo (2014),2014,Sur rendez-vous,UTILITAIRE,SEGMENT_RULES,THERMIQUE,False,70.0,,,,Asnières-sur-Seine,Villeneuve La Garenne,Asnières-sur-Seine,1,845,False,False,,3730,1001,26
20260729T110432,A2,v3.3-search-gps,2026-07-30T09:00,2026-07-30T20:00,1225467,https://fr.getaround.com/location-voiture/aubervilliers/audi-a3-sportback-e-tron-1225467,Audi A3 Sportback e-tron (2015),2015,Sur rendez-vous,COMPACTE,SEGMENT_RULES,THERMIQUE,False,135.0,,5.0,3,Asnières-sur-Seine,Aubervilliers,Asnières-sur-Seine,1,848,False,False,,7330,1001,26
20260729T110432,A2,v3.3-search-gps,2026-07-30T09:00,2026-07-30T20:00,1780188,https://fr.getaround.com/location-voiture/paris/citroen-c3-1780188,Citroen C3 (2020),2020,Getaround Connect,CITADINE,SEGMENT_RULES,THERMIQUE,False,52.0,,3.93,14,Asnières-sur-Seine,Paris,Asnières-sur-Seine,1,849,False,False,,12430,1001,26
20260729T110432,A2,v3.3-search-gps,2026-07-30T09:00,2026-07-30T20:00,1255203,https://fr.getaround.com/location-voiture/pierrefitte-sur-seine/toyota-yaris-cross-1255203,Toyota Yaris Cross (2023),2023,Sur rendez-vous,SUV_COMPACT,SEGMENT_RULES,THERMIQUE,False,90.0,,5.0,11,Asnières-sur-Seine,Pierrefitte Sur Seine,Asnières-sur-Seine,1,850,False,False,,8039,1001,26
20260729T110432,A2,v3.3-search-gps,2026-07-30T09:00,2026-07-30T20:00,1615156,https://fr.getaround.com/location-voiture/herblay-sur-seine/ford-focus-1615156,Ford Focus (2019),2019,Sur rendez-vous,COMPACTE,SEGMENT_RULES,THERMIQUE,False,72.0,,5.0,1,Asnières-sur-Seine,Herblay Sur Seine,Asnières-sur-Seine,1,851,False,False,,11700,1001,26
20260729T110432,A2,v3.3-search-gps,2026-07-30T09:00,2026-07-30T20:00,1437783,https://fr.getaround.com/location-voiture/paris/ds-3-1437783,DS 3 (2019),2019,Sur rendez-vous,CITADINE,SEGMENT_RULES,THERMIQUE,False,84.0,,,,Asnières-sur-Seine,Paris,Asnières-sur-Seine,1,854,False,False,,7410,1001,26
20260729T110432,A2,v3.3-search-gps,2026-07-30T09:00,2026-07-30T20:00,1632671,https://fr.getaround.com/location-voiture/paris/renault-twingo-iii-1632671,Renault Twingo III (2018),2018,Getaround Connect,CITADINE,SEGMENT_RULES,THERMIQUE,False,70.0,,4.93,28,Asnières-sur-Seine,Paris,Asnières-sur-Seine,1,856,False,False,,11510,1001,26
20260729T110432,A2,v3.3-search-gps,2026-07-30T09:00,2026-07-30T20:00,1524973,https://fr.getaround.com/location-voiture/neuilly-sur-seine/renault-zoe-1524973,Renault ZOE (2018),2018,Sur rendez-vous,CITADINE,SEGMENT_RULES,ELECTRIQUE,False,67.0,,4.0,1,Asnières-sur-Seine,Neuilly Sur Seine,Asnières-sur-Seine,1,857,False,False,,3150,1001,26
20260729T110432,A2,v3.3-search-gps,2026-07-30T09:00,2026-07-30T20:00,1885100,https://fr.getaround.com/location-voiture/garges-les-gonesse/toyota-auris-1885100,Toyota Auris (2013),2013,Sur rendez-vous,COMPACTE,SEGMENT_RULES,THERMIQUE,False,68.0,,,,Asnières-sur-Seine,Garges Les Gonesse,Asnières-sur-Seine,1,860,False,False,,10300,1001,26
20260729T110432,A2,v3.3-search-gps,2026-07-30T09:00,2026-07-30T20:00,1671131,https://fr.getaround.com/location-voiture/paris/mitsubishi-space-star-1671131,Mitsubishi Space Star (2019),2019,Sur rendez-vous,CITADINE,SEGMENT_RULES,THERMIQUE,False,67.0,,5.0,13,Asnières-sur-Seine,Paris,Asnières-sur-Seine,1,862,False,False,,9060,1001,26
20260729T110432,A2,v3.3-search-gps,2026-07-30T09:00,2026-07-30T20:00,1931044,https://fr.getaround.com/location-voiture/paris/dacia-sandero-1931044,Dacia Sandero (2016),2016,Sur rendez-vous,CITADINE,SEGMENT_RULES,THERMIQUE,False,47.0,,5.0,1,Asnières-sur-Seine,Paris,Asnières-sur-Seine,1,863,False,False,,11720,1001,26
20260729T110432,A2,v3.3-search-gps,2026-07-30T09:00,2026-07-30T20:00,1905385,https://fr.getaround.com/location-voiture/pantin/peugeot-5008-1905385,Peugeot 5008 (2025),2025,Sur rendez-vous,MONOSPACE,SEGMENT_RULES,THERMIQUE,False,148.0,,,,Asnières-sur-Seine,Pantin,Asnières-sur-Seine,1,865,False,False,,8830,1001,26
20260729T110432,A2,v3.3-search-gps,2026-07-30T09:00,2026-07-30T20:00,1312071,https://fr.getaround.com/location-voiture/cormeilles-en-parisis/kia-picanto-1312071,Kia Picanto (2017),2017,Sur rendez-vous,CITADINE,SEGMENT_RULES,THERMIQUE,False,81.0,,5.0,10,Asnières-sur-Seine,Cormeilles En Parisis,Asnières-sur-Seine,1,866,False,False,,8830,1001,26
20260729T110432,A2,v3.3-search-gps,2026-07-30T09:00,2026-07-30T20:00,1707041,https://fr.getaround.com/location-voiture/paris/renault-clio-1707041,Renault Clio (2013),2013,Sur rendez-vous,CITADINE,SEGMENT_RULES,THERMIQUE,False,58.0,,4.5,8,Asnières-sur-Seine,Paris,Asnières-sur-Seine,1,867,False,False,,6760,1001,26
20260729T110432,A2,v3.3-search-gps,2026-07-30T09:00,2026-07-30T20:00,1900490,https://fr.getaround.com/location-voiture/eaubonne/ds-7-1900490,DS 7 (2019),2019,Sur rendez-vous,SUV_FAMILIAL,SEGMENT_RULES,THERMIQUE,False,136.0,,,,Asnières-sur-Seine,Eaubonne,Asnières-sur-Seine,1,868,False,False,,8230,1001,26
20260729T110432,A2,v3.3-search-gps,2026-07-30T09:00,2026-07-30T20:00,1231863,https://fr.getaround.com/location-voiture/paris/peugeot-2008-1231863,Peugeot 2008 (2023),2023,Getaround Connect,SUV_COMPACT,SEGMENT_RULES,THERMIQUE,False,86.0,,4.73,46,Asnières-sur-Seine,Paris,Asnières-sur-Seine,1,870,False,False,,11430,1001,26
20260729T110432,A2,v3.3-search-gps,2026-07-30T09:00,2026-07-30T20:00,1664243,https://fr.getaround.com/location-voiture/saint-denis/citroen-c3-1664243,Citroen C3 (2016),2016,Sur rendez-vous,CITADINE,SEGMENT_RULES,THERMIQUE,False,59.0,,,,Asnières-sur-Seine,Saint Denis,Asnières-sur-Seine,1,871,False,False,,5820,1001,26
20260729T110432,A2,v3.3-search-gps,2026-07-30T09:00,2026-07-30T20:00,1589881,https://fr.getaround.com/location-voiture/paris/peugeot-2008-1589881,Peugeot 2008 (2023),2023,Getaround Connect,SUV_COMPACT,SEGMENT_RULES,THERMIQUE,False,81.0,,4.14,32,Asnières-sur-Seine,Paris,Asnières-sur-Seine,1,872,False,False,,10650,1001,26
20260729T110432,A2,v3.3-search-gps,2026-07-30T09:00,2026-07-30T20:00,1665175,https://fr.getaround.com/location-voiture/paris/peugeot-208-1665175,Peugeot 208 (2020),2020,Getaround Connect,CITADINE,SEGMENT_RULES,THERMIQUE,False,58.0,,3.03,29,Asnières-sur-Seine,Paris,Asnières-sur-Seine,1,874,False,False,,8010,1001,26
20260729T110432,A2,v3.3-search-gps,2026-07-30T09:00,2026-07-30T20:00,1936536,https://fr.getaround.com/location-voiture/eaubonne/renault-clio-1936536,Renault Clio (2024),2024,Sur rendez-vous,CITADINE,SEGMENT_RULES,THERMIQUE,False,63.0,,,,Asnières-sur-Seine,Eaubonne,Asnières-sur-Seine,1,875,False,False,,8480,1001,26
20260729T110432,A2,v3.3-search-gps,2026-07-30T09:00,2026-07-30T20:00,1697028,https://fr.getaround.com/location-voiture/franconville/renault-twingo-1697028,Renault Twingo (2014),2014,Sur rendez-vous,CITADINE,SEGMENT_RULES,THERMIQUE,False,46.0,,5.0,1,Asnières-sur-Seine,Franconville,Asnières-sur-Seine,1,876,False,False,,9500,1001,26
20260729T110432,A2,v3.3-search-gps,2026-07-30T09:00,2026-07-30T20:00,1856808,https://fr.getaround.com/location-voiture/deuil-la-barre/byd-seal-excellence-awd-1856808,BYD SEAL Excellence-AWD (2025),2025,Sur rendez-vous,BERLINE,SEGMENT_RULES,THERMIQUE,False,131.0,,,,Asnières-sur-Seine,Deuil La Barre,Asnières-sur-Seine,1,878,False,False,,5600,1001,26
20260729T110432,A2,v3.3-search-gps,2026-07-30T09:00,2026-07-30T20:00,1380634,https://fr.getaround.com/location-voiture/villeneuve-la-garenne/citroen-c4-picasso-1380634,Citroen C4 Picasso (2015),2015,Sur rendez-vous,MONOSPACE,SEGMENT_RULES,THERMIQUE,False,124.0,,5.0,4,Asnières-sur-Seine,Villeneuve La Garenne,Asnières-sur-Seine,1,879,False,False,,3400,1001,26
20260729T110432,A2,v3.3-search-gps,2026-07-30T09:00,2026-07-30T20:00,1237239,https://fr.getaround.com/location-voiture/paris/peugeot-2008-1237239,Peugeot 2008 (2023),2023,Getaround Connect,SUV_COMPACT,SEGMENT_RULES,THERMIQUE,False,83.0,,4.58,37,Asnières-sur-Seine,Paris,Asnières-sur-Seine,1,880,False,False,,11330,1001,26
20260729T110432,A2,v3.3-search-gps,2026-07-30T09:00,2026-07-30T20:00,1885666,https://fr.getaround.com/location-voiture/paris/renault-clio-estate-1885666,Renault Clio Estate (2015),2015,Getaround Connect,BREAK,SEGMENT_RULES,THERMIQUE,False,60.0,,3.38,8,Asnières-sur-Seine,Paris,Asnières-sur-Seine,1,881,False,False,,11680,1001,26
20260729T110432,A2,v3.3-search-gps,2026-07-30T09:00,2026-07-30T20:00,848890,https://fr.getaround.com/location-voiture/argenteuil/volkswagen-polo-848890,Volkswagen Polo (2018),2018,Sur rendez-vous,CITADINE,SEGMENT_RULES,THERMIQUE,False,92.0,,5.0,2,Asnières-sur-Seine,Argenteuil,Asnières-sur-Seine,1,882,False,False,,3890,1001,26
20260729T110432,A2,v3.3-search-gps,2026-07-30T09:00,2026-07-30T20:00,1916099,https://fr.getaround.com/location-voiture/epinay-sur-seine/mini-cooper-5-portes-1916099,Mini Cooper 5 portes (2020),2020,Sur rendez-vous,CITADINE,SEGMENT_RULES,THERMIQUE,False,63.0,,,,Asnières-sur-Seine,Epinay Sur Seine,Asnières-sur-Seine,1,883,False,False,,5270,1001,26
20260729T110432,A2,v3.3-search-gps,2026-07-30T09:00,2026-07-30T20:00,1848820,https://fr.getaround.com/location-voiture/paris/citroen-c3-1848820,Citroen C3 (2018),2018,Sur rendez-vous,CITADINE,SEGMENT_RULES,THERMIQUE,False,67.0,,,,Asnières-sur-Seine,Paris,Asnières-sur-Seine,1,885,False,False,,6920,1001,26
20260729T110432,A2,v3.3-search-gps,2026-07-30T09:00,2026-07-30T20:00,1461269,https://fr.getaround.com/location-voiture/paris/mercedes-benz-classe-a-1461269,Mercedes-Benz Classe A (2017),2017,Sur rendez-vous,COMPACTE,SEGMENT_RULES,THERMIQUE,False,143.0,,5.0,7,Asnières-sur-Seine,Paris,Asnières-sur-Seine,1,886,False,False,,10600,1001,26
20260729T110432,A2,v3.3-search-gps,2026-07-30T09:00,2026-07-30T20:00,1324423,https://fr.getaround.com/location-voiture/paris/toyota-rav-4-hybride-1324423,Toyota RAV 4 Hybride (2022),2022,Sur rendez-vous,SUV_FAMILIAL,SEGMENT_RULES,HYBRIDE,False,103.0,,5.0,1,Asnières-sur-Seine,Paris,Asnières-sur-Seine,1,889,False,False,,6050,1001,26
20260729T110432,A2,v3.3-search-gps,2026-07-30T09:00,2026-07-30T20:00,1618877,https://fr.getaround.com/location-voiture/pantin/toyota-yaris-1618877,Toyota Yaris (2011),2011,Sur rendez-vous,CITADINE,SEGMENT_RULES,THERMIQUE,False,63.0,,,,Asnières-sur-Seine,Pantin,Asnières-sur-Seine,1,890,False,False,,9280,1001,26
20260729T110432,A2,v3.3-search-gps,2026-07-30T09:00,2026-07-30T20:00,1139054,https://fr.getaround.com/location-voiture/paris/peugeot-2008-1139054,Peugeot 2008 (2021),2021,Getaround Connect,SUV_COMPACT,SEGMENT_RULES,THERMIQUE,False,76.0,,3.72,71,Asnières-sur-Seine,Paris,Asnières-sur-Seine,1,891,False,False,,10550,1001,26
20260729T110432,A2,v3.3-search-gps,2026-07-30T09:00,2026-07-30T20:00,1745279,https://fr.getaround.com/location-voiture/villeneuve-la-garenne/renault-megane-iv-1745279,Renault Mégane IV (2017),2017,Sur rendez-vous,COMPACTE,SEGMENT_RULES,THERMIQUE,False,84.0,,,,Asnières-sur-Seine,Villeneuve La Garenne,Asnières-sur-Seine,1,892,False,False,,3830,1001,26
20260729T110432,A2,v3.3-search-gps,2026-07-30T09:00,2026-07-30T20:00,1795325,https://fr.getaround.com/location-voiture/paris/renault-megane-e-tech-electrique-1795325,Renault Mégane E-tech Électrique (2022),2022,Sur rendez-vous,COMPACTE,SEGMENT_RULES,ELECTRIQUE,False,88.0,,5.0,2,Asnières-sur-Seine,Paris,Asnières-sur-Seine,1,893,False,False,,7760,1001,26
20260729T110432,A2,v3.3-search-gps,2026-07-30T09:00,2026-07-30T20:00,1691765,https://fr.getaround.com/location-voiture/argenteuil/citroen-c3-aircross-1691765,Citroen C3 Aircross (2019),2019,Sur rendez-vous,CITADINE,SEGMENT_RULES,THERMIQUE,False,97.0,,5.0,2,Asnières-sur-Seine,Argenteuil,Asnières-sur-Seine,1,896,False,False,,5420,1001,26
20260729T110432,A2,v3.3-search-gps,2026-07-30T09:00,2026-07-30T20:00,1357745,https://fr.getaround.com/location-voiture/paris/peugeot-2008-1357745,Peugeot 2008 (2023),2023,Getaround Connect,SUV_COMPACT,SEGMENT_RULES,THERMIQUE,False,86.0,,4.31,54,Asnières-sur-Seine,Paris,Asnières-sur-Seine,1,898,False,False,,11270,1001,26
20260729T110432,A2,v3.3-search-gps,2026-07-30T09:00,2026-07-30T20:00,1487613,https://fr.getaround.com/location-voiture/saint-gratien/peugeot-e-2008-1487613,Peugeot e-2008 (2024),2024,Sur rendez-vous,SUV_COMPACT,SEGMENT_RULES,THERMIQUE,False,96.0,,,,Asnières-sur-Seine,Saint Gratien,Asnières-sur-Seine,1,900,False,False,,4960,1001,26
20260729T110432,A2,v3.3-search-gps,2026-07-30T09:00,2026-07-30T20:00,1917332,https://fr.getaround.com/location-voiture/drancy/renault-clio-1917332,Renault Clio (2018),2018,Sur rendez-vous,CITADINE,SEGMENT_RULES,THERMIQUE,False,64.0,,,,Asnières-sur-Seine,Drancy,Asnières-sur-Seine,1,903,False,False,,9900,1001,26
20260729T110432,A2,v3.3-search-gps,2026-07-30T09:00,2026-07-30T20:00,1790976,https://fr.getaround.com/location-voiture/sartrouville/toyota-yaris-1790976,Toyota Yaris (2012),2012,Sur rendez-vous,CITADINE,SEGMENT_RULES,THERMIQUE,False,49.0,,,,Asnières-sur-Seine,Sartrouville,Asnières-sur-Seine,1,904,False,False,,7160,1001,26
20260729T110432,A2,v3.3-search-gps,2026-07-30T09:00,2026-07-30T20:00,1723737,https://fr.getaround.com/location-voiture/ermont/bmw-serie-3-1723737,BMW Série 3 (2017),2017,Sur rendez-vous,BERLINE,SEGMENT_RULES,THERMIQUE,False,106.0,,,,Asnières-sur-Seine,Ermont,Asnières-sur-Seine,1,906,False,False,,8380,1001,26
20260729T110432,A2,v3.3-search-gps,2026-07-30T09:00,2026-07-30T20:00,1447499,https://fr.getaround.com/location-voiture/chatou/ford-puma-1447499,Ford Puma (2021),2021,Sur rendez-vous,SUV_COMPACT,SEGMENT_RULES,THERMIQUE,False,55.0,,4.56,9,Asnières-sur-Seine,Chatou,Asnières-sur-Seine,1,907,False,False,,9370,1001,26
20260729T110432,A2,v3.3-search-gps,2026-07-30T09:00,2026-07-30T20:00,1938147,https://fr.getaround.com/location-voiture/saint-denis/peugeot-308-gt-1938147,Peugeot 308 GT (2023),2023,Sur rendez-vous,COMPACTE,SEGMENT_RULES,THERMIQUE,False,113.0,,,,Asnières-sur-Seine,Saint Denis,Asnières-sur-Seine,1,909,False,False,,5330,1001,26
20260729T110432,A2,v3.3-search-gps,2026-07-30T09:00,2026-07-30T20:00,1714311,https://fr.getaround.com/location-voiture/paris/opel-crossland-1714311,Opel Crossland (2020),2020,Sur rendez-vous,SUV_COMPACT,SEGMENT_RULES,THERMIQUE,False,55.0,,5.0,5,Asnières-sur-Seine,Paris,Asnières-sur-Seine,1,910,False,False,,11050,1001,26
20260729T110432,A2,v3.3-search-gps,2026-07-30T09:00,2026-07-30T20:00,1343756,https://fr.getaround.com/location-voiture/paris/skoda-citigo-1343756,Skoda Citigo (2013),2013,Getaround Connect,CITADINE,SEGMENT_RULES,THERMIQUE,False,68.0,,4.5,30,Asnières-sur-Seine,Paris,Asnières-sur-Seine,1,911,False,False,,10690,1001,26
20260729T110432,A2,v3.3-search-gps,2026-07-30T09:00,2026-07-30T20:00,1769264,https://fr.getaround.com/location-voiture/soisy-sous-montmorency/fiat-500-1769264,Fiat 500 (2020),2020,Sur rendez-vous,CITADINE,SEGMENT_RULES,THERMIQUE,False,54.0,,5.0,1,Asnières-sur-Seine,Soisy Sous Montmorency,Asnières-sur-Seine,1,912,False,False,,8290,1001,26
20260729T110432,A2,v3.3-search-gps,2026-07-30T09:00,2026-07-30T20:00,1096727,https://fr.getaround.com/location-voiture/ermont/mazda-2-1096727,Mazda 2 (2013),2013,Sur rendez-vous,COMPACTE,SEGMENT_RULES,THERMIQUE,False,65.0,,,,Asnières-sur-Seine,Ermont,Asnières-sur-Seine,1,914,False,False,,7470,1001,26
20260729T110432,A2,v3.3-search-gps,2026-07-30T09:00,2026-07-30T20:00,1934964,https://fr.getaround.com/location-voiture/garges-les-gonesse/nissan-juke-1934964,Nissan Juke (2012),2012,Sur rendez-vous,SUV_COMPACT,SEGMENT_RULES,THERMIQUE,False,66.0,,,,Asnières-sur-Seine,Garges Les Gonesse,Asnières-sur-Seine,1,916,False,False,,10300,1001,26
20260729T110432,A2,v3.3-search-gps,2026-07-30T09:00,2026-07-30T20:00,1511616,https://fr.getaround.com/location-voiture/paris/fiat-500-x-1511616,Fiat 500 X (2015),2015,Sur rendez-vous,CITADINE,SEGMENT_RULES,THERMIQUE,False,75.0,,,,Asnières-sur-Seine,Paris,Asnières-sur-Seine,1,918,False,False,,3690,1001,26
20260729T110432,A2,v3.3-search-gps,2026-07-30T09:00,2026-07-30T20:00,1780899,https://fr.getaround.com/location-voiture/nanterre/mercedes-benz-classe-a-180-1780899,Mercedes-Benz Classe A 180 (2020),2020,Sur rendez-vous,COMPACTE,SEGMENT_RULES,THERMIQUE,False,125.0,,,,Asnières-sur-Seine,Nanterre,Asnières-sur-Seine,1,921,False,False,,5300,1001,26
20260729T110432,A2,v3.3-search-gps,2026-07-30T09:00,2026-07-30T20:00,1531263,https://fr.getaround.com/location-voiture/suresnes/peugeot-107-1531263,Peugeot 107 (2012),2012,Sur rendez-vous,MICRO_CITADINE,SEGMENT_RULES,THERMIQUE,False,52.0,,,,Asnières-sur-Seine,Suresnes,Asnières-sur-Seine,1,922,False,False,,7390,1001,26
20260729T110432,A2,v3.3-search-gps,2026-07-30T09:00,2026-07-30T20:00,1686343,https://fr.getaround.com/location-voiture/saint-denis/toyota-c-hr-hybrid-1686343,Toyota C-HR Hybrid (2018),2018,Sur rendez-vous,SUV_COMPACT,SEGMENT_RULES,HYBRIDE,False,94.0,,5.0,4,Asnières-sur-Seine,Saint Denis,Asnières-sur-Seine,1,923,False,False,,6550,1001,26
20260729T110432,A2,v3.3-search-gps,2026-07-30T09:00,2026-07-30T20:00,1172994,https://fr.getaround.com/location-voiture/courbevoie/dacia-lodgy-1172994,Dacia Lodgy (2014),2014,Sur rendez-vous,MONOSPACE,SEGMENT_RULES,THERMIQUE,False,84.0,,1.0,1,Asnières-sur-Seine,Courbevoie,Asnières-sur-Seine,1,924,False,False,,1680,1001,26
20260729T110432,A2,v3.3-search-gps,2026-07-30T09:00,2026-07-30T20:00,1303570,https://fr.getaround.com/location-voiture/courbevoie/chevrolet-cruze-1303570,Chevrolet Cruze (2014),2014,Sur rendez-vous,BERLINE,SEGMENT_RULES,THERMIQUE,False,102.0,,,,Asnières-sur-Seine,Courbevoie,Asnières-sur-Seine,1,925,False,False,,3950,1001,26
20260729T110432,A2,v3.3-search-gps,2026-07-30T09:00,2026-07-30T20:00,1780352,https://fr.getaround.com/location-voiture/aubervilliers/hyundai-kona-1780352,Hyundai Kona (2020),2020,Sur rendez-vous,SUV_COMPACT,SEGMENT_RULES,THERMIQUE,False,84.0,,,,Asnières-sur-Seine,Aubervilliers,Asnières-sur-Seine,1,928,False,False,,6160,1001,26
20260729T110432,A2,v3.3-search-gps,2026-07-30T09:00,2026-07-30T20:00,1835621,https://fr.getaround.com/location-voiture/paris/mg-mg4-1835621,MG MG4 (2023),2023,Sur rendez-vous,COMPACTE,SEGMENT_RULES,THERMIQUE,False,71.0,,1.0,1,Asnières-sur-Seine,Paris,Asnières-sur-Seine,1,930,False,False,,11520,1001,26
20260729T110432,A2,v3.3-search-gps,2026-07-30T09:00,2026-07-30T20:00,1928072,https://fr.getaround.com/location-voiture/eaubonne/smart-fortwo-passion-1928072,Smart Fortwo Passion (2015),2015,Sur rendez-vous,MICRO_CITADINE,SEGMENT_RULES,THERMIQUE,False,72.0,,,,Asnières-sur-Seine,Eaubonne,Asnières-sur-Seine,1,931,False,False,,8690,1001,26
20260729T110432,A2,v3.3-search-gps,2026-07-30T09:00,2026-07-30T20:00,1924697,https://fr.getaround.com/location-voiture/paris/citroen-c4-picasso-1924697,Citroen C4 Picasso (2017),2017,Sur rendez-vous,MONOSPACE,SEGMENT_RULES,THERMIQUE,False,80.0,,5.0,2,Asnières-sur-Seine,Paris,Asnières-sur-Seine,1,934,False,False,,10700,1001,26
20260729T110432,A2,v3.3-search-gps,2026-07-30T09:00,2026-07-30T20:00,1520248,https://fr.getaround.com/location-voiture/la-garenne-colombes/renault-grand-modus-1520248,Renault Grand Modus (2012),2012,Sur rendez-vous,MONOSPACE,SEGMENT_RULES,THERMIQUE,False,58.0,,2.0,1,Asnières-sur-Seine,La Garenne Colombes,Asnières-sur-Seine,1,936,False,False,,3750,1001,26
20260729T110432,A2,v3.3-search-gps,2026-07-30T09:00,2026-07-30T20:00,1757363,https://fr.getaround.com/location-voiture/epinay-sur-seine/peugeot-2008-1757363,Peugeot 2008 (2021),2021,Sur rendez-vous,SUV_COMPACT,SEGMENT_RULES,THERMIQUE,False,79.0,,,,Asnières-sur-Seine,Epinay Sur Seine,Asnières-sur-Seine,1,939,False,False,,5060,1001,26
20260729T110432,A2,v3.3-search-gps,2026-07-30T09:00,2026-07-30T20:00,1766052,https://fr.getaround.com/location-voiture/paris/opel-crossland-1766052,Opel Crossland (2019),2019,Sur rendez-vous,SUV_COMPACT,SEGMENT_RULES,THERMIQUE,False,69.0,,,,Asnières-sur-Seine,Paris,Asnières-sur-Seine,1,941,False,False,,7130,1001,26
20260729T110432,A2,v3.3-search-gps,2026-07-30T09:00,2026-07-30T20:00,1725848,https://fr.getaround.com/location-voiture/villetaneuse/renault-grand-espace-1725848,Renault Grand Espace (2016),2016,Sur rendez-vous,MONOSPACE,SEGMENT_RULES,THERMIQUE,False,170.0,,5.0,3,Asnières-sur-Seine,Villetaneuse,Asnières-sur-Seine,1,943,False,False,,6550,1001,26
20260729T110432,A2,v3.3-search-gps,2026-07-30T09:00,2026-07-30T20:00,1634766,https://fr.getaround.com/location-voiture/saint-ouen-sur-seine/renault-captur-1634766,Renault Captur (2023),2023,Sur rendez-vous,SUV_COMPACT,SEGMENT_RULES,THERMIQUE,False,116.0,,5.0,4,Asnières-sur-Seine,Saint Ouen Sur Seine,Asnières-sur-Seine,1,944,False,False,,3450,1001,26
20260729T110432,A2,v3.3-search-gps,2026-07-30T09:00,2026-07-30T20:00,1912835,https://fr.getaround.com/location-voiture/argenteuil/peugeot-e-3008-gt-1912835,Peugeot E-3008 GT (2025),2025,Sur rendez-vous,SUV_FAMILIAL,SEGMENT_RULES,THERMIQUE,False,195.0,,,,Asnières-sur-Seine,Argenteuil,Asnières-sur-Seine,1,946,False,False,,5490,1001,26
20260729T110432,A2,v3.3-search-gps,2026-07-30T09:00,2026-07-30T20:00,1760761,https://fr.getaround.com/location-voiture/paris/toyota-corolla-1760761,Toyota Corolla (2019),2019,Sur rendez-vous,COMPACTE,SEGMENT_RULES,THERMIQUE,False,88.0,,5.0,1,Asnières-sur-Seine,Paris,Asnières-sur-Seine,1,948,False,False,,11860,1001,26
20260729T110432,A2,v3.3-search-gps,2026-07-30T09:00,2026-07-30T20:00,1922738,https://fr.getaround.com/location-voiture/saint-denis/smart-fortwo-passion-1922738,Smart Fortwo Passion (2015),2015,Sur rendez-vous,MICRO_CITADINE,SEGMENT_RULES,THERMIQUE,False,46.0,,5.0,1,Asnières-sur-Seine,Saint Denis,Asnières-sur-Seine,1,949,False,False,,4790,1001,26
20260729T110432,A2,v3.3-search-gps,2026-07-30T09:00,2026-07-30T20:00,1882472,https://fr.getaround.com/location-voiture/paris/audi-a3-sportback-tfsi-e-1882472,Audi A3 Sportback TFSI e (2026),2026,Sur rendez-vous,COMPACTE,SEGMENT_RULES,THERMIQUE,False,149.0,,,,Asnières-sur-Seine,Paris,Asnières-sur-Seine,1,953,False,False,,7980,1001,26
20260729T110432,A2,v3.3-search-gps,2026-07-30T09:00,2026-07-30T20:00,1910635,https://fr.getaround.com/location-voiture/paris/suzuki-ignis-1910635,Suzuki Ignis (2017),2017,Sur rendez-vous,MICRO_CITADINE,SEGMENT_RULES,THERMIQUE,False,98.0,,5.0,1,Asnières-sur-Seine,Paris,Asnières-sur-Seine,1,954,False,False,,11840,1001,26
20260729T110432,A2,v3.3-search-gps,2026-07-30T09:00,2026-07-30T20:00,1887161,https://fr.getaround.com/location-voiture/aubervilliers/renault-clio-1887161,Renault Clio (2017),2017,Sur rendez-vous,CITADINE,SEGMENT_RULES,THERMIQUE,False,62.0,,3.0,1,Asnières-sur-Seine,Aubervilliers,Asnières-sur-Seine,1,955,False,False,,6940,1001,26
20260729T110432,A2,v3.3-search-gps,2026-07-30T09:00,2026-07-30T20:00,1820887,https://fr.getaround.com/location-voiture/cormeilles-en-parisis/toyota-c-hr-hybrid-1820887,Toyota C-HR Hybrid (2018),2018,Sur rendez-vous,SUV_COMPACT,SEGMENT_RULES,HYBRIDE,False,98.0,,,,Asnières-sur-Seine,Cormeilles En Parisis,Asnières-sur-Seine,1,958,False,False,,7930,1001,26
20260729T110432,A2,v3.3-search-gps,2026-07-30T09:00,2026-07-30T20:00,1885241,https://fr.getaround.com/location-voiture/saint-denis/citroen-c1-1885241,Citroen C1 (2018),2018,Sur rendez-vous,MICRO_CITADINE,SEGMENT_RULES,THERMIQUE,False,55.0,,4.0,1,Asnières-sur-Seine,Saint Denis,Asnières-sur-Seine,1,962,False,False,,7700,1001,26
20260729T110432,A2,v3.3-search-gps,2026-07-30T09:00,2026-07-30T20:00,940731,https://fr.getaround.com/location-voiture/paris/dacia-spring-940731,Dacia Spring (2020),2020,Getaround Connect,COMPACTE,SEGMENT_RULES,THERMIQUE,False,45.0,,3.33,100,Asnières-sur-Seine,Paris,Asnières-sur-Seine,1,963,False,False,,10180,1001,26
20260729T110432,A2,v3.3-search-gps,2026-07-30T09:00,2026-07-30T20:00,1929623,https://fr.getaround.com/location-voiture/montmorency/renault-clio-1929623,Renault Clio (2021),2021,Sur rendez-vous,CITADINE,SEGMENT_RULES,THERMIQUE,False,110.0,,,,Asnières-sur-Seine,Montmorency,Asnières-sur-Seine,1,965,False,False,,9040,1001,26
20260729T110432,A2,v3.3-search-gps,2026-07-30T09:00,2026-07-30T20:00,1651589,https://fr.getaround.com/location-voiture/paris/volkswagen-t-roc-1651589,Volkswagen T-Roc (2024),2024,Sur rendez-vous,SUV_COMPACT,SEGMENT_RULES,THERMIQUE,False,130.0,,5.0,1,Asnières-sur-Seine,Paris,Asnières-sur-Seine,1,967,False,False,,6700,1001,26
20260729T110432,A2,v3.3-search-gps,2026-07-30T09:00,2026-07-30T20:00,1817194,https://fr.getaround.com/location-voiture/villiers-le-bel/renault-captur-1817194,Renault Captur (2018),2018,Sur rendez-vous,SUV_COMPACT,SEGMENT_RULES,THERMIQUE,False,97.0,,5.0,3,Asnières-sur-Seine,Villiers Le Bel,Asnières-sur-Seine,1,968,False,False,,12270,1001,26
20260729T110432,A2,v3.3-search-gps,2026-07-30T09:00,2026-07-30T20:00,1188348,https://fr.getaround.com/location-voiture/saint-denis/volkswagen-golf-1188348,Volkswagen Golf (2018),2018,Sur rendez-vous,COMPACTE,SEGMENT_RULES,THERMIQUE,False,112.0,,,,Asnières-sur-Seine,Saint Denis,Asnières-sur-Seine,1,969,False,False,,6320,1001,26
20260729T110432,A2,v3.3-search-gps,2026-07-30T09:00,2026-07-30T20:00,1439231,https://fr.getaround.com/location-voiture/paris/citroen-c3-1439231,Citroen C3 (2011),2011,Sur rendez-vous,CITADINE,SEGMENT_RULES,THERMIQUE,False,121.0,,,,Asnières-sur-Seine,Paris,Asnières-sur-Seine,1,970,False,False,,4010,1001,26
20260729T110432,A2,v3.3-search-gps,2026-07-30T09:00,2026-07-30T20:00,1699336,https://fr.getaround.com/location-voiture/paris/opel-crossland-1699336,Opel Crossland (2023),2023,Getaround Connect,SUV_COMPACT,SEGMENT_RULES,THERMIQUE,False,63.0,,1.8,10,Asnières-sur-Seine,Paris,Asnières-sur-Seine,1,973,False,False,,5320,1001,26
20260729T110432,A2,v3.3-search-gps,2026-07-30T09:00,2026-07-30T20:00,1769851,https://fr.getaround.com/location-voiture/pantin/peugeot-308-gt-1769851,Peugeot 308 GT (2014),2014,Sur rendez-vous,COMPACTE,SEGMENT_RULES,THERMIQUE,False,98.0,,,,Asnières-sur-Seine,Pantin,Asnières-sur-Seine,1,975,False,False,,8029,1001,26
20260729T110432,A2,v3.3-search-gps,2026-07-30T09:00,2026-07-30T20:00,1712339,https://fr.getaround.com/location-voiture/saint-denis/peugeot-308-1712339,Peugeot 308 (2024),2024,Sur rendez-vous,COMPACTE,SEGMENT_RULES,THERMIQUE,False,109.0,,,,Asnières-sur-Seine,Saint Denis,Asnières-sur-Seine,1,976,False,False,,7350,1001,26
20260729T110432,A2,v3.3-search-gps,2026-07-30T09:00,2026-07-30T20:00,1768760,https://fr.getaround.com/location-voiture/paris/tesla-model-y-1768760,Tesla Model Y (2022),2022,Sur rendez-vous,SUV_FAMILIAL,SEGMENT_RULES,ELECTRIQUE,False,167.0,,,,Asnières-sur-Seine,Paris,Asnières-sur-Seine,1,979,False,False,,5550,1001,26
20260729T110432,A2,v3.3-search-gps,2026-07-30T09:00,2026-07-30T20:00,1495728,https://fr.getaround.com/location-voiture/pantin/renault-megane-e-tech-electrique-1495728,Renault Mégane E-tech Électrique (2024),2024,Sur rendez-vous,COMPACTE,SEGMENT_RULES,ELECTRIQUE,False,95.0,,,,Asnières-sur-Seine,Pantin,Asnières-sur-Seine,1,980,False,False,,8740,1001,26
20260729T110432,A2,v3.3-search-gps,2026-07-30T09:00,2026-07-30T20:00,1434993,https://fr.getaround.com/location-voiture/paris/renault-clio-1434993,Renault Clio (2018),2018,Sur rendez-vous,CITADINE,SEGMENT_RULES,THERMIQUE,False,104.0,,5.0,2,Asnières-sur-Seine,Paris,Asnières-sur-Seine,1,981,False,False,,7710,1001,26
20260729T110432,A2,v3.3-search-gps,2026-07-30T09:00,2026-07-30T20:00,1793212,https://fr.getaround.com/location-voiture/la-frette-sur-seine/peugeot-208-1793212,Peugeot 208 (2012),2012,Sur rendez-vous,CITADINE,SEGMENT_RULES,THERMIQUE,False,52.0,,,,Asnières-sur-Seine,La Frette Sur Seine,Asnières-sur-Seine,1,982,False,False,,10870,1001,26
20260729T110432,A2,v3.3-search-gps,2026-07-30T09:00,2026-07-30T20:00,1613206,https://fr.getaround.com/location-voiture/paris/tesla-model-y-long-range-1613206,Tesla Model Y Long Range (2024),2024,Sur rendez-vous,SUV_FAMILIAL,SEGMENT_RULES,ELECTRIQUE,False,180.0,,4.0,1,Asnières-sur-Seine,Paris,Asnières-sur-Seine,1,983,False,False,,3080,1001,26
20260729T110432,A2,v3.3-search-gps,2026-07-30T09:00,2026-07-30T20:00,1600717,https://fr.getaround.com/location-voiture/paris/peugeot-2008-1600717,Peugeot 2008 (2022),2022,Getaround Connect,SUV_COMPACT,SEGMENT_RULES,THERMIQUE,False,76.0,,2.93,27,Asnières-sur-Seine,Paris,Asnières-sur-Seine,1,984,False,False,,8010,1001,26
20260729T110432,A2,v3.3-search-gps,2026-07-30T09:00,2026-07-30T20:00,1703213,https://fr.getaround.com/location-voiture/paris/citroen-c3-picasso-1703213,Citroen C3 Picasso (2011),2011,Sur rendez-vous,MONOSPACE,SEGMENT_RULES,THERMIQUE,False,90.0,,,,Asnières-sur-Seine,Paris,Asnières-sur-Seine,1,985,False,False,,7420,1001,26
20260729T110432,A2,v3.3-search-gps,2026-07-30T09:00,2026-07-30T20:00,1432441,https://fr.getaround.com/location-voiture/aubervilliers/peugeot-208-1432441,Peugeot 208 (2022),2022,Sur rendez-vous,CITADINE,SEGMENT_RULES,THERMIQUE,False,92.0,,,,Asnières-sur-Seine,Aubervilliers,Asnières-sur-Seine,1,986,False,False,,7140,1001,26
20260729T110432,A2,v3.3-search-gps,2026-07-30T09:00,2026-07-30T20:00,1587533,https://fr.getaround.com/location-voiture/cormeilles-en-parisis/toyota-c-hr-1587533,Toyota C-HR (2018),2018,Sur rendez-vous,SUV_COMPACT,SEGMENT_RULES,THERMIQUE,False,86.0,,,,Asnières-sur-Seine,Cormeilles En Parisis,Asnières-sur-Seine,1,987,False,False,,7340,1001,26
20260729T110432,A2,v3.3-search-gps,2026-07-30T09:00,2026-07-30T20:00,1513176,https://fr.getaround.com/location-voiture/saint-denis/bmw-serie-1-1513176,BMW Série 1 (2019),2019,Sur rendez-vous,COMPACTE,SEGMENT_RULES,THERMIQUE,False,131.0,,,,Asnières-sur-Seine,Saint Denis,Asnières-sur-Seine,1,989,False,False,,6020,1001,26
20260729T110432,A2,v3.3-search-gps,2026-07-30T09:00,2026-07-30T20:00,1833786,https://fr.getaround.com/location-voiture/paris/mercedes-benz-cla-200-1833786,Mercedes-Benz CLA 200 (2021),2021,Sur rendez-vous,BERLINE,SEGMENT_RULES,THERMIQUE,False,177.0,,,,Asnières-sur-Seine,Paris,Asnières-sur-Seine,1,990,False,False,,7480,1001,26
20260729T110432,A2,v3.3-search-gps,2026-07-30T09:00,2026-07-30T20:00,1558259,https://fr.getaround.com/location-voiture/saint-denis/renault-captur-1558259,Renault Captur (2017),2017,Sur rendez-vous,SUV_COMPACT,SEGMENT_RULES,THERMIQUE,False,92.0,,,,Asnières-sur-Seine,Saint Denis,Asnières-sur-Seine,1,991,False,False,,8500,1001,26
20260729T110432,A2,v3.3-search-gps,2026-07-30T09:00,2026-07-30T20:00,1138616,https://fr.getaround.com/location-voiture/aubervilliers/citroen-c1-1138616,Citroen C1 (2011),2011,Sur rendez-vous,MICRO_CITADINE,SEGMENT_RULES,THERMIQUE,False,55.0,,,,Asnières-sur-Seine,Aubervilliers,Asnières-sur-Seine,1,992,False,False,,8870,1001,26
20260729T110432,A2,v3.3-search-gps,2026-07-30T09:00,2026-07-30T20:00,1936273,https://fr.getaround.com/location-voiture/paris/toyota-aygo-1936273,Toyota Aygo (2018),2018,Sur rendez-vous,MICRO_CITADINE,SEGMENT_RULES,THERMIQUE,False,61.0,,,,Asnières-sur-Seine,Paris,Asnières-sur-Seine,1,994,False,False,,8390,1001,26
20260729T110432,A2,v3.3-search-gps,2026-07-30T09:00,2026-07-30T20:00,1223554,https://fr.getaround.com/location-voiture/stains/peugeot-5008-1223554,Peugeot 5008 (2018),2018,Sur rendez-vous,MONOSPACE,SEGMENT_RULES,THERMIQUE,False,83.0,,1.0,2,Asnières-sur-Seine,Stains,Asnières-sur-Seine,1,995,False,False,,7640,1001,26
20260729T110432,A2,v3.3-search-gps,2026-07-30T09:00,2026-07-30T20:00,1417012,https://fr.getaround.com/location-voiture/paris/peugeot-208-1417012,Peugeot 208 (2023),2023,Getaround Connect,CITADINE,SEGMENT_RULES,THERMIQUE,False,57.0,,2.75,32,Asnières-sur-Seine,Paris,Asnières-sur-Seine,1,997,False,False,,10220,1001,26
20260729T110432,A2,v3.3-search-gps,2026-07-30T09:00,2026-07-30T20:00,1807411,https://fr.getaround.com/location-voiture/suresnes/renault-clio-1807411,Renault Clio (2025),2025,Sur rendez-vous,CITADINE,SEGMENT_RULES,THERMIQUE,False,102.0,,1.0,1,Asnières-sur-Seine,Suresnes,Asnières-sur-Seine,1,999,False,False,,6460,1001,26
20260729T110432,A2,v3.3-search-gps,2026-07-30T09:00,2026-07-30T20:00,1901804,https://fr.getaround.com/location-voiture/paris/peugeot-208-1901804,Peugeot 208 (2021),2021,Sur rendez-vous,CITADINE,SEGMENT_RULES,THERMIQUE,False,80.0,,1.0,1,Asnières-sur-Seine,Paris,Asnières-sur-Seine,1,1000,False,False,,10340,1001,26
20260729T110432,A2,v3.3-search-gps,2026-07-30T09:00,2026-07-30T20:00,1572881,https://fr.getaround.com/location-voiture/le-plessis-bouchard/peugeot-308-1572881,Peugeot 308 (2016),2016,Sur rendez-vous,COMPACTE,SEGMENT_RULES,THERMIQUE,False,52.0,,1.0,1,Asnières-sur-Seine,Le Plessis Bouchard,Asnières-sur-Seine,1,1001,False,False,,10040,1001,26
