snapshot_id,pipeline,version_collecte,fenetre_debut,fenetre_fin,annonce_id,url,modele,annee,type_connexion,segment,source_taxonomie,energie,reservation_instantanee,prix_jour,prix_heure,note,nb_avis,commune_recherche,commune_annonce,communes_recherche,nb_communes_matchees,rang_resultat,livraison_disponible,mon_vehicule,compte_proprietaire,distance_recherche,nb_resultats_total,nb_clics_pagination
20260802T150127,A2,v3.4-search-json,2026-08-03T09:00,2026-08-03T20:00,1832158,https://fr.getaround.com/location-voiture/puteaux/renault-clio-1832158,Renault Clio (2015),2015,Getaround Connect,CITADINE,SEGMENT_RULES,THERMIQUE,True,61.0,,3.5,2,Puteaux,Puteaux,Puteaux|Asnières-sur-Seine|Paris 17e,3,1,False,True,C3,400,468,1
20260802T150127,A2,v3.4-search-json,2026-08-03T09:00,2026-08-03T20:00,1743643,https://fr.getaround.com/location-voiture/puteaux/renault-clio-1743643,Renault Clio (2015),2015,Getaround Connect,CITADINE,SEGMENT_RULES,THERMIQUE,True,64.0,,5.0,3,Puteaux,Puteaux,Puteaux|Asnières-sur-Seine|Paris 17e,3,2,False,True,C3,480,468,1
20260802T150127,A2,v3.4-search-json,2026-08-03T09:00,2026-08-03T20:00,1935525,https://fr.getaround.com/location-voiture/puteaux/peugeot-208-1935525,Peugeot 208 (2016),2016,Getaround Connect,CITADINE,SEGMENT_RULES,THERMIQUE,True,68.0,,,,Puteaux,Puteaux,Puteaux|Asnières-sur-Seine|Paris 17e,3,3,False,True,C3,480,468,1
20260802T150127,A2,v3.4-search-json,2026-08-03T09:00,2026-08-03T20:00,1881481,https://fr.getaround.com/location-voiture/puteaux/citroen-c1-1881481,Citroen C1 (2016),2016,Getaround Connect,MICRO_CITADINE,SEGMENT_RULES,THERMIQUE,True,66.0,,5.0,2,Puteaux,Puteaux,Puteaux|Asnières-sur-Seine|Paris 17e,3,8,False,True,C2,480,468,1
20260802T150127,A2,v3.4-search-json,2026-08-03T09:00,2026-08-03T20:00,1832155,https://fr.getaround.com/location-voiture/puteaux/volkswagen-polo-1832155,Volkswagen Polo (2013),2013,Sur rendez-vous,CITADINE,SEGMENT_RULES,THERMIQUE,True,65.0,,,,Puteaux,Puteaux,Puteaux|Asnières-sur-Seine|Paris 17e,3,9,False,True,C3,400,468,1
20260802T150127,A2,v3.4-search-json,2026-08-03T09:00,2026-08-03T20:00,1078506,https://fr.getaround.com/location-voiture/puteaux/renault-clio-1078506,Renault Clio (2011),2011,Sur rendez-vous,CITADINE,SEGMENT_RULES,THERMIQUE,False,65.0,,4.79,21,Puteaux,Puteaux,Puteaux|Paris 17e,2,11,False,True,C1,480,468,1
20260802T150127,A2,v3.4-search-json,2026-08-03T09:00,2026-08-03T20:00,1881624,https://fr.getaround.com/location-voiture/puteaux/renault-twingo-iii-1881624,Renault Twingo III (2015),2015,Getaround Connect,CITADINE,SEGMENT_RULES,THERMIQUE,True,68.0,,5.0,1,Puteaux,Puteaux,Puteaux|Asnières-sur-Seine|Paris 17e,3,12,False,True,C2,480,468,1
20260802T150127,A2,v3.4-search-json,2026-08-03T09:00,2026-08-03T20:00,1881691,https://fr.getaround.com/location-voiture/puteaux/opel-corsa-1881691,Opel Corsa (2017),2017,Getaround Connect,CITADINE,SEGMENT_RULES,THERMIQUE,True,67.0,,4.5,2,Puteaux,Puteaux,Puteaux|Asnières-sur-Seine|Paris 17e,3,13,False,True,C2,480,468,1
20260802T150127,A2,v3.4-search-json,2026-08-03T09:00,2026-08-03T20:00,1832153,https://fr.getaround.com/location-voiture/puteaux/volkswagen-tiguan-1832153,Volkswagen Tiguan (2015),2015,Getaround Connect,SUV_FAMILIAL,SEGMENT_RULES,THERMIQUE,True,83.0,,1.0,1,Puteaux,Puteaux,Puteaux|Asnières-sur-Seine|Paris 17e,3,14,False,True,C3,400,468,1
20260802T150127,A2,v3.4-search-json,2026-08-03T09:00,2026-08-03T20:00,1913338,https://fr.getaround.com/location-voiture/puteaux/ford-c-max-1913338,Ford C-Max (2019),2019,Getaround Connect,MONOSPACE,SEGMENT_RULES,THERMIQUE,True,83.0,,,,Puteaux,Puteaux,Puteaux|Asnières-sur-Seine|Paris 17e,3,17,False,True,C3,480,468,1
20260802T150127,A2,v3.4-search-json,2026-08-03T09:00,2026-08-03T20:00,1881118,https://fr.getaround.com/location-voiture/puteaux/peugeot-208-1881118,Peugeot 208 (2019),2019,Getaround Connect,CITADINE,SEGMENT_RULES,THERMIQUE,True,72.0,,3.5,2,Puteaux,Puteaux,Puteaux|Asnières-sur-Seine|Paris 17e,3,18,False,True,C2,480,468,1
20260802T150127,A2,v3.4-search-json,2026-08-03T09:00,2026-08-03T20:00,1718469,https://fr.getaround.com/location-voiture/puteaux/peugeot-5008-1718469,Peugeot 5008 (2014),2014,Sur rendez-vous,MONOSPACE,SEGMENT_RULES,THERMIQUE,True,119.0,,3.5,2,Puteaux,Puteaux,Puteaux|Asnières-sur-Seine|Paris 17e,3,20,False,True,C3,400,468,1
20260802T150127,A2,v3.4-search-json,2026-08-03T09:00,2026-08-03T20:00,1881415,https://fr.getaround.com/location-voiture/puteaux/renault-twingo-1881415,Renault Twingo (2017),2017,Getaround Connect,CITADINE,SEGMENT_RULES,THERMIQUE,True,70.0,,,,Puteaux,Puteaux,Puteaux|Asnières-sur-Seine|Paris 17e,3,26,False,True,C2,480,468,1
20260802T150127,A2,v3.4-search-json,2026-08-03T09:00,2026-08-03T20:00,716035,https://fr.getaround.com/location-voiture/puteaux/citroen-c3-716035,Citroen C3 (2016),2016,Sur rendez-vous,CITADINE,SEGMENT_RULES,THERMIQUE,False,62.0,,4.54,35,Puteaux,Puteaux,Puteaux|Paris 17e,2,27,False,True,C1,480,468,1
20260802T150127,A2,v3.4-search-json,2026-08-03T09:00,2026-08-03T20:00,1881636,https://fr.getaround.com/location-voiture/puteaux/peugeot-108-1881636,Peugeot 108 (2019),2019,Getaround Connect,MICRO_CITADINE,SEGMENT_RULES,THERMIQUE,True,69.0,,3.5,4,Puteaux,Puteaux,Puteaux|Asnières-sur-Seine|Paris 17e,3,29,False,True,C2,480,468,1
20260802T150127,A2,v3.4-search-json,2026-08-03T09:00,2026-08-03T20:00,1859070,https://fr.getaround.com/location-voiture/puteaux/audi-a1-1859070,Audi A1 (2011),2011,Sur rendez-vous,CITADINE,SEGMENT_RULES,THERMIQUE,False,79.0,,,,Puteaux,Puteaux,Puteaux|Asnières-sur-Seine|Paris 17e,3,49,False,True,C3,480,468,2
20260802T150127,A2,v3.4-search-json,2026-08-03T09:00,2026-08-03T20:00,1825239,https://fr.getaround.com/location-voiture/asnieres-sur-seine/renault-twingo-iii-1825239,Renault Twingo III (2017),2017,Getaround Connect,CITADINE,SEGMENT_RULES,THERMIQUE,True,67.0,,5.0,7,Puteaux,Asnieres Sur Seine,Puteaux|Asnières-sur-Seine|Paris 17e,3,52,False,True,C3,6580,468,9
20260802T150127,A2,v3.4-search-json,2026-08-03T09:00,2026-08-03T20:00,1527021,https://fr.getaround.com/location-voiture/asnieres-sur-seine/renault-clio-1527021,Renault Clio (2012),2012,Getaround Connect,CITADINE,SEGMENT_RULES,THERMIQUE,True,48.0,,4.82,92,Puteaux,Asnieres Sur Seine,Puteaux|Asnières-sur-Seine|Paris 17e,3,1,False,False,,5300,468,3
20260802T150127,A2,v3.4-search-json,2026-08-03T09:00,2026-08-03T20:00,733694,https://fr.getaround.com/location-voiture/paris/fiat-500-733694,Fiat 500 (2017),2017,Getaround Connect,CITADINE,SEGMENT_RULES,THERMIQUE,True,58.0,,4.5,53,Puteaux,Paris,Puteaux|Paris 17e,2,1,False,False,,4880,468,3
20260802T150127,A2,v3.4-search-json,2026-08-03T09:00,2026-08-03T20:00,1628653,https://fr.getaround.com/location-voiture/asnieres-sur-seine/fiat-500-lounge-1628653,Fiat 500 Lounge (2018),2018,Getaround Connect,CITADINE,SEGMENT_RULES,THERMIQUE,True,72.0,,4.92,65,Puteaux,Asnieres Sur Seine,Puteaux|Asnières-sur-Seine|Paris 17e,3,2,False,False,,5030,468,5
20260802T150127,A2,v3.4-search-json,2026-08-03T09:00,2026-08-03T20:00,1241184,https://fr.getaround.com/location-voiture/paris/peugeot-208-1241184,Peugeot 208 (2023),2023,Getaround Connect,CITADINE,SEGMENT_RULES,THERMIQUE,True,77.0,,4.55,62,Puteaux,Paris,Puteaux|Asnières-sur-Seine|Paris 17e,3,2,False,False,,5420,468,6
20260802T150127,A2,v3.4-search-json,2026-08-03T09:00,2026-08-03T20:00,1201133,https://fr.getaround.com/location-voiture/asnieres-sur-seine/renault-clio-1201133,Renault Clio (2012),2012,Getaround Connect,CITADINE,SEGMENT_RULES,THERMIQUE,True,45.0,,4.62,120,Puteaux,Asnieres Sur Seine,Puteaux|Asnières-sur-Seine|Paris 17e,3,3,False,False,,5520,468,3
20260802T150127,A2,v3.4-search-json,2026-08-03T09:00,2026-08-03T20:00,1442853,https://fr.getaround.com/location-voiture/paris/citroen-c3-1442853,Citroen C3 (2023),2023,Getaround Connect,CITADINE,SEGMENT_RULES,THERMIQUE,True,70.0,,4.19,45,Puteaux,Paris,Puteaux|Asnières-sur-Seine|Paris 17e,3,3,False,False,,4900,468,4
20260802T150127,A2,v3.4-search-json,2026-08-03T09:00,2026-08-03T20:00,1369685,https://fr.getaround.com/location-voiture/puteaux/renault-clio-1369685,Renault Clio (2024),2024,Getaround Connect,CITADINE,SEGMENT_RULES,THERMIQUE,True,88.0,,4.79,24,Puteaux,Puteaux,Puteaux|Asnières-sur-Seine|Paris 17e,3,4,False,False,,410,468,1
20260802T150127,A2,v3.4-search-json,2026-08-03T09:00,2026-08-03T20:00,825859,https://fr.getaround.com/location-voiture/paris/renault-clio-825859,Renault Clio (2018),2018,Getaround Connect,CITADINE,SEGMENT_RULES,THERMIQUE,True,45.0,,3.99,148,Puteaux,Paris,Puteaux|Asnières-sur-Seine|Paris 17e,3,4,False,False,,4790,468,2
20260802T150127,A2,v3.4-search-json,2026-08-03T09:00,2026-08-03T20:00,816897,https://fr.getaround.com/location-voiture/asnieres-sur-seine/opel-agila-816897,Opel Agila (2011),2011,Getaround Connect,CITADINE,SEGMENT_RULES,THERMIQUE,True,45.0,,4.72,206,Puteaux,Asnieres Sur Seine,Puteaux|Asnières-sur-Seine|Paris 17e,3,4,False,False,,5520,468,3
20260802T150127,A2,v3.4-search-json,2026-08-03T09:00,2026-08-03T20:00,1224582,https://fr.getaround.com/location-voiture/courbevoie/peugeot-208-1224582,Peugeot 208 (2023),2023,Getaround Connect,CITADINE,SEGMENT_RULES,THERMIQUE,True,50.0,,4.24,33,Puteaux,Courbevoie,Puteaux|Asnières-sur-Seine|Paris 17e,3,5,False,False,,1160,468,1
20260802T150127,A2,v3.4-search-json,2026-08-03T09:00,2026-08-03T20:00,1715377,https://fr.getaround.com/location-voiture/asnieres-sur-seine/nissan-note-1715377,Nissan Note (2015),2015,Getaround Connect,COMPACTE,SEGMENT_RULES,THERMIQUE,True,37.0,,4.89,45,Puteaux,Asnieres Sur Seine,Puteaux|Asnières-sur-Seine|Paris 17e,3,5,False,False,,3670,468,1
20260802T150127,A2,v3.4-search-json,2026-08-03T09:00,2026-08-03T20:00,1745781,https://fr.getaround.com/location-voiture/paris/fiat-500-hybride-1745781,Fiat 500 Hybride (2021),2021,Getaround Connect,CITADINE,SEGMENT_RULES,HYBRIDE,True,52.0,,4.75,28,Puteaux,Paris,Puteaux|Asnières-sur-Seine|Paris 17e,3,5,False,False,,5810,468,4
20260802T150127,A2,v3.4-search-json,2026-08-03T09:00,2026-08-03T20:00,1095170,https://fr.getaround.com/location-voiture/courbevoie/volkswagen-polo-1095170,Volkswagen Polo (2014),2014,Getaround Connect,CITADINE,SEGMENT_RULES,THERMIQUE,True,59.0,,4.85,92,Puteaux,Courbevoie,Puteaux|Asnières-sur-Seine|Paris 17e,3,6,False,False,,1630,468,1
20260802T150127,A2,v3.4-search-json,2026-08-03T09:00,2026-08-03T20:00,1590444,https://fr.getaround.com/location-voiture/paris/peugeot-2008-1590444,Peugeot 2008 (2023),2023,Getaround Connect,SUV_COMPACT,SEGMENT_RULES,THERMIQUE,True,63.0,,4.14,33,Puteaux,Paris,Puteaux|Asnières-sur-Seine|Paris 17e,3,6,False,False,,4870,468,2
20260802T150127,A2,v3.4-search-json,2026-08-03T09:00,2026-08-03T20:00,1770026,https://fr.getaround.com/location-voiture/asnieres-sur-seine/renault-clio-1770026,Renault Clio (2018),2018,Getaround Connect,CITADINE,SEGMENT_RULES,THERMIQUE,True,72.0,,4.71,21,Puteaux,Asnieres Sur Seine,Puteaux|Asnières-sur-Seine|Paris 17e,3,6,False,False,,5570,468,6
20260802T150127,A2,v3.4-search-json,2026-08-03T09:00,2026-08-03T20:00,1047047,https://fr.getaround.com/location-voiture/courbevoie/renault-twingo-1047047,Renault Twingo (2017),2017,Getaround Connect,CITADINE,SEGMENT_RULES,THERMIQUE,True,60.0,,4.88,109,Puteaux,Courbevoie,Puteaux|Asnières-sur-Seine|Paris 17e,3,7,False,False,,1630,468,1
20260802T150127,A2,v3.4-search-json,2026-08-03T09:00,2026-08-03T20:00,1651964,https://fr.getaround.com/location-voiture/asnieres-sur-seine/renault-clio-1651964,Renault Clio (2018),2018,Getaround Connect,CITADINE,SEGMENT_RULES,THERMIQUE,True,52.0,,4.94,32,Puteaux,Asnieres Sur Seine,Puteaux|Asnières-sur-Seine|Paris 17e,3,7,False,False,,3560,468,1
20260802T150127,A2,v3.4-search-json,2026-08-03T09:00,2026-08-03T20:00,1125102,https://fr.getaround.com/location-voiture/levallois-perret/renault-clio-1125102,Renault Clio (2021),2021,Getaround Connect,CITADINE,SEGMENT_RULES,THERMIQUE,True,52.0,,4.68,75,Puteaux,Levallois Perret,Puteaux|Asnières-sur-Seine|Paris 17e,3,7,False,False,,4530,468,2
20260802T150127,A2,v3.4-search-json,2026-08-03T09:00,2026-08-03T20:00,1527654,https://fr.getaround.com/location-voiture/asnieres-sur-seine/volkswagen-up-1527654,Volkswagen Up! (2014),2014,Getaround Connect,MICRO_CITADINE,SEGMENT_RULES,THERMIQUE,True,48.0,,4.92,71,Puteaux,Asnieres Sur Seine,Puteaux|Asnières-sur-Seine|Paris 17e,3,8,False,False,,3850,468,2
20260802T150127,A2,v3.4-search-json,2026-08-03T09:00,2026-08-03T20:00,1766493,https://fr.getaround.com/location-voiture/paris/citroen-c3-1766493,Citroen C3 (2019),2019,Getaround Connect,CITADINE,SEGMENT_RULES,THERMIQUE,True,57.0,,4.67,15,Puteaux,Paris,Puteaux|Asnières-sur-Seine|Paris 17e,3,8,False,False,,4010,468,2
20260802T150127,A2,v3.4-search-json,2026-08-03T09:00,2026-08-03T20:00,1205539,https://fr.getaround.com/location-voiture/courbevoie/renault-twingo-ii-1205539,Renault Twingo II (2013),2013,Getaround Connect,CITADINE,SEGMENT_RULES,THERMIQUE,True,51.0,,4.96,81,Puteaux,Courbevoie,Puteaux|Asnières-sur-Seine|Paris 17e,3,9,False,False,,3460,468,2
20260802T150127,A2,v3.4-search-json,2026-08-03T09:00,2026-08-03T20:00,872370,https://fr.getaround.com/location-voiture/paris/peugeot-e-208-style-872370,Peugeot e-208 Style (2021),2021,Getaround Connect,CITADINE,SEGMENT_RULES,THERMIQUE,True,64.0,,4.75,48,Puteaux,Paris,Puteaux|Asnières-sur-Seine|Paris 17e,3,9,False,False,,4330,468,3
20260802T150127,A2,v3.4-search-json,2026-08-03T09:00,2026-08-03T20:00,1722701,https://fr.getaround.com/location-voiture/courbevoie/peugeot-208-1722701,Peugeot 208 (2023),2023,Getaround Connect,CITADINE,SEGMENT_RULES,THERMIQUE,True,57.0,,3.89,9,Puteaux,Courbevoie,Puteaux|Asnières-sur-Seine|Paris 17e,3,10,False,False,,1160,468,1
20260802T150127,A2,v3.4-search-json,2026-08-03T09:00,2026-08-03T20:00,1609353,https://fr.getaround.com/location-voiture/asnieres-sur-seine/nissan-micra-1609353,Nissan Micra (2014),2014,Getaround Connect,CITADINE,SEGMENT_RULES,THERMIQUE,True,43.0,,4.84,61,Puteaux,Asnieres Sur Seine,Puteaux|Asnières-sur-Seine|Paris 17e,3,10,False,False,,3680,468,2
20260802T150127,A2,v3.4-search-json,2026-08-03T09:00,2026-08-03T20:00,1759610,https://fr.getaround.com/location-voiture/paris/audi-a3-sportback-e-tron-1759610,Audi A3 Sportback e-tron (2014),2014,Getaround Connect,COMPACTE,SEGMENT_RULES,THERMIQUE,True,86.0,,4.98,43,Puteaux,Paris,Puteaux|Asnières-sur-Seine|Paris 17e,3,10,False,False,,4520,468,4
20260802T150127,A2,v3.4-search-json,2026-08-03T09:00,2026-08-03T20:00,760134,https://fr.getaround.com/location-voiture/paris/citroen-c3-760134,Citroen C3 (2019),2019,Getaround Connect,CITADINE,SEGMENT_RULES,THERMIQUE,True,52.0,,4.76,173,Puteaux,Paris,Puteaux|Asnières-sur-Seine|Paris 17e,3,11,False,False,,6390,468,3
20260802T150127,A2,v3.4-search-json,2026-08-03T09:00,2026-08-03T20:00,1314568,https://fr.getaround.com/location-voiture/asnieres-sur-seine/peugeot-208-1314568,Peugeot 208 (2016),2016,Getaround Connect,CITADINE,SEGMENT_RULES,THERMIQUE,True,69.0,,4.77,65,Puteaux,Asnieres Sur Seine,Puteaux|Asnières-sur-Seine|Paris 17e,3,11,False,False,,4710,468,4
20260802T150127,A2,v3.4-search-json,2026-08-03T09:00,2026-08-03T20:00,1253191,https://fr.getaround.com/location-voiture/paris/peugeot-208-1253191,Peugeot 208 (2023),2023,Getaround Connect,CITADINE,SEGMENT_RULES,THERMIQUE,True,70.0,,3.78,46,Puteaux,Paris,Puteaux|Asnières-sur-Seine|Paris 17e,3,12,False,False,,4430,468,5
20260802T150127,A2,v3.4-search-json,2026-08-03T09:00,2026-08-03T20:00,1906513,https://fr.getaround.com/location-voiture/gennevilliers/fiat-500-c-1906513,Fiat 500 C (2017),2017,Getaround Connect,CABRIOLET,SEGMENT_RULES,THERMIQUE,True,76.0,,5.0,7,Puteaux,Gennevilliers,Puteaux|Asnières-sur-Seine|Paris 17e,3,12,False,False,,5920,468,7
20260802T150127,A2,v3.4-search-json,2026-08-03T09:00,2026-08-03T20:00,1090537,https://fr.getaround.com/location-voiture/asnieres-sur-seine/smart-fortwo-coupe-1090537,Smart Fortwo Coupé (2012),2012,Getaround Connect,MICRO_CITADINE,SEGMENT_RULES,THERMIQUE,True,58.0,,4.89,35,Puteaux,Asnieres Sur Seine,Puteaux|Asnières-sur-Seine|Paris 17e,3,13,False,False,,4670,468,4
20260802T150127,A2,v3.4-search-json,2026-08-03T09:00,2026-08-03T20:00,1881939,https://fr.getaround.com/location-voiture/paris/peugeot-2008-1881939,Peugeot 2008 (2026),2026,Getaround Connect,SUV_COMPACT,SEGMENT_RULES,THERMIQUE,True,96.0,,5.0,4,Puteaux,Paris,Puteaux|Asnières-sur-Seine|Paris 17e,3,13,False,False,,4550,468,5
20260802T150127,A2,v3.4-search-json,2026-08-03T09:00,2026-08-03T20:00,1526065,https://fr.getaround.com/location-voiture/courbevoie/opel-adam-1526065,Opel Adam (2016),2016,Getaround Connect,CITADINE,SEGMENT_RULES,THERMIQUE,True,58.0,,4.81,70,Puteaux,Courbevoie,Puteaux|Asnières-sur-Seine|Paris 17e,3,14,False,False,,3620,468,2
20260802T150127,A2,v3.4-search-json,2026-08-03T09:00,2026-08-03T20:00,1240924,https://fr.getaround.com/location-voiture/paris/peugeot-208-1240924,Peugeot 208 (2023),2023,Getaround Connect,CITADINE,SEGMENT_RULES,THERMIQUE,True,50.0,,4.39,71,Puteaux,Paris,Puteaux|Asnières-sur-Seine|Paris 17e,3,14,False,False,,6500,468,3
20260802T150127,A2,v3.4-search-json,2026-08-03T09:00,2026-08-03T20:00,1355472,https://fr.getaround.com/location-voiture/suresnes/peugeot-208-1355472,Peugeot 208 (2017),2017,Getaround Connect,CITADINE,SEGMENT_RULES,THERMIQUE,True,76.0,,4.96,73,Puteaux,Suresnes,Puteaux|Asnières-sur-Seine|Paris 17e,3,15,False,False,,1160,468,1
20260802T150127,A2,v3.4-search-json,2026-08-03T09:00,2026-08-03T20:00,985200,https://fr.getaround.com/location-voiture/colombes/renault-clio-985200,Renault Clio (2021),2021,Getaround Connect,CITADINE,SEGMENT_RULES,THERMIQUE,True,45.0,,4.37,98,Puteaux,Colombes,Puteaux|Asnières-sur-Seine|Paris 17e,3,15,False,False,,5480,468,2
20260802T150127,A2,v3.4-search-json,2026-08-03T09:00,2026-08-03T20:00,1441535,https://fr.getaround.com/location-voiture/paris/peugeot-208-1441535,Peugeot 208 (2023),2023,Getaround Connect,CITADINE,SEGMENT_RULES,THERMIQUE,True,77.0,,4.43,51,Puteaux,Paris,Puteaux|Asnières-sur-Seine|Paris 17e,3,15,False,False,,4200,468,4
20260802T150127,A2,v3.4-search-json,2026-08-03T09:00,2026-08-03T20:00,1910845,https://fr.getaround.com/location-voiture/suresnes/renault-clio-1910845,Renault Clio (2016),2016,Getaround Connect,CITADINE,SEGMENT_RULES,THERMIQUE,True,60.0,,,,Puteaux,Suresnes,Puteaux|Asnières-sur-Seine|Paris 17e,3,16,False,False,,1160,468,1
20260802T150127,A2,v3.4-search-json,2026-08-03T09:00,2026-08-03T20:00,1715431,https://fr.getaround.com/location-voiture/clichy/ford-fiesta-1715431,Ford Fiesta (2021),2021,Getaround Connect,CITADINE,SEGMENT_RULES,THERMIQUE,True,45.0,,4.09,11,Puteaux,Clichy,Puteaux|Asnières-sur-Seine|Paris 17e,3,16,False,False,,5540,468,3
20260802T150127,A2,v3.4-search-json,2026-08-03T09:00,2026-08-03T20:00,1722656,https://fr.getaround.com/location-voiture/paris/citroen-c3-1722656,Citroen C3 (2021),2021,Getaround Connect,CITADINE,SEGMENT_RULES,THERMIQUE,True,45.0,,4.36,22,Puteaux,Paris,Puteaux|Asnières-sur-Seine|Paris 17e,3,16,False,False,,6510,468,5
20260802T150127,A2,v3.4-search-json,2026-08-03T09:00,2026-08-03T20:00,661151,https://fr.getaround.com/location-voiture/asnieres-sur-seine/renault-clio-661151,Renault Clio (2017),2017,Getaround Connect,CITADINE,SEGMENT_RULES,THERMIQUE,True,45.0,,4.22,183,Puteaux,Asnieres Sur Seine,Puteaux|Asnières-sur-Seine|Paris 17e,3,17,False,False,,6900,468,3
20260802T150127,A2,v3.4-search-json,2026-08-03T09:00,2026-08-03T20:00,829228,https://fr.getaround.com/location-voiture/paris/citroen-c4-cactus-829228,Citroen C4 Cactus (2018),2018,Getaround Connect,COMPACTE,SEGMENT_RULES,THERMIQUE,True,58.0,,3.96,136,Puteaux,Paris,Puteaux|Asnières-sur-Seine|Paris 17e,3,17,False,False,,4790,468,4
20260802T150127,A2,v3.4-search-json,2026-08-03T09:00,2026-08-03T20:00,941338,https://fr.getaround.com/location-voiture/levallois-perret/renault-twingo-941338,Renault Twingo (2011),2011,Getaround Connect,CITADINE,SEGMENT_RULES,THERMIQUE,True,47.0,,4.56,68,Puteaux,Levallois Perret,Puteaux|Asnières-sur-Seine|Paris 17e,3,18,False,False,,4280,468,2
20260802T150127,A2,v3.4-search-json,2026-08-03T09:00,2026-08-03T20:00,1583938,https://fr.getaround.com/location-voiture/paris/peugeot-208-1583938,Peugeot 208 (2020),2020,Getaround Connect,CITADINE,SEGMENT_RULES,THERMIQUE,True,52.0,,3.28,30,Puteaux,Paris,Puteaux|Asnières-sur-Seine|Paris 17e,3,18,False,False,,5610,468,5
20260802T150127,A2,v3.4-search-json,2026-08-03T09:00,2026-08-03T20:00,489829,https://fr.getaround.com/location-voiture/nanterre/volkswagen-polo-489829,Volkswagen Polo (2015),2015,Getaround Connect,CITADINE,SEGMENT_RULES,THERMIQUE,True,68.0,,4.52,184,Puteaux,Nanterre,Puteaux|Asnières-sur-Seine|Paris 17e,3,19,False,False,,1650,468,1
20260802T150127,A2,v3.4-search-json,2026-08-03T09:00,2026-08-03T20:00,1932732,https://fr.getaround.com/location-voiture/clichy/peugeot-208-1932732,Peugeot 208 (2016),2016,Getaround Connect,CITADINE,SEGMENT_RULES,THERMIQUE,True,53.0,,,,Puteaux,Clichy,Puteaux|Asnières-sur-Seine|Paris 17e,3,19,False,False,,5580,468,3
20260802T150127,A2,v3.4-search-json,2026-08-03T09:00,2026-08-03T20:00,1590442,https://fr.getaround.com/location-voiture/levallois-perret/peugeot-2008-1590442,Peugeot 2008 (2023),2023,Getaround Connect,SUV_COMPACT,SEGMENT_RULES,THERMIQUE,True,63.0,,4.03,31,Puteaux,Levallois Perret,Puteaux|Asnières-sur-Seine|Paris 17e,3,20,False,False,,3660,468,1
20260802T150127,A2,v3.4-search-json,2026-08-03T09:00,2026-08-03T20:00,1931434,https://fr.getaround.com/location-voiture/paris/fiat-500-c-1931434,Fiat 500 C (2019),2019,Getaround Connect,CABRIOLET,SEGMENT_RULES,THERMIQUE,True,73.0,,,,Puteaux,Paris,Puteaux|Asnières-sur-Seine|Paris 17e,3,20,False,False,,5020,468,5
20260802T150127,A2,v3.4-search-json,2026-08-03T09:00,2026-08-03T20:00,1658823,https://fr.getaround.com/location-voiture/suresnes/toyota-auris-1658823,Toyota Auris (2019),2019,Getaround Connect,COMPACTE,SEGMENT_RULES,THERMIQUE,True,81.0,,4.7,27,Puteaux,Suresnes,Puteaux|Asnières-sur-Seine|Paris 17e,3,21,False,False,,1150,468,1
20260802T150127,A2,v3.4-search-json,2026-08-03T09:00,2026-08-03T20:00,1851591,https://fr.getaround.com/location-voiture/paris/renault-clio-1851591,Renault Clio (2018),2018,Getaround Connect,CITADINE,SEGMENT_RULES,THERMIQUE,True,72.0,,4.86,7,Puteaux,Paris,Puteaux|Asnières-sur-Seine|Paris 17e,3,21,False,False,,5800,468,7
20260802T150127,A2,v3.4-search-json,2026-08-03T09:00,2026-08-03T20:00,1753969,https://fr.getaround.com/location-voiture/asnieres-sur-seine/renault-clio-1753969,Renault Clio (2025),2025,Getaround Connect,CITADINE,SEGMENT_RULES,THERMIQUE,True,106.0,,4.71,7,Puteaux,Asnieres Sur Seine,Puteaux|Asnières-sur-Seine|Paris 17e,3,21,False,False,,5590,468,9
20260802T150127,A2,v3.4-search-json,2026-08-03T09:00,2026-08-03T20:00,1784089,https://fr.getaround.com/location-voiture/courbevoie/renault-austral-e-tech-full-hybrid-1784089,Renault Austral E-Tech full hybrid (2024),2024,Sur rendez-vous,SUV_FAMILIAL,SEGMENT_RULES,ELECTRIQUE,False,133.0,,5.0,1,Puteaux,Courbevoie,Puteaux|Asnières-sur-Seine|Paris 17e,3,22,False,False,,880,468,1
20260802T150127,A2,v3.4-search-json,2026-08-03T09:00,2026-08-03T20:00,1708980,https://fr.getaround.com/location-voiture/paris/renault-clio-e-tech-1708980,Renault Clio E-tech (2021),2021,Getaround Connect,CITADINE,SEGMENT_RULES,ELECTRIQUE,True,58.0,,4.59,17,Puteaux,Paris,Puteaux|Asnières-sur-Seine|Paris 17e,3,22,False,False,,3380,468,1
20260802T150127,A2,v3.4-search-json,2026-08-03T09:00,2026-08-03T20:00,1253598,https://fr.getaround.com/location-voiture/neuilly-sur-seine/nissan-pixo-1253598,Nissan Pixo (2013),2013,Getaround Connect,MICRO_CITADINE,SEGMENT_RULES,THERMIQUE,True,49.0,,4.77,86,Puteaux,Neuilly Sur Seine,Puteaux|Asnières-sur-Seine|Paris 17e,3,23,False,False,,2430,468,1
20260802T150127,A2,v3.4-search-json,2026-08-03T09:00,2026-08-03T20:00,958966,https://fr.getaround.com/location-voiture/levallois-perret/renault-twingo-958966,Renault Twingo (2013),2013,Getaround Connect,CITADINE,SEGMENT_RULES,THERMIQUE,True,47.0,,4.57,98,Puteaux,Levallois Perret,Puteaux|Asnières-sur-Seine|Paris 17e,3,23,False,False,,4200,468,2
20260802T150127,A2,v3.4-search-json,2026-08-03T09:00,2026-08-03T20:00,1937973,https://fr.getaround.com/location-voiture/paris/renault-captur-1937973,Renault Captur (2022),2022,Getaround Connect,SUV_COMPACT,SEGMENT_RULES,THERMIQUE,True,72.0,,,,Puteaux,Paris,Puteaux|Asnières-sur-Seine|Paris 17e,3,23,False,False,,5810,468,6
20260802T150127,A2,v3.4-search-json,2026-08-03T09:00,2026-08-03T20:00,1495610,https://fr.getaround.com/location-voiture/courbevoie/peugeot-208-1495610,Peugeot 208 (2024),2024,Getaround Connect,CITADINE,SEGMENT_RULES,THERMIQUE,True,83.0,,4.94,57,Puteaux,Courbevoie,Puteaux|Asnières-sur-Seine|Paris 17e,3,24,False,False,,1620,468,1
20260802T150127,A2,v3.4-search-json,2026-08-03T09:00,2026-08-03T20:00,1650493,https://fr.getaround.com/location-voiture/levallois-perret/volkswagen-t-cross-1650493,Volkswagen T-Cross (2024),2024,Getaround Connect,SUV_COMPACT,SEGMENT_RULES,THERMIQUE,True,73.0,,4.85,26,Puteaux,Levallois Perret,Puteaux|Asnières-sur-Seine|Paris 17e,3,24,False,False,,4530,468,2
20260802T150127,A2,v3.4-search-json,2026-08-03T09:00,2026-08-03T20:00,1424334,https://fr.getaround.com/location-voiture/bois-colombes/nissan-micra-1424334,Nissan Micra (2015),2015,Getaround Connect,CITADINE,SEGMENT_RULES,THERMIQUE,True,67.0,,4.89,79,Puteaux,Bois Colombes,Puteaux|Asnières-sur-Seine|Paris 17e,3,24,False,False,,4100,468,4
20260802T150127,A2,v3.4-search-json,2026-08-03T09:00,2026-08-03T20:00,1840526,https://fr.getaround.com/location-voiture/paris/mini-cooper-3-portes-1840526,Mini Cooper 3 portes (2014),2014,Getaround Connect,CITADINE,SEGMENT_RULES,THERMIQUE,True,53.0,,4.71,31,Puteaux,Paris,Puteaux|Asnières-sur-Seine|Paris 17e,3,25,False,False,,4300,468,1
20260802T150127,A2,v3.4-search-json,2026-08-03T09:00,2026-08-03T20:00,1070571,https://fr.getaround.com/location-voiture/courbevoie/volkswagen-up-1070571,Volkswagen Up! (2012),2012,Getaround Connect,MICRO_CITADINE,SEGMENT_RULES,THERMIQUE,True,58.0,,4.94,203,Puteaux,Courbevoie,Puteaux|Asnières-sur-Seine|Paris 17e,3,25,False,False,,3370,468,2
20260802T150127,A2,v3.4-search-json,2026-08-03T09:00,2026-08-03T20:00,894064,https://fr.getaround.com/location-voiture/asnieres-sur-seine/renault-clio-894064,Renault Clio (2017),2017,Getaround Connect,CITADINE,SEGMENT_RULES,THERMIQUE,True,67.0,,4.58,92,Puteaux,Asnieres Sur Seine,Puteaux|Asnières-sur-Seine|Paris 17e,3,26,False,False,,6490,468,5
20260802T150127,A2,v3.4-search-json,2026-08-03T09:00,2026-08-03T20:00,1806944,https://fr.getaround.com/location-voiture/paris/fiat-500-hybride-1806944,Fiat 500 Hybride (2023),2023,Getaround Connect,CITADINE,SEGMENT_RULES,HYBRIDE,True,57.0,,4.38,13,Puteaux,Paris,Puteaux|Asnières-sur-Seine|Paris 17e,3,26,False,False,,6900,468,6
20260802T150127,A2,v3.4-search-json,2026-08-03T09:00,2026-08-03T20:00,1518486,https://fr.getaround.com/location-voiture/levallois-perret/fiat-500-1518486,Fiat 500 (2015),2015,Getaround Connect,CITADINE,SEGMENT_RULES,THERMIQUE,True,58.0,,4.59,39,Puteaux,Levallois Perret,Puteaux|Asnières-sur-Seine|Paris 17e,3,27,False,False,,4370,468,3
20260802T150127,A2,v3.4-search-json,2026-08-03T09:00,2026-08-03T20:00,975881,https://fr.getaround.com/location-voiture/clichy/renault-clio-975881,Renault Clio (2014),2014,Sur rendez-vous,CITADINE,SEGMENT_RULES,THERMIQUE,True,52.0,,4.8,57,Puteaux,Clichy,Puteaux|Asnières-sur-Seine|Paris 17e,3,27,False,False,,4760,468,4
20260802T150127,A2,v3.4-search-json,2026-08-03T09:00,2026-08-03T20:00,1650527,https://fr.getaround.com/location-voiture/levallois-perret/volkswagen-t-cross-1650527,Volkswagen T-Cross (2024),2024,Getaround Connect,SUV_COMPACT,SEGMENT_RULES,THERMIQUE,True,73.0,,4.79,47,Puteaux,Levallois Perret,Puteaux|Asnières-sur-Seine|Paris 17e,3,28,False,False,,4530,468,2
20260802T150127,A2,v3.4-search-json,2026-08-03T09:00,2026-08-03T20:00,1133337,https://fr.getaround.com/location-voiture/courbevoie/renault-twingo-iii-1133337,Renault Twingo III (2015),2015,Getaround Connect,CITADINE,SEGMENT_RULES,THERMIQUE,True,64.0,,4.92,59,Puteaux,Courbevoie,Puteaux|Asnières-sur-Seine|Paris 17e,3,28,False,False,,3330,468,3
20260802T150127,A2,v3.4-search-json,2026-08-03T09:00,2026-08-03T20:00,1610278,https://fr.getaround.com/location-voiture/asnieres-sur-seine/nissan-note-1610278,Nissan Note (2012),2012,Getaround Connect,COMPACTE,SEGMENT_RULES,THERMIQUE,True,64.0,,4.87,82,Puteaux,Asnieres Sur Seine,Puteaux|Asnières-sur-Seine|Paris 17e,3,29,False,False,,3650,468,3
20260802T150127,A2,v3.4-search-json,2026-08-03T09:00,2026-08-03T20:00,1387832,https://fr.getaround.com/location-voiture/la-garenne-colombes/renault-clio-1387832,Renault Clio (2014),2014,Getaround Connect,CITADINE,SEGMENT_RULES,THERMIQUE,True,59.0,,4.77,71,Puteaux,La Garenne Colombes,Puteaux|Asnières-sur-Seine|Paris 17e,3,30,False,False,,2730,468,1
20260802T150127,A2,v3.4-search-json,2026-08-03T09:00,2026-08-03T20:00,946809,https://fr.getaround.com/location-voiture/levallois-perret/renault-twingo-946809,Renault Twingo (2014),2014,Getaround Connect,CITADINE,SEGMENT_RULES,THERMIQUE,True,53.0,,4.81,136,Puteaux,Levallois Perret,Puteaux|Asnières-sur-Seine|Paris 17e,3,30,False,False,,3150,468,1
20260802T150127,A2,v3.4-search-json,2026-08-03T09:00,2026-08-03T20:00,1790194,https://fr.getaround.com/location-voiture/paris/peugeot-107-1790194,Peugeot 107 (2012),2012,Sur rendez-vous,MICRO_CITADINE,SEGMENT_RULES,THERMIQUE,False,60.0,,4.92,12,Puteaux,Paris,Puteaux|Asnières-sur-Seine|Paris 17e,3,30,False,False,,5300,468,9
20260802T150127,A2,v3.4-search-json,2026-08-03T09:00,2026-08-03T20:00,1619882,https://fr.getaround.com/location-voiture/la-garenne-colombes/fiat-500-1619882,Fiat 500 (2014),2014,Getaround Connect,CITADINE,SEGMENT_RULES,THERMIQUE,True,58.0,,4.89,66,Puteaux,La Garenne Colombes,Puteaux|Asnières-sur-Seine|Paris 17e,3,31,False,False,,2870,468,1
20260802T150127,A2,v3.4-search-json,2026-08-03T09:00,2026-08-03T20:00,1553292,https://fr.getaround.com/location-voiture/saint-ouen-sur-seine/volkswagen-polo-1553292,Volkswagen Polo (2016),2016,Getaround Connect,CITADINE,SEGMENT_RULES,THERMIQUE,True,55.0,,4.83,33,Puteaux,Saint Ouen Sur Seine,Puteaux|Asnières-sur-Seine|Paris 17e,3,31,False,False,,7120,468,4
20260802T150127,A2,v3.4-search-json,2026-08-03T09:00,2026-08-03T20:00,1479656,https://fr.getaround.com/location-voiture/clichy/renault-clio-1479656,Renault Clio (2023),2023,Getaround Connect,CITADINE,SEGMENT_RULES,THERMIQUE,True,70.0,,4.78,56,Puteaux,Clichy,Puteaux|Asnières-sur-Seine|Paris 17e,3,31,False,False,,5200,468,5
20260802T150127,A2,v3.4-search-json,2026-08-03T09:00,2026-08-03T20:00,1795111,https://fr.getaround.com/location-voiture/bois-colombes/fiat-500-1795111,Fiat 500 (2021),2021,Getaround Connect,CITADINE,SEGMENT_RULES,THERMIQUE,True,62.0,,4.97,40,Puteaux,Bois Colombes,Puteaux|Asnières-sur-Seine|Paris 17e,3,32,False,False,,3470,468,2
20260802T150127,A2,v3.4-search-json,2026-08-03T09:00,2026-08-03T20:00,1650497,https://fr.getaround.com/location-voiture/paris/volkswagen-t-cross-1650497,Volkswagen T-Cross (2024),2024,Getaround Connect,SUV_COMPACT,SEGMENT_RULES,THERMIQUE,True,73.0,,4.74,29,Puteaux,Paris,Puteaux|Asnières-sur-Seine|Paris 17e,3,33,False,False,,3040,468,1
20260802T150127,A2,v3.4-search-json,2026-08-03T09:00,2026-08-03T20:00,1904270,https://fr.getaround.com/location-voiture/asnieres-sur-seine/volkswagen-touran-1904270,Volkswagen Touran (2017),2017,Getaround Connect,MONOSPACE,SEGMENT_RULES,THERMIQUE,True,100.0,,5.0,1,Puteaux,Asnieres Sur Seine,Puteaux|Asnières-sur-Seine|Paris 17e,3,33,False,False,,3610,468,3
20260802T150127,A2,v3.4-search-json,2026-08-03T09:00,2026-08-03T20:00,1639246,https://fr.getaround.com/location-voiture/paris/peugeot-3008-1639246,Peugeot 3008 (2018),2018,Getaround Connect,SUV_FAMILIAL,SEGMENT_RULES,THERMIQUE,True,67.0,,5.0,17,Puteaux,Paris,Puteaux|Asnières-sur-Seine|Paris 17e,3,33,False,False,,6900,468,4
20260802T150127,A2,v3.4-search-json,2026-08-03T09:00,2026-08-03T20:00,1842768,https://fr.getaround.com/location-voiture/colombes/fiat-500-1842768,Fiat 500 (2021),2021,Getaround Connect,CITADINE,SEGMENT_RULES,THERMIQUE,True,60.0,,5.0,16,Puteaux,Colombes,Puteaux|Asnières-sur-Seine|Paris 17e,3,34,False,False,,2810,468,1
20260802T150127,A2,v3.4-search-json,2026-08-03T09:00,2026-08-03T20:00,1323654,https://fr.getaround.com/location-voiture/paris/renault-twingo-1323654,Renault Twingo (2020),2020,Getaround Connect,CITADINE,SEGMENT_RULES,THERMIQUE,True,45.0,,4.39,76,Puteaux,Paris,Puteaux|Asnières-sur-Seine|Paris 17e,3,34,False,False,,5420,468,2
20260802T150127,A2,v3.4-search-json,2026-08-03T09:00,2026-08-03T20:00,1660563,https://fr.getaround.com/location-voiture/suresnes/peugeot-208-1660563,Peugeot 208 (2018),2018,Getaround Connect,CITADINE,SEGMENT_RULES,THERMIQUE,True,72.0,,4.83,36,Puteaux,Suresnes,Puteaux|Asnières-sur-Seine|Paris 17e,3,35,False,False,,2190,468,1
20260802T150127,A2,v3.4-search-json,2026-08-03T09:00,2026-08-03T20:00,1002074,https://fr.getaround.com/location-voiture/paris/peugeot-208-1002074,Peugeot 208 (2021),2021,Getaround Connect,CITADINE,SEGMENT_RULES,THERMIQUE,True,44.0,,4.19,113,Puteaux,Paris,Puteaux|Asnières-sur-Seine|Paris 17e,3,35,False,False,,3990,468,2
20260802T150127,A2,v3.4-search-json,2026-08-03T09:00,2026-08-03T20:00,1326860,https://fr.getaround.com/location-voiture/neuilly-sur-seine/renault-megane-1326860,Renault Mégane (2020),2020,Getaround Connect,COMPACTE,SEGMENT_RULES,THERMIQUE,True,70.0,,4.82,47,Puteaux,Neuilly Sur Seine,Puteaux|Asnières-sur-Seine|Paris 17e,3,36,False,False,,3100,468,2
20260802T150127,A2,v3.4-search-json,2026-08-03T09:00,2026-08-03T20:00,1853143,https://fr.getaround.com/location-voiture/courbevoie/citroen-c3-picasso-1853143,Citroen C3 Picasso (2017),2017,Getaround Connect,MONOSPACE,SEGMENT_RULES,THERMIQUE,True,58.0,,,,Puteaux,Courbevoie,Puteaux|Asnières-sur-Seine|Paris 17e,3,37,False,False,,2450,468,1
20260802T150127,A2,v3.4-search-json,2026-08-03T09:00,2026-08-03T20:00,1010342,https://fr.getaround.com/location-voiture/asnieres-sur-seine/ford-fiesta-1010342,Ford Fiesta (2017),2017,Getaround Connect,CITADINE,SEGMENT_RULES,THERMIQUE,True,67.0,,4.41,40,Puteaux,Asnieres Sur Seine,Puteaux|Asnières-sur-Seine|Paris 17e,3,37,False,False,,6680,468,7
20260802T150127,A2,v3.4-search-json,2026-08-03T09:00,2026-08-03T20:00,1681662,https://fr.getaround.com/location-voiture/paris/peugeot-208-1681662,Peugeot 208 (2020),2020,Getaround Connect,CITADINE,SEGMENT_RULES,THERMIQUE,True,45.0,,4.03,32,Asnières-sur-Seine,Paris,Asnières-sur-Seine|Paris 17e,2,37,False,False,,5320,1001,2
20260802T150127,A2,v3.4-search-json,2026-08-03T09:00,2026-08-03T20:00,1619485,https://fr.getaround.com/location-voiture/la-garenne-colombes/peugeot-208-1619485,Peugeot 208 (2014),2014,Getaround Connect,CITADINE,SEGMENT_RULES,THERMIQUE,True,64.0,,4.52,41,Puteaux,La Garenne Colombes,Puteaux|Asnières-sur-Seine|Paris 17e,3,38,False,False,,2620,468,1
20260802T150127,A2,v3.4-search-json,2026-08-03T09:00,2026-08-03T20:00,1636942,https://fr.getaround.com/location-voiture/asnieres-sur-seine/renault-clio-1636942,Renault Clio (2019),2019,Getaround Connect,CITADINE,SEGMENT_RULES,THERMIQUE,True,72.0,,4.35,36,Puteaux,Asnieres Sur Seine,Puteaux|Asnières-sur-Seine|Paris 17e,3,38,False,False,,3760,468,5
20260802T150127,A2,v3.4-search-json,2026-08-03T09:00,2026-08-03T20:00,783686,https://fr.getaround.com/location-voiture/paris/renault-clio-783686,Renault Clio (2017),2017,Getaround Connect,CITADINE,SEGMENT_RULES,THERMIQUE,True,45.0,,4.25,133,Asnières-sur-Seine,Paris,Asnières-sur-Seine|Paris 17e,2,38,False,False,,5320,1001,2
20260802T150127,A2,v3.4-search-json,2026-08-03T09:00,2026-08-03T20:00,1257603,https://fr.getaround.com/location-voiture/paris/peugeot-107-1257603,Peugeot 107 (2012),2012,Sur rendez-vous,MICRO_CITADINE,SEGMENT_RULES,THERMIQUE,False,63.0,,5.0,14,Puteaux,Paris,Puteaux|Asnières-sur-Seine|Paris 17e,3,39,False,False,,5300,468,9
20260802T150127,A2,v3.4-search-json,2026-08-03T09:00,2026-08-03T20:00,1787785,https://fr.getaround.com/location-voiture/paris/peugeot-208-1787785,Peugeot 208 (2025),2025,Getaround Connect,CITADINE,SEGMENT_RULES,THERMIQUE,True,81.0,,4.57,21,Puteaux,Paris,Puteaux|Asnières-sur-Seine|Paris 17e,3,40,False,False,,6430,468,6
20260802T150127,A2,v3.4-search-json,2026-08-03T09:00,2026-08-03T20:00,1879290,https://fr.getaround.com/location-voiture/puteaux/mercedes-benz-classe-a-1879290,Mercedes-Benz Classe A (2016),2016,Sur rendez-vous,COMPACTE,SEGMENT_RULES,THERMIQUE,False,98.0,,5.0,6,Puteaux,Puteaux,Puteaux|Asnières-sur-Seine|Paris 17e,3,41,False,False,,440,468,2
20260802T150127,A2,v3.4-search-json,2026-08-03T09:00,2026-08-03T20:00,1486160,https://fr.getaround.com/location-voiture/saint-ouen-sur-seine/fiat-500-1486160,Fiat 500 (2015),2015,Getaround Connect,CITADINE,SEGMENT_RULES,THERMIQUE,True,55.0,,4.98,59,Puteaux,Saint Ouen Sur Seine,Puteaux|Asnières-sur-Seine|Paris 17e,3,41,False,False,,7120,468,4
20260802T150127,A2,v3.4-search-json,2026-08-03T09:00,2026-08-03T20:00,1273046,https://fr.getaround.com/location-voiture/paris/volkswagen-up-1273046,Volkswagen Up! (2016),2016,Getaround Connect,MICRO_CITADINE,SEGMENT_RULES,THERMIQUE,True,64.0,,4.65,72,Puteaux,Paris,Puteaux|Asnières-sur-Seine|Paris 17e,3,41,False,False,,6540,468,6
20260802T150127,A2,v3.4-search-json,2026-08-03T09:00,2026-08-03T20:00,1383571,https://fr.getaround.com/location-voiture/neuilly-sur-seine/renault-megane-1383571,Renault Mégane (2020),2020,Getaround Connect,COMPACTE,SEGMENT_RULES,THERMIQUE,True,76.0,,4.77,70,Puteaux,Neuilly Sur Seine,Puteaux|Asnières-sur-Seine|Paris 17e,3,42,False,False,,2530,468,2
20260802T150127,A2,v3.4-search-json,2026-08-03T09:00,2026-08-03T20:00,1872524,https://fr.getaround.com/location-voiture/courbevoie/volkswagen-tiguan-1872524,Volkswagen Tiguan (2018),2018,Getaround Connect,SUV_FAMILIAL,SEGMENT_RULES,THERMIQUE,True,95.0,,5.0,1,Puteaux,Courbevoie,Puteaux|Asnières-sur-Seine|Paris 17e,3,42,False,False,,3770,468,3
20260802T150127,A2,v3.4-search-json,2026-08-03T09:00,2026-08-03T20:00,828093,https://fr.getaround.com/location-voiture/paris/toyota-yaris-hybride-828093,Toyota Yaris Hybride (2021),2021,Getaround Connect,CITADINE,SEGMENT_RULES,HYBRIDE,True,54.0,,4.19,171,Asnières-sur-Seine,Paris,Asnières-sur-Seine|Paris 17e,2,42,False,False,,5990,1001,4
20260802T150127,A2,v3.4-search-json,2026-08-03T09:00,2026-08-03T20:00,1682064,https://fr.getaround.com/location-voiture/colombes/renault-clio-1682064,Renault Clio (2020),2020,Getaround Connect,CITADINE,SEGMENT_RULES,THERMIQUE,True,72.0,,4.84,38,Puteaux,Colombes,Puteaux|Asnières-sur-Seine|Paris 17e,3,43,False,False,,4380,468,4
20260802T150127,A2,v3.4-search-json,2026-08-03T09:00,2026-08-03T20:00,1666438,https://fr.getaround.com/location-voiture/paris/peugeot-208-1666438,Peugeot 208 (2025),2025,Getaround Connect,CITADINE,SEGMENT_RULES,THERMIQUE,True,81.0,,4.5,32,Puteaux,Paris,Puteaux|Asnières-sur-Seine|Paris 17e,3,43,False,False,,6280,468,6
20260802T150127,A2,v3.4-search-json,2026-08-03T09:00,2026-08-03T20:00,1419604,https://fr.getaround.com/location-voiture/nanterre/renault-clio-1419604,Renault Clio (2019),2019,Getaround Connect,CITADINE,SEGMENT_RULES,THERMIQUE,True,72.0,,4.7,37,Puteaux,Nanterre,Puteaux|Asnières-sur-Seine|Paris 17e,3,44,False,False,,2160,468,2
20260802T150127,A2,v3.4-search-json,2026-08-03T09:00,2026-08-03T20:00,1553938,https://fr.getaround.com/location-voiture/asnieres-sur-seine/fiat-500-lounge-1553938,Fiat 500 Lounge (2013),2013,Sur rendez-vous,CITADINE,SEGMENT_RULES,THERMIQUE,False,81.0,,5.0,3,Asnières-sur-Seine,Asnieres Sur Seine,Asnières-sur-Seine,1,44,False,False,,280,1001,2
20260802T150127,A2,v3.4-search-json,2026-08-03T09:00,2026-08-03T20:00,851256,https://fr.getaround.com/location-voiture/clichy/skoda-fabia-851256,Skoda Fabia (2021),2021,Getaround Connect,CITADINE,SEGMENT_RULES,THERMIQUE,True,76.0,,4.89,114,Puteaux,Clichy,Puteaux|Asnières-sur-Seine|Paris 17e,3,45,False,False,,5270,468,6
20260802T150127,A2,v3.4-search-json,2026-08-03T09:00,2026-08-03T20:00,1787779,https://fr.getaround.com/location-voiture/paris/peugeot-208-1787779,Peugeot 208 (2025),2025,Getaround Connect,CITADINE,SEGMENT_RULES,THERMIQUE,True,81.0,,3.7,10,Puteaux,Paris,Puteaux|Asnières-sur-Seine|Paris 17e,3,45,False,False,,6130,468,7
20260802T150127,A2,v3.4-search-json,2026-08-03T09:00,2026-08-03T20:00,1687044,https://fr.getaround.com/location-voiture/clichy/peugeot-208-1687044,Peugeot 208 (2015),2015,Getaround Connect,CITADINE,SEGMENT_RULES,THERMIQUE,True,60.0,,2.5,2,Puteaux,Clichy,Puteaux|Asnières-sur-Seine|Paris 17e,3,46,False,False,,5430,468,5
20260802T150127,A2,v3.4-search-json,2026-08-03T09:00,2026-08-03T20:00,845062,https://fr.getaround.com/location-voiture/paris/renault-clio-845062,Renault Clio (2019),2019,Getaround Connect,CITADINE,SEGMENT_RULES,THERMIQUE,True,45.0,,4.03,146,Asnières-sur-Seine,Paris,Asnières-sur-Seine|Paris 17e,2,47,False,False,,5540,1001,2
20260802T150127,A2,v3.4-search-json,2026-08-03T09:00,2026-08-03T20:00,663093,https://fr.getaround.com/location-voiture/clichy/skoda-fabia-663093,Skoda Fabia (2020),2020,Getaround Connect,CITADINE,SEGMENT_RULES,THERMIQUE,True,76.0,,4.92,172,Puteaux,Clichy,Puteaux|Asnières-sur-Seine|Paris 17e,3,48,False,False,,5390,468,6
20260802T150127,A2,v3.4-search-json,2026-08-03T09:00,2026-08-03T20:00,1934862,https://fr.getaround.com/location-voiture/paris/citroen-c3-1934862,Citroen C3 (2016),2016,Sur rendez-vous,CITADINE,SEGMENT_RULES,THERMIQUE,False,52.0,,5.0,2,Puteaux,Paris,Puteaux|Asnières-sur-Seine|Paris 17e,3,49,False,False,,6380,468,7
20260802T150127,A2,v3.4-search-json,2026-08-03T09:00,2026-08-03T20:00,1713379,https://fr.getaround.com/location-voiture/paris/volkswagen-polo-1713379,Volkswagen Polo (2025),2025,Getaround Connect,CITADINE,SEGMENT_RULES,THERMIQUE,True,91.0,,4.91,11,Puteaux,Paris,Puteaux|Asnières-sur-Seine|Paris 17e,3,50,False,False,,5720,468,8
20260802T150127,A2,v3.4-search-json,2026-08-03T09:00,2026-08-03T20:00,1414796,https://fr.getaround.com/location-voiture/la-garenne-colombes/peugeot-2008-1414796,Peugeot 2008 (2020),2020,Getaround Connect,SUV_COMPACT,SEGMENT_RULES,THERMIQUE,True,81.0,,4.92,13,Puteaux,La Garenne Colombes,Puteaux|Asnières-sur-Seine|Paris 17e,3,51,False,False,,2090,468,2
20260802T150127,A2,v3.4-search-json,2026-08-03T09:00,2026-08-03T20:00,1792383,https://fr.getaround.com/location-voiture/bois-colombes/renault-clio-1792383,Renault Clio (2021),2021,Getaround Connect,CITADINE,SEGMENT_RULES,THERMIQUE,True,125.0,,5.0,14,Puteaux,Bois Colombes,Puteaux|Asnières-sur-Seine|Paris 17e,3,51,False,False,,4030,468,8
20260802T150127,A2,v3.4-search-json,2026-08-03T09:00,2026-08-03T20:00,788177,https://fr.getaround.com/location-voiture/nanterre/volkswagen-polo-788177,Volkswagen Polo (2015),2015,Sur rendez-vous,CITADINE,SEGMENT_RULES,THERMIQUE,False,74.0,,4.99,36,Puteaux,Nanterre,Puteaux|Asnières-sur-Seine|Paris 17e,3,52,False,False,,1970,468,2
20260802T150127,A2,v3.4-search-json,2026-08-03T09:00,2026-08-03T20:00,1215389,https://fr.getaround.com/location-voiture/paris/renault-megane-estate-1215389,Renault Mégane Estate (2022),2022,Getaround Connect,BREAK,SEGMENT_RULES,THERMIQUE,True,81.0,,4.81,40,Puteaux,Paris,Puteaux|Asnières-sur-Seine|Paris 17e,3,52,False,False,,4040,468,5
20260802T150127,A2,v3.4-search-json,2026-08-03T09:00,2026-08-03T20:00,782396,https://fr.getaround.com/location-voiture/levallois-perret/renault-clio-782396,Renault Clio (2011),2011,Getaround Connect,CITADINE,SEGMENT_RULES,THERMIQUE,True,61.0,,4.75,152,Puteaux,Levallois Perret,Puteaux|Asnières-sur-Seine|Paris 17e,3,53,False,False,,3450,468,3
20260802T150127,A2,v3.4-search-json,2026-08-03T09:00,2026-08-03T20:00,1216051,https://fr.getaround.com/location-voiture/neuilly-sur-seine/citroen-c3-1216051,Citroen C3 (2023),2023,Getaround Connect,CITADINE,SEGMENT_RULES,THERMIQUE,True,50.0,,4.12,78,Puteaux,Neuilly Sur Seine,Puteaux|Asnières-sur-Seine|Paris 17e,3,54,False,False,,2920,468,2
20260802T150127,A2,v3.4-search-json,2026-08-03T09:00,2026-08-03T20:00,960847,https://fr.getaround.com/location-voiture/levallois-perret/renault-clio-960847,Renault Clio (2014),2014,Getaround Connect,CITADINE,SEGMENT_RULES,THERMIQUE,True,66.0,,4.85,115,Puteaux,Levallois Perret,Puteaux|Asnières-sur-Seine|Paris 17e,3,54,False,False,,3470,468,3
20260802T150127,A2,v3.4-search-json,2026-08-03T09:00,2026-08-03T20:00,1911327,https://fr.getaround.com/location-voiture/paris/citroen-c4-grand-spacetourer-1911327,Citroen C4 Grand Spacetourer (2022),2022,Getaround Connect,COMPACTE,SEGMENT_RULES,THERMIQUE,True,85.0,,,,Puteaux,Paris,Puteaux|Asnières-sur-Seine|Paris 17e,3,55,False,False,,5720,468,6
20260802T150127,A2,v3.4-search-json,2026-08-03T09:00,2026-08-03T20:00,1274902,https://fr.getaround.com/location-voiture/paris/renault-clio-1274902,Renault Clio (2023),2023,Getaround Connect,CITADINE,SEGMENT_RULES,THERMIQUE,True,70.0,,4.02,26,Puteaux,Paris,Puteaux|Asnières-sur-Seine|Paris 17e,3,56,False,False,,5130,468,5
20260802T150127,A2,v3.4-search-json,2026-08-03T09:00,2026-08-03T20:00,1204492,https://fr.getaround.com/location-voiture/la-garenne-colombes/dacia-spring-1204492,Dacia Spring (2021),2021,Getaround Connect,COMPACTE,SEGMENT_RULES,THERMIQUE,True,60.0,,4.44,77,Puteaux,La Garenne Colombes,Puteaux|Asnières-sur-Seine|Paris 17e,3,57,False,False,,2730,468,2
20260802T150127,A2,v3.4-search-json,2026-08-03T09:00,2026-08-03T20:00,1804181,https://fr.getaround.com/location-voiture/asnieres-sur-seine/skoda-fabia-1804181,Skoda Fabia (2016),2016,Sur rendez-vous,CITADINE,SEGMENT_RULES,THERMIQUE,False,65.0,,4.0,1,Puteaux,Asnieres Sur Seine,Puteaux|Asnières-sur-Seine|Paris 17e,3,57,False,False,,4870,468,10
20260802T150127,A2,v3.4-search-json,2026-08-03T09:00,2026-08-03T20:00,1007411,https://fr.getaround.com/location-voiture/paris/citroen-c3-1007411,Citroen C3 (2022),2022,Getaround Connect,CITADINE,SEGMENT_RULES,THERMIQUE,True,45.0,,4.53,73,Asnières-sur-Seine,Paris,Asnières-sur-Seine|Paris 17e,2,57,False,False,,5320,1001,3
20260802T150127,A2,v3.4-search-json,2026-08-03T09:00,2026-08-03T20:00,1215324,https://fr.getaround.com/location-voiture/la-garenne-colombes/seat-arona-1215324,Seat Arona (2020),2020,Getaround Connect,SUV_COMPACT,SEGMENT_RULES,THERMIQUE,True,76.0,,4.95,74,Puteaux,La Garenne Colombes,Puteaux|Asnières-sur-Seine|Paris 17e,3,58,False,False,,2730,468,2
20260802T150127,A2,v3.4-search-json,2026-08-03T09:00,2026-08-03T20:00,1831570,https://fr.getaround.com/location-voiture/asnieres-sur-seine/citroen-c4-1831570,Citroen C4 (2016),2016,Getaround Connect,COMPACTE,SEGMENT_RULES,THERMIQUE,True,85.0,,4.83,6,Puteaux,Asnieres Sur Seine,Puteaux|Asnières-sur-Seine|Paris 17e,3,58,False,False,,6410,468,7
20260802T150127,A2,v3.4-search-json,2026-08-03T09:00,2026-08-03T20:00,1056821,https://fr.getaround.com/location-voiture/la-garenne-colombes/fiat-500-c-1056821,Fiat 500 C (2016),2016,Getaround Connect,CABRIOLET,SEGMENT_RULES,THERMIQUE,True,74.0,,4.89,82,Puteaux,La Garenne Colombes,Puteaux|Asnières-sur-Seine|Paris 17e,3,59,False,False,,2730,468,2
20260802T150127,A2,v3.4-search-json,2026-08-03T09:00,2026-08-03T20:00,1650511,https://fr.getaround.com/location-voiture/paris/volkswagen-t-cross-1650511,Volkswagen T-Cross (2024),2024,Getaround Connect,SUV_COMPACT,SEGMENT_RULES,THERMIQUE,True,73.0,,4.71,26,Puteaux,Paris,Puteaux|Asnières-sur-Seine|Paris 17e,3,59,False,False,,5750,468,3
20260802T150127,A2,v3.4-search-json,2026-08-03T09:00,2026-08-03T20:00,1631676,https://fr.getaround.com/location-voiture/levallois-perret/opel-corsa-1631676,Opel Corsa (2024),2024,Getaround Connect,CITADINE,SEGMENT_RULES,THERMIQUE,True,81.0,,4.77,45,Puteaux,Levallois Perret,Puteaux|Asnières-sur-Seine|Paris 17e,3,60,False,False,,4540,468,5
20260802T150127,A2,v3.4-search-json,2026-08-03T09:00,2026-08-03T20:00,1631080,https://fr.getaround.com/location-voiture/levallois-perret/renault-twingo-iii-1631080,Renault Twingo III (2017),2017,Getaround Connect,CITADINE,SEGMENT_RULES,THERMIQUE,True,67.0,,4.97,30,Puteaux,Levallois Perret,Puteaux|Asnières-sur-Seine|Paris 17e,3,61,False,False,,3150,468,3
20260802T150127,A2,v3.4-search-json,2026-08-03T09:00,2026-08-03T20:00,1675488,https://fr.getaround.com/location-voiture/paris/peugeot-208-1675488,Peugeot 208 (2025),2025,Getaround Connect,CITADINE,SEGMENT_RULES,THERMIQUE,True,81.0,,4.59,34,Puteaux,Paris,Puteaux|Asnières-sur-Seine|Paris 17e,3,61,False,False,,3580,468,3
20260802T150127,A2,v3.4-search-json,2026-08-03T09:00,2026-08-03T20:00,1006441,https://fr.getaround.com/location-voiture/bezons/ford-fiesta-1006441,Ford Fiesta (2012),2012,Getaround Connect,CITADINE,SEGMENT_RULES,THERMIQUE,True,54.0,,4.9,104,Puteaux,Bezons,Puteaux|Asnières-sur-Seine|Paris 17e,3,62,False,False,,4710,468,2
20260802T150127,A2,v3.4-search-json,2026-08-03T09:00,2026-08-03T20:00,1442857,https://fr.getaround.com/location-voiture/paris/citroen-c3-1442857,Citroen C3 (2023),2023,Getaround Connect,CITADINE,SEGMENT_RULES,THERMIQUE,True,70.0,,3.86,21,Puteaux,Paris,Puteaux|Asnières-sur-Seine|Paris 17e,3,62,False,False,,5130,468,7
20260802T150127,A2,v3.4-search-json,2026-08-03T09:00,2026-08-03T20:00,951318,https://fr.getaround.com/location-voiture/saint-gratien/renault-twingo-951318,Renault Twingo (2011),2011,Getaround Connect,CITADINE,SEGMENT_RULES,THERMIQUE,True,46.0,,4.92,62,Asnières-sur-Seine,Saint Gratien,Asnières-sur-Seine,1,62,False,False,,5590,1001,2
20260802T150127,A2,v3.4-search-json,2026-08-03T09:00,2026-08-03T20:00,1631664,https://fr.getaround.com/location-voiture/levallois-perret/opel-corsa-1631664,Opel Corsa (2024),2024,Getaround Connect,CITADINE,SEGMENT_RULES,THERMIQUE,True,81.0,,4.88,32,Puteaux,Levallois Perret,Puteaux|Asnières-sur-Seine|Paris 17e,3,63,False,False,,4540,468,5
20260802T150127,A2,v3.4-search-json,2026-08-03T09:00,2026-08-03T20:00,610168,https://fr.getaround.com/location-voiture/argenteuil/renault-clio-610168,Renault Clio (2019),2019,Getaround Connect,CITADINE,SEGMENT_RULES,THERMIQUE,True,52.0,,4.5,135,Asnières-sur-Seine,Argenteuil,Asnières-sur-Seine,1,63,False,False,,4600,1001,2
20260802T150127,A2,v3.4-search-json,2026-08-03T09:00,2026-08-03T20:00,1770446,https://fr.getaround.com/location-voiture/rueil-malmaison/renault-5-e-tech-1770446,Renault 5 E-Tech (2025),2025,Getaround Connect,CITADINE,SEGMENT_RULES,ELECTRIQUE,True,68.0,,3.9,10,Puteaux,Rueil Malmaison,Puteaux|Asnières-sur-Seine,2,64,False,False,,2880,468,2
20260802T150127,A2,v3.4-search-json,2026-08-03T09:00,2026-08-03T20:00,1219231,https://fr.getaround.com/location-voiture/paris/peugeot-208-1219231,Peugeot 208 (2023),2023,Getaround Connect,CITADINE,SEGMENT_RULES,THERMIQUE,True,70.0,,3.82,42,Puteaux,Paris,Puteaux|Asnières-sur-Seine|Paris 17e,3,64,False,False,,3860,468,3
20260802T150127,A2,v3.4-search-json,2026-08-03T09:00,2026-08-03T20:00,711416,https://fr.getaround.com/location-voiture/paris/peugeot-2008-711416,Peugeot 2008 (2019),2019,Getaround Connect,SUV_COMPACT,SEGMENT_RULES,THERMIQUE,True,54.0,,4.0,45,Asnières-sur-Seine,Paris,Asnières-sur-Seine|Paris 17e,2,65,False,False,,5990,1001,4
20260802T150127,A2,v3.4-search-json,2026-08-03T09:00,2026-08-03T20:00,1285703,https://fr.getaround.com/location-voiture/paris/renault-megane-1285703,Renault Mégane (2018),2018,Getaround Connect,COMPACTE,SEGMENT_RULES,THERMIQUE,True,75.0,,4.81,63,Puteaux,Paris,Puteaux|Asnières-sur-Seine|Paris 17e,3,66,False,False,,3010,468,2
20260802T150127,A2,v3.4-search-json,2026-08-03T09:00,2026-08-03T20:00,693323,https://fr.getaround.com/location-voiture/argenteuil/renault-clio-693323,Renault Clio (2017),2017,Getaround Connect,CITADINE,SEGMENT_RULES,THERMIQUE,True,52.0,,4.29,124,Asnières-sur-Seine,Argenteuil,Asnières-sur-Seine,1,66,False,False,,4600,1001,2
20260802T150127,A2,v3.4-search-json,2026-08-03T09:00,2026-08-03T20:00,1875884,https://fr.getaround.com/location-voiture/neuilly-sur-seine/fiat-tipo-1875884,Fiat Tipo (2016),2016,Getaround Connect,COMPACTE,SEGMENT_RULES,THERMIQUE,True,71.0,,5.0,4,Puteaux,Neuilly Sur Seine,Puteaux|Asnières-sur-Seine|Paris 17e,3,67,False,False,,2520,468,2
20260802T150127,A2,v3.4-search-json,2026-08-03T09:00,2026-08-03T20:00,1231308,https://fr.getaround.com/location-voiture/paris/peugeot-208-1231308,Peugeot 208 (2023),2023,Getaround Connect,CITADINE,SEGMENT_RULES,THERMIQUE,True,77.0,,3.93,78,Puteaux,Paris,Puteaux|Asnières-sur-Seine|Paris 17e,3,68,False,False,,3480,468,4
20260802T150127,A2,v3.4-search-json,2026-08-03T09:00,2026-08-03T20:00,366247,https://fr.getaround.com/location-voiture/boulogne-billancourt/peugeot-2008-366247,Peugeot 2008 (2018),2018,Getaround Connect,SUV_COMPACT,SEGMENT_RULES,THERMIQUE,True,39.0,,4.45,243,Puteaux,Boulogne Billancourt,Puteaux|Asnières-sur-Seine|Paris 17e,3,70,False,False,,6050,468,2
20260802T150127,A2,v3.4-search-json,2026-08-03T09:00,2026-08-03T20:00,1931910,https://fr.getaround.com/location-voiture/la-garenne-colombes/volkswagen-tiguan-1931910,Volkswagen Tiguan (2024),2024,Sur rendez-vous,SUV_FAMILIAL,SEGMENT_RULES,THERMIQUE,False,123.0,,5.0,1,Puteaux,La Garenne Colombes,Puteaux|Asnières-sur-Seine|Paris 17e,3,70,False,False,,3100,468,3
20260802T150127,A2,v3.4-search-json,2026-08-03T09:00,2026-08-03T20:00,1820551,https://fr.getaround.com/location-voiture/courbevoie/peugeot-208-1820551,Peugeot 208 (2013),2013,Sur rendez-vous,CITADINE,SEGMENT_RULES,THERMIQUE,False,68.0,,4.67,3,Puteaux,Courbevoie,Puteaux|Asnières-sur-Seine|Paris 17e,3,72,False,False,,1300,468,2
20260802T150127,A2,v3.4-search-json,2026-08-03T09:00,2026-08-03T20:00,1583961,https://fr.getaround.com/location-voiture/la-courneuve/peugeot-208-1583961,Peugeot 208 (2019),2019,Getaround Connect,CITADINE,SEGMENT_RULES,THERMIQUE,True,44.0,,4.72,53,Asnières-sur-Seine,La Courneuve,Asnières-sur-Seine|Paris 17e,2,72,False,False,,7120,1001,2
20260802T150127,A2,v3.4-search-json,2026-08-03T09:00,2026-08-03T20:00,478983,https://fr.getaround.com/location-voiture/paris/renault-clio-478983,Renault Clio (2019),2019,Getaround Connect,CITADINE,SEGMENT_RULES,THERMIQUE,True,57.0,,4.41,206,Asnières-sur-Seine,Paris,Asnières-sur-Seine|Paris 17e,2,72,False,False,,6400,1001,6
20260802T150127,A2,v3.4-search-json,2026-08-03T09:00,2026-08-03T20:00,666328,https://fr.getaround.com/location-voiture/rueil-malmaison/fiat-500-666328,Fiat 500 (2012),2012,Getaround Connect,CITADINE,SEGMENT_RULES,THERMIQUE,True,57.0,,4.66,208,Puteaux,Rueil Malmaison,Puteaux|Asnières-sur-Seine,2,73,False,False,,3910,468,2
20260802T150127,A2,v3.4-search-json,2026-08-03T09:00,2026-08-03T20:00,1646937,https://fr.getaround.com/location-voiture/nanterre/citroen-c3-1646937,Citroen C3 (2021),2021,Getaround Connect,CITADINE,SEGMENT_RULES,THERMIQUE,True,72.0,,4.51,35,Puteaux,Nanterre,Puteaux|Asnières-sur-Seine,2,74,False,False,,2820,468,2
20260802T150127,A2,v3.4-search-json,2026-08-03T09:00,2026-08-03T20:00,1350729,https://fr.getaround.com/location-voiture/paris/renault-clio-1350729,Renault Clio (2012),2012,Sur rendez-vous,CITADINE,SEGMENT_RULES,THERMIQUE,False,47.0,,5.0,45,Puteaux,Paris,Puteaux|Asnières-sur-Seine|Paris 17e,3,74,False,False,,3330,468,4
20260802T150127,A2,v3.4-search-json,2026-08-03T09:00,2026-08-03T20:00,1816173,https://fr.getaround.com/location-voiture/puteaux/suzuki-ignis-1816173,Suzuki Ignis (2018),2018,Sur rendez-vous,MICRO_CITADINE,SEGMENT_RULES,THERMIQUE,False,75.0,,,,Puteaux,Puteaux,Puteaux|Asnières-sur-Seine|Paris 17e,3,76,False,False,,550,468,2
20260802T150127,A2,v3.4-search-json,2026-08-03T09:00,2026-08-03T20:00,1907868,https://fr.getaround.com/location-voiture/neuilly-sur-seine/renault-arkana-evolution-1907868,Renault Arkana Evolution (2022),2022,Getaround Connect,COMPACTE,SEGMENT_RULES,THERMIQUE,True,92.0,,,,Puteaux,Neuilly Sur Seine,Puteaux|Asnières-sur-Seine|Paris 17e,3,76,False,False,,3170,468,3
20260802T150127,A2,v3.4-search-json,2026-08-03T09:00,2026-08-03T20:00,1338627,https://fr.getaround.com/location-voiture/puteaux/toyota-auris-touring-sports-1338627,Toyota Auris Touring Sports (2018),2018,Sur rendez-vous,BREAK,SEGMENT_RULES,THERMIQUE,False,75.0,,,,Puteaux,Puteaux,Puteaux|Asnières-sur-Seine|Paris 17e,3,77,False,False,,660,468,2
20260802T150127,A2,v3.4-search-json,2026-08-03T09:00,2026-08-03T20:00,1780194,https://fr.getaround.com/location-voiture/paris/citroen-c4-grand-spacetourer-1780194,Citroen C4 Grand Spacetourer (2020),2020,Getaround Connect,COMPACTE,SEGMENT_RULES,THERMIQUE,True,85.0,,4.1,10,Puteaux,Paris,Puteaux|Asnières-sur-Seine|Paris 17e,3,77,False,False,,6400,468,7
20260802T150127,A2,v3.4-search-json,2026-08-03T09:00,2026-08-03T20:00,1726685,https://fr.getaround.com/location-voiture/paris/bmw-serie-1-1726685,BMW Série 1 (2019),2019,Getaround Connect,COMPACTE,SEGMENT_RULES,THERMIQUE,True,42.0,,4.98,44,Asnières-sur-Seine,Paris,Asnières-sur-Seine|Paris 17e,2,78,False,False,,11670,1001,2
20260802T150127,A2,v3.4-search-json,2026-08-03T09:00,2026-08-03T20:00,1708040,https://fr.getaround.com/location-voiture/neuilly-sur-seine/renault-captur-1708040,Renault Captur (2019),2019,Getaround Connect,SUV_COMPACT,SEGMENT_RULES,THERMIQUE,True,83.0,,4.91,23,Puteaux,Neuilly Sur Seine,Puteaux|Asnières-sur-Seine|Paris 17e,3,79,False,False,,2640,468,2
20260802T150127,A2,v3.4-search-json,2026-08-03T09:00,2026-08-03T20:00,1338906,https://fr.getaround.com/location-voiture/paris/peugeot-208-1338906,Peugeot 208 (2023),2023,Getaround Connect,CITADINE,SEGMENT_RULES,THERMIQUE,True,85.0,,4.72,46,Puteaux,Paris,Puteaux|Asnières-sur-Seine|Paris 17e,3,79,False,False,,6800,468,8
20260802T150127,A2,v3.4-search-json,2026-08-03T09:00,2026-08-03T20:00,1893886,https://fr.getaround.com/location-voiture/puteaux/volkswagen-passat-1893886,Volkswagen Passat (2013),2013,Sur rendez-vous,BERLINE,SEGMENT_RULES,THERMIQUE,False,84.0,,,,Puteaux,Puteaux,Puteaux|Asnières-sur-Seine|Paris 17e,3,80,False,False,,360,468,2
20260802T150127,A2,v3.4-search-json,2026-08-03T09:00,2026-08-03T20:00,1105416,https://fr.getaround.com/location-voiture/paris/renault-zoe-1105416,Renault ZOE (2020),2020,Getaround Connect,CITADINE,SEGMENT_RULES,ELECTRIQUE,True,78.0,,4.65,57,Puteaux,Paris,Puteaux|Asnières-sur-Seine|Paris 17e,3,81,False,False,,6170,468,9
20260802T150127,A2,v3.4-search-json,2026-08-03T09:00,2026-08-03T20:00,1932353,https://fr.getaround.com/location-voiture/rueil-malmaison/peugeot-208-1932353,Peugeot 208 (2019),2019,Getaround Connect,CITADINE,SEGMENT_RULES,THERMIQUE,True,70.0,,,,Puteaux,Rueil Malmaison,Puteaux|Asnières-sur-Seine,2,82,False,False,,3170,468,3
20260802T150127,A2,v3.4-search-json,2026-08-03T09:00,2026-08-03T20:00,730131,https://fr.getaround.com/location-voiture/boulogne-billancourt/renault-clio-730131,Renault Clio (2018),2018,Getaround Connect,CITADINE,SEGMENT_RULES,THERMIQUE,True,52.0,,4.12,176,Puteaux,Boulogne Billancourt,Puteaux|Asnières-sur-Seine|Paris 17e,3,83,False,False,,4530,468,3
20260802T150127,A2,v3.4-search-json,2026-08-03T09:00,2026-08-03T20:00,1325437,https://fr.getaround.com/location-voiture/carrieres-sur-seine/peugeot-208-1325437,Peugeot 208 (2023),2023,Getaround Connect,CITADINE,SEGMENT_RULES,THERMIQUE,True,58.0,,4.59,49,Puteaux,Carrieres Sur Seine,Puteaux|Asnières-sur-Seine,2,84,False,False,,5150,468,3
20260802T150127,A2,v3.4-search-json,2026-08-03T09:00,2026-08-03T20:00,653362,https://fr.getaround.com/location-voiture/paris/renault-clio-653362,Renault Clio (2017),2017,Getaround Connect,CITADINE,SEGMENT_RULES,THERMIQUE,True,33.0,,4.82,203,Paris 17e,Paris,Paris 17e,1,85,False,False,,7480,698,3
20260802T150127,A2,v3.4-search-json,2026-08-03T09:00,2026-08-03T20:00,1902942,https://fr.getaround.com/location-voiture/rueil-malmaison/peugeot-208-1902942,Peugeot 208 (2015),2015,Getaround Connect,CITADINE,SEGMENT_RULES,THERMIQUE,True,63.0,,5.0,2,Puteaux,Rueil Malmaison,Puteaux|Asnières-sur-Seine,2,86,False,False,,4200,468,3
20260802T150127,A2,v3.4-search-json,2026-08-03T09:00,2026-08-03T20:00,985183,https://fr.getaround.com/location-voiture/paris/citroen-c3-985183,Citroen C3 (2021),2021,Getaround Connect,CITADINE,SEGMENT_RULES,THERMIQUE,True,45.0,,4.49,107,Asnières-sur-Seine,Paris,Asnières-sur-Seine|Paris 17e,2,86,False,False,,4960,1001,3
20260802T150127,A2,v3.4-search-json,2026-08-03T09:00,2026-08-03T20:00,1772268,https://fr.getaround.com/location-voiture/paris/peugeot-e-208-gt-1772268,Peugeot e-208 GT (2023),2023,Getaround Connect,CITADINE,SEGMENT_RULES,THERMIQUE,True,80.0,,5.0,9,Puteaux,Paris,Puteaux|Paris 17e,2,88,False,False,,6900,468,4
20260802T150127,A2,v3.4-search-json,2026-08-03T09:00,2026-08-03T20:00,1746942,https://fr.getaround.com/location-voiture/eaubonne/citroen-c3-1746942,Citroen C3 (2014),2014,Getaround Connect,CITADINE,SEGMENT_RULES,THERMIQUE,True,42.0,,4.65,26,Asnières-sur-Seine,Eaubonne,Asnières-sur-Seine,1,88,False,False,,7330,1001,3
20260802T150127,A2,v3.4-search-json,2026-08-03T09:00,2026-08-03T20:00,1718489,https://fr.getaround.com/location-voiture/suresnes/citroen-c3-1718489,Citroen C3 (2017),2017,Getaround Connect,CITADINE,SEGMENT_RULES,THERMIQUE,True,72.0,,4.64,22,Puteaux,Suresnes,Puteaux|Asnières-sur-Seine|Paris 17e,3,90,False,False,,2680,468,3
20260802T150127,A2,v3.4-search-json,2026-08-03T09:00,2026-08-03T20:00,673901,https://fr.getaround.com/location-voiture/paris/renault-clio-673901,Renault Clio (2017),2017,Getaround Connect,CITADINE,SEGMENT_RULES,THERMIQUE,True,45.0,,4.43,203,Puteaux,Paris,Puteaux|Asnières-sur-Seine|Paris 17e,3,90,False,False,,7370,468,3
20260802T150127,A2,v3.4-search-json,2026-08-03T09:00,2026-08-03T20:00,1911418,https://fr.getaround.com/location-voiture/sannois/renault-twingo-iii-1911418,Renault Twingo III (2018),2018,Getaround Connect,CITADINE,SEGMENT_RULES,THERMIQUE,True,45.0,,5.0,2,Asnières-sur-Seine,Sannois,Asnières-sur-Seine,1,91,False,False,,7940,1001,3
20260802T150127,A2,v3.4-search-json,2026-08-03T09:00,2026-08-03T20:00,1934966,https://fr.getaround.com/location-voiture/courbevoie/renault-arkana-business-1934966,Renault Arkana Business (2021),2021,Sur rendez-vous,COMPACTE,SEGMENT_RULES,THERMIQUE,False,63.0,,5.0,1,Puteaux,Courbevoie,Puteaux|Asnières-sur-Seine|Paris 17e,3,92,False,False,,1910,468,3
20260802T150127,A2,v3.4-search-json,2026-08-03T09:00,2026-08-03T20:00,1608525,https://fr.getaround.com/location-voiture/paris/citroen-c3-1608525,Citroen C3 (2024),2024,Getaround Connect,CITADINE,SEGMENT_RULES,THERMIQUE,True,68.0,,4.32,25,Puteaux,Paris,Puteaux|Asnières-sur-Seine|Paris 17e,3,92,False,False,,3840,468,4
20260802T150127,A2,v3.4-search-json,2026-08-03T09:00,2026-08-03T20:00,1216607,https://fr.getaround.com/location-voiture/paris/peugeot-208-1216607,Peugeot 208 (2023),2023,Getaround Connect,CITADINE,SEGMENT_RULES,THERMIQUE,True,77.0,,4.58,32,Puteaux,Paris,Puteaux|Asnières-sur-Seine|Paris 17e,3,94,False,False,,6930,468,7
20260802T150127,A2,v3.4-search-json,2026-08-03T09:00,2026-08-03T20:00,846345,https://fr.getaround.com/location-voiture/paris/dacia-sandero-846345,Dacia Sandero (2021),2021,Getaround Connect,CITADINE,SEGMENT_RULES,THERMIQUE,True,62.0,,4.2,108,Asnières-sur-Seine,Paris,Asnières-sur-Seine|Paris 17e,2,95,False,False,,5980,1001,8
20260802T150127,A2,v3.4-search-json,2026-08-03T09:00,2026-08-03T20:00,1721439,https://fr.getaround.com/location-voiture/paris/renault-megane-1721439,Renault Mégane (2019),2019,Getaround Connect,COMPACTE,SEGMENT_RULES,THERMIQUE,True,76.0,,4.68,19,Puteaux,Paris,Puteaux|Asnières-sur-Seine|Paris 17e,3,96,False,False,,3390,468,3
20260802T150127,A2,v3.4-search-json,2026-08-03T09:00,2026-08-03T20:00,1691386,https://fr.getaround.com/location-voiture/paris/peugeot-208-1691386,Peugeot 208 (2025),2025,Getaround Connect,CITADINE,SEGMENT_RULES,THERMIQUE,True,81.0,,3.14,7,Puteaux,Paris,Puteaux|Asnières-sur-Seine|Paris 17e,3,96,False,False,,3480,468,4
20260802T150127,A2,v3.4-search-json,2026-08-03T09:00,2026-08-03T20:00,1569930,https://fr.getaround.com/location-voiture/paris/renault-twingo-1569930,Renault Twingo (2019),2019,Sur rendez-vous,CITADINE,SEGMENT_RULES,THERMIQUE,False,80.0,,5.0,4,Puteaux,Paris,Puteaux|Asnières-sur-Seine|Paris 17e,3,97,False,False,,4920,468,10
20260802T150127,A2,v3.4-search-json,2026-08-03T09:00,2026-08-03T20:00,1775946,https://fr.getaround.com/location-voiture/paris/fiat-500-1775946,Fiat 500 (2014),2014,Getaround Connect,CITADINE,SEGMENT_RULES,THERMIQUE,True,45.0,,4.87,53,Puteaux,Paris,Puteaux|Asnières-sur-Seine|Paris 17e,3,98,False,False,,7670,468,3
20260802T150127,A2,v3.4-search-json,2026-08-03T09:00,2026-08-03T20:00,1553158,https://fr.getaround.com/location-voiture/colombes/citroen-c3-1553158,Citroen C3 (2019),2019,Getaround Connect,CITADINE,SEGMENT_RULES,THERMIQUE,True,72.0,,5.0,34,Puteaux,Colombes,Puteaux|Asnières-sur-Seine|Paris 17e,3,99,False,False,,3620,468,3
20260802T150127,A2,v3.4-search-json,2026-08-03T09:00,2026-08-03T20:00,1784306,https://fr.getaround.com/location-voiture/paris/renault-clio-1784306,Renault Clio (2017),2017,Getaround Connect,CITADINE,SEGMENT_RULES,THERMIQUE,True,44.0,,4.44,16,Asnières-sur-Seine,Paris,Asnières-sur-Seine|Paris 17e,2,99,False,False,,7610,1001,3
20260802T150127,A2,v3.4-search-json,2026-08-03T09:00,2026-08-03T20:00,722942,https://fr.getaround.com/location-voiture/paris/renault-clio-722942,Renault Clio (2018),2018,Getaround Connect,CITADINE,SEGMENT_RULES,THERMIQUE,True,52.0,,4.68,149,Asnières-sur-Seine,Paris,Asnières-sur-Seine|Paris 17e,2,99,False,False,,7500,1001,4
20260802T150127,A2,v3.4-search-json,2026-08-03T09:00,2026-08-03T20:00,1215739,https://fr.getaround.com/location-voiture/paris/peugeot-208-1215739,Peugeot 208 (2023),2023,Getaround Connect,CITADINE,SEGMENT_RULES,THERMIQUE,True,50.0,,4.07,76,Asnières-sur-Seine,Paris,Asnières-sur-Seine|Paris 17e,2,100,False,False,,6850,1001,6
20260802T150127,A2,v3.4-search-json,2026-08-03T09:00,2026-08-03T20:00,1763978,https://fr.getaround.com/location-voiture/colombes/toyota-yaris-hybride-1763978,Toyota Yaris Hybride (2019),2019,Getaround Connect,CITADINE,SEGMENT_RULES,HYBRIDE,True,83.0,,5.0,32,Puteaux,Colombes,Puteaux|Asnières-sur-Seine|Paris 17e,3,101,False,False,,2810,468,3
20260802T150127,A2,v3.4-search-json,2026-08-03T09:00,2026-08-03T20:00,1766443,https://fr.getaround.com/location-voiture/sannois/renault-twingo-iii-1766443,Renault Twingo III (2016),2016,Getaround Connect,CITADINE,SEGMENT_RULES,THERMIQUE,True,47.0,,4.95,21,Asnières-sur-Seine,Sannois,Asnières-sur-Seine,1,101,False,False,,7950,1001,3
20260802T150127,A2,v3.4-search-json,2026-08-03T09:00,2026-08-03T20:00,1639244,https://fr.getaround.com/location-voiture/paris/peugeot-3008-1639244,Peugeot 3008 (2018),2018,Getaround Connect,SUV_FAMILIAL,SEGMENT_RULES,THERMIQUE,True,67.0,,4.24,17,Asnières-sur-Seine,Paris,Asnières-sur-Seine|Paris 17e,2,101,False,False,,7610,1001,3
20260802T150127,A2,v3.4-search-json,2026-08-03T09:00,2026-08-03T20:00,641035,https://fr.getaround.com/location-voiture/paris/fiat-500-641035,Fiat 500 (2016),2016,Getaround Connect,CITADINE,SEGMENT_RULES,THERMIQUE,True,28.0,,4.82,129,Paris 17e,Paris,Paris 17e,1,102,False,False,,7480,698,3
20260802T150127,A2,v3.4-search-json,2026-08-03T09:00,2026-08-03T20:00,1573156,https://fr.getaround.com/location-voiture/nanterre/ford-fiesta-1573156,Ford Fiesta (2014),2014,Getaround Connect,CITADINE,SEGMENT_RULES,THERMIQUE,True,69.0,,4.86,77,Puteaux,Nanterre,Puteaux|Asnières-sur-Seine|Paris 17e,3,105,False,False,,4040,468,3
20260802T150127,A2,v3.4-search-json,2026-08-03T09:00,2026-08-03T20:00,940735,https://fr.getaround.com/location-voiture/paris/dacia-spring-940735,Dacia Spring (2020),2020,Getaround Connect,COMPACTE,SEGMENT_RULES,THERMIQUE,True,39.0,,3.71,130,Asnières-sur-Seine,Paris,Asnières-sur-Seine|Paris 17e,2,105,False,False,,5910,1001,8
20260802T150127,A2,v3.4-search-json,2026-08-03T09:00,2026-08-03T20:00,1650443,https://fr.getaround.com/location-voiture/paris/volkswagen-t-cross-1650443,Volkswagen T-Cross (2024),2024,Getaround Connect,SUV_COMPACT,SEGMENT_RULES,THERMIQUE,True,80.0,,4.57,35,Puteaux,Paris,Puteaux|Asnières-sur-Seine|Paris 17e,3,106,False,False,,3930,468,3
20260802T150127,A2,v3.4-search-json,2026-08-03T09:00,2026-08-03T20:00,1897276,https://fr.getaround.com/location-voiture/saint-denis/renault-clio-societe-1897276,Renault Clio Société (2017),2017,Getaround Connect,CITADINE,SEGMENT_RULES,THERMIQUE,True,60.0,,5.0,4,Asnières-sur-Seine,Saint Denis,Asnières-sur-Seine|Paris 17e,2,106,False,False,,5080,1001,3
20260802T150127,A2,v3.4-search-json,2026-08-03T09:00,2026-08-03T20:00,1921896,https://fr.getaround.com/location-voiture/levallois-perret/renault-clio-1921896,Renault Clio (2015),2015,Sur rendez-vous,CITADINE,SEGMENT_RULES,THERMIQUE,False,65.0,,5.0,2,Puteaux,Levallois Perret,Puteaux|Paris 17e,2,107,False,False,,3780,468,7
20260802T150127,A2,v3.4-search-json,2026-08-03T09:00,2026-08-03T20:00,1757230,https://fr.getaround.com/location-voiture/saint-ouen-sur-seine/renault-clio-1757230,Renault Clio (2018),2018,Getaround Connect,CITADINE,SEGMENT_RULES,THERMIQUE,True,89.0,,4.97,34,Puteaux,Saint Ouen Sur Seine,Puteaux|Asnières-sur-Seine|Paris 17e,3,109,False,False,,7140,468,8
20260802T150127,A2,v3.4-search-json,2026-08-03T09:00,2026-08-03T20:00,753965,https://fr.getaround.com/location-voiture/paris/opel-corsa-753965,Opel Corsa (2016),2016,Getaround Connect,CITADINE,SEGMENT_RULES,THERMIQUE,True,43.0,,4.28,156,Asnières-sur-Seine,Paris,Asnières-sur-Seine|Paris 17e,2,109,False,False,,7920,1001,5
20260802T150127,A2,v3.4-search-json,2026-08-03T09:00,2026-08-03T20:00,1031523,https://fr.getaround.com/location-voiture/paris/fiat-500-1031523,Fiat 500 (2019),2019,Getaround Connect,CITADINE,SEGMENT_RULES,THERMIQUE,True,67.0,,4.98,209,Puteaux,Paris,Puteaux|Asnières-sur-Seine|Paris 17e,3,110,False,False,,4700,468,3
20260802T150127,A2,v3.4-search-json,2026-08-03T09:00,2026-08-03T20:00,1130093,https://fr.getaround.com/location-voiture/paris/renault-clio-1130093,Renault Clio (2021),2021,Getaround Connect,CITADINE,SEGMENT_RULES,THERMIQUE,True,52.0,,4.75,97,Asnières-sur-Seine,Paris,Asnières-sur-Seine|Paris 17e,2,110,False,False,,9420,1001,4
20260802T150127,A2,v3.4-search-json,2026-08-03T09:00,2026-08-03T20:00,701664,https://fr.getaround.com/location-voiture/paris/renault-twingo-701664,Renault Twingo (2017),2017,Getaround Connect,CITADINE,SEGMENT_RULES,THERMIQUE,True,55.0,,4.72,225,Puteaux,Paris,Puteaux|Asnières-sur-Seine|Paris 17e,3,111,False,False,,5760,468,3
20260802T150127,A2,v3.4-search-json,2026-08-03T09:00,2026-08-03T20:00,1666420,https://fr.getaround.com/location-voiture/montesson/peugeot-208-1666420,Peugeot 208 (2025),2025,Getaround Connect,CITADINE,SEGMENT_RULES,THERMIQUE,True,60.0,,4.33,33,Puteaux,Montesson,Puteaux,1,113,False,False,,7150,468,3
20260802T150127,A2,v3.4-search-json,2026-08-03T09:00,2026-08-03T20:00,1895469,https://fr.getaround.com/location-voiture/soisy-sous-montmorency/renault-clio-e-tech-1895469,Renault Clio E-tech (2023),2023,Getaround Connect,CITADINE,SEGMENT_RULES,ELECTRIQUE,True,66.0,,4.29,7,Asnières-sur-Seine,Soisy Sous Montmorency,Asnières-sur-Seine,1,113,False,False,,6930,1001,3
20260802T150127,A2,v3.4-search-json,2026-08-03T09:00,2026-08-03T20:00,1888150,https://fr.getaround.com/location-voiture/clichy/renault-arkana-evolution-1888150,Renault Arkana Evolution (2022),2022,Getaround Connect,COMPACTE,SEGMENT_RULES,THERMIQUE,True,113.0,,5.0,2,Puteaux,Clichy,Puteaux|Asnières-sur-Seine|Paris 17e,3,114,False,False,,6060,468,6
20260802T150127,A2,v3.4-search-json,2026-08-03T09:00,2026-08-03T20:00,1584217,https://fr.getaround.com/location-voiture/neuilly-sur-seine/renault-grand-scenic-1584217,Renault Grand Scenic (2018),2018,Getaround Connect,MONOSPACE,SEGMENT_RULES,THERMIQUE,True,110.0,,4.94,31,Puteaux,Neuilly Sur Seine,Puteaux|Asnières-sur-Seine|Paris 17e,3,115,False,False,,3100,468,4
20260802T150127,A2,v3.4-search-json,2026-08-03T09:00,2026-08-03T20:00,1823084,https://fr.getaround.com/location-voiture/rueil-malmaison/peugeot-208-1823084,Peugeot 208 (2016),2016,Getaround Connect,CITADINE,SEGMENT_RULES,THERMIQUE,True,68.0,,5.0,15,Puteaux,Rueil Malmaison,Puteaux|Asnières-sur-Seine,2,116,False,False,,4200,468,3
20260802T150127,A2,v3.4-search-json,2026-08-03T09:00,2026-08-03T20:00,787198,https://fr.getaround.com/location-voiture/paris/renault-clio-787198,Renault Clio (2020),2020,Getaround Connect,CITADINE,SEGMENT_RULES,THERMIQUE,True,54.0,,4.19,161,Puteaux,Paris,Puteaux|Asnières-sur-Seine|Paris 17e,3,116,False,False,,5190,468,4
20260802T150127,A2,v3.4-search-json,2026-08-03T09:00,2026-08-03T20:00,1145798,https://fr.getaround.com/location-voiture/asnieres-sur-seine/citroen-c4-cactus-1145798,Citroen C4 Cactus (2019),2019,Sur rendez-vous,COMPACTE,SEGMENT_RULES,THERMIQUE,False,125.0,,5.0,8,Asnières-sur-Seine,Asnieres Sur Seine,Asnières-sur-Seine,1,116,False,False,,630,1001,3
20260802T150127,A2,v3.4-search-json,2026-08-03T09:00,2026-08-03T20:00,509497,https://fr.getaround.com/location-voiture/saint-ouen-sur-seine/nissan-micra-509497,Nissan Micra (2019),2019,Getaround Connect,CITADINE,SEGMENT_RULES,THERMIQUE,True,70.0,,4.94,144,Asnières-sur-Seine,Saint Ouen Sur Seine,Asnières-sur-Seine|Paris 17e,2,118,False,False,,3700,1001,3
20260802T150127,A2,v3.4-search-json,2026-08-03T09:00,2026-08-03T20:00,1813494,https://fr.getaround.com/location-voiture/paris/peugeot-2008-1813494,Peugeot 2008 (2020),2020,Getaround Connect,SUV_COMPACT,SEGMENT_RULES,THERMIQUE,True,75.0,,5.0,5,Asnières-sur-Seine,Paris,Asnières-sur-Seine|Paris 17e,2,118,False,False,,6280,1001,5
20260802T150127,A2,v3.4-search-json,2026-08-03T09:00,2026-08-03T20:00,1438150,https://fr.getaround.com/location-voiture/paris/renault-clio-1438150,Renault Clio (2024),2024,Getaround Connect,CITADINE,SEGMENT_RULES,THERMIQUE,True,78.0,,4.0,21,Puteaux,Paris,Puteaux|Asnières-sur-Seine|Paris 17e,3,119,False,False,,7060,468,9
20260802T150127,A2,v3.4-search-json,2026-08-03T09:00,2026-08-03T20:00,1883676,https://fr.getaround.com/location-voiture/paris/fiat-500-1883676,Fiat 500 (2015),2015,Getaround Connect,CITADINE,SEGMENT_RULES,THERMIQUE,True,53.0,,4.6,10,Asnières-sur-Seine,Paris,Asnières-sur-Seine|Paris 17e,2,120,False,False,,6700,1001,4
20260802T150127,A2,v3.4-search-json,2026-08-03T09:00,2026-08-03T20:00,1536571,https://fr.getaround.com/location-voiture/paris/renault-clio-1536571,Renault Clio (2020),2020,Getaround Connect,CITADINE,SEGMENT_RULES,THERMIQUE,True,52.0,,4.28,25,Asnières-sur-Seine,Paris,Asnières-sur-Seine|Paris 17e,2,121,False,False,,8940,1001,4
20260802T150127,A2,v3.4-search-json,2026-08-03T09:00,2026-08-03T20:00,1030151,https://fr.getaround.com/location-voiture/paris/peugeot-2008-1030151,Peugeot 2008 (2016),2016,Getaround Connect,SUV_COMPACT,SEGMENT_RULES,THERMIQUE,True,64.0,,3.84,104,Asnières-sur-Seine,Paris,Asnières-sur-Seine|Paris 17e,2,122,False,False,,5990,1001,9
20260802T150127,A2,v3.4-search-json,2026-08-03T09:00,2026-08-03T20:00,1890951,https://fr.getaround.com/location-voiture/saint-ouen-sur-seine/renault-twingo-1890951,Renault Twingo (2020),2020,Sur rendez-vous,CITADINE,SEGMENT_RULES,THERMIQUE,False,49.0,,5.0,2,Puteaux,Saint Ouen Sur Seine,Puteaux|Asnières-sur-Seine|Paris 17e,3,124,False,False,,6960,468,8
20260802T150127,A2,v3.4-search-json,2026-08-03T09:00,2026-08-03T20:00,1589883,https://fr.getaround.com/location-voiture/neuilly-sur-seine/peugeot-2008-1589883,Peugeot 2008 (2023),2023,Getaround Connect,SUV_COMPACT,SEGMENT_RULES,THERMIQUE,True,75.0,,3.83,44,Puteaux,Neuilly Sur Seine,Puteaux|Asnières-sur-Seine|Paris 17e,3,125,False,False,,2920,468,4
20260802T150127,A2,v3.4-search-json,2026-08-03T09:00,2026-08-03T20:00,1650499,https://fr.getaround.com/location-voiture/paris/volkswagen-t-cross-1650499,Volkswagen T-Cross (2024),2024,Getaround Connect,SUV_COMPACT,SEGMENT_RULES,THERMIQUE,True,73.0,,4.89,37,Asnières-sur-Seine,Paris,Asnières-sur-Seine|Paris 17e,2,125,False,False,,8029,1001,4
20260802T150127,A2,v3.4-search-json,2026-08-03T09:00,2026-08-03T20:00,1432561,https://fr.getaround.com/location-voiture/paris/citroen-c3-1432561,Citroen C3 (2023),2023,Getaround Connect,CITADINE,SEGMENT_RULES,THERMIQUE,True,70.0,,4.42,39,Puteaux,Paris,Puteaux|Asnières-sur-Seine|Paris 17e,3,126,False,False,,4240,468,4
20260802T150127,A2,v3.4-search-json,2026-08-03T09:00,2026-08-03T20:00,1918285,https://fr.getaround.com/location-voiture/la-garenne-colombes/dacia-spring-1918285,Dacia Spring (2022),2022,Getaround Connect,COMPACTE,SEGMENT_RULES,THERMIQUE,True,58.0,,,,Puteaux,La Garenne Colombes,Puteaux|Asnières-sur-Seine|Paris 17e,3,127,False,False,,2910,468,4
20260802T150127,A2,v3.4-search-json,2026-08-03T09:00,2026-08-03T20:00,1253201,https://fr.getaround.com/location-voiture/paris/peugeot-208-1253201,Peugeot 208 (2023),2023,Getaround Connect,CITADINE,SEGMENT_RULES,THERMIQUE,True,70.0,,4.36,60,Asnières-sur-Seine,Paris,Asnières-sur-Seine|Paris 17e,2,127,False,False,,5570,1001,5
20260802T150127,A2,v3.4-search-json,2026-08-03T09:00,2026-08-03T20:00,558456,https://fr.getaround.com/location-voiture/nanterre/citroen-c3-558456,Citroen C3 (2015),2015,Sur rendez-vous,CITADINE,SEGMENT_RULES,THERMIQUE,False,60.0,,4.72,100,Puteaux,Nanterre,Puteaux|Asnières-sur-Seine,2,128,False,False,,2100,468,4
20260802T150127,A2,v3.4-search-json,2026-08-03T09:00,2026-08-03T20:00,1881888,https://fr.getaround.com/location-voiture/paris/peugeot-2008-1881888,Peugeot 2008 (2026),2026,Getaround Connect,SUV_COMPACT,SEGMENT_RULES,THERMIQUE,True,98.0,,3.0,2,Puteaux,Paris,Puteaux|Asnières-sur-Seine|Paris 17e,3,128,False,False,,6800,468,9
20260802T150127,A2,v3.4-search-json,2026-08-03T09:00,2026-08-03T20:00,1608631,https://fr.getaround.com/location-voiture/cormeilles-en-parisis/peugeot-208-1608631,Peugeot 208 (2019),2019,Getaround Connect,CITADINE,SEGMENT_RULES,THERMIQUE,True,50.0,,4.95,21,Asnières-sur-Seine,Cormeilles En Parisis,Asnières-sur-Seine,1,128,False,False,,8610,1001,4
20260802T150127,A2,v3.4-search-json,2026-08-03T09:00,2026-08-03T20:00,484151,https://fr.getaround.com/location-voiture/rueil-malmaison/smart-fortwo-coupe-484151,Smart Fortwo Coupé (2016),2016,Getaround Connect,MICRO_CITADINE,SEGMENT_RULES,THERMIQUE,True,57.0,,4.72,171,Puteaux,Rueil Malmaison,Puteaux|Asnières-sur-Seine,2,129,False,False,,3900,468,4
20260802T150127,A2,v3.4-search-json,2026-08-03T09:00,2026-08-03T20:00,1856599,https://fr.getaround.com/location-voiture/paris/fiat-500-1856599,Fiat 500 (2021),2021,Getaround Connect,CITADINE,SEGMENT_RULES,THERMIQUE,True,49.0,,4.94,18,Asnières-sur-Seine,Paris,Asnières-sur-Seine|Paris 17e,2,129,False,False,,10220,1001,5
20260802T150127,A2,v3.4-search-json,2026-08-03T09:00,2026-08-03T20:00,733239,https://fr.getaround.com/location-voiture/sartrouville/fiat-500-733239,Fiat 500 (2016),2016,Getaround Connect,CITADINE,SEGMENT_RULES,THERMIQUE,True,53.0,,4.86,60,Puteaux,Sartrouville,Puteaux|Asnières-sur-Seine,2,130,False,False,,8020,468,4
20260802T150127,A2,v3.4-search-json,2026-08-03T09:00,2026-08-03T20:00,1665189,https://fr.getaround.com/location-voiture/paris/peugeot-208-1665189,Peugeot 208 (2019),2019,Getaround Connect,CITADINE,SEGMENT_RULES,THERMIQUE,True,52.0,,4.05,43,Asnières-sur-Seine,Paris,Asnières-sur-Seine|Paris 17e,2,130,False,False,,7160,1001,5
20260802T150127,A2,v3.4-search-json,2026-08-03T09:00,2026-08-03T20:00,1478188,https://fr.getaround.com/location-voiture/paris/renault-clio-e-tech-1478188,Renault Clio E-tech (2020),2020,Getaround Connect,CITADINE,SEGMENT_RULES,ELECTRIQUE,True,58.0,,3.17,18,Puteaux,Paris,Puteaux|Asnières-sur-Seine|Paris 17e,3,131,False,False,,5750,468,6
20260802T150127,A2,v3.4-search-json,2026-08-03T09:00,2026-08-03T20:00,1365096,https://fr.getaround.com/location-voiture/paris/volkswagen-polo-1365096,Volkswagen Polo (2018),2018,Getaround Connect,CITADINE,SEGMENT_RULES,THERMIQUE,True,52.0,,4.61,74,Asnières-sur-Seine,Paris,Asnières-sur-Seine|Paris 17e,2,132,False,False,,9750,1001,4
20260802T150127,A2,v3.4-search-json,2026-08-03T09:00,2026-08-03T20:00,1843000,https://fr.getaround.com/location-voiture/paris/peugeot-2008-1843000,Peugeot 2008 (2024),2024,Getaround Connect,SUV_COMPACT,SEGMENT_RULES,THERMIQUE,True,87.0,,5.0,12,Asnières-sur-Seine,Paris,Asnières-sur-Seine|Paris 17e,2,132,False,False,,5000,1001,5
20260802T150127,A2,v3.4-search-json,2026-08-03T09:00,2026-08-03T20:00,1728863,https://fr.getaround.com/location-voiture/paris/citroen-c4-1728863,Citroen C4 (2015),2015,Getaround Connect,COMPACTE,SEGMENT_RULES,THERMIQUE,True,66.0,,4.83,30,Puteaux,Paris,Puteaux|Asnières-sur-Seine|Paris 17e,3,133,False,False,,4190,468,4
20260802T150127,A2,v3.4-search-json,2026-08-03T09:00,2026-08-03T20:00,1909635,https://fr.getaround.com/location-voiture/drancy/peugeot-208-1909635,Peugeot 208 (2016),2016,Getaround Connect,CITADINE,SEGMENT_RULES,THERMIQUE,True,49.0,,5.0,3,Asnières-sur-Seine,Drancy,Asnières-sur-Seine,1,133,False,False,,9680,1001,4
20260802T150127,A2,v3.4-search-json,2026-08-03T09:00,2026-08-03T20:00,1409654,https://fr.getaround.com/location-voiture/levallois-perret/citroen-c4-1409654,Citroen C4 (2015),2015,Getaround Connect,COMPACTE,SEGMENT_RULES,THERMIQUE,True,74.0,,4.26,53,Puteaux,Levallois Perret,Puteaux|Asnières-sur-Seine|Paris 17e,3,134,False,False,,3150,468,5
20260802T150127,A2,v3.4-search-json,2026-08-03T09:00,2026-08-03T20:00,1232079,https://fr.getaround.com/location-voiture/paris/peugeot-208-1232079,Peugeot 208 (2023),2023,Getaround Connect,CITADINE,SEGMENT_RULES,THERMIQUE,True,77.0,,4.59,58,Asnières-sur-Seine,Paris,Asnières-sur-Seine|Paris 17e,2,135,False,False,,5140,1001,6
20260802T150127,A2,v3.4-search-json,2026-08-03T09:00,2026-08-03T20:00,1274910,https://fr.getaround.com/location-voiture/chatou/renault-clio-1274910,Renault Clio (2023),2023,Getaround Connect,CITADINE,SEGMENT_RULES,THERMIQUE,True,58.0,,4.75,40,Puteaux,Chatou,Puteaux|Asnières-sur-Seine,2,136,False,False,,6160,468,4
20260802T150127,A2,v3.4-search-json,2026-08-03T09:00,2026-08-03T20:00,1945584,https://fr.getaround.com/location-voiture/paris/renault-zoe-1945584,Renault ZOE (2015),2015,Sur rendez-vous,CITADINE,SEGMENT_RULES,ELECTRIQUE,False,71.0,,,,Puteaux,Paris,Puteaux|Asnières-sur-Seine|Paris 17e,3,136,False,False,,4760,468,9
20260802T150127,A2,v3.4-search-json,2026-08-03T09:00,2026-08-03T20:00,275988,https://fr.getaround.com/location-voiture/courbevoie/toyota-prius-275988,Toyota Prius (2012),2012,Sur rendez-vous,COMPACTE,SEGMENT_RULES,HYBRIDE,False,102.0,,4.83,12,Puteaux,Courbevoie,Puteaux|Asnières-sur-Seine|Paris 17e,3,137,False,False,,1080,468,4
20260802T150127,A2,v3.4-search-json,2026-08-03T09:00,2026-08-03T20:00,1421288,https://fr.getaround.com/location-voiture/rueil-malmaison/dacia-sandero-1421288,Dacia Sandero (2018),2018,Getaround Connect,CITADINE,SEGMENT_RULES,THERMIQUE,True,57.0,,4.74,42,Puteaux,Rueil Malmaison,Puteaux|Asnières-sur-Seine,2,138,False,False,,5340,468,4
20260802T150127,A2,v3.4-search-json,2026-08-03T09:00,2026-08-03T20:00,1795000,https://fr.getaround.com/location-voiture/paris/renault-clio-e-tech-1795000,Renault Clio E-tech (2021),2021,Getaround Connect,CITADINE,SEGMENT_RULES,ELECTRIQUE,True,58.0,,4.47,17,Asnières-sur-Seine,Paris,Asnières-sur-Seine|Paris 17e,2,138,False,False,,10000,1001,4
20260802T150127,A2,v3.4-search-json,2026-08-03T09:00,2026-08-03T20:00,1496820,https://fr.getaround.com/location-voiture/pantin/renault-clio-1496820,Renault Clio (2020),2020,Getaround Connect,CITADINE,SEGMENT_RULES,THERMIQUE,True,52.0,,4.7,66,Asnières-sur-Seine,Pantin,Asnières-sur-Seine,1,140,False,False,,9440,1001,4
20260802T150127,A2,v3.4-search-json,2026-08-03T09:00,2026-08-03T20:00,623886,https://fr.getaround.com/location-voiture/paris/renault-twingo-623886,Renault Twingo (2011),2011,Getaround Connect,CITADINE,SEGMENT_RULES,THERMIQUE,True,47.0,,4.14,86,Asnières-sur-Seine,Paris,Asnières-sur-Seine|Paris 17e,2,140,False,False,,7040,1001,5
20260802T150127,A2,v3.4-search-json,2026-08-03T09:00,2026-08-03T20:00,820937,https://fr.getaround.com/location-voiture/paris/renault-clio-820937,Renault Clio (2017),2017,Getaround Connect,CITADINE,SEGMENT_RULES,THERMIQUE,True,67.0,,4.54,127,Puteaux,Paris,Puteaux|Asnières-sur-Seine|Paris 17e,3,141,False,False,,5790,468,4
20260802T150127,A2,v3.4-search-json,2026-08-03T09:00,2026-08-03T20:00,1002075,https://fr.getaround.com/location-voiture/paris/peugeot-208-1002075,Peugeot 208 (2021),2021,Getaround Connect,CITADINE,SEGMENT_RULES,THERMIQUE,True,45.0,,4.09,100,Asnières-sur-Seine,Paris,Asnières-sur-Seine|Paris 17e,2,142,False,False,,8750,1001,4
20260802T150127,A2,v3.4-search-json,2026-08-03T09:00,2026-08-03T20:00,1871096,https://fr.getaround.com/location-voiture/chatou/citroen-c1-ii-1871096,Citroen C1 II (2016),2016,Getaround Connect,MICRO_CITADINE,SEGMENT_RULES,THERMIQUE,True,47.0,,5.0,3,Puteaux,Chatou,Puteaux|Asnières-sur-Seine,2,144,False,False,,6380,468,4
20260802T150127,A2,v3.4-search-json,2026-08-03T09:00,2026-08-03T20:00,829674,https://fr.getaround.com/location-voiture/paris/citroen-c4-cactus-829674,Citroen C4 Cactus (2018),2018,Getaround Connect,COMPACTE,SEGMENT_RULES,THERMIQUE,True,58.0,,3.95,111,Asnières-sur-Seine,Paris,Asnières-sur-Seine|Paris 17e,2,144,False,False,,6770,1001,10
20260802T150127,A2,v3.4-search-json,2026-08-03T09:00,2026-08-03T20:00,1582569,https://fr.getaround.com/location-voiture/paris/peugeot-308-sw-1582569,Peugeot 308 SW (2019),2019,Getaround Connect,BREAK,SEGMENT_RULES,THERMIQUE,True,64.0,,4.97,39,Asnières-sur-Seine,Paris,Asnières-sur-Seine|Paris 17e,2,145,False,False,,7470,1001,5
20260802T150127,A2,v3.4-search-json,2026-08-03T09:00,2026-08-03T20:00,1442843,https://fr.getaround.com/location-voiture/paris/citroen-c3-1442843,Citroen C3 (2023),2023,Getaround Connect,CITADINE,SEGMENT_RULES,THERMIQUE,True,77.0,,4.78,40,Puteaux,Paris,Puteaux|Asnières-sur-Seine|Paris 17e,3,146,False,False,,4059,468,4
20260802T150127,A2,v3.4-search-json,2026-08-03T09:00,2026-08-03T20:00,1829324,https://fr.getaround.com/location-voiture/boulogne-billancourt/fiat-panda-1829324,Fiat Panda (2016),2016,Getaround Connect,MICRO_CITADINE,SEGMENT_RULES,THERMIQUE,True,64.0,,4.97,30,Puteaux,Boulogne Billancourt,Puteaux|Asnières-sur-Seine|Paris 17e,3,147,False,False,,4720,468,4
20260802T150127,A2,v3.4-search-json,2026-08-03T09:00,2026-08-03T20:00,1664596,https://fr.getaround.com/location-voiture/paris/renault-twingo-iii-1664596,Renault Twingo III (2020),2020,Getaround Connect,CITADINE,SEGMENT_RULES,THERMIQUE,True,52.0,,4.72,18,Asnières-sur-Seine,Paris,Asnières-sur-Seine|Paris 17e,2,147,False,False,,7830,1001,4
20260802T150127,A2,v3.4-search-json,2026-08-03T09:00,2026-08-03T20:00,1173353,https://fr.getaround.com/location-voiture/boulogne-billancourt/renault-twingo-iii-1173353,Renault Twingo III (2018),2018,Getaround Connect,CITADINE,SEGMENT_RULES,THERMIQUE,True,60.0,,4.96,114,Puteaux,Boulogne Billancourt,Puteaux|Asnières-sur-Seine|Paris 17e,3,148,False,False,,5680,468,4
20260802T150127,A2,v3.4-search-json,2026-08-03T09:00,2026-08-03T20:00,1911653,https://fr.getaround.com/location-voiture/asnieres-sur-seine/fiat-500-x-1911653,Fiat 500 X (2018),2018,Sur rendez-vous,CITADINE,SEGMENT_RULES,THERMIQUE,False,81.0,,,,Asnières-sur-Seine,Asnieres Sur Seine,Asnières-sur-Seine,1,148,False,False,,1510,1001,4
20260802T150127,A2,v3.4-search-json,2026-08-03T09:00,2026-08-03T20:00,1474093,https://fr.getaround.com/location-voiture/la-celle-saint-cloud/toyota-yaris-1474093,Toyota Yaris (2017),2017,Getaround Connect,CITADINE,SEGMENT_RULES,THERMIQUE,True,60.0,,4.71,73,Puteaux,La Celle Saint Cloud,Puteaux|Asnières-sur-Seine,2,150,False,False,,7380,468,4
20260802T150127,A2,v3.4-search-json,2026-08-03T09:00,2026-08-03T20:00,1510039,https://fr.getaround.com/location-voiture/paris/renault-twingo-1510039,Renault Twingo (2015),2015,Getaround Connect,CITADINE,SEGMENT_RULES,THERMIQUE,True,53.0,,4.35,24,Asnières-sur-Seine,Paris,Asnières-sur-Seine|Paris 17e,2,150,False,False,,6710,1001,5
20260802T150127,A2,v3.4-search-json,2026-08-03T09:00,2026-08-03T20:00,1450226,https://fr.getaround.com/location-voiture/levallois-perret/citroen-c3-picasso-1450226,Citroen C3 Picasso (2013),2013,Sur rendez-vous,MONOSPACE,SEGMENT_RULES,THERMIQUE,False,78.0,,5.0,9,Puteaux,Levallois Perret,Puteaux|Asnières-sur-Seine|Paris 17e,3,151,False,False,,4240,468,9
20260802T150127,A2,v3.4-search-json,2026-08-03T09:00,2026-08-03T20:00,1786831,https://fr.getaround.com/location-voiture/rueil-malmaison/renault-clio-1786831,Renault Clio (2023),2023,Getaround Connect,CITADINE,SEGMENT_RULES,THERMIQUE,True,74.0,,4.82,17,Puteaux,Rueil Malmaison,Puteaux|Asnières-sur-Seine,2,153,False,False,,3900,468,4
20260802T150127,A2,v3.4-search-json,2026-08-03T09:00,2026-08-03T20:00,1885350,https://fr.getaround.com/location-voiture/paris/renault-clio-1885350,Renault Clio (2019),2019,Getaround Connect,CITADINE,SEGMENT_RULES,THERMIQUE,True,52.0,,5.0,1,Asnières-sur-Seine,Paris,Asnières-sur-Seine|Paris 17e,2,155,False,False,,8990,1001,5
20260802T150127,A2,v3.4-search-json,2026-08-03T09:00,2026-08-03T20:00,1311587,https://fr.getaround.com/location-voiture/boulogne-billancourt/renault-twingo-ii-1311587,Renault Twingo II (2013),2013,Getaround Connect,CITADINE,SEGMENT_RULES,THERMIQUE,True,58.0,,4.83,119,Puteaux,Boulogne Billancourt,Puteaux|Asnières-sur-Seine|Paris 17e,3,156,False,False,,5820,468,4
20260802T150127,A2,v3.4-search-json,2026-08-03T09:00,2026-08-03T20:00,1401206,https://fr.getaround.com/location-voiture/paris/dacia-sandero-expression-1401206,Dacia Sandero Expression (2023),2023,Getaround Connect,CITADINE,SEGMENT_RULES,THERMIQUE,True,70.0,,5.0,42,Puteaux,Paris,Puteaux|Asnières-sur-Seine|Paris 17e,3,156,False,False,,5330,468,5
20260802T150127,A2,v3.4-search-json,2026-08-03T09:00,2026-08-03T20:00,1895501,https://fr.getaround.com/location-voiture/soisy-sous-montmorency/audi-a3-1895501,Audi A3 (2020),2020,Getaround Connect,COMPACTE,SEGMENT_RULES,THERMIQUE,True,89.0,,5.0,2,Asnières-sur-Seine,Soisy Sous Montmorency,Asnières-sur-Seine,1,156,False,False,,6930,1001,4
20260802T150127,A2,v3.4-search-json,2026-08-03T09:00,2026-08-03T20:00,1582295,https://fr.getaround.com/location-voiture/asnieres-sur-seine/citroen-c3-1582295,Citroen C3 (2021),2021,Getaround Connect,CITADINE,SEGMENT_RULES,THERMIQUE,True,72.0,,4.76,25,Puteaux,Asnieres Sur Seine,Puteaux|Paris 17e,2,157,False,False,,4240,468,4
20260802T150127,A2,v3.4-search-json,2026-08-03T09:00,2026-08-03T20:00,1650472,https://fr.getaround.com/location-voiture/paris/volkswagen-t-cross-1650472,Volkswagen T-Cross (2024),2024,Getaround Connect,SUV_COMPACT,SEGMENT_RULES,THERMIQUE,True,80.0,,4.73,22,Puteaux,Paris,Puteaux|Asnières-sur-Seine|Paris 17e,3,157,False,False,,5420,468,5
20260802T150127,A2,v3.4-search-json,2026-08-03T09:00,2026-08-03T20:00,1915381,https://fr.getaround.com/location-voiture/deuil-la-barre/renault-clio-1915381,Renault Clio (2015),2015,Getaround Connect,CITADINE,SEGMENT_RULES,THERMIQUE,True,52.0,,,,Asnières-sur-Seine,Deuil La Barre,Asnières-sur-Seine,1,157,False,False,,7450,1001,4
20260802T150127,A2,v3.4-search-json,2026-08-03T09:00,2026-08-03T20:00,1388274,https://fr.getaround.com/location-voiture/boulogne-billancourt/toyota-yaris-hybride-1388274,Toyota Yaris Hybride (2021),2021,Getaround Connect,CITADINE,SEGMENT_RULES,HYBRIDE,True,70.0,,4.8,48,Puteaux,Boulogne Billancourt,Puteaux|Asnières-sur-Seine|Paris 17e,3,159,False,False,,5390,468,4
20260802T150127,A2,v3.4-search-json,2026-08-03T09:00,2026-08-03T20:00,1938832,https://fr.getaround.com/location-voiture/paris/toyota-c-hr-hybrid-1938832,Toyota C-HR Hybrid (2024),2024,Getaround Connect,SUV_COMPACT,SEGMENT_RULES,HYBRIDE,True,94.0,,4.5,2,Asnières-sur-Seine,Paris,Asnières-sur-Seine|Paris 17e,2,159,False,False,,6040,1001,9
20260802T150127,A2,v3.4-search-json,2026-08-03T09:00,2026-08-03T20:00,949193,https://fr.getaround.com/location-voiture/deuil-la-barre/renault-megane-949193,Renault Mégane (2013),2013,Getaround Connect,COMPACTE,SEGMENT_RULES,THERMIQUE,True,57.0,,4.68,91,Asnières-sur-Seine,Deuil La Barre,Asnières-sur-Seine,1,160,False,False,,6100,1001,4
20260802T150127,A2,v3.4-search-json,2026-08-03T09:00,2026-08-03T20:00,1846026,https://fr.getaround.com/location-voiture/boulogne-billancourt/nissan-micra-1846026,Nissan Micra (2014),2014,Getaround Connect,CITADINE,SEGMENT_RULES,THERMIQUE,True,64.0,,5.0,9,Puteaux,Boulogne Billancourt,Puteaux|Asnières-sur-Seine|Paris 17e,3,161,False,False,,5080,468,5
20260802T150127,A2,v3.4-search-json,2026-08-03T09:00,2026-08-03T20:00,1711649,https://fr.getaround.com/location-voiture/deuil-la-barre/citroen-c4-1711649,Citroen C4 (2016),2016,Getaround Connect,COMPACTE,SEGMENT_RULES,THERMIQUE,True,64.0,,4.8,15,Asnières-sur-Seine,Deuil La Barre,Asnières-sur-Seine,1,161,False,False,,6310,1001,5
20260802T150127,A2,v3.4-search-json,2026-08-03T09:00,2026-08-03T20:00,1881937,https://fr.getaround.com/location-voiture/paris/peugeot-2008-1881937,Peugeot 2008 (2026),2026,Getaround Connect,SUV_COMPACT,SEGMENT_RULES,THERMIQUE,True,93.0,,4.86,7,Puteaux,Paris,Puteaux|Asnières-sur-Seine|Paris 17e,3,162,False,False,,4260,468,5
20260802T150127,A2,v3.4-search-json,2026-08-03T09:00,2026-08-03T20:00,1219241,https://fr.getaround.com/location-voiture/paris/peugeot-208-1219241,Peugeot 208 (2023),2023,Getaround Connect,CITADINE,SEGMENT_RULES,THERMIQUE,True,78.0,,3.89,48,Asnières-sur-Seine,Paris,Asnières-sur-Seine|Paris 17e,2,162,False,False,,6220,1001,10
20260802T150127,A2,v3.4-search-json,2026-08-03T09:00,2026-08-03T20:00,1211495,https://fr.getaround.com/location-voiture/sartrouville/volkswagen-polo-1211495,Volkswagen Polo (2016),2016,Getaround Connect,CITADINE,SEGMENT_RULES,THERMIQUE,True,59.0,,4.96,38,Puteaux,Sartrouville,Puteaux|Asnières-sur-Seine,2,163,False,False,,8490,468,5
20260802T150127,A2,v3.4-search-json,2026-08-03T09:00,2026-08-03T20:00,667320,https://fr.getaround.com/location-voiture/paris/renault-clio-667320,Renault Clio (2017),2017,Getaround Connect,CITADINE,SEGMENT_RULES,THERMIQUE,True,45.0,,4.5,166,Paris 17e,Paris,Paris 17e,1,163,False,False,,7890,698,5
20260802T150127,A2,v3.4-search-json,2026-08-03T09:00,2026-08-03T20:00,1926461,https://fr.getaround.com/location-voiture/paris/renault-twingo-1926461,Renault Twingo (2026),2026,Getaround Connect,CITADINE,SEGMENT_RULES,THERMIQUE,True,53.0,,5.0,1,Asnières-sur-Seine,Paris,Asnières-sur-Seine|Paris 17e,2,164,False,False,,10390,1001,5
20260802T150127,A2,v3.4-search-json,2026-08-03T09:00,2026-08-03T20:00,1065708,https://fr.getaround.com/location-voiture/paris/peugeot-208-1065708,Peugeot 208 (2015),2015,Getaround Connect,CITADINE,SEGMENT_RULES,THERMIQUE,True,76.0,,4.48,84,Asnières-sur-Seine,Paris,Asnières-sur-Seine|Paris 17e,2,165,False,False,,5100,1001,10
20260802T150127,A2,v3.4-search-json,2026-08-03T09:00,2026-08-03T20:00,1296795,https://fr.getaround.com/location-voiture/nanterre/suzuki-baleno-1296795,Suzuki Baleno (2017),2017,Sur rendez-vous,COMPACTE,SEGMENT_RULES,THERMIQUE,False,83.0,,,,Puteaux,Nanterre,Puteaux|Asnières-sur-Seine|Paris 17e,3,166,False,False,,1420,468,5
20260802T150127,A2,v3.4-search-json,2026-08-03T09:00,2026-08-03T20:00,985160,https://fr.getaround.com/location-voiture/paris/peugeot-208-985160,Peugeot 208 (2021),2021,Getaround Connect,CITADINE,SEGMENT_RULES,THERMIQUE,True,45.0,,3.82,61,Asnières-sur-Seine,Paris,Asnières-sur-Seine|Paris 17e,2,166,False,False,,8750,1001,6
20260802T150127,A2,v3.4-search-json,2026-08-03T09:00,2026-08-03T20:00,1788413,https://fr.getaround.com/location-voiture/sannois/renault-twingo-iii-1788413,Renault Twingo III (2017),2017,Getaround Connect,CITADINE,SEGMENT_RULES,THERMIQUE,True,54.0,,5.0,14,Asnières-sur-Seine,Sannois,Asnières-sur-Seine,1,167,False,False,,7700,1001,5
20260802T150127,A2,v3.4-search-json,2026-08-03T09:00,2026-08-03T20:00,1344646,https://fr.getaround.com/location-voiture/paris/peugeot-208-1344646,Peugeot 208 (2020),2020,Getaround Connect,CITADINE,SEGMENT_RULES,THERMIQUE,True,52.0,,4.61,110,Asnières-sur-Seine,Paris,Asnières-sur-Seine|Paris 17e,2,167,False,False,,9590,1001,5
20260802T150127,A2,v3.4-search-json,2026-08-03T09:00,2026-08-03T20:00,787195,https://fr.getaround.com/location-voiture/paris/renault-clio-e-tech-787195,Renault Clio E-tech (2020),2020,Getaround Connect,CITADINE,SEGMENT_RULES,ELECTRIQUE,True,64.0,,4.07,116,Puteaux,Paris,Puteaux|Asnières-sur-Seine|Paris 17e,3,168,False,False,,5190,468,5
20260802T150127,A2,v3.4-search-json,2026-08-03T09:00,2026-08-03T20:00,1896824,https://fr.getaround.com/location-voiture/paris/peugeot-208-1896824,Peugeot 208 (2019),2019,Getaround Connect,CITADINE,SEGMENT_RULES,THERMIQUE,True,72.0,,4.71,7,Asnières-sur-Seine,Paris,Asnières-sur-Seine|Paris 17e,2,168,False,False,,6570,1001,7
20260802T150127,A2,v3.4-search-json,2026-08-03T09:00,2026-08-03T20:00,663094,https://fr.getaround.com/location-voiture/saint-ouen-sur-seine/skoda-fabia-663094,Skoda Fabia (2020),2020,Getaround Connect,CITADINE,SEGMENT_RULES,THERMIQUE,True,76.0,,4.93,232,Asnières-sur-Seine,Saint Ouen Sur Seine,Asnières-sur-Seine|Paris 17e,2,169,False,False,,3680,1001,5
20260802T150127,A2,v3.4-search-json,2026-08-03T09:00,2026-08-03T20:00,1190533,https://fr.getaround.com/location-voiture/paris/toyota-yaris-hybride-1190533,Toyota Yaris Hybride (2020),2020,Getaround Connect,CITADINE,SEGMENT_RULES,HYBRIDE,True,76.0,,4.48,68,Asnières-sur-Seine,Paris,Asnières-sur-Seine|Paris 17e,2,169,False,False,,6110,1001,6
20260802T150127,A2,v3.4-search-json,2026-08-03T09:00,2026-08-03T20:00,1041838,https://fr.getaround.com/location-voiture/paris/fiat-panda-1041838,Fiat Panda (2017),2017,Getaround Connect,MICRO_CITADINE,SEGMENT_RULES,THERMIQUE,True,54.0,,4.62,20,Puteaux,Paris,Puteaux|Asnières-sur-Seine|Paris 17e,3,171,False,False,,5190,468,5
20260802T150127,A2,v3.4-search-json,2026-08-03T09:00,2026-08-03T20:00,1583911,https://fr.getaround.com/location-voiture/paris/peugeot-208-1583911,Peugeot 208 (2020),2020,Getaround Connect,CITADINE,SEGMENT_RULES,THERMIQUE,True,45.0,,4.39,51,Asnières-sur-Seine,Paris,Asnières-sur-Seine|Paris 17e,2,172,False,False,,10970,1001,6
20260802T150127,A2,v3.4-search-json,2026-08-03T09:00,2026-08-03T20:00,714802,https://fr.getaround.com/location-voiture/paris/fiat-500-x-714802,Fiat 500 X (2020),2020,Getaround Connect,CITADINE,SEGMENT_RULES,THERMIQUE,True,62.0,,3.75,101,Puteaux,Paris,Puteaux|Asnières-sur-Seine|Paris 17e,3,173,False,False,,5190,468,5
20260802T150127,A2,v3.4-search-json,2026-08-03T09:00,2026-08-03T20:00,1808710,https://fr.getaround.com/location-voiture/courbevoie/peugeot-2008-1808710,Peugeot 2008 (2020),2020,Sur rendez-vous,SUV_COMPACT,SEGMENT_RULES,THERMIQUE,True,154.0,,4.25,4,Puteaux,Courbevoie,Puteaux|Asnières-sur-Seine|Paris 17e,3,174,False,False,,1440,468,5
20260802T150127,A2,v3.4-search-json,2026-08-03T09:00,2026-08-03T20:00,1820987,https://fr.getaround.com/location-voiture/boulogne-billancourt/peugeot-208-1820987,Peugeot 208 (2015),2015,Getaround Connect,CITADINE,SEGMENT_RULES,THERMIQUE,True,58.0,,4.47,17,Puteaux,Boulogne Billancourt,Puteaux|Asnières-sur-Seine|Paris 17e,3,175,False,False,,5930,468,5
20260802T150127,A2,v3.4-search-json,2026-08-03T09:00,2026-08-03T20:00,1220297,https://fr.getaround.com/location-voiture/paris/fiat-500-1220297,Fiat 500 (2012),2012,Getaround Connect,CITADINE,SEGMENT_RULES,THERMIQUE,True,50.0,,3.76,38,Asnières-sur-Seine,Paris,Asnières-sur-Seine|Paris 17e,2,175,False,False,,7040,1001,7
20260802T150127,A2,v3.4-search-json,2026-08-03T09:00,2026-08-03T20:00,1272663,https://fr.getaround.com/location-voiture/paris/toyota-corolla-hybride-1272663,Toyota Corolla Hybride (2022),2022,Getaround Connect,COMPACTE,SEGMENT_RULES,HYBRIDE,True,107.0,,4.55,57,Asnières-sur-Seine,Paris,Asnières-sur-Seine|Paris 17e,2,176,False,False,,6340,1001,8
20260802T150127,A2,v3.4-search-json,2026-08-03T09:00,2026-08-03T20:00,1685956,https://fr.getaround.com/location-voiture/paris/peugeot-308-1685956,Peugeot 308 (2019),2019,Getaround Connect,COMPACTE,SEGMENT_RULES,THERMIQUE,True,58.0,,4.62,29,Puteaux,Paris,Puteaux|Asnières-sur-Seine|Paris 17e,3,177,False,False,,7260,468,5
20260802T150127,A2,v3.4-search-json,2026-08-03T09:00,2026-08-03T20:00,1879471,https://fr.getaround.com/location-voiture/paris/renault-twingo-iii-1879471,Renault Twingo III (2016),2016,Getaround Connect,CITADINE,SEGMENT_RULES,THERMIQUE,True,64.0,,4.92,12,Puteaux,Paris,Puteaux|Asnières-sur-Seine|Paris 17e,3,177,False,False,,7540,468,5
20260802T150127,A2,v3.4-search-json,2026-08-03T09:00,2026-08-03T20:00,1556498,https://fr.getaround.com/location-voiture/paris/toyota-yaris-cross-hybrid-1556498,Toyota Yaris Cross Hybrid (2022),2022,Getaround Connect,SUV_COMPACT,SEGMENT_RULES,HYBRIDE,True,79.0,,4.3,42,Puteaux,Paris,Puteaux|Asnières-sur-Seine|Paris 17e,3,178,False,False,,7460,468,5
20260802T150127,A2,v3.4-search-json,2026-08-03T09:00,2026-08-03T20:00,1007447,https://fr.getaround.com/location-voiture/paris/fiat-500-1007447,Fiat 500 (2012),2012,Getaround Connect,CITADINE,SEGMENT_RULES,THERMIQUE,True,50.0,,3.87,56,Asnières-sur-Seine,Paris,Asnières-sur-Seine|Paris 17e,2,179,False,False,,7040,1001,6
20260802T150127,A2,v3.4-search-json,2026-08-03T09:00,2026-08-03T20:00,1897393,https://fr.getaround.com/location-voiture/paris/renault-grand-scenic-1897393,Renault Grand Scenic (2017),2017,Getaround Connect,MONOSPACE,SEGMENT_RULES,THERMIQUE,True,112.0,,,,Puteaux,Paris,Puteaux|Asnières-sur-Seine|Paris 17e,3,180,False,False,,4260,468,5
20260802T150127,A2,v3.4-search-json,2026-08-03T09:00,2026-08-03T20:00,1349900,https://fr.getaround.com/location-voiture/paris/toyota-corolla-hybride-1349900,Toyota Corolla Hybride (2021),2021,Getaround Connect,COMPACTE,SEGMENT_RULES,HYBRIDE,True,99.0,,4.84,40,Asnières-sur-Seine,Paris,Asnières-sur-Seine|Paris 17e,2,181,False,False,,4790,1001,6
20260802T150127,A2,v3.4-search-json,2026-08-03T09:00,2026-08-03T20:00,1442840,https://fr.getaround.com/location-voiture/paris/citroen-c3-1442840,Citroen C3 (2023),2023,Getaround Connect,CITADINE,SEGMENT_RULES,THERMIQUE,True,77.0,,4.62,53,Puteaux,Paris,Puteaux|Asnières-sur-Seine|Paris 17e,3,183,False,False,,4880,468,5
20260802T150127,A2,v3.4-search-json,2026-08-03T09:00,2026-08-03T20:00,1433801,https://fr.getaround.com/location-voiture/montmagny/renault-clio-1433801,Renault Clio (2013),2013,Getaround Connect,CITADINE,SEGMENT_RULES,THERMIQUE,True,54.0,,4.95,38,Asnières-sur-Seine,Montmagny,Asnières-sur-Seine,1,183,False,False,,7710,1001,5
20260802T150127,A2,v3.4-search-json,2026-08-03T09:00,2026-08-03T20:00,835612,https://fr.getaround.com/location-voiture/paris/renault-clio-835612,Renault Clio (2018),2018,Getaround Connect,CITADINE,SEGMENT_RULES,THERMIQUE,True,52.0,,4.12,157,Asnières-sur-Seine,Paris,Asnières-sur-Seine|Paris 17e,2,183,False,False,,9990,1001,7
20260802T150127,A2,v3.4-search-json,2026-08-03T09:00,2026-08-03T20:00,839114,https://fr.getaround.com/location-voiture/paris/dacia-sandero-839114,Dacia Sandero (2014),2014,Getaround Connect,CITADINE,SEGMENT_RULES,THERMIQUE,True,49.0,,3.92,91,Asnières-sur-Seine,Paris,Asnières-sur-Seine|Paris 17e,2,184,False,False,,7040,1001,6
20260802T150127,A2,v3.4-search-json,2026-08-03T09:00,2026-08-03T20:00,958409,https://fr.getaround.com/location-voiture/gennevilliers/renault-twingo-958409,Renault Twingo (2021),2021,Sur rendez-vous,CITADINE,SEGMENT_RULES,THERMIQUE,False,52.0,,,,Asnières-sur-Seine,Gennevilliers,Asnières-sur-Seine,1,185,False,False,,1140,1001,5
20260802T150127,A2,v3.4-search-json,2026-08-03T09:00,2026-08-03T20:00,1681640,https://fr.getaround.com/location-voiture/paris/peugeot-308-sw-1681640,Peugeot 308 SW (2019),2019,Getaround Connect,BREAK,SEGMENT_RULES,THERMIQUE,True,52.0,,3.71,24,Asnières-sur-Seine,Paris,Asnières-sur-Seine|Paris 17e,2,185,False,False,,8010,1001,10
20260802T150127,A2,v3.4-search-json,2026-08-03T09:00,2026-08-03T20:00,1026180,https://fr.getaround.com/location-voiture/paris/nissan-pixo-1026180,Nissan Pixo (2012),2012,Sur rendez-vous,MICRO_CITADINE,SEGMENT_RULES,THERMIQUE,False,65.0,,4.94,18,Puteaux,Paris,Puteaux|Asnières-sur-Seine|Paris 17e,3,188,False,False,,5780,468,11
20260802T150127,A2,v3.4-search-json,2026-08-03T09:00,2026-08-03T20:00,1834464,https://fr.getaround.com/location-voiture/rueil-malmaison/renault-clio-1834464,Renault Clio (2026),2026,Getaround Connect,CITADINE,SEGMENT_RULES,THERMIQUE,True,79.0,,4.42,12,Puteaux,Rueil Malmaison,Puteaux|Asnières-sur-Seine,2,189,False,False,,5080,468,5
20260802T150127,A2,v3.4-search-json,2026-08-03T09:00,2026-08-03T20:00,1877581,https://fr.getaround.com/location-voiture/paris/renault-clio-1877581,Renault Clio (2022),2022,Getaround Connect,CITADINE,SEGMENT_RULES,THERMIQUE,True,52.0,,4.0,9,Asnières-sur-Seine,Paris,Asnières-sur-Seine|Paris 17e,2,189,False,False,,11370,1001,5
20260802T150127,A2,v3.4-search-json,2026-08-03T09:00,2026-08-03T20:00,1196070,https://fr.getaround.com/location-voiture/courbevoie/honda-cr-v-1196070,Honda CR-V (2015),2015,Sur rendez-vous,SUV_FAMILIAL,SEGMENT_RULES,THERMIQUE,False,126.0,,,,Puteaux,Courbevoie,Puteaux|Asnières-sur-Seine|Paris 17e,3,190,False,False,,1330,468,5
20260802T150127,A2,v3.4-search-json,2026-08-03T09:00,2026-08-03T20:00,1784194,https://fr.getaround.com/location-voiture/gennevilliers/tesla-model-y-performance-1784194,Tesla Model Y Performance (2023),2023,Sur rendez-vous,SUV_FAMILIAL,SEGMENT_RULES,ELECTRIQUE,False,171.0,,,,Puteaux,Gennevilliers,Puteaux|Asnières-sur-Seine|Paris 17e,3,190,False,False,,5490,468,11
20260802T150127,A2,v3.4-search-json,2026-08-03T09:00,2026-08-03T20:00,1650442,https://fr.getaround.com/location-voiture/paris/volkswagen-t-cross-1650442,Volkswagen T-Cross (2024),2024,Getaround Connect,SUV_COMPACT,SEGMENT_RULES,THERMIQUE,True,80.0,,3.5,18,Asnières-sur-Seine,Paris,Asnières-sur-Seine|Paris 17e,2,190,False,False,,6900,1001,9
20260802T150127,A2,v3.4-search-json,2026-08-03T09:00,2026-08-03T20:00,1465545,https://fr.getaround.com/location-voiture/boulogne-billancourt/toyota-c-hr-1465545,Toyota C-HR (2022),2022,Getaround Connect,SUV_COMPACT,SEGMENT_RULES,THERMIQUE,True,84.0,,4.9,10,Puteaux,Boulogne Billancourt,Puteaux|Asnières-sur-Seine|Paris 17e,3,191,False,False,,5390,468,5
20260802T150127,A2,v3.4-search-json,2026-08-03T09:00,2026-08-03T20:00,842534,https://fr.getaround.com/location-voiture/paris/renault-clio-842534,Renault Clio (2019),2019,Getaround Connect,CITADINE,SEGMENT_RULES,THERMIQUE,True,52.0,,3.97,119,Asnières-sur-Seine,Paris,Asnières-sur-Seine|Paris 17e,2,191,False,False,,9420,1001,7
20260802T150127,A2,v3.4-search-json,2026-08-03T09:00,2026-08-03T20:00,1681647,https://fr.getaround.com/location-voiture/paris/peugeot-3008-1681647,Peugeot 3008 (2020),2020,Getaround Connect,SUV_FAMILIAL,SEGMENT_RULES,THERMIQUE,True,73.0,,3.86,21,Puteaux,Paris,Puteaux|Asnières-sur-Seine|Paris 17e,3,192,False,False,,5420,468,5
20260802T150127,A2,v3.4-search-json,2026-08-03T09:00,2026-08-03T20:00,685736,https://fr.getaround.com/location-voiture/saint-cloud/nissan-qashqai-2-685736,Nissan Qashqai+2 (2014),2014,Sur rendez-vous,SUV_COMPACT,SEGMENT_RULES,THERMIQUE,False,58.0,,4.99,112,Puteaux,Saint Cloud,Puteaux|Asnières-sur-Seine,2,193,False,False,,4390,468,5
20260802T150127,A2,v3.4-search-json,2026-08-03T09:00,2026-08-03T20:00,1871183,https://fr.getaround.com/location-voiture/paris/dacia-sandero-stepway-1871183,Dacia Sandero Stepway (2016),2016,Sur rendez-vous,CITADINE,SEGMENT_RULES,THERMIQUE,False,65.0,,5.0,1,Puteaux,Paris,Puteaux|Asnières-sur-Seine|Paris 17e,3,193,False,False,,6530,468,10
20260802T150127,A2,v3.4-search-json,2026-08-03T09:00,2026-08-03T20:00,1655119,https://fr.getaround.com/location-voiture/saint-gratien/renault-clio-e-tech-1655119,Renault Clio E-tech (2022),2022,Getaround Connect,CITADINE,SEGMENT_RULES,ELECTRIQUE,True,86.0,,4.74,19,Asnières-sur-Seine,Saint Gratien,Asnières-sur-Seine,1,193,False,False,,4900,1001,5
20260802T150127,A2,v3.4-search-json,2026-08-03T09:00,2026-08-03T20:00,823374,https://fr.getaround.com/location-voiture/boulogne-billancourt/renault-clio-e-tech-823374,Renault Clio E-tech (2021),2021,Getaround Connect,CITADINE,SEGMENT_RULES,ELECTRIQUE,True,69.0,,4.03,118,Puteaux,Boulogne Billancourt,Puteaux|Asnières-sur-Seine|Paris 17e,3,194,False,False,,5890,468,5
20260802T150127,A2,v3.4-search-json,2026-08-03T09:00,2026-08-03T20:00,1495582,https://fr.getaround.com/location-voiture/paris/renault-clio-1495582,Renault Clio (2014),2014,Getaround Connect,CITADINE,SEGMENT_RULES,THERMIQUE,True,56.0,,4.89,57,Asnières-sur-Seine,Paris,Asnières-sur-Seine|Paris 17e,2,194,False,False,,8020,1001,6
20260802T150127,A2,v3.4-search-json,2026-08-03T09:00,2026-08-03T20:00,1670807,https://fr.getaround.com/location-voiture/paris/peugeot-208-1670807,Peugeot 208 (2025),2025,Getaround Connect,CITADINE,SEGMENT_RULES,THERMIQUE,True,81.0,,3.82,17,Puteaux,Paris,Puteaux|Asnières-sur-Seine|Paris 17e,3,195,False,False,,4980,468,6
20260802T150127,A2,v3.4-search-json,2026-08-03T09:00,2026-08-03T20:00,1148793,https://fr.getaround.com/location-voiture/arnouville/renault-twingo-ii-1148793,Renault Twingo II (2014),2014,Getaround Connect,CITADINE,SEGMENT_RULES,THERMIQUE,True,42.0,,4.76,60,Asnières-sur-Seine,Arnouville,Asnières-sur-Seine,1,196,False,False,,11990,1001,5
20260802T150127,A2,v3.4-search-json,2026-08-03T09:00,2026-08-03T20:00,1356052,https://fr.getaround.com/location-voiture/paris/renault-clio-1356052,Renault Clio (2021),2021,Getaround Connect,CITADINE,SEGMENT_RULES,THERMIQUE,True,72.0,,4.59,58,Asnières-sur-Seine,Paris,Asnières-sur-Seine|Paris 17e,2,196,False,False,,6780,1001,7
20260802T150127,A2,v3.4-search-json,2026-08-03T09:00,2026-08-03T20:00,1934283,https://fr.getaround.com/location-voiture/paris/peugeot-208-1934283,Peugeot 208 (2026),2026,Getaround Connect,CITADINE,SEGMENT_RULES,THERMIQUE,True,70.0,,,,Puteaux,Paris,Puteaux|Asnières-sur-Seine|Paris 17e,3,197,False,False,,6450,468,5
20260802T150127,A2,v3.4-search-json,2026-08-03T09:00,2026-08-03T20:00,1806943,https://fr.getaround.com/location-voiture/paris/fiat-500-hybride-1806943,Fiat 500 Hybride (2022),2022,Getaround Connect,CITADINE,SEGMENT_RULES,HYBRIDE,True,52.0,,4.42,12,Asnières-sur-Seine,Paris,Asnières-sur-Seine|Paris 17e,2,197,False,False,,8990,1001,8
20260802T150127,A2,v3.4-search-json,2026-08-03T09:00,2026-08-03T20:00,1734856,https://fr.getaround.com/location-voiture/paris/renault-clio-e-tech-1734856,Renault Clio E-tech (2021),2021,Sur rendez-vous,CITADINE,SEGMENT_RULES,ELECTRIQUE,False,81.0,,5.0,16,Puteaux,Paris,Puteaux|Asnières-sur-Seine|Paris 17e,3,198,False,False,,5600,468,5
20260802T150127,A2,v3.4-search-json,2026-08-03T09:00,2026-08-03T20:00,1787695,https://fr.getaround.com/location-voiture/paris/peugeot-208-1787695,Peugeot 208 (2025),2025,Getaround Connect,CITADINE,SEGMENT_RULES,THERMIQUE,True,81.0,,3.5,14,Puteaux,Paris,Puteaux|Asnières-sur-Seine|Paris 17e,3,198,False,False,,5330,468,8
20260802T150127,A2,v3.4-search-json,2026-08-03T09:00,2026-08-03T20:00,1752944,https://fr.getaround.com/location-voiture/saint-gratien/renault-clio-e-tech-1752944,Renault Clio E-tech (2022),2022,Getaround Connect,CITADINE,SEGMENT_RULES,ELECTRIQUE,True,86.0,,4.94,31,Asnières-sur-Seine,Saint Gratien,Asnières-sur-Seine,1,198,False,False,,4900,1001,5
20260802T150127,A2,v3.4-search-json,2026-08-03T09:00,2026-08-03T20:00,820939,https://fr.getaround.com/location-voiture/paris/renault-clio-820939,Renault Clio (2017),2017,Getaround Connect,CITADINE,SEGMENT_RULES,THERMIQUE,True,67.0,,4.61,164,Puteaux,Paris,Puteaux|Asnières-sur-Seine|Paris 17e,3,199,False,False,,8000,468,5
20260802T150127,A2,v3.4-search-json,2026-08-03T09:00,2026-08-03T20:00,1944362,https://fr.getaround.com/location-voiture/colombes/renault-clio-1944362,Renault Clio (2011),2011,Sur rendez-vous,CITADINE,SEGMENT_RULES,THERMIQUE,False,63.0,,,,Puteaux,Colombes,Puteaux|Asnières-sur-Seine|Paris 17e,3,199,False,False,,5820,468,9
20260802T150127,A2,v3.4-search-json,2026-08-03T09:00,2026-08-03T20:00,1570956,https://fr.getaround.com/location-voiture/bois-colombes/citroen-c4-1570956,Citroen C4 (2018),2018,Sur rendez-vous,COMPACTE,SEGMENT_RULES,THERMIQUE,False,77.0,,,,Asnières-sur-Seine,Bois Colombes,Asnières-sur-Seine,1,200,False,False,,1200,1001,5
20260802T150127,A2,v3.4-search-json,2026-08-03T09:00,2026-08-03T20:00,1807035,https://fr.getaround.com/location-voiture/paris/fiat-500-hybride-1807035,Fiat 500 Hybride (2023),2023,Getaround Connect,CITADINE,SEGMENT_RULES,HYBRIDE,True,57.0,,4.86,7,Asnières-sur-Seine,Paris,Asnières-sur-Seine|Paris 17e,2,200,False,False,,8730,1001,9
20260802T150127,A2,v3.4-search-json,2026-08-03T09:00,2026-08-03T20:00,1807347,https://fr.getaround.com/location-voiture/asnieres-sur-seine/peugeot-308-sw-1807347,Peugeot 308 SW (2019),2019,Sur rendez-vous,BREAK,SEGMENT_RULES,THERMIQUE,False,83.0,,5.0,1,Puteaux,Asnieres Sur Seine,Puteaux|Asnières-sur-Seine|Paris 17e,3,201,False,False,,6370,468,10
20260802T150127,A2,v3.4-search-json,2026-08-03T09:00,2026-08-03T20:00,1756735,https://fr.getaround.com/location-voiture/paris/renault-clio-1756735,Renault Clio (2024),2024,Getaround Connect,CITADINE,SEGMENT_RULES,THERMIQUE,True,77.0,,4.55,29,Asnières-sur-Seine,Paris,Asnières-sur-Seine|Paris 17e,2,201,False,False,,5310,1001,7
20260802T150127,A2,v3.4-search-json,2026-08-03T09:00,2026-08-03T20:00,1572123,https://fr.getaround.com/location-voiture/clichy/mini-clubman-cooper-1572123,Mini Clubman Cooper (2019),2019,Sur rendez-vous,BREAK,SEGMENT_RULES,THERMIQUE,False,88.0,,4.77,31,Puteaux,Clichy,Puteaux|Asnières-sur-Seine|Paris 17e,3,202,False,False,,5230,468,9
20260802T150127,A2,v3.4-search-json,2026-08-03T09:00,2026-08-03T20:00,1852491,https://fr.getaround.com/location-voiture/courbevoie/renault-twingo-iii-1852491,Renault Twingo III (2014),2014,Sur rendez-vous,CITADINE,SEGMENT_RULES,THERMIQUE,False,50.0,,5.0,11,Asnières-sur-Seine,Courbevoie,Asnières-sur-Seine,1,203,False,False,,4290,1001,6
20260802T150127,A2,v3.4-search-json,2026-08-03T09:00,2026-08-03T20:00,1400423,https://fr.getaround.com/location-voiture/argenteuil/peugeot-208-1400423,Peugeot 208 (2020),2020,Getaround Connect,CITADINE,SEGMENT_RULES,THERMIQUE,True,72.0,,4.59,37,Puteaux,Argenteuil,Puteaux|Asnières-sur-Seine,2,204,False,False,,7270,468,6
20260802T150127,A2,v3.4-search-json,2026-08-03T09:00,2026-08-03T20:00,1613972,https://fr.getaround.com/location-voiture/paris/peugeot-208-1613972,Peugeot 208 (2024),2024,Getaround Connect,CITADINE,SEGMENT_RULES,THERMIQUE,True,81.0,,4.44,40,Asnières-sur-Seine,Paris,Asnières-sur-Seine|Paris 17e,2,204,False,False,,7090,1001,7
20260802T150127,A2,v3.4-search-json,2026-08-03T09:00,2026-08-03T20:00,1686534,https://fr.getaround.com/location-voiture/issy-les-moulineaux/peugeot-308-1686534,Peugeot 308 (2021),2021,Getaround Connect,COMPACTE,SEGMENT_RULES,THERMIQUE,True,52.0,,3.85,20,Puteaux,Issy Les Moulineaux,Puteaux|Paris 17e,2,205,False,False,,6850,468,6
20260802T150127,A2,v3.4-search-json,2026-08-03T09:00,2026-08-03T20:00,1078159,https://fr.getaround.com/location-voiture/paris/renault-twingo-1078159,Renault Twingo (2015),2015,Getaround Connect,CITADINE,SEGMENT_RULES,THERMIQUE,True,49.0,,4.07,38,Asnières-sur-Seine,Paris,Asnières-sur-Seine|Paris 17e,2,205,False,False,,7040,1001,8
20260802T150127,A2,v3.4-search-json,2026-08-03T09:00,2026-08-03T20:00,1732897,https://fr.getaround.com/location-voiture/sartrouville/renault-clio-1732897,Renault Clio (2019),2019,Getaround Connect,CITADINE,SEGMENT_RULES,THERMIQUE,True,60.0,,4.83,12,Puteaux,Sartrouville,Puteaux|Asnières-sur-Seine,2,206,False,False,,8380,468,6
20260802T150127,A2,v3.4-search-json,2026-08-03T09:00,2026-08-03T20:00,1476571,https://fr.getaround.com/location-voiture/paris/peugeot-208-1476571,Peugeot 208 (2021),2021,Getaround Connect,CITADINE,SEGMENT_RULES,THERMIQUE,True,52.0,,3.91,52,Asnières-sur-Seine,Paris,Asnières-sur-Seine|Paris 17e,2,207,False,False,,8860,1001,6
20260802T150127,A2,v3.4-search-json,2026-08-03T09:00,2026-08-03T20:00,1535149,https://fr.getaround.com/location-voiture/boulogne-billancourt/toyota-auris-1535149,Toyota Auris (2017),2017,Getaround Connect,COMPACTE,SEGMENT_RULES,THERMIQUE,True,89.0,,4.93,76,Puteaux,Boulogne Billancourt,Puteaux|Asnières-sur-Seine|Paris 17e,3,209,False,False,,5470,468,6
20260802T150127,A2,v3.4-search-json,2026-08-03T09:00,2026-08-03T20:00,940720,https://fr.getaround.com/location-voiture/boulogne-billancourt/dacia-spring-940720,Dacia Spring (2021),2021,Getaround Connect,COMPACTE,SEGMENT_RULES,THERMIQUE,True,54.0,,4.34,88,Puteaux,Boulogne Billancourt,Puteaux|Asnières-sur-Seine|Paris 17e,3,210,False,False,,5880,468,6
20260802T150127,A2,v3.4-search-json,2026-08-03T09:00,2026-08-03T20:00,1323004,https://fr.getaround.com/location-voiture/paris/toyota-corolla-hybride-1323004,Toyota Corolla Hybride (2020),2020,Getaround Connect,COMPACTE,SEGMENT_RULES,HYBRIDE,True,101.0,,4.22,39,Asnières-sur-Seine,Paris,Asnières-sur-Seine|Paris 17e,2,210,False,False,,6780,1001,11
20260802T150127,A2,v3.4-search-json,2026-08-03T09:00,2026-08-03T20:00,1806475,https://fr.getaround.com/location-voiture/paris/dacia-lodgy-1806475,Dacia Lodgy (2018),2018,Getaround Connect,MONOSPACE,SEGMENT_RULES,THERMIQUE,True,64.0,,4.21,14,Puteaux,Paris,Puteaux|Asnières-sur-Seine|Paris 17e,3,211,False,False,,7460,468,6
20260802T150127,A2,v3.4-search-json,2026-08-03T09:00,2026-08-03T20:00,1600714,https://fr.getaround.com/location-voiture/boulogne-billancourt/peugeot-2008-1600714,Peugeot 2008 (2023),2023,Getaround Connect,SUV_COMPACT,SEGMENT_RULES,THERMIQUE,True,75.0,,4.27,37,Puteaux,Boulogne Billancourt,Puteaux|Asnières-sur-Seine|Paris 17e,3,212,False,False,,5480,468,6
20260802T150127,A2,v3.4-search-json,2026-08-03T09:00,2026-08-03T20:00,1837675,https://fr.getaround.com/location-voiture/puteaux/volkswagen-polo-1837675,Volkswagen Polo (2025),2025,Sur rendez-vous,CITADINE,SEGMENT_RULES,THERMIQUE,False,136.0,,,,Puteaux,Puteaux,Puteaux|Asnières-sur-Seine|Paris 17e,3,213,False,False,,560,468,6
20260802T150127,A2,v3.4-search-json,2026-08-03T09:00,2026-08-03T20:00,1438248,https://fr.getaround.com/location-voiture/paris/toyota-yaris-hybride-1438248,Toyota Yaris Hybride (2021),2021,Getaround Connect,CITADINE,SEGMENT_RULES,HYBRIDE,True,91.0,,4.57,82,Asnières-sur-Seine,Paris,Asnières-sur-Seine|Paris 17e,2,214,False,False,,6860,1001,12
20260802T150127,A2,v3.4-search-json,2026-08-03T09:00,2026-08-03T20:00,1886656,https://fr.getaround.com/location-voiture/paris/citroen-c1-ii-1886656,Citroen C1 II (2019),2019,Getaround Connect,MICRO_CITADINE,SEGMENT_RULES,THERMIQUE,True,60.0,,5.0,1,Puteaux,Paris,Puteaux|Asnières-sur-Seine|Paris 17e,3,215,False,False,,7420,468,6
20260802T150127,A2,v3.4-search-json,2026-08-03T09:00,2026-08-03T20:00,1540709,https://fr.getaround.com/location-voiture/paris/kia-niro-hybride-1540709,Kia Niro Hybride (2024),2024,Sur rendez-vous,SUV_COMPACT,SEGMENT_RULES,HYBRIDE,False,111.0,,5.0,5,Asnières-sur-Seine,Paris,Asnières-sur-Seine,1,215,False,False,,4490,1001,6
20260802T150127,A2,v3.4-search-json,2026-08-03T09:00,2026-08-03T20:00,1708050,https://fr.getaround.com/location-voiture/boulogne-billancourt/toyota-yaris-1708050,Toyota Yaris (2019),2019,Getaround Connect,CITADINE,SEGMENT_RULES,THERMIQUE,True,76.0,,4.9,20,Puteaux,Boulogne Billancourt,Puteaux|Asnières-sur-Seine|Paris 17e,3,216,False,False,,5320,468,6
20260802T150127,A2,v3.4-search-json,2026-08-03T09:00,2026-08-03T20:00,828175,https://fr.getaround.com/location-voiture/boulogne-billancourt/toyota-corolla-828175,Toyota Corolla (2021),2021,Getaround Connect,COMPACTE,SEGMENT_RULES,THERMIQUE,True,72.0,,4.33,122,Puteaux,Boulogne Billancourt,Puteaux|Asnières-sur-Seine|Paris 17e,3,217,False,False,,6050,468,6
20260802T150127,A2,v3.4-search-json,2026-08-03T09:00,2026-08-03T20:00,213631,https://fr.getaround.com/location-voiture/clichy/audi-a1-213631,Audi A1 (2011),2011,Sur rendez-vous,CITADINE,SEGMENT_RULES,THERMIQUE,False,69.0,,4.75,10,Asnières-sur-Seine,Clichy,Asnières-sur-Seine,1,217,False,False,,1790,1001,6
20260802T150127,A2,v3.4-search-json,2026-08-03T09:00,2026-08-03T20:00,820942,https://fr.getaround.com/location-voiture/paris/renault-clio-820942,Renault Clio (2017),2017,Getaround Connect,CITADINE,SEGMENT_RULES,THERMIQUE,True,67.0,,4.5,119,Asnières-sur-Seine,Paris,Asnières-sur-Seine|Paris 17e,2,217,False,False,,8760,1001,7
20260802T150127,A2,v3.4-search-json,2026-08-03T09:00,2026-08-03T20:00,1374847,https://fr.getaround.com/location-voiture/boulogne-billancourt/renault-clio-1374847,Renault Clio (2012),2012,Getaround Connect,CITADINE,SEGMENT_RULES,THERMIQUE,True,58.0,,4.41,92,Puteaux,Boulogne Billancourt,Puteaux|Asnières-sur-Seine|Paris 17e,3,218,False,False,,5550,468,6
20260802T150127,A2,v3.4-search-json,2026-08-03T09:00,2026-08-03T20:00,1894949,https://fr.getaround.com/location-voiture/asnieres-sur-seine/citroen-c1-ii-1894949,Citroen C1 II (2017),2017,Sur rendez-vous,MICRO_CITADINE,SEGMENT_RULES,THERMIQUE,False,73.0,,5.0,1,Puteaux,Asnieres Sur Seine,Puteaux|Asnières-sur-Seine|Paris 17e,3,218,False,False,,6360,468,11
20260802T150127,A2,v3.4-search-json,2026-08-03T09:00,2026-08-03T20:00,1787775,https://fr.getaround.com/location-voiture/paris/peugeot-208-1787775,Peugeot 208 (2025),2025,Getaround Connect,CITADINE,SEGMENT_RULES,THERMIQUE,True,81.0,,4.33,12,Asnières-sur-Seine,Paris,Asnières-sur-Seine|Paris 17e,2,218,False,False,,8290,1001,7
20260802T150127,A2,v3.4-search-json,2026-08-03T09:00,2026-08-03T20:00,1787693,https://fr.getaround.com/location-voiture/paris/peugeot-208-1787693,Peugeot 208 (2025),2025,Getaround Connect,CITADINE,SEGMENT_RULES,THERMIQUE,True,81.0,,3.4,5,Puteaux,Paris,Puteaux|Asnières-sur-Seine|Paris 17e,3,219,False,False,,4980,468,6
20260802T150127,A2,v3.4-search-json,2026-08-03T09:00,2026-08-03T20:00,978862,https://fr.getaround.com/location-voiture/paris/renault-clio-978862,Renault Clio (2019),2019,Getaround Connect,CITADINE,SEGMENT_RULES,THERMIQUE,True,72.0,,4.57,108,Asnières-sur-Seine,Paris,Asnières-sur-Seine|Paris 17e,2,220,False,False,,7500,1001,8
20260802T150127,A2,v3.4-search-json,2026-08-03T09:00,2026-08-03T20:00,1820982,https://fr.getaround.com/location-voiture/boulogne-billancourt/peugeot-208-1820982,Peugeot 208 (2013),2013,Getaround Connect,CITADINE,SEGMENT_RULES,THERMIQUE,True,58.0,,3.67,12,Puteaux,Boulogne Billancourt,Puteaux|Asnières-sur-Seine|Paris 17e,3,221,False,False,,5950,468,6
20260802T150127,A2,v3.4-search-json,2026-08-03T09:00,2026-08-03T20:00,1895320,https://fr.getaround.com/location-voiture/paris/volkswagen-polo-1895320,Volkswagen Polo (2024),2024,Getaround Connect,CITADINE,SEGMENT_RULES,THERMIQUE,True,80.0,,4.5,2,Asnières-sur-Seine,Paris,Asnières-sur-Seine|Paris 17e,2,221,False,False,,9790,1001,6
20260802T150127,A2,v3.4-search-json,2026-08-03T09:00,2026-08-03T20:00,1203736,https://fr.getaround.com/location-voiture/paris/citroen-c3-1203736,Citroen C3 (2023),2023,Getaround Connect,CITADINE,SEGMENT_RULES,THERMIQUE,True,50.0,,4.33,106,Asnières-sur-Seine,Paris,Asnières-sur-Seine|Paris 17e,2,221,False,False,,7910,1001,9
20260802T150127,A2,v3.4-search-json,2026-08-03T09:00,2026-08-03T20:00,1927762,https://fr.getaround.com/location-voiture/puteaux/smart-fortwo-electric-drive-1927762,Smart Fortwo Electric Drive (2020),2020,Sur rendez-vous,MICRO_CITADINE,SEGMENT_RULES,ELECTRIQUE,False,80.0,,,,Puteaux,Puteaux,Puteaux|Asnières-sur-Seine|Paris 17e,3,222,False,False,,670,468,6
20260802T150127,A2,v3.4-search-json,2026-08-03T09:00,2026-08-03T20:00,1155983,https://fr.getaround.com/location-voiture/paris/peugeot-108-1155983,Peugeot 108 (2018),2018,Getaround Connect,MICRO_CITADINE,SEGMENT_RULES,THERMIQUE,True,60.0,,4.58,46,Asnières-sur-Seine,Paris,Asnières-sur-Seine|Paris 17e,2,224,False,False,,7590,1001,9
20260802T150127,A2,v3.4-search-json,2026-08-03T09:00,2026-08-03T20:00,1557141,https://fr.getaround.com/location-voiture/paris/peugeot-208-1557141,Peugeot 208 (2023),2023,Getaround Connect,CITADINE,SEGMENT_RULES,THERMIQUE,True,79.0,,4.72,9,Puteaux,Paris,Puteaux|Asnières-sur-Seine|Paris 17e,3,225,False,False,,5190,468,6
20260802T150127,A2,v3.4-search-json,2026-08-03T09:00,2026-08-03T20:00,1608621,https://fr.getaround.com/location-voiture/paris/toyota-yaris-hybride-1608621,Toyota Yaris Hybride (2024),2024,Getaround Connect,CITADINE,SEGMENT_RULES,HYBRIDE,True,77.0,,4.25,24,Puteaux,Paris,Puteaux|Asnières-sur-Seine|Paris 17e,3,227,False,False,,4390,468,6
20260802T150127,A2,v3.4-search-json,2026-08-03T09:00,2026-08-03T20:00,1891280,https://fr.getaround.com/location-voiture/suresnes/fiat-500-1891280,Fiat 500 (2012),2012,Sur rendez-vous,CITADINE,SEGMENT_RULES,THERMIQUE,False,59.0,,5.0,1,Asnières-sur-Seine,Suresnes,Asnières-sur-Seine,1,227,False,False,,7440,1001,6
20260802T150127,A2,v3.4-search-json,2026-08-03T09:00,2026-08-03T20:00,1778631,https://fr.getaround.com/location-voiture/bois-colombes/peugeot-5008-1778631,Peugeot 5008 (2020),2020,Sur rendez-vous,MONOSPACE,SEGMENT_RULES,THERMIQUE,False,124.0,,5.0,1,Asnières-sur-Seine,Bois Colombes,Asnières-sur-Seine,1,228,False,False,,1180,1001,6
20260802T150127,A2,v3.4-search-json,2026-08-03T09:00,2026-08-03T20:00,1881886,https://fr.getaround.com/location-voiture/paris/peugeot-2008-1881886,Peugeot 2008 (2026),2026,Getaround Connect,SUV_COMPACT,SEGMENT_RULES,THERMIQUE,True,96.0,,5.0,4,Asnières-sur-Seine,Paris,Asnières-sur-Seine|Paris 17e,2,228,False,False,,5310,1001,9
20260802T150127,A2,v3.4-search-json,2026-08-03T09:00,2026-08-03T20:00,1924671,https://fr.getaround.com/location-voiture/rueil-malmaison/renault-megane-iv-1924671,Renault Mégane IV (2021),2021,Getaround Connect,COMPACTE,SEGMENT_RULES,THERMIQUE,True,88.0,,,,Puteaux,Rueil Malmaison,Puteaux|Asnières-sur-Seine,2,230,False,False,,4790,468,6
20260802T150127,A2,v3.4-search-json,2026-08-03T09:00,2026-08-03T20:00,1591649,https://fr.getaround.com/location-voiture/gennevilliers/renault-clio-1591649,Renault Clio (2020),2020,Sur rendez-vous,CITADINE,SEGMENT_RULES,THERMIQUE,False,86.0,,,,Asnières-sur-Seine,Gennevilliers,Asnières-sur-Seine,1,230,False,False,,560,1001,6
20260802T150127,A2,v3.4-search-json,2026-08-03T09:00,2026-08-03T20:00,1442841,https://fr.getaround.com/location-voiture/paris/citroen-c3-1442841,Citroen C3 (2023),2023,Getaround Connect,CITADINE,SEGMENT_RULES,THERMIQUE,True,70.0,,4.48,54,Puteaux,Paris,Puteaux|Asnières-sur-Seine|Paris 17e,3,231,False,False,,6090,468,6
20260802T150127,A2,v3.4-search-json,2026-08-03T09:00,2026-08-03T20:00,1745226,https://fr.getaround.com/location-voiture/paris/peugeot-3008-1745226,Peugeot 3008 (2019),2019,Getaround Connect,SUV_FAMILIAL,SEGMENT_RULES,THERMIQUE,True,73.0,,3.75,8,Puteaux,Paris,Puteaux|Asnières-sur-Seine|Paris 17e,3,231,False,False,,7370,468,7
20260802T150127,A2,v3.4-search-json,2026-08-03T09:00,2026-08-03T20:00,1631669,https://fr.getaround.com/location-voiture/boulogne-billancourt/opel-corsa-1631669,Opel Corsa (2024),2024,Getaround Connect,CITADINE,SEGMENT_RULES,THERMIQUE,True,75.0,,4.92,64,Puteaux,Boulogne Billancourt,Puteaux|Asnières-sur-Seine|Paris 17e,3,232,False,False,,6320,468,6
20260802T150127,A2,v3.4-search-json,2026-08-03T09:00,2026-08-03T20:00,771186,https://fr.getaround.com/location-voiture/sartrouville/citroen-c3-aircross-771186,Citroen C3 Aircross (2018),2018,Getaround Connect,CITADINE,SEGMENT_RULES,THERMIQUE,True,65.0,,4.9,101,Puteaux,Sartrouville,Puteaux|Asnières-sur-Seine,2,233,False,False,,8119,468,6
20260802T150127,A2,v3.4-search-json,2026-08-03T09:00,2026-08-03T20:00,1744387,https://fr.getaround.com/location-voiture/saint-denis/renault-clio-1744387,Renault Clio (2025),2025,Getaround Connect,CITADINE,SEGMENT_RULES,THERMIQUE,True,77.0,,4.98,44,Asnières-sur-Seine,Saint Denis,Asnières-sur-Seine|Paris 17e,2,233,False,False,,7090,1001,6
20260802T150127,A2,v3.4-search-json,2026-08-03T09:00,2026-08-03T20:00,1855714,https://fr.getaround.com/location-voiture/eaubonne/ford-fiesta-1855714,Ford Fiesta (2016),2016,Sur rendez-vous,CITADINE,SEGMENT_RULES,THERMIQUE,True,46.0,,5.0,2,Asnières-sur-Seine,Eaubonne,Asnières-sur-Seine,1,234,False,False,,8690,1001,6
20260802T150127,A2,v3.4-search-json,2026-08-03T09:00,2026-08-03T20:00,1759940,https://fr.getaround.com/location-voiture/rueil-malmaison/fiat-500-1759940,Fiat 500 (2011),2011,Sur rendez-vous,CITADINE,SEGMENT_RULES,THERMIQUE,False,62.0,,5.0,6,Puteaux,Rueil Malmaison,Puteaux|Asnières-sur-Seine,2,235,False,False,,3750,468,6
20260802T150127,A2,v3.4-search-json,2026-08-03T09:00,2026-08-03T20:00,890107,https://fr.getaround.com/location-voiture/paris/fiat-500-890107,Fiat 500 (2013),2013,Getaround Connect,CITADINE,SEGMENT_RULES,THERMIQUE,True,50.0,,3.67,78,Asnières-sur-Seine,Paris,Asnières-sur-Seine|Paris 17e,2,235,False,False,,7040,1001,9
20260802T150127,A2,v3.4-search-json,2026-08-03T09:00,2026-08-03T20:00,1421679,https://fr.getaround.com/location-voiture/paris/toyota-c-hr-hybrid-1421679,Toyota C-HR Hybrid (2022),2022,Getaround Connect,SUV_COMPACT,SEGMENT_RULES,HYBRIDE,True,95.0,,4.91,27,Puteaux,Paris,Puteaux|Asnières-sur-Seine|Paris 17e,3,236,False,False,,5390,468,6
20260802T150127,A2,v3.4-search-json,2026-08-03T09:00,2026-08-03T20:00,1721538,https://fr.getaround.com/location-voiture/saint-gratien/renault-captur-1721538,Renault Captur (2021),2021,Getaround Connect,SUV_COMPACT,SEGMENT_RULES,THERMIQUE,True,76.0,,5.0,17,Asnières-sur-Seine,Saint Gratien,Asnières-sur-Seine,1,236,False,False,,5010,1001,6
20260802T150127,A2,v3.4-search-json,2026-08-03T09:00,2026-08-03T20:00,776791,https://fr.getaround.com/location-voiture/paris/dacia-sandero-776791,Dacia Sandero (2017),2017,Getaround Connect,CITADINE,SEGMENT_RULES,THERMIQUE,True,55.0,,4.09,71,Asnières-sur-Seine,Paris,Asnières-sur-Seine|Paris 17e,2,236,False,False,,7040,1001,9
20260802T150127,A2,v3.4-search-json,2026-08-03T09:00,2026-08-03T20:00,1632887,https://fr.getaround.com/location-voiture/boulogne-billancourt/toyota-corolla-break-hybride-1632887,Toyota Corolla Break Hybride (2021),2021,Getaround Connect,BREAK,SEGMENT_RULES,HYBRIDE,True,116.0,,5.0,23,Puteaux,Boulogne Billancourt,Puteaux|Asnières-sur-Seine|Paris 17e,3,237,False,False,,5470,468,6
20260802T150127,A2,v3.4-search-json,2026-08-03T09:00,2026-08-03T20:00,1787205,https://fr.getaround.com/location-voiture/paris/smart-fortwo-passion-1787205,Smart Fortwo Passion (2016),2016,Sur rendez-vous,MICRO_CITADINE,SEGMENT_RULES,THERMIQUE,False,75.0,,5.0,4,Puteaux,Paris,Puteaux|Asnières-sur-Seine|Paris 17e,3,237,False,False,,4200,468,10
20260802T150127,A2,v3.4-search-json,2026-08-03T09:00,2026-08-03T20:00,1701804,https://fr.getaround.com/location-voiture/aubervilliers/fiat-500-lounge-1701804,Fiat 500 Lounge (2014),2014,Getaround Connect,CITADINE,SEGMENT_RULES,THERMIQUE,True,64.0,,4.89,9,Asnières-sur-Seine,Aubervilliers,Asnières-sur-Seine|Paris 17e,2,237,False,False,,7690,1001,6
20260802T150127,A2,v3.4-search-json,2026-08-03T09:00,2026-08-03T20:00,973946,https://fr.getaround.com/location-voiture/boulogne-billancourt/fiat-500-973946,Fiat 500 (2019),2019,Sur rendez-vous,CITADINE,SEGMENT_RULES,THERMIQUE,False,70.0,,5.0,33,Puteaux,Boulogne Billancourt,Puteaux|Asnières-sur-Seine|Paris 17e,3,238,False,False,,5780,468,6
20260802T150127,A2,v3.4-search-json,2026-08-03T09:00,2026-08-03T20:00,1751232,https://fr.getaround.com/location-voiture/argenteuil/peugeot-208-1751232,Peugeot 208 (2013),2013,Sur rendez-vous,CITADINE,SEGMENT_RULES,THERMIQUE,False,69.0,,5.0,13,Puteaux,Argenteuil,Puteaux|Asnières-sur-Seine,2,238,False,False,,7070,468,9
20260802T150127,A2,v3.4-search-json,2026-08-03T09:00,2026-08-03T20:00,1216442,https://fr.getaround.com/location-voiture/paris/peugeot-208-1216442,Peugeot 208 (2023),2023,Getaround Connect,CITADINE,SEGMENT_RULES,THERMIQUE,True,77.0,,4.7,77,Puteaux,Paris,Puteaux|Asnières-sur-Seine|Paris 17e,3,239,False,False,,6740,468,6
20260802T150127,A2,v3.4-search-json,2026-08-03T09:00,2026-08-03T20:00,1637857,https://fr.getaround.com/location-voiture/argenteuil/peugeot-208-1637857,Peugeot 208 (2019),2019,Getaround Connect,CITADINE,SEGMENT_RULES,THERMIQUE,True,72.0,,5.0,15,Puteaux,Argenteuil,Puteaux|Asnières-sur-Seine,2,239,False,False,,7270,468,7
20260802T150127,A2,v3.4-search-json,2026-08-03T09:00,2026-08-03T20:00,1211982,https://fr.getaround.com/location-voiture/paris/peugeot-208-1211982,Peugeot 208 (2017),2017,Sur rendez-vous,CITADINE,SEGMENT_RULES,THERMIQUE,False,80.0,,5.0,39,Asnières-sur-Seine,Paris,Asnières-sur-Seine|Paris 17e,2,239,False,False,,4700,1001,12
20260802T150127,A2,v3.4-search-json,2026-08-03T09:00,2026-08-03T20:00,1244578,https://fr.getaround.com/location-voiture/neuilly-sur-seine/bmw-serie-4-cabriolet-1244578,BMW Série 4 Cabriolet (2014),2014,Sur rendez-vous,CABRIOLET,SEGMENT_RULES,THERMIQUE,False,199.0,,5.0,32,Puteaux,Neuilly Sur Seine,Puteaux|Asnières-sur-Seine|Paris 17e,3,240,False,False,,2850,468,6
20260802T150127,A2,v3.4-search-json,2026-08-03T09:00,2026-08-03T20:00,1314301,https://fr.getaround.com/location-voiture/paris/fiat-500-1314301,Fiat 500 (2012),2012,Getaround Connect,CITADINE,SEGMENT_RULES,THERMIQUE,True,50.0,,3.63,31,Asnières-sur-Seine,Paris,Asnières-sur-Seine|Paris 17e,2,240,False,False,,7040,1001,9
20260802T150127,A2,v3.4-search-json,2026-08-03T09:00,2026-08-03T20:00,1945778,https://fr.getaround.com/location-voiture/nanterre/volkswagen-golf-gte-1945778,Volkswagen Golf GTE (2015),2015,Sur rendez-vous,COMPACTE,SEGMENT_RULES,THERMIQUE,False,102.0,,,,Puteaux,Nanterre,Puteaux|Asnières-sur-Seine,2,241,False,False,,3520,468,7
20260802T150127,A2,v3.4-search-json,2026-08-03T09:00,2026-08-03T20:00,1922215,https://fr.getaround.com/location-voiture/paris/toyota-yaris-hybride-1922215,Toyota Yaris Hybride (2026),2026,Sur rendez-vous,CITADINE,SEGMENT_RULES,HYBRIDE,False,74.0,,,,Puteaux,Paris,Puteaux|Asnières-sur-Seine|Paris 17e,3,241,False,False,,3720,468,9
20260802T150127,A2,v3.4-search-json,2026-08-03T09:00,2026-08-03T20:00,1681926,https://fr.getaround.com/location-voiture/clichy/toyota-verso-1681926,Toyota Verso (2014),2014,Sur rendez-vous,MONOSPACE,SEGMENT_RULES,THERMIQUE,False,79.0,,,,Asnières-sur-Seine,Clichy,Asnières-sur-Seine,1,241,False,False,,1770,1001,7
20260802T150127,A2,v3.4-search-json,2026-08-03T09:00,2026-08-03T20:00,835614,https://fr.getaround.com/location-voiture/paris/renault-zoe-835614,Renault ZOE (2017),2017,Getaround Connect,CITADINE,SEGMENT_RULES,ELECTRIQUE,True,39.0,,4.44,216,Asnières-sur-Seine,Paris,Asnières-sur-Seine|Paris 17e,2,242,False,False,,10180,1001,8
20260802T150127,A2,v3.4-search-json,2026-08-03T09:00,2026-08-03T20:00,705443,https://fr.getaround.com/location-voiture/paris/peugeot-208-705443,Peugeot 208 (2020),2020,Getaround Connect,CITADINE,SEGMENT_RULES,THERMIQUE,True,64.0,,4.32,210,Puteaux,Paris,Puteaux|Asnières-sur-Seine|Paris 17e,3,243,False,False,,6860,468,7
20260802T150127,A2,v3.4-search-json,2026-08-03T09:00,2026-08-03T20:00,820919,https://fr.getaround.com/location-voiture/paris/renault-clio-820919,Renault Clio (2017),2017,Getaround Connect,CITADINE,SEGMENT_RULES,THERMIQUE,True,67.0,,4.73,102,Asnières-sur-Seine,Paris,Asnières-sur-Seine|Paris 17e,2,243,False,False,,8750,1001,8
20260802T150127,A2,v3.4-search-json,2026-08-03T09:00,2026-08-03T20:00,1800176,https://fr.getaround.com/location-voiture/rueil-malmaison/renault-captur-1800176,Renault Captur (2024),2024,Getaround Connect,SUV_COMPACT,SEGMENT_RULES,THERMIQUE,True,77.0,,4.71,14,Puteaux,Rueil Malmaison,Puteaux|Asnières-sur-Seine,2,244,False,False,,5080,468,7
20260802T150127,A2,v3.4-search-json,2026-08-03T09:00,2026-08-03T20:00,1782417,https://fr.getaround.com/location-voiture/paris/renault-zoe-1782417,Renault ZOE (2021),2021,Getaround Connect,CITADINE,SEGMENT_RULES,ELECTRIQUE,True,72.0,,4.93,15,Asnières-sur-Seine,Paris,Asnières-sur-Seine|Paris 17e,2,244,False,False,,7700,1001,13
20260802T150127,A2,v3.4-search-json,2026-08-03T09:00,2026-08-03T20:00,1498661,https://fr.getaround.com/location-voiture/paris/renault-clio-1498661,Renault Clio (2022),2022,Getaround Connect,CITADINE,SEGMENT_RULES,THERMIQUE,True,70.0,,4.92,51,Puteaux,Paris,Puteaux|Asnières-sur-Seine|Paris 17e,3,245,False,False,,8000,468,7
20260802T150127,A2,v3.4-search-json,2026-08-03T09:00,2026-08-03T20:00,1194707,https://fr.getaround.com/location-voiture/franconville/toyota-yaris-hybride-1194707,Toyota Yaris Hybride (2017),2017,Getaround Connect,CITADINE,SEGMENT_RULES,HYBRIDE,True,59.0,,4.65,62,Asnières-sur-Seine,Franconville,Asnières-sur-Seine,1,245,False,False,,9700,1001,7
20260802T150127,A2,v3.4-search-json,2026-08-03T09:00,2026-08-03T20:00,1832300,https://fr.getaround.com/location-voiture/paris/volkswagen-polo-1832300,Volkswagen Polo (2019),2019,Getaround Connect,CITADINE,SEGMENT_RULES,THERMIQUE,True,72.0,,5.0,10,Puteaux,Paris,Puteaux|Paris 17e,2,246,False,False,,9200,468,7
20260802T150127,A2,v3.4-search-json,2026-08-03T09:00,2026-08-03T20:00,1533270,https://fr.getaround.com/location-voiture/colombes/renault-clio-1533270,Renault Clio (2014),2014,Sur rendez-vous,CITADINE,SEGMENT_RULES,THERMIQUE,False,65.0,,4.57,7,Asnières-sur-Seine,Colombes,Asnières-sur-Seine,1,246,False,False,,1940,1001,7
20260802T150127,A2,v3.4-search-json,2026-08-03T09:00,2026-08-03T20:00,1634381,https://fr.getaround.com/location-voiture/boulogne-billancourt/opel-corsa-1634381,Opel Corsa (2024),2024,Getaround Connect,CITADINE,SEGMENT_RULES,THERMIQUE,True,75.0,,4.82,42,Puteaux,Boulogne Billancourt,Puteaux|Asnières-sur-Seine|Paris 17e,3,247,False,False,,6320,468,7
20260802T150127,A2,v3.4-search-json,2026-08-03T09:00,2026-08-03T20:00,1920362,https://fr.getaround.com/location-voiture/asnieres-sur-seine/ford-fiesta-1920362,Ford Fiesta (2015),2015,Sur rendez-vous,CITADINE,SEGMENT_RULES,THERMIQUE,False,69.0,,,,Puteaux,Asnieres Sur Seine,Puteaux|Asnières-sur-Seine|Paris 17e,3,247,False,False,,6360,468,11
20260802T150127,A2,v3.4-search-json,2026-08-03T09:00,2026-08-03T20:00,1589894,https://fr.getaround.com/location-voiture/paris/peugeot-2008-1589894,Peugeot 2008 (2023),2023,Getaround Connect,SUV_COMPACT,SEGMENT_RULES,THERMIQUE,True,69.0,,3.89,33,Asnières-sur-Seine,Paris,Asnières-sur-Seine|Paris 17e,2,247,False,False,,7920,1001,8
20260802T150127,A2,v3.4-search-json,2026-08-03T09:00,2026-08-03T20:00,1814789,https://fr.getaround.com/location-voiture/paris/citroen-c3-1814789,Citroen C3 (2022),2022,Sur rendez-vous,CITADINE,SEGMENT_RULES,THERMIQUE,False,135.0,,5.0,3,Puteaux,Paris,Puteaux|Asnières-sur-Seine|Paris 17e,3,248,False,False,,5880,468,12
20260802T150127,A2,v3.4-search-json,2026-08-03T09:00,2026-08-03T20:00,359982,https://fr.getaround.com/location-voiture/boulogne-billancourt/peugeot-2008-359982,Peugeot 2008 (2018),2018,Getaround Connect,SUV_COMPACT,SEGMENT_RULES,THERMIQUE,True,69.0,,4.34,230,Puteaux,Boulogne Billancourt,Puteaux|Asnières-sur-Seine|Paris 17e,3,249,False,False,,5880,468,7
20260802T150127,A2,v3.4-search-json,2026-08-03T09:00,2026-08-03T20:00,1002069,https://fr.getaround.com/location-voiture/paris/peugeot-208-1002069,Peugeot 208 (2021),2021,Getaround Connect,CITADINE,SEGMENT_RULES,THERMIQUE,True,45.0,,3.83,106,Asnières-sur-Seine,Paris,Asnières-sur-Seine|Paris 17e,2,249,False,False,,11750,1001,8
20260802T150127,A2,v3.4-search-json,2026-08-03T09:00,2026-08-03T20:00,1936723,https://fr.getaround.com/location-voiture/colombes/peugeot-2008-1936723,Peugeot 2008 (2021),2021,Sur rendez-vous,SUV_COMPACT,SEGMENT_RULES,THERMIQUE,False,87.0,,,,Puteaux,Colombes,Puteaux|Asnières-sur-Seine|Paris 17e,3,252,False,False,,3290,468,7
20260802T150127,A2,v3.4-search-json,2026-08-03T09:00,2026-08-03T20:00,714807,https://fr.getaround.com/location-voiture/paris/renault-clio-714807,Renault Clio (2020),2020,Getaround Connect,CITADINE,SEGMENT_RULES,THERMIQUE,True,69.0,,4.25,179,Puteaux,Paris,Puteaux|Asnières-sur-Seine|Paris 17e,3,253,False,False,,7370,468,7
20260802T150127,A2,v3.4-search-json,2026-08-03T09:00,2026-08-03T20:00,1421603,https://fr.getaround.com/location-voiture/franconville/peugeot-308-1421603,Peugeot 308 (2018),2018,Getaround Connect,COMPACTE,SEGMENT_RULES,THERMIQUE,True,66.0,,4.77,39,Asnières-sur-Seine,Franconville,Asnières-sur-Seine,1,253,False,False,,9430,1001,7
20260802T150127,A2,v3.4-search-json,2026-08-03T09:00,2026-08-03T20:00,1483800,https://fr.getaround.com/location-voiture/paris/renault-twingo-iii-1483800,Renault Twingo III (2020),2020,Getaround Connect,CITADINE,SEGMENT_RULES,THERMIQUE,True,67.0,,4.81,54,Puteaux,Paris,Puteaux|Asnières-sur-Seine|Paris 17e,3,254,False,False,,6350,468,7
20260802T150127,A2,v3.4-search-json,2026-08-03T09:00,2026-08-03T20:00,701657,https://fr.getaround.com/location-voiture/paris/renault-twingo-701657,Renault Twingo (2017),2017,Getaround Connect,CITADINE,SEGMENT_RULES,THERMIQUE,True,55.0,,4.77,152,Asnières-sur-Seine,Paris,Asnières-sur-Seine|Paris 17e,2,255,False,False,,10830,1001,8
20260802T150127,A2,v3.4-search-json,2026-08-03T09:00,2026-08-03T20:00,1216198,https://fr.getaround.com/location-voiture/boulogne-billancourt/renault-clio-1216198,Renault Clio (2019),2019,Getaround Connect,CITADINE,SEGMENT_RULES,THERMIQUE,True,72.0,,4.67,66,Puteaux,Boulogne Billancourt,Puteaux|Asnières-sur-Seine|Paris 17e,3,256,False,False,,6320,468,7
20260802T150127,A2,v3.4-search-json,2026-08-03T09:00,2026-08-03T20:00,1902907,https://fr.getaround.com/location-voiture/colombes/peugeot-108-1902907,Peugeot 108 (2016),2016,Sur rendez-vous,MICRO_CITADINE,SEGMENT_RULES,THERMIQUE,False,63.0,,,,Puteaux,Colombes,Puteaux|Asnières-sur-Seine|Paris 17e,3,256,False,False,,4330,468,9
20260802T150127,A2,v3.4-search-json,2026-08-03T09:00,2026-08-03T20:00,1541399,https://fr.getaround.com/location-voiture/paris/toyota-yaris-cross-hybrid-1541399,Toyota Yaris Cross Hybrid (2021),2021,Getaround Connect,SUV_COMPACT,SEGMENT_RULES,HYBRIDE,True,79.0,,4.39,42,Asnières-sur-Seine,Paris,Asnières-sur-Seine|Paris 17e,2,256,False,False,,10390,1001,9
20260802T150127,A2,v3.4-search-json,2026-08-03T09:00,2026-08-03T20:00,823365,https://fr.getaround.com/location-voiture/paris/renault-clio-e-tech-823365,Renault Clio E-tech (2021),2021,Getaround Connect,CITADINE,SEGMENT_RULES,ELECTRIQUE,True,76.0,,4.15,104,Puteaux,Paris,Puteaux|Asnières-sur-Seine|Paris 17e,3,257,False,False,,6860,468,7
20260802T150127,A2,v3.4-search-json,2026-08-03T09:00,2026-08-03T20:00,1666618,https://fr.getaround.com/location-voiture/paris/fiat-500-1666618,Fiat 500 (2016),2016,Getaround Connect,CITADINE,SEGMENT_RULES,THERMIQUE,True,64.0,,4.96,56,Asnières-sur-Seine,Paris,Asnières-sur-Seine|Paris 17e,2,257,False,False,,8010,1001,7
20260802T150127,A2,v3.4-search-json,2026-08-03T09:00,2026-08-03T20:00,1895437,https://fr.getaround.com/location-voiture/paris/peugeot-208-1895437,Peugeot 208 (2025),2025,Getaround Connect,CITADINE,SEGMENT_RULES,THERMIQUE,True,77.0,,5.0,5,Puteaux,Paris,Puteaux|Asnières-sur-Seine|Paris 17e,3,258,False,False,,6450,468,7
20260802T150127,A2,v3.4-search-json,2026-08-03T09:00,2026-08-03T20:00,1555760,https://fr.getaround.com/location-voiture/issy-les-moulineaux/toyota-corolla-hybride-1555760,Toyota Corolla Hybride (2021),2021,Getaround Connect,COMPACTE,SEGMENT_RULES,HYBRIDE,True,96.0,,4.68,74,Puteaux,Issy Les Moulineaux,Puteaux|Paris 17e,2,259,False,False,,6840,468,7
20260802T150127,A2,v3.4-search-json,2026-08-03T09:00,2026-08-03T20:00,1808709,https://fr.getaround.com/location-voiture/soisy-sous-montmorency/peugeot-208-gt-line-1808709,Peugeot 208 GT Line (2024),2024,Getaround Connect,CITADINE,SEGMENT_RULES,THERMIQUE,True,82.0,,4.57,14,Asnières-sur-Seine,Soisy Sous Montmorency,Asnières-sur-Seine,1,259,False,False,,6890,1001,7
20260802T150127,A2,v3.4-search-json,2026-08-03T09:00,2026-08-03T20:00,1424176,https://fr.getaround.com/location-voiture/paris/fiat-500-1424176,Fiat 500 (2013),2013,Getaround Connect,CITADINE,SEGMENT_RULES,THERMIQUE,True,64.0,,4.95,104,Asnières-sur-Seine,Paris,Asnières-sur-Seine|Paris 17e,2,259,False,False,,8010,1001,7
20260802T150127,A2,v3.4-search-json,2026-08-03T09:00,2026-08-03T20:00,1821363,https://fr.getaround.com/location-voiture/nanterre/ford-fiesta-1821363,Ford Fiesta (2015),2015,Getaround Connect,CITADINE,SEGMENT_RULES,THERMIQUE,True,64.0,,4.0,2,Puteaux,Nanterre,Puteaux|Asnières-sur-Seine|Paris 17e,3,260,False,False,,4010,468,7
20260802T150127,A2,v3.4-search-json,2026-08-03T09:00,2026-08-03T20:00,1454575,https://fr.getaround.com/location-voiture/paris/fiat-500-1454575,Fiat 500 (2014),2014,Getaround Connect,CITADINE,SEGMENT_RULES,THERMIQUE,True,64.0,,4.98,94,Asnières-sur-Seine,Paris,Asnières-sur-Seine|Paris 17e,2,260,False,False,,8000,1001,7
20260802T150127,A2,v3.4-search-json,2026-08-03T09:00,2026-08-03T20:00,1797370,https://fr.getaround.com/location-voiture/paris/toyota-auris-1797370,Toyota Auris (2018),2018,Getaround Connect,COMPACTE,SEGMENT_RULES,THERMIQUE,True,89.0,,4.33,3,Puteaux,Paris,Puteaux|Asnières-sur-Seine|Paris 17e,3,262,False,False,,5350,468,7
20260802T150127,A2,v3.4-search-json,2026-08-03T09:00,2026-08-03T20:00,1946223,https://fr.getaround.com/location-voiture/villetaneuse/renault-clio-1946223,Renault Clio (2016),2016,Sur rendez-vous,CITADINE,SEGMENT_RULES,THERMIQUE,False,35.0,,,,Asnières-sur-Seine,Villetaneuse,Asnières-sur-Seine,1,262,False,False,,5460,1001,7
20260802T150127,A2,v3.4-search-json,2026-08-03T09:00,2026-08-03T20:00,1644098,https://fr.getaround.com/location-voiture/paris/peugeot-208-1644098,Peugeot 208 (2020),2020,Getaround Connect,CITADINE,SEGMENT_RULES,THERMIQUE,True,52.0,,4.08,30,Asnières-sur-Seine,Paris,Asnières-sur-Seine|Paris 17e,2,262,False,False,,8830,1001,8
20260802T150127,A2,v3.4-search-json,2026-08-03T09:00,2026-08-03T20:00,813514,https://fr.getaround.com/location-voiture/paris/renault-clio-813514,Renault Clio (2013),2013,Getaround Connect,CITADINE,SEGMENT_RULES,THERMIQUE,True,58.0,,4.3,72,Asnières-sur-Seine,Paris,Asnières-sur-Seine|Paris 17e,2,263,False,False,,7040,1001,11
20260802T150127,A2,v3.4-search-json,2026-08-03T09:00,2026-08-03T20:00,1477551,https://fr.getaround.com/location-voiture/issy-les-moulineaux/toyota-yaris-1477551,Toyota Yaris (2018),2018,Sur rendez-vous,CITADINE,SEGMENT_RULES,THERMIQUE,False,81.0,,5.0,32,Puteaux,Issy Les Moulineaux,Puteaux|Paris 17e,2,264,False,False,,7100,468,7
20260802T150127,A2,v3.4-search-json,2026-08-03T09:00,2026-08-03T20:00,1684302,https://fr.getaround.com/location-voiture/courbevoie/peugeot-208-1684302,Peugeot 208 (2013),2013,Sur rendez-vous,CITADINE,SEGMENT_RULES,THERMIQUE,False,68.0,,5.0,8,Asnières-sur-Seine,Courbevoie,Asnières-sur-Seine,1,264,False,False,,2900,1001,7
20260802T150127,A2,v3.4-search-json,2026-08-03T09:00,2026-08-03T20:00,1487246,https://fr.getaround.com/location-voiture/paris/fiat-500-1487246,Fiat 500 (2014),2014,Getaround Connect,CITADINE,SEGMENT_RULES,THERMIQUE,True,64.0,,5.0,63,Asnières-sur-Seine,Paris,Asnières-sur-Seine|Paris 17e,2,264,False,False,,10030,1001,9
20260802T150127,A2,v3.4-search-json,2026-08-03T09:00,2026-08-03T20:00,1442837,https://fr.getaround.com/location-voiture/paris/citroen-c3-1442837,Citroen C3 (2023),2023,Getaround Connect,CITADINE,SEGMENT_RULES,THERMIQUE,True,77.0,,4.61,50,Puteaux,Paris,Puteaux|Asnières-sur-Seine|Paris 17e,3,265,False,False,,6090,468,7
20260802T150127,A2,v3.4-search-json,2026-08-03T09:00,2026-08-03T20:00,1533981,https://fr.getaround.com/location-voiture/paris/toyota-yaris-hybride-1533981,Toyota Yaris Hybride (2021),2021,Getaround Connect,CITADINE,SEGMENT_RULES,HYBRIDE,True,81.0,,4.47,44,Asnières-sur-Seine,Paris,Asnières-sur-Seine|Paris 17e,2,265,False,False,,7330,1001,11
20260802T150127,A2,v3.4-search-json,2026-08-03T09:00,2026-08-03T20:00,1773923,https://fr.getaround.com/location-voiture/paris/toyota-aygo-1773923,Toyota Aygo (2015),2015,Sur rendez-vous,MICRO_CITADINE,SEGMENT_RULES,THERMIQUE,False,59.0,,5.0,2,Asnières-sur-Seine,Paris,Asnières-sur-Seine|Paris 17e,2,266,False,False,,7520,1001,7
20260802T150127,A2,v3.4-search-json,2026-08-03T09:00,2026-08-03T20:00,1749219,https://fr.getaround.com/location-voiture/paris/opel-combo-life-1749219,Opel Combo Life (2021),2021,Getaround Connect,MONOSPACE,SEGMENT_RULES,THERMIQUE,True,110.0,,4.97,30,Puteaux,Paris,Puteaux|Asnières-sur-Seine|Paris 17e,3,267,False,False,,7390,468,7
20260802T150127,A2,v3.4-search-json,2026-08-03T09:00,2026-08-03T20:00,1608624,https://fr.getaround.com/location-voiture/paris/toyota-yaris-hybride-1608624,Toyota Yaris Hybride (2024),2024,Getaround Connect,CITADINE,SEGMENT_RULES,HYBRIDE,True,80.0,,4.42,26,Puteaux,Paris,Puteaux|Asnières-sur-Seine|Paris 17e,3,268,False,False,,7170,468,9
20260802T150127,A2,v3.4-search-json,2026-08-03T09:00,2026-08-03T20:00,1813056,https://fr.getaround.com/location-voiture/paris/volkswagen-polo-1813056,Volkswagen Polo (2011),2011,Sur rendez-vous,CITADINE,SEGMENT_RULES,THERMIQUE,True,84.0,,4.9,10,Puteaux,Paris,Puteaux|Asnières-sur-Seine|Paris 17e,3,269,False,False,,4440,468,7
20260802T150127,A2,v3.4-search-json,2026-08-03T09:00,2026-08-03T20:00,1904625,https://fr.getaround.com/location-voiture/asnieres-sur-seine/hyundai-tucson-hybride-limited-1904625,Hyundai Tucson Hybride Limited (2021),2021,Sur rendez-vous,SUV_FAMILIAL,SEGMENT_RULES,HYBRIDE,False,76.0,,,,Puteaux,Asnieres Sur Seine,Puteaux|Asnières-sur-Seine|Paris 17e,3,269,False,False,,6660,468,10
20260802T150127,A2,v3.4-search-json,2026-08-03T09:00,2026-08-03T20:00,1916392,https://fr.getaround.com/location-voiture/paris/peugeot-208-1916392,Peugeot 208 (2026),2026,Getaround Connect,CITADINE,SEGMENT_RULES,THERMIQUE,True,77.0,,5.0,1,Asnières-sur-Seine,Paris,Asnières-sur-Seine|Paris 17e,2,270,False,False,,7500,1001,7
20260802T150127,A2,v3.4-search-json,2026-08-03T09:00,2026-08-03T20:00,1286312,https://fr.getaround.com/location-voiture/houilles/peugeot-508-1286312,Peugeot 508 (2011),2011,Sur rendez-vous,BERLINE,SEGMENT_RULES,THERMIQUE,False,96.0,,5.0,11,Puteaux,Houilles,Puteaux,1,271,False,False,,6280,468,7
20260802T150127,A2,v3.4-search-json,2026-08-03T09:00,2026-08-03T20:00,1743764,https://fr.getaround.com/location-voiture/paris/peugeot-208-1743764,Peugeot 208 (2015),2015,Getaround Connect,CITADINE,SEGMENT_RULES,THERMIQUE,True,64.0,,4.71,17,Asnières-sur-Seine,Paris,Asnières-sur-Seine|Paris 17e,2,271,False,False,,8039,1001,9
20260802T150127,A2,v3.4-search-json,2026-08-03T09:00,2026-08-03T20:00,1833543,https://fr.getaround.com/location-voiture/argenteuil/citroen-c3-1833543,Citroen C3 (2019),2019,Getaround Connect,CITADINE,SEGMENT_RULES,THERMIQUE,True,67.0,,5.0,2,Puteaux,Argenteuil,Puteaux|Asnières-sur-Seine,2,272,False,False,,7250,468,7
20260802T150127,A2,v3.4-search-json,2026-08-03T09:00,2026-08-03T20:00,1323651,https://fr.getaround.com/location-voiture/paris/renault-twingo-1323651,Renault Twingo (2020),2020,Getaround Connect,CITADINE,SEGMENT_RULES,THERMIQUE,True,52.0,,4.58,75,Asnières-sur-Seine,Paris,Asnières-sur-Seine|Paris 17e,2,272,False,False,,11370,1001,8
20260802T150127,A2,v3.4-search-json,2026-08-03T09:00,2026-08-03T20:00,1675472,https://fr.getaround.com/location-voiture/paris/peugeot-208-1675472,Peugeot 208 (2025),2025,Getaround Connect,CITADINE,SEGMENT_RULES,THERMIQUE,True,81.0,,4.78,36,Puteaux,Paris,Puteaux|Asnières-sur-Seine|Paris 17e,3,273,False,False,,8350,468,7
20260802T150127,A2,v3.4-search-json,2026-08-03T09:00,2026-08-03T20:00,1326909,https://fr.getaround.com/location-voiture/paris/bmw-serie-1-1326909,BMW Série 1 (2023),2023,Getaround Connect,COMPACTE,SEGMENT_RULES,THERMIQUE,True,95.0,,4.83,20,Puteaux,Paris,Puteaux|Asnières-sur-Seine|Paris 17e,3,274,False,False,,7460,468,7
20260802T150127,A2,v3.4-search-json,2026-08-03T09:00,2026-08-03T20:00,1904339,https://fr.getaround.com/location-voiture/paris/renault-clio-1904339,Renault Clio (2019),2019,Getaround Connect,CITADINE,SEGMENT_RULES,THERMIQUE,True,67.0,,,,Puteaux,Paris,Puteaux|Asnières-sur-Seine|Paris 17e,3,274,False,False,,7780,468,8
20260802T150127,A2,v3.4-search-json,2026-08-03T09:00,2026-08-03T20:00,1834680,https://fr.getaround.com/location-voiture/boulogne-billancourt/peugeot-208-1834680,Peugeot 208 (2016),2016,Sur rendez-vous,CITADINE,SEGMENT_RULES,THERMIQUE,False,69.0,,5.0,8,Puteaux,Boulogne Billancourt,Puteaux|Asnières-sur-Seine|Paris 17e,3,276,False,False,,4990,468,7
20260802T150127,A2,v3.4-search-json,2026-08-03T09:00,2026-08-03T20:00,1881944,https://fr.getaround.com/location-voiture/paris/peugeot-2008-1881944,Peugeot 2008 (2026),2026,Getaround Connect,SUV_COMPACT,SEGMENT_RULES,THERMIQUE,True,96.0,,5.0,4,Asnières-sur-Seine,Paris,Asnières-sur-Seine|Paris 17e,2,276,False,False,,7090,1001,10
20260802T150127,A2,v3.4-search-json,2026-08-03T09:00,2026-08-03T20:00,941077,https://fr.getaround.com/location-voiture/boulogne-billancourt/dacia-spring-941077,Dacia Spring (2021),2021,Getaround Connect,COMPACTE,SEGMENT_RULES,THERMIQUE,True,54.0,,3.74,29,Puteaux,Boulogne Billancourt,Puteaux|Asnières-sur-Seine|Paris 17e,3,277,False,False,,5640,468,7
20260802T150127,A2,v3.4-search-json,2026-08-03T09:00,2026-08-03T20:00,1671440,https://fr.getaround.com/location-voiture/paris/peugeot-2008-1671440,Peugeot 2008 (2021),2021,Getaround Connect,SUV_COMPACT,SEGMENT_RULES,THERMIQUE,True,70.0,,3.88,43,Asnières-sur-Seine,Paris,Asnières-sur-Seine|Paris 17e,2,277,False,False,,7560,1001,10
20260802T150127,A2,v3.4-search-json,2026-08-03T09:00,2026-08-03T20:00,1787777,https://fr.getaround.com/location-voiture/paris/peugeot-208-1787777,Peugeot 208 (2025),2025,Getaround Connect,CITADINE,SEGMENT_RULES,THERMIQUE,True,81.0,,4.11,9,Puteaux,Paris,Puteaux|Asnières-sur-Seine|Paris 17e,3,278,False,False,,6030,468,7
20260802T150127,A2,v3.4-search-json,2026-08-03T09:00,2026-08-03T20:00,1665178,https://fr.getaround.com/location-voiture/paris/citroen-c4-cactus-1665178,Citroen C4 Cactus (2020),2020,Getaround Connect,COMPACTE,SEGMENT_RULES,THERMIQUE,True,58.0,,4.17,35,Asnières-sur-Seine,Paris,Asnières-sur-Seine|Paris 17e,2,279,False,False,,8400,1001,11
20260802T150127,A2,v3.4-search-json,2026-08-03T09:00,2026-08-03T20:00,1731998,https://fr.getaround.com/location-voiture/paris/lexus-ux-hybride-1731998,Lexus UX Hybride (2024),2024,Sur rendez-vous,SUV_COMPACT,SEGMENT_RULES,HYBRIDE,False,132.0,,5.0,4,Puteaux,Paris,Puteaux|Paris 17e,2,280,False,False,,8140,468,7
20260802T150127,A2,v3.4-search-json,2026-08-03T09:00,2026-08-03T20:00,1060060,https://fr.getaround.com/location-voiture/malakoff/dacia-lodgy-1060060,Dacia Lodgy (2017),2017,Getaround Connect,MONOSPACE,SEGMENT_RULES,THERMIQUE,True,76.0,,4.48,65,Puteaux,Malakoff,Puteaux|Paris 17e,2,281,False,False,,8100,468,8
20260802T150127,A2,v3.4-search-json,2026-08-03T09:00,2026-08-03T20:00,1477730,https://fr.getaround.com/location-voiture/paris/renault-grand-scenic-1477730,Renault Grand Scenic (2014),2014,Getaround Connect,MONOSPACE,SEGMENT_RULES,THERMIQUE,True,97.0,,4.2,5,Puteaux,Paris,Puteaux|Asnières-sur-Seine|Paris 17e,3,282,False,False,,5380,468,8
20260802T150127,A2,v3.4-search-json,2026-08-03T09:00,2026-08-03T20:00,1780427,https://fr.getaround.com/location-voiture/epinay-sur-seine/citroen-c3-1780427,Citroen C3 (2022),2022,Getaround Connect,CITADINE,SEGMENT_RULES,THERMIQUE,True,74.0,,4.77,22,Asnières-sur-Seine,Epinay Sur Seine,Asnières-sur-Seine,1,282,False,False,,5500,1001,8
20260802T150127,A2,v3.4-search-json,2026-08-03T09:00,2026-08-03T20:00,846347,https://fr.getaround.com/location-voiture/paris/dacia-sandero-846347,Dacia Sandero (2021),2021,Getaround Connect,CITADINE,SEGMENT_RULES,THERMIQUE,True,60.0,,4.28,127,Puteaux,Paris,Puteaux|Asnières-sur-Seine|Paris 17e,3,283,False,False,,6860,468,8
20260802T150127,A2,v3.4-search-json,2026-08-03T09:00,2026-08-03T20:00,1722662,https://fr.getaround.com/location-voiture/paris/peugeot-2008-1722662,Peugeot 2008 (2022),2022,Getaround Connect,SUV_COMPACT,SEGMENT_RULES,THERMIQUE,True,70.0,,4.27,30,Asnières-sur-Seine,Paris,Asnières-sur-Seine|Paris 17e,2,283,False,False,,8730,1001,12
20260802T150127,A2,v3.4-search-json,2026-08-03T09:00,2026-08-03T20:00,1820985,https://fr.getaround.com/location-voiture/issy-les-moulineaux/peugeot-208-1820985,Peugeot 208 (2017),2017,Getaround Connect,CITADINE,SEGMENT_RULES,THERMIQUE,True,67.0,,4.73,30,Puteaux,Issy Les Moulineaux,Puteaux|Paris 17e,2,284,False,False,,6760,468,8
20260802T150127,A2,v3.4-search-json,2026-08-03T09:00,2026-08-03T20:00,1216196,https://fr.getaround.com/location-voiture/paris/renault-clio-1216196,Renault Clio (2018),2018,Getaround Connect,CITADINE,SEGMENT_RULES,THERMIQUE,True,72.0,,4.84,69,Puteaux,Paris,Puteaux|Asnières-sur-Seine|Paris 17e,3,285,False,False,,7860,468,8
20260802T150127,A2,v3.4-search-json,2026-08-03T09:00,2026-08-03T20:00,851259,https://fr.getaround.com/location-voiture/paris/skoda-fabia-851259,Skoda Fabia (2021),2021,Getaround Connect,CITADINE,SEGMENT_RULES,THERMIQUE,True,76.0,,4.9,104,Asnières-sur-Seine,Paris,Asnières-sur-Seine|Paris 17e,2,285,False,False,,6150,1001,9
20260802T150127,A2,v3.4-search-json,2026-08-03T09:00,2026-08-03T20:00,1906679,https://fr.getaround.com/location-voiture/paris/renault-megane-1906679,Renault Mégane (2017),2017,Sur rendez-vous,COMPACTE,SEGMENT_RULES,THERMIQUE,False,76.0,,5.0,4,Puteaux,Paris,Puteaux|Asnières-sur-Seine|Paris 17e,3,286,False,False,,7100,468,8
20260802T150127,A2,v3.4-search-json,2026-08-03T09:00,2026-08-03T20:00,1893660,https://fr.getaround.com/location-voiture/herblay-sur-seine/nissan-pulsar-1893660,Nissan Pulsar (2014),2014,Getaround Connect,SUV_COMPACT,SEGMENT_RULES,THERMIQUE,True,53.0,,,,Asnières-sur-Seine,Herblay Sur Seine,Asnières-sur-Seine,1,286,False,False,,11430,1001,8
20260802T150127,A2,v3.4-search-json,2026-08-03T09:00,2026-08-03T20:00,869742,https://fr.getaround.com/location-voiture/paris/audi-a3-869742,Audi A3 (2016),2016,Getaround Connect,COMPACTE,SEGMENT_RULES,THERMIQUE,True,83.0,,4.83,96,Paris 17e,Paris,Paris 17e,1,286,False,False,,6810,698,8
20260802T150127,A2,v3.4-search-json,2026-08-03T09:00,2026-08-03T20:00,1272839,https://fr.getaround.com/location-voiture/paris/toyota-yaris-cross-hybrid-1272839,Toyota Yaris Cross Hybrid (2022),2022,Getaround Connect,SUV_COMPACT,SEGMENT_RULES,HYBRIDE,True,81.0,,4.41,56,Paris 17e,Paris,Paris 17e,1,287,False,False,,7400,698,8
20260802T150127,A2,v3.4-search-json,2026-08-03T09:00,2026-08-03T20:00,1528491,https://fr.getaround.com/location-voiture/paris/citroen-c3-1528491,Citroen C3 (2024),2024,Getaround Connect,CITADINE,SEGMENT_RULES,THERMIQUE,True,81.0,,4.84,31,Puteaux,Paris,Puteaux|Asnières-sur-Seine|Paris 17e,3,288,False,False,,6000,468,8
20260802T150127,A2,v3.4-search-json,2026-08-03T09:00,2026-08-03T20:00,1915993,https://fr.getaround.com/location-voiture/issy-les-moulineaux/citroen-c3-1915993,Citroen C3 (2020),2020,Getaround Connect,CITADINE,SEGMENT_RULES,THERMIQUE,True,67.0,,5.0,1,Puteaux,Issy Les Moulineaux,Puteaux|Paris 17e,2,289,False,False,,7050,468,8
20260802T150127,A2,v3.4-search-json,2026-08-03T09:00,2026-08-03T20:00,1691396,https://fr.getaround.com/location-voiture/paris/peugeot-208-1691396,Peugeot 208 (2025),2025,Getaround Connect,CITADINE,SEGMENT_RULES,THERMIQUE,True,91.0,,4.79,34,Asnières-sur-Seine,Paris,Asnières-sur-Seine|Paris 17e,2,289,False,False,,7220,1001,13
20260802T150127,A2,v3.4-search-json,2026-08-03T09:00,2026-08-03T20:00,1610891,https://fr.getaround.com/location-voiture/issy-les-moulineaux/audi-a5-sportback-1610891,Audi A5 Sportback (2013),2013,Sur rendez-vous,BERLINE,SEGMENT_RULES,THERMIQUE,False,116.0,,5.0,4,Puteaux,Issy Les Moulineaux,Puteaux|Asnières-sur-Seine|Paris 17e,3,290,False,False,,6280,468,8
20260802T150127,A2,v3.4-search-json,2026-08-03T09:00,2026-08-03T20:00,762727,https://fr.getaround.com/location-voiture/paris/opel-agila-762727,Opel Agila (2012),2012,Getaround Connect,CITADINE,SEGMENT_RULES,THERMIQUE,True,53.0,,4.43,88,Asnières-sur-Seine,Paris,Asnières-sur-Seine|Paris 17e,2,290,False,False,,7040,1001,10
20260802T150127,A2,v3.4-search-json,2026-08-03T09:00,2026-08-03T20:00,1892221,https://fr.getaround.com/location-voiture/paris/toyota-corolla-hybride-1892221,Toyota Corolla Hybride (2020),2020,Getaround Connect,COMPACTE,SEGMENT_RULES,HYBRIDE,True,97.0,,5.0,3,Puteaux,Paris,Puteaux|Asnières-sur-Seine|Paris 17e,3,291,False,False,,7510,468,8
20260802T150127,A2,v3.4-search-json,2026-08-03T09:00,2026-08-03T20:00,1706164,https://fr.getaround.com/location-voiture/paris/renault-clio-1706164,Renault Clio (2016),2016,Getaround Connect,CITADINE,SEGMENT_RULES,THERMIQUE,True,64.0,,4.82,22,Asnières-sur-Seine,Paris,Asnières-sur-Seine|Paris 17e,2,291,False,False,,8770,1001,9
20260802T150127,A2,v3.4-search-json,2026-08-03T09:00,2026-08-03T20:00,1629806,https://fr.getaround.com/location-voiture/paris/renault-clio-1629806,Renault Clio (2024),2024,Getaround Connect,CITADINE,SEGMENT_RULES,THERMIQUE,True,77.0,,4.75,40,Puteaux,Paris,Puteaux|Asnières-sur-Seine|Paris 17e,3,292,False,False,,7100,468,8
20260802T150127,A2,v3.4-search-json,2026-08-03T09:00,2026-08-03T20:00,1505027,https://fr.getaround.com/location-voiture/cormeilles-en-parisis/renault-clio-1505027,Renault Clio (2020),2020,Getaround Connect,CITADINE,SEGMENT_RULES,THERMIQUE,True,72.0,,5.0,32,Asnières-sur-Seine,Cormeilles En Parisis,Asnières-sur-Seine,1,292,False,False,,8270,1001,8
20260802T150127,A2,v3.4-search-json,2026-08-03T09:00,2026-08-03T20:00,1744314,https://fr.getaround.com/location-voiture/paris/renault-twingo-iii-1744314,Renault Twingo III (2021),2021,Getaround Connect,CITADINE,SEGMENT_RULES,THERMIQUE,True,62.0,,4.62,21,Asnières-sur-Seine,Paris,Asnières-sur-Seine|Paris 17e,2,292,False,False,,10660,1001,10
20260802T150127,A2,v3.4-search-json,2026-08-03T09:00,2026-08-03T20:00,1722616,https://fr.getaround.com/location-voiture/paris/peugeot-3008-1722616,Peugeot 3008 (2020),2020,Getaround Connect,SUV_FAMILIAL,SEGMENT_RULES,THERMIQUE,True,73.0,,4.07,14,Asnières-sur-Seine,Paris,Asnières-sur-Seine|Paris 17e,2,293,False,False,,9990,1001,10
20260802T150127,A2,v3.4-search-json,2026-08-03T09:00,2026-08-03T20:00,1695612,https://fr.getaround.com/location-voiture/nanterre/renault-twingo-iii-1695612,Renault Twingo III (2020),2020,Sur rendez-vous,CITADINE,SEGMENT_RULES,THERMIQUE,False,73.0,,,,Puteaux,Nanterre,Puteaux|Asnières-sur-Seine,2,294,False,False,,2220,468,8
20260802T150127,A2,v3.4-search-json,2026-08-03T09:00,2026-08-03T20:00,1645586,https://fr.getaround.com/location-voiture/paris/peugeot-3008-1645586,Peugeot 3008 (2020),2020,Getaround Connect,SUV_FAMILIAL,SEGMENT_RULES,THERMIQUE,True,73.0,,4.12,34,Asnières-sur-Seine,Paris,Asnières-sur-Seine|Paris 17e,2,294,False,False,,10660,1001,10
20260802T150127,A2,v3.4-search-json,2026-08-03T09:00,2026-08-03T20:00,1926342,https://fr.getaround.com/location-voiture/paris/renault-clio-e-tech-1926342,Renault Clio E-tech (2021),2021,Getaround Connect,CITADINE,SEGMENT_RULES,ELECTRIQUE,True,80.0,,,,Puteaux,Paris,Puteaux|Asnières-sur-Seine|Paris 17e,3,295,False,False,,7510,468,8
20260802T150127,A2,v3.4-search-json,2026-08-03T09:00,2026-08-03T20:00,828091,https://fr.getaround.com/location-voiture/paris/toyota-yaris-hybride-828091,Toyota Yaris Hybride (2021),2021,Getaround Connect,CITADINE,SEGMENT_RULES,HYBRIDE,True,69.0,,4.34,51,Puteaux,Paris,Puteaux|Asnières-sur-Seine|Paris 17e,3,295,False,False,,7370,468,8
20260802T150127,A2,v3.4-search-json,2026-08-03T09:00,2026-08-03T20:00,1895765,https://fr.getaround.com/location-voiture/paris/bmw-serie-1-1895765,BMW Série 1 (2012),2012,Getaround Connect,COMPACTE,SEGMENT_RULES,THERMIQUE,True,65.0,,4.5,4,Asnières-sur-Seine,Paris,Asnières-sur-Seine|Paris 17e,2,295,False,False,,8730,1001,8
20260802T150127,A2,v3.4-search-json,2026-08-03T09:00,2026-08-03T20:00,1412609,https://fr.getaround.com/location-voiture/boulogne-billancourt/renault-zoe-1412609,Renault ZOE (2020),2020,Getaround Connect,CITADINE,SEGMENT_RULES,ELECTRIQUE,True,67.0,,4.71,21,Puteaux,Boulogne Billancourt,Puteaux|Asnières-sur-Seine|Paris 17e,3,297,False,False,,5630,468,8
20260802T150127,A2,v3.4-search-json,2026-08-03T09:00,2026-08-03T20:00,1590451,https://fr.getaround.com/location-voiture/paris/peugeot-2008-1590451,Peugeot 2008 (2023),2023,Getaround Connect,SUV_COMPACT,SEGMENT_RULES,THERMIQUE,True,63.0,,3.72,23,Asnières-sur-Seine,Paris,Asnières-sur-Seine|Paris 17e,2,298,False,False,,9750,1001,10
20260802T150127,A2,v3.4-search-json,2026-08-03T09:00,2026-08-03T20:00,1738351,https://fr.getaround.com/location-voiture/chatou/toyota-corolla-1738351,Toyota Corolla (2020),2020,Sur rendez-vous,COMPACTE,SEGMENT_RULES,THERMIQUE,False,77.0,,5.0,8,Puteaux,Chatou,Puteaux|Asnières-sur-Seine,2,299,False,False,,6520,468,8
20260802T150127,A2,v3.4-search-json,2026-08-03T09:00,2026-08-03T20:00,1780182,https://fr.getaround.com/location-voiture/paris/citroen-c4-grand-spacetourer-1780182,Citroen C4 Grand Spacetourer (2020),2020,Getaround Connect,COMPACTE,SEGMENT_RULES,THERMIQUE,True,92.0,,4.71,17,Puteaux,Paris,Puteaux|Asnières-sur-Seine|Paris 17e,3,299,False,False,,7370,468,8
20260802T150127,A2,v3.4-search-json,2026-08-03T09:00,2026-08-03T20:00,945215,https://fr.getaround.com/location-voiture/paris/renault-grand-scenic-945215,Renault Grand Scenic (2016),2016,Getaround Connect,MONOSPACE,SEGMENT_RULES,THERMIQUE,True,116.0,,4.48,85,Puteaux,Paris,Puteaux|Asnières-sur-Seine|Paris 17e,3,300,False,False,,5770,468,8
20260802T150127,A2,v3.4-search-json,2026-08-03T09:00,2026-08-03T20:00,641057,https://fr.getaround.com/location-voiture/paris/fiat-500-641057,Fiat 500 (2016),2016,Getaround Connect,CITADINE,SEGMENT_RULES,THERMIQUE,True,58.0,,4.85,176,Paris 17e,Paris,Paris 17e,1,300,False,False,,7480,698,8
20260802T150127,A2,v3.4-search-json,2026-08-03T09:00,2026-08-03T20:00,763196,https://fr.getaround.com/location-voiture/paris/peugeot-108-763196,Peugeot 108 (2017),2017,Getaround Connect,MICRO_CITADINE,SEGMENT_RULES,THERMIQUE,True,60.0,,4.63,117,Puteaux,Paris,Puteaux|Paris 17e,2,302,False,False,,8860,468,8
20260802T150127,A2,v3.4-search-json,2026-08-03T09:00,2026-08-03T20:00,1788487,https://fr.getaround.com/location-voiture/asnieres-sur-seine/tesla-model-y-standard-range-1788487,Tesla Model Y Standard Range (2023),2023,Sur rendez-vous,SUV_FAMILIAL,SEGMENT_RULES,ELECTRIQUE,False,112.0,,,,Asnières-sur-Seine,Asnieres Sur Seine,Asnières-sur-Seine,1,302,False,False,,1020,1001,8
20260802T150127,A2,v3.4-search-json,2026-08-03T09:00,2026-08-03T20:00,1946035,https://fr.getaround.com/location-voiture/garches/volkswagen-golf-1946035,Volkswagen Golf (2025),2025,Sur rendez-vous,COMPACTE,SEGMENT_RULES,THERMIQUE,False,73.0,,,,Puteaux,Garches,Puteaux|Asnières-sur-Seine,2,303,False,False,,5030,468,8
20260802T150127,A2,v3.4-search-json,2026-08-03T09:00,2026-08-03T20:00,1904429,https://fr.getaround.com/location-voiture/paris/renault-zoe-1904429,Renault ZOE (2018),2018,Getaround Connect,CITADINE,SEGMENT_RULES,ELECTRIQUE,True,63.0,,5.0,2,Paris 17e,Paris,Paris 17e,1,304,False,False,,5590,698,8
20260802T150127,A2,v3.4-search-json,2026-08-03T09:00,2026-08-03T20:00,828088,https://fr.getaround.com/location-voiture/paris/toyota-yaris-hybride-828088,Toyota Yaris Hybride (2021),2021,Getaround Connect,CITADINE,SEGMENT_RULES,HYBRIDE,True,72.0,,4.32,90,Puteaux,Paris,Puteaux|Asnières-sur-Seine|Paris 17e,3,305,False,False,,6870,468,8
20260802T150127,A2,v3.4-search-json,2026-08-03T09:00,2026-08-03T20:00,1812855,https://fr.getaround.com/location-voiture/paris/volkswagen-polo-1812855,Volkswagen Polo (2011),2011,Sur rendez-vous,CITADINE,SEGMENT_RULES,THERMIQUE,True,75.0,,4.29,7,Puteaux,Paris,Puteaux|Asnières-sur-Seine|Paris 17e,3,306,False,False,,4460,468,8
20260802T150127,A2,v3.4-search-json,2026-08-03T09:00,2026-08-03T20:00,1458233,https://fr.getaround.com/location-voiture/issy-les-moulineaux/peugeot-308-sw-1458233,Peugeot 308 SW (2017),2017,Getaround Connect,BREAK,SEGMENT_RULES,THERMIQUE,True,83.0,,4.73,41,Puteaux,Issy Les Moulineaux,Puteaux|Paris 17e,2,307,False,False,,6750,468,8
20260802T150127,A2,v3.4-search-json,2026-08-03T09:00,2026-08-03T20:00,1005693,https://fr.getaround.com/location-voiture/paris/dacia-lodgy-1005693,Dacia Lodgy (2017),2017,Getaround Connect,MONOSPACE,SEGMENT_RULES,THERMIQUE,True,89.0,,4.78,76,Asnières-sur-Seine,Paris,Asnières-sur-Seine|Paris 17e,2,307,False,False,,8270,1001,9
20260802T150127,A2,v3.4-search-json,2026-08-03T09:00,2026-08-03T20:00,1618557,https://fr.getaround.com/location-voiture/levallois-perret/tesla-model-y-1618557,Tesla Model Y (2024),2024,Sur rendez-vous,SUV_FAMILIAL,SEGMENT_RULES,ELECTRIQUE,False,135.0,,,,Puteaux,Levallois Perret,Puteaux|Asnières-sur-Seine|Paris 17e,3,308,False,False,,3490,468,8
20260802T150127,A2,v3.4-search-json,2026-08-03T09:00,2026-08-03T20:00,1650440,https://fr.getaround.com/location-voiture/issy-les-moulineaux/volkswagen-t-cross-1650440,Volkswagen T-Cross (2024),2024,Getaround Connect,SUV_COMPACT,SEGMENT_RULES,THERMIQUE,True,80.0,,3.35,17,Puteaux,Issy Les Moulineaux,Puteaux|Paris 17e,2,311,False,False,,7150,468,8
20260802T150127,A2,v3.4-search-json,2026-08-03T09:00,2026-08-03T20:00,1198362,https://fr.getaround.com/location-voiture/paris/opel-corsa-1198362,Opel Corsa (2014),2014,Getaround Connect,CITADINE,SEGMENT_RULES,THERMIQUE,True,58.0,,4.67,36,Asnières-sur-Seine,Paris,Asnières-sur-Seine|Paris 17e,2,311,False,False,,7040,1001,11
20260802T150127,A2,v3.4-search-json,2026-08-03T09:00,2026-08-03T20:00,1868615,https://fr.getaround.com/location-voiture/paris/nissan-micra-1868615,Nissan Micra (2022),2022,Getaround Connect,CITADINE,SEGMENT_RULES,THERMIQUE,True,76.0,,4.91,11,Puteaux,Paris,Puteaux|Asnières-sur-Seine|Paris 17e,3,312,False,False,,6300,468,8
20260802T150127,A2,v3.4-search-json,2026-08-03T09:00,2026-08-03T20:00,1942583,https://fr.getaround.com/location-voiture/paris/renault-twingo-iii-1942583,Renault Twingo III (2016),2016,Sur rendez-vous,CITADINE,SEGMENT_RULES,THERMIQUE,False,47.0,,,,Asnières-sur-Seine,Paris,Asnières-sur-Seine|Paris 17e,2,312,False,False,,8730,1001,10
20260802T150127,A2,v3.4-search-json,2026-08-03T09:00,2026-08-03T20:00,1889838,https://fr.getaround.com/location-voiture/sevres/renault-twingo-iii-1889838,Renault Twingo III (2020),2020,Getaround Connect,CITADINE,SEGMENT_RULES,THERMIQUE,True,69.0,,5.0,8,Puteaux,Sevres,Puteaux|Asnières-sur-Seine,2,313,False,False,,6790,468,8
20260802T150127,A2,v3.4-search-json,2026-08-03T09:00,2026-08-03T20:00,1697007,https://fr.getaround.com/location-voiture/nanterre/volkswagen-golf-1697007,Volkswagen Golf (2014),2014,Sur rendez-vous,COMPACTE,SEGMENT_RULES,THERMIQUE,False,90.0,,5.0,1,Puteaux,Nanterre,Puteaux|Asnières-sur-Seine|Paris 17e,3,314,False,False,,2380,468,8
20260802T150127,A2,v3.4-search-json,2026-08-03T09:00,2026-08-03T20:00,1708959,https://fr.getaround.com/location-voiture/paris/peugeot-208-1708959,Peugeot 208 (2017),2017,Getaround Connect,CITADINE,SEGMENT_RULES,THERMIQUE,True,64.0,,4.4,10,Puteaux,Paris,Puteaux|Asnières-sur-Seine|Paris 17e,3,315,False,False,,7610,468,8
20260802T150127,A2,v3.4-search-json,2026-08-03T09:00,2026-08-03T20:00,1608526,https://fr.getaround.com/location-voiture/paris/citroen-c3-1608526,Citroen C3 (2024),2024,Getaround Connect,CITADINE,SEGMENT_RULES,THERMIQUE,True,77.0,,4.55,57,Asnières-sur-Seine,Paris,Asnières-sur-Seine|Paris 17e,2,315,False,False,,8900,1001,13
20260802T150127,A2,v3.4-search-json,2026-08-03T09:00,2026-08-03T20:00,1734726,https://fr.getaround.com/location-voiture/houilles/renault-clio-1734726,Renault Clio (2012),2012,Sur rendez-vous,CITADINE,SEGMENT_RULES,THERMIQUE,False,68.0,,5.0,13,Puteaux,Houilles,Puteaux|Asnières-sur-Seine,2,316,False,False,,5520,468,8
20260802T150127,A2,v3.4-search-json,2026-08-03T09:00,2026-08-03T20:00,854615,https://fr.getaround.com/location-voiture/courbevoie/mg-zs-ev-854615,Mg ZS EV (2020),2020,Sur rendez-vous,SUV_COMPACT,SEGMENT_RULES,ELECTRIQUE,False,150.0,,5.0,8,Puteaux,Courbevoie,Puteaux|Asnières-sur-Seine|Paris 17e,3,317,False,False,,1620,468,8
20260802T150127,A2,v3.4-search-json,2026-08-03T09:00,2026-08-03T20:00,1275063,https://fr.getaround.com/location-voiture/paris/renault-twingo-iii-1275063,Renault Twingo III (2016),2016,Getaround Connect,CITADINE,SEGMENT_RULES,THERMIQUE,True,58.0,,4.45,28,Asnières-sur-Seine,Paris,Asnières-sur-Seine|Paris 17e,2,317,False,False,,7040,1001,11
20260802T150127,A2,v3.4-search-json,2026-08-03T09:00,2026-08-03T20:00,1880615,https://fr.getaround.com/location-voiture/paris/peugeot-2008-1880615,Peugeot 2008 (2026),2026,Getaround Connect,SUV_COMPACT,SEGMENT_RULES,THERMIQUE,True,96.0,,5.0,3,Puteaux,Paris,Puteaux|Asnières-sur-Seine|Paris 17e,3,318,False,False,,7790,468,8
20260802T150127,A2,v3.4-search-json,2026-08-03T09:00,2026-08-03T20:00,1153936,https://fr.getaround.com/location-voiture/paris/smart-fortwo-coupe-1153936,Smart Fortwo Coupé (2017),2017,Getaround Connect,MICRO_CITADINE,SEGMENT_RULES,THERMIQUE,True,55.0,,4.49,37,Asnières-sur-Seine,Paris,Asnières-sur-Seine|Paris 17e,2,318,False,False,,7590,1001,10
20260802T150127,A2,v3.4-search-json,2026-08-03T09:00,2026-08-03T20:00,1855159,https://fr.getaround.com/location-voiture/issy-les-moulineaux/mini-cooper-3-portes-1855159,Mini Cooper 3 portes (2013),2013,Sur rendez-vous,CITADINE,SEGMENT_RULES,THERMIQUE,False,70.0,,5.0,3,Puteaux,Issy Les Moulineaux,Puteaux|Paris 17e,2,319,False,False,,6810,468,8
20260802T150127,A2,v3.4-search-json,2026-08-03T09:00,2026-08-03T20:00,1666424,https://fr.getaround.com/location-voiture/paris/peugeot-208-1666424,Peugeot 208 (2025),2025,Getaround Connect,CITADINE,SEGMENT_RULES,THERMIQUE,True,86.0,,4.19,21,Puteaux,Paris,Puteaux|Asnières-sur-Seine|Paris 17e,3,320,False,False,,7790,468,9
20260802T150127,A2,v3.4-search-json,2026-08-03T09:00,2026-08-03T20:00,1718217,https://fr.getaround.com/location-voiture/suresnes/mercedes-benz-classe-e-e-300-1718217,Mercedes-Benz Classe E E 300 (2024),2024,Sur rendez-vous,BERLINE,SEGMENT_RULES,THERMIQUE,False,230.0,,,,Puteaux,Suresnes,Puteaux|Asnières-sur-Seine|Paris 17e,3,321,False,False,,1410,468,9
20260802T150127,A2,v3.4-search-json,2026-08-03T09:00,2026-08-03T20:00,1666606,https://fr.getaround.com/location-voiture/soisy-sous-montmorency/hyundai-santa-fe-plug-in-hybride-1666606,Hyundai Santa Fe plug-in Hybride (2022),2022,Sur rendez-vous,SUV_FAMILIAL,SEGMENT_RULES,HYBRIDE,False,186.0,,5.0,2,Asnières-sur-Seine,Soisy Sous Montmorency,Asnières-sur-Seine,1,321,False,False,,7500,1001,9
20260802T150127,A2,v3.4-search-json,2026-08-03T09:00,2026-08-03T20:00,1077086,https://fr.getaround.com/location-voiture/paris/opel-corsa-1077086,Opel Corsa (2013),2013,Getaround Connect,CITADINE,SEGMENT_RULES,THERMIQUE,True,58.0,,4.31,40,Asnières-sur-Seine,Paris,Asnières-sur-Seine|Paris 17e,2,321,False,False,,7040,1001,12
20260802T150127,A2,v3.4-search-json,2026-08-03T09:00,2026-08-03T20:00,1823655,https://fr.getaround.com/location-voiture/issy-les-moulineaux/citroen-c3-1823655,Citroen C3 (2022),2022,Getaround Connect,CITADINE,SEGMENT_RULES,THERMIQUE,True,72.0,,4.58,19,Puteaux,Issy Les Moulineaux,Puteaux|Paris 17e,2,322,False,False,,7070,468,9
20260802T150127,A2,v3.4-search-json,2026-08-03T09:00,2026-08-03T20:00,1777318,https://fr.getaround.com/location-voiture/paris/peugeot-308-1777318,Peugeot 308 (2019),2019,Getaround Connect,COMPACTE,SEGMENT_RULES,THERMIQUE,True,58.0,,4.14,14,Asnières-sur-Seine,Paris,Asnières-sur-Seine|Paris 17e,2,323,False,False,,8830,1001,11
20260802T150127,A2,v3.4-search-json,2026-08-03T09:00,2026-08-03T20:00,1692718,https://fr.getaround.com/location-voiture/paris/peugeot-208-1692718,Peugeot 208 (2016),2016,Getaround Connect,CITADINE,SEGMENT_RULES,THERMIQUE,True,61.0,,4.2,30,Puteaux,Paris,Puteaux|Asnières-sur-Seine|Paris 17e,3,324,False,False,,7920,468,9
20260802T150127,A2,v3.4-search-json,2026-08-03T09:00,2026-08-03T20:00,1814059,https://fr.getaround.com/location-voiture/colombes/mazda-cx-3-1814059,Mazda CX-3 (2016),2016,Sur rendez-vous,SUV_COMPACT,SEGMENT_RULES,THERMIQUE,False,81.0,,5.0,2,Puteaux,Colombes,Puteaux|Asnières-sur-Seine|Paris 17e,3,324,False,False,,5450,468,9
20260802T150127,A2,v3.4-search-json,2026-08-03T09:00,2026-08-03T20:00,1712083,https://fr.getaround.com/location-voiture/sartrouville/mercedes-benz-classe-e-coupe-1712083,Mercedes-Benz Classe E Coupé (2014),2014,Sur rendez-vous,BERLINE,SEGMENT_RULES,THERMIQUE,False,175.0,,5.0,1,Puteaux,Sartrouville,Puteaux|Asnières-sur-Seine,2,325,False,False,,8610,468,9
20260802T150127,A2,v3.4-search-json,2026-08-03T09:00,2026-08-03T20:00,1852946,https://fr.getaround.com/location-voiture/asnieres-sur-seine/bmw-x1-sdrive18d-1852946,BMW X1 sDrive18d (2018),2018,Sur rendez-vous,SUV_FAMILIAL,SEGMENT_RULES,THERMIQUE,False,115.0,,,,Asnières-sur-Seine,Asnieres Sur Seine,Asnières-sur-Seine,1,325,False,False,,1490,1001,9
20260802T150127,A2,v3.4-search-json,2026-08-03T09:00,2026-08-03T20:00,1694521,https://fr.getaround.com/location-voiture/paris/peugeot-308-1694521,Peugeot 308 (2019),2019,Getaround Connect,COMPACTE,SEGMENT_RULES,THERMIQUE,True,58.0,,3.72,25,Puteaux,Paris,Puteaux|Asnières-sur-Seine|Paris 17e,3,326,False,False,,8730,468,9
20260802T150127,A2,v3.4-search-json,2026-08-03T09:00,2026-08-03T20:00,1442859,https://fr.getaround.com/location-voiture/paris/citroen-c3-1442859,Citroen C3 (2023),2023,Getaround Connect,CITADINE,SEGMENT_RULES,THERMIQUE,True,77.0,,4.71,45,Puteaux,Paris,Puteaux|Asnières-sur-Seine|Paris 17e,3,327,False,False,,7870,468,9
20260802T150127,A2,v3.4-search-json,2026-08-03T09:00,2026-08-03T20:00,1760447,https://fr.getaround.com/location-voiture/boulogne-billancourt/mercedes-benz-classe-c-1760447,Mercedes-Benz Classe C (2022),2022,Sur rendez-vous,BERLINE,SEGMENT_RULES,THERMIQUE,True,165.0,,4.89,9,Puteaux,Boulogne Billancourt,Puteaux|Asnières-sur-Seine|Paris 17e,3,330,False,False,,5390,468,9
20260802T150127,A2,v3.4-search-json,2026-08-03T09:00,2026-08-03T20:00,1632665,https://fr.getaround.com/location-voiture/paris/renault-twingo-iii-1632665,Renault Twingo III (2018),2018,Getaround Connect,CITADINE,SEGMENT_RULES,THERMIQUE,True,70.0,,4.76,46,Puteaux,Paris,Puteaux|Asnières-sur-Seine|Paris 17e,3,331,False,False,,7940,468,9
20260802T150127,A2,v3.4-search-json,2026-08-03T09:00,2026-08-03T20:00,1728263,https://fr.getaround.com/location-voiture/levallois-perret/renault-arkana-rs-line-1728263,Renault Arkana RS Line (2022),2022,Sur rendez-vous,COMPACTE,SEGMENT_RULES,THERMIQUE,False,106.0,,,,Puteaux,Levallois Perret,Puteaux|Asnières-sur-Seine|Paris 17e,3,332,False,False,,3950,468,9
20260802T150127,A2,v3.4-search-json,2026-08-03T09:00,2026-08-03T20:00,1629791,https://fr.getaround.com/location-voiture/paris/renault-clio-1629791,Renault Clio (2024),2024,Getaround Connect,CITADINE,SEGMENT_RULES,THERMIQUE,True,77.0,,4.86,58,Puteaux,Paris,Puteaux|Paris 17e,2,333,False,False,,9210,468,9
20260802T150127,A2,v3.4-search-json,2026-08-03T09:00,2026-08-03T20:00,1815369,https://fr.getaround.com/location-voiture/saint-cloud/audi-a4-2-0t-premium-plus-1815369,Audi  A4 2.0T Premium Plus (2014),2014,Sur rendez-vous,BERLINE,SEGMENT_RULES,THERMIQUE,False,113.0,,,,Puteaux,Saint Cloud,Puteaux|Asnières-sur-Seine|Paris 17e,3,334,False,False,,4530,468,9
20260802T150127,A2,v3.4-search-json,2026-08-03T09:00,2026-08-03T20:00,641059,https://fr.getaround.com/location-voiture/paris/fiat-500-641059,Fiat 500 (2016),2016,Getaround Connect,CITADINE,SEGMENT_RULES,THERMIQUE,True,58.0,,4.82,152,Paris 17e,Paris,Paris 17e,1,334,False,False,,7480,698,9
20260802T150127,A2,v3.4-search-json,2026-08-03T09:00,2026-08-03T20:00,1370309,https://fr.getaround.com/location-voiture/issy-les-moulineaux/citroen-c3-1370309,Citroen C3 (2020),2020,Getaround Connect,CITADINE,SEGMENT_RULES,THERMIQUE,True,72.0,,4.23,66,Puteaux,Issy Les Moulineaux,Puteaux|Paris 17e,2,335,False,False,,7050,468,9
20260802T150127,A2,v3.4-search-json,2026-08-03T09:00,2026-08-03T20:00,1916417,https://fr.getaround.com/location-voiture/paris/peugeot-208-1916417,Peugeot 208 (2026),2026,Getaround Connect,CITADINE,SEGMENT_RULES,THERMIQUE,True,70.0,,,,Asnières-sur-Seine,Paris,Asnières-sur-Seine|Paris 17e,2,335,False,False,,11060,1001,9
20260802T150127,A2,v3.4-search-json,2026-08-03T09:00,2026-08-03T20:00,1890607,https://fr.getaround.com/location-voiture/sartrouville/fiat-doblo-1890607,Fiat Doblo (2022),2022,Getaround Connect,UTILITAIRE,SEGMENT_RULES,THERMIQUE,True,69.0,,5.0,1,Asnières-sur-Seine,Sartrouville,Asnières-sur-Seine,1,336,False,False,,8710,1001,9
20260802T150127,A2,v3.4-search-json,2026-08-03T09:00,2026-08-03T20:00,1506949,https://fr.getaround.com/location-voiture/paris/peugeot-208-1506949,Peugeot 208 (2024),2024,Getaround Connect,CITADINE,SEGMENT_RULES,THERMIQUE,True,81.0,,4.81,54,Asnières-sur-Seine,Paris,Asnières-sur-Seine|Paris 17e,2,337,False,False,,9790,1001,10
20260802T150127,A2,v3.4-search-json,2026-08-03T09:00,2026-08-03T20:00,1851073,https://fr.getaround.com/location-voiture/paris/peugeot-208-1851073,Peugeot 208 (2023),2023,Sur rendez-vous,CITADINE,SEGMENT_RULES,THERMIQUE,False,74.0,,5.0,5,Puteaux,Paris,Puteaux|Asnières-sur-Seine|Paris 17e,3,338,False,False,,6400,468,9
20260802T150127,A2,v3.4-search-json,2026-08-03T09:00,2026-08-03T20:00,1557780,https://fr.getaround.com/location-voiture/paris/renault-clio-campus-1557780,Renault Clio Campus (2011),2011,Sur rendez-vous,CITADINE,SEGMENT_RULES,THERMIQUE,False,62.0,,5.0,10,Puteaux,Paris,Puteaux|Asnières-sur-Seine|Paris 17e,3,339,False,False,,5480,468,9
20260802T150127,A2,v3.4-search-json,2026-08-03T09:00,2026-08-03T20:00,1937431,https://fr.getaround.com/location-voiture/paris/smart-fortwo-coupe-1937431,Smart Fortwo Coupé (2013),2013,Sur rendez-vous,MICRO_CITADINE,SEGMENT_RULES,THERMIQUE,True,70.0,,,,Puteaux,Paris,Puteaux|Asnières-sur-Seine|Paris 17e,3,341,False,False,,4660,468,9
20260802T150127,A2,v3.4-search-json,2026-08-03T09:00,2026-08-03T20:00,1880597,https://fr.getaround.com/location-voiture/paris/peugeot-2008-1880597,Peugeot 2008 (2026),2026,Getaround Connect,SUV_COMPACT,SEGMENT_RULES,THERMIQUE,True,93.0,,4.6,5,Asnières-sur-Seine,Paris,Asnières-sur-Seine|Paris 17e,2,341,False,False,,7500,1001,11
20260802T150127,A2,v3.4-search-json,2026-08-03T09:00,2026-08-03T20:00,671162,https://fr.getaround.com/location-voiture/paris/renault-clio-671162,Renault Clio (2018),2018,Getaround Connect,CITADINE,SEGMENT_RULES,THERMIQUE,True,67.0,,4.83,135,Paris 17e,Paris,Paris 17e,1,342,False,False,,7480,698,9
20260802T150127,A2,v3.4-search-json,2026-08-03T09:00,2026-08-03T20:00,1083759,https://fr.getaround.com/location-voiture/rueil-malmaison/renault-zoe-1083759,Renault ZOE (2018),2018,Sur rendez-vous,CITADINE,SEGMENT_RULES,ELECTRIQUE,False,71.0,,,,Puteaux,Rueil Malmaison,Puteaux|Asnières-sur-Seine,2,343,False,False,,4410,468,9
20260802T150127,A2,v3.4-search-json,2026-08-03T09:00,2026-08-03T20:00,1117220,https://fr.getaround.com/location-voiture/paris/renault-clio-1117220,Renault Clio (2014),2014,Getaround Connect,CITADINE,SEGMENT_RULES,THERMIQUE,True,74.0,,4.74,19,Puteaux,Paris,Puteaux|Asnières-sur-Seine|Paris 17e,3,345,False,False,,7610,468,9
20260802T150127,A2,v3.4-search-json,2026-08-03T09:00,2026-08-03T20:00,1681055,https://fr.getaround.com/location-voiture/paris/peugeot-208-1681055,Peugeot 208 (2023),2023,Getaround Connect,CITADINE,SEGMENT_RULES,THERMIQUE,True,81.0,,4.28,25,Asnières-sur-Seine,Paris,Asnières-sur-Seine|Paris 17e,2,345,False,False,,9720,1001,9
20260802T150127,A2,v3.4-search-json,2026-08-03T09:00,2026-08-03T20:00,1584195,https://fr.getaround.com/location-voiture/bezons/lynk-co-01-1584195,Lynk & Co 01 (2021),2021,Sur rendez-vous,SUV_FAMILIAL,SEGMENT_RULES,THERMIQUE,False,120.0,,5.0,2,Puteaux,Bezons,Puteaux|Asnières-sur-Seine|Paris 17e,3,347,False,False,,5260,468,9
20260802T150127,A2,v3.4-search-json,2026-08-03T09:00,2026-08-03T20:00,1438691,https://fr.getaround.com/location-voiture/paris/audi-a1-1438691,Audi A1 (2021),2021,Getaround Connect,CITADINE,SEGMENT_RULES,THERMIQUE,True,79.0,,4.09,61,Paris 17e,Paris,Paris 17e,1,347,False,False,,6740,698,9
20260802T150127,A2,v3.4-search-json,2026-08-03T09:00,2026-08-03T20:00,1545704,https://fr.getaround.com/location-voiture/boulogne-billancourt/land-rover-range-rover-evoque-1545704,Land-Rover Range Rover Evoque (2014),2014,Sur rendez-vous,SUV_FAMILIAL,SEGMENT_RULES,THERMIQUE,False,134.0,,4.88,4,Puteaux,Boulogne Billancourt,Puteaux|Asnières-sur-Seine|Paris 17e,3,348,False,False,,6310,468,9
20260802T150127,A2,v3.4-search-json,2026-08-03T09:00,2026-08-03T20:00,1790449,https://fr.getaround.com/location-voiture/courbevoie/toyota-yaris-hybride-1790449,Toyota Yaris Hybride (2016),2016,Sur rendez-vous,CITADINE,SEGMENT_RULES,HYBRIDE,False,82.0,,,,Puteaux,Courbevoie,Puteaux|Asnières-sur-Seine|Paris 17e,3,350,False,False,,2400,468,9
20260802T150127,A2,v3.4-search-json,2026-08-03T09:00,2026-08-03T20:00,1796212,https://fr.getaround.com/location-voiture/pantin/seat-ibiza-sc-1796212,Seat Ibiza SC (2015),2015,Getaround Connect,CITADINE,SEGMENT_RULES,THERMIQUE,True,59.0,,3.8,5,Asnières-sur-Seine,Pantin,Asnières-sur-Seine,1,350,False,False,,9990,1001,9
20260802T150127,A2,v3.4-search-json,2026-08-03T09:00,2026-08-03T20:00,1629808,https://fr.getaround.com/location-voiture/paris/renault-clio-1629808,Renault Clio (2024),2024,Getaround Connect,CITADINE,SEGMENT_RULES,THERMIQUE,True,77.0,,4.7,46,Puteaux,Paris,Puteaux|Paris 17e,2,351,False,False,,9210,468,9
20260802T150127,A2,v3.4-search-json,2026-08-03T09:00,2026-08-03T20:00,1649267,https://fr.getaround.com/location-voiture/paris/citroen-c3-picasso-1649267,Citroen C3 Picasso (2016),2016,Getaround Connect,MONOSPACE,SEGMENT_RULES,THERMIQUE,True,76.0,,4.69,16,Asnières-sur-Seine,Paris,Asnières-sur-Seine|Paris 17e,2,351,False,False,,7590,1001,12
20260802T150127,A2,v3.4-search-json,2026-08-03T09:00,2026-08-03T20:00,1863796,https://fr.getaround.com/location-voiture/paris/tesla-model-3-1863796,Tesla Model 3 (2023),2023,Sur rendez-vous,BERLINE,SEGMENT_RULES,ELECTRIQUE,False,109.0,,5.0,2,Puteaux,Paris,Puteaux|Asnières-sur-Seine|Paris 17e,3,352,False,False,,6360,468,10
20260802T150127,A2,v3.4-search-json,2026-08-03T09:00,2026-08-03T20:00,1938839,https://fr.getaround.com/location-voiture/cormeilles-en-parisis/peugeot-208-1938839,Peugeot 208 (2018),2018,Getaround Connect,CITADINE,SEGMENT_RULES,THERMIQUE,True,74.0,,,,Asnières-sur-Seine,Cormeilles En Parisis,Asnières-sur-Seine,1,353,False,False,,7940,1001,9
20260802T150127,A2,v3.4-search-json,2026-08-03T09:00,2026-08-03T20:00,1879658,https://fr.getaround.com/location-voiture/paris/peugeot-2008-1879658,Peugeot 2008 (2026),2026,Getaround Connect,SUV_COMPACT,SEGMENT_RULES,THERMIQUE,True,96.0,,5.0,4,Asnières-sur-Seine,Paris,Asnières-sur-Seine|Paris 17e,2,353,False,False,,7500,1001,11
20260802T150127,A2,v3.4-search-json,2026-08-03T09:00,2026-08-03T20:00,1681623,https://fr.getaround.com/location-voiture/paris/peugeot-208-1681623,Peugeot 208 (2022),2022,Getaround Connect,CITADINE,SEGMENT_RULES,THERMIQUE,True,52.0,,3.79,29,Asnières-sur-Seine,Paris,Asnières-sur-Seine|Paris 17e,2,354,False,False,,11750,1001,11
20260802T150127,A2,v3.4-search-json,2026-08-03T09:00,2026-08-03T20:00,1851732,https://fr.getaround.com/location-voiture/la-celle-saint-cloud/fiat-600e-1851732,Fiat 600e (2024),2024,Sur rendez-vous,CITADINE,SEGMENT_RULES,THERMIQUE,False,61.0,,5.0,1,Puteaux,La Celle Saint Cloud,Puteaux,1,355,False,False,,7710,468,9
20260802T150127,A2,v3.4-search-json,2026-08-03T09:00,2026-08-03T20:00,1760599,https://fr.getaround.com/location-voiture/saint-denis/kia-rio-1760599,Kia Rio (2018),2018,Sur rendez-vous,CITADINE,SEGMENT_RULES,THERMIQUE,False,70.0,,5.0,9,Asnières-sur-Seine,Saint Denis,Asnières-sur-Seine,1,356,False,False,,7190,1001,9
20260802T150127,A2,v3.4-search-json,2026-08-03T09:00,2026-08-03T20:00,939058,https://fr.getaround.com/location-voiture/paris/renault-clio-939058,Renault Clio (2019),2019,Getaround Connect,CITADINE,SEGMENT_RULES,THERMIQUE,True,72.0,,4.79,126,Asnières-sur-Seine,Paris,Asnières-sur-Seine|Paris 17e,2,357,False,False,,8860,1001,11
20260802T150127,A2,v3.4-search-json,2026-08-03T09:00,2026-08-03T20:00,671580,https://fr.getaround.com/location-voiture/paris/fiat-500-671580,Fiat 500 (2017),2017,Getaround Connect,CITADINE,SEGMENT_RULES,THERMIQUE,True,67.0,,4.84,153,Paris 17e,Paris,Paris 17e,1,358,False,False,,7480,698,9
20260802T150127,A2,v3.4-search-json,2026-08-03T09:00,2026-08-03T20:00,1757751,https://fr.getaround.com/location-voiture/paris/tesla-model-3-1757751,Tesla Model 3 (2022),2022,Sur rendez-vous,BERLINE,SEGMENT_RULES,ELECTRIQUE,False,117.0,,5.0,4,Paris 17e,Paris,Paris 17e,1,359,False,False,,6820,698,9
20260802T150127,A2,v3.4-search-json,2026-08-03T09:00,2026-08-03T20:00,1935150,https://fr.getaround.com/location-voiture/bezons/renault-clio-1935150,Renault Clio (2012),2012,Sur rendez-vous,CITADINE,SEGMENT_RULES,THERMIQUE,False,56.0,,5.0,1,Puteaux,Bezons,Puteaux|Asnières-sur-Seine|Paris 17e,3,360,False,False,,4580,468,9
20260802T150127,A2,v3.4-search-json,2026-08-03T09:00,2026-08-03T20:00,1917406,https://fr.getaround.com/location-voiture/paris/peugeot-208-1917406,Peugeot 208 (2026),2026,Getaround Connect,CITADINE,SEGMENT_RULES,THERMIQUE,True,78.0,,,,Asnières-sur-Seine,Paris,Asnières-sur-Seine|Paris 17e,2,360,False,False,,8160,1001,13
20260802T150127,A2,v3.4-search-json,2026-08-03T09:00,2026-08-03T20:00,1944772,https://fr.getaround.com/location-voiture/houilles/peugeot-208-1944772,Peugeot 208 (2021),2021,Sur rendez-vous,CITADINE,SEGMENT_RULES,THERMIQUE,False,68.0,,,,Puteaux,Houilles,Puteaux|Asnières-sur-Seine,2,361,False,False,,6150,468,10
20260802T150127,A2,v3.4-search-json,2026-08-03T09:00,2026-08-03T20:00,1932446,https://fr.getaround.com/location-voiture/chatou/ford-fiesta-1932446,Ford Fiesta (2014),2014,Sur rendez-vous,CITADINE,SEGMENT_RULES,THERMIQUE,False,66.0,,,,Puteaux,Chatou,Puteaux|Asnières-sur-Seine,2,362,False,False,,6450,468,10
20260802T150127,A2,v3.4-search-json,2026-08-03T09:00,2026-08-03T20:00,1894337,https://fr.getaround.com/location-voiture/paris/smart-fortwo-prime-1894337,Smart Fortwo Prime (2016),2016,Getaround Connect,MICRO_CITADINE,SEGMENT_RULES,THERMIQUE,True,73.0,,,,Asnières-sur-Seine,Paris,Asnières-sur-Seine|Paris 17e,2,362,False,False,,11070,1001,10
20260802T150127,A2,v3.4-search-json,2026-08-03T09:00,2026-08-03T20:00,1510316,https://fr.getaround.com/location-voiture/saint-cloud/renault-clio-estate-1510316,Renault Clio Estate (2016),2016,Sur rendez-vous,BREAK,SEGMENT_RULES,THERMIQUE,False,73.0,,5.0,6,Puteaux,Saint Cloud,Puteaux|Asnières-sur-Seine|Paris 17e,3,363,False,False,,3800,468,10
20260802T150127,A2,v3.4-search-json,2026-08-03T09:00,2026-08-03T20:00,1881105,https://fr.getaround.com/location-voiture/ermont/peugeot-208-1881105,Peugeot 208 (2019),2019,Getaround Connect,CITADINE,SEGMENT_RULES,THERMIQUE,True,59.0,,,,Asnières-sur-Seine,Ermont,Asnières-sur-Seine,1,363,False,False,,8220,1001,10
20260802T150127,A2,v3.4-search-json,2026-08-03T09:00,2026-08-03T20:00,1218015,https://fr.getaround.com/location-voiture/paris/opel-corsa-1218015,Opel Corsa (2012),2012,Getaround Connect,CITADINE,SEGMENT_RULES,THERMIQUE,True,53.0,,3.53,15,Asnières-sur-Seine,Paris,Asnières-sur-Seine|Paris 17e,2,363,False,False,,7040,1001,14
20260802T150127,A2,v3.4-search-json,2026-08-03T09:00,2026-08-03T20:00,1689466,https://fr.getaround.com/location-voiture/argenteuil/peugeot-207-sw-1689466,Peugeot 207 SW (2011),2011,Sur rendez-vous,BREAK,SEGMENT_RULES,THERMIQUE,False,73.0,,5.0,5,Puteaux,Argenteuil,Puteaux|Asnières-sur-Seine|Paris 17e,3,364,False,False,,6970,468,10
20260802T150127,A2,v3.4-search-json,2026-08-03T09:00,2026-08-03T20:00,1816320,https://fr.getaround.com/location-voiture/saint-cloud/hyundai-inster-1816320,Hyundai Inster (2025),2025,Sur rendez-vous,COMPACTE,SEGMENT_RULES,THERMIQUE,False,78.0,,5.0,1,Puteaux,Saint Cloud,Puteaux|Asnières-sur-Seine,2,365,False,False,,5510,468,10
20260802T150127,A2,v3.4-search-json,2026-08-03T09:00,2026-08-03T20:00,1790256,https://fr.getaround.com/location-voiture/paris/peugeot-208-1790256,Peugeot 208 (2016),2016,Getaround Connect,CITADINE,SEGMENT_RULES,THERMIQUE,True,49.0,,3.71,7,Paris 17e,Paris,Paris 17e,1,365,False,False,,5270,698,10
20260802T150127,A2,v3.4-search-json,2026-08-03T09:00,2026-08-03T20:00,1828643,https://fr.getaround.com/location-voiture/paris/smart-fortwo-cabriolet-1828643,Smart Fortwo Cabriolet (2012),2012,Sur rendez-vous,CABRIOLET,SEGMENT_RULES,THERMIQUE,False,81.0,,,,Puteaux,Paris,Puteaux|Asnières-sur-Seine|Paris 17e,3,366,False,False,,3620,468,10
20260802T150127,A2,v3.4-search-json,2026-08-03T09:00,2026-08-03T20:00,1849526,https://fr.getaround.com/location-voiture/boulogne-billancourt/ds-3-1849526,DS 3 (2019),2019,Sur rendez-vous,CITADINE,SEGMENT_RULES,THERMIQUE,False,93.0,,5.0,1,Puteaux,Boulogne Billancourt,Puteaux|Asnières-sur-Seine|Paris 17e,3,368,False,False,,5810,468,10
20260802T150127,A2,v3.4-search-json,2026-08-03T09:00,2026-08-03T20:00,1916387,https://fr.getaround.com/location-voiture/carrieres-sur-seine/citroen-c3-1916387,Citroen C3 (2014),2014,Sur rendez-vous,CITADINE,SEGMENT_RULES,THERMIQUE,False,66.0,,3.5,2,Puteaux,Carrieres Sur Seine,Puteaux|Asnières-sur-Seine,2,369,False,False,,5260,468,10
20260802T150127,A2,v3.4-search-json,2026-08-03T09:00,2026-08-03T20:00,1550955,https://fr.getaround.com/location-voiture/paris/toyota-yaris-1550955,Toyota Yaris (2016),2016,Getaround Connect,CITADINE,SEGMENT_RULES,THERMIQUE,True,74.0,,4.92,26,Asnières-sur-Seine,Paris,Asnières-sur-Seine|Paris 17e,2,369,False,False,,10320,1001,12
20260802T150127,A2,v3.4-search-json,2026-08-03T09:00,2026-08-03T20:00,1067334,https://fr.getaround.com/location-voiture/nanterre/citroen-c5-cross-tourer-1067334,Citroen C5 Cross Tourer (2022),2022,Sur rendez-vous,BREAK,SEGMENT_RULES,THERMIQUE,False,123.0,,,,Puteaux,Nanterre,Puteaux|Asnières-sur-Seine|Paris 17e,3,370,False,False,,3140,468,10
20260802T150127,A2,v3.4-search-json,2026-08-03T09:00,2026-08-03T20:00,1841274,https://fr.getaround.com/location-voiture/herblay-sur-seine/volkswagen-golf-1841274,Volkswagen Golf (2012),2012,Sur rendez-vous,COMPACTE,SEGMENT_RULES,THERMIQUE,False,76.0,,5.0,6,Asnières-sur-Seine,Herblay Sur Seine,Asnières-sur-Seine,1,370,False,False,,11520,1001,10
20260802T150127,A2,v3.4-search-json,2026-08-03T09:00,2026-08-03T20:00,1880595,https://fr.getaround.com/location-voiture/paris/peugeot-2008-1880595,Peugeot 2008 (2026),2026,Getaround Connect,SUV_COMPACT,SEGMENT_RULES,THERMIQUE,True,93.0,,4.5,2,Asnières-sur-Seine,Paris,Asnières-sur-Seine|Paris 17e,2,370,False,False,,7500,1001,11
20260802T150127,A2,v3.4-search-json,2026-08-03T09:00,2026-08-03T20:00,1864476,https://fr.getaround.com/location-voiture/sartrouville/peugeot-2008-1864476,Peugeot 2008 (2018),2018,Sur rendez-vous,SUV_COMPACT,SEGMENT_RULES,THERMIQUE,False,87.0,,5.0,4,Puteaux,Sartrouville,Puteaux|Asnières-sur-Seine,2,371,False,False,,8390,468,10
20260802T150127,A2,v3.4-search-json,2026-08-03T09:00,2026-08-03T20:00,808153,https://fr.getaround.com/location-voiture/les-lilas/peugeot-208-808153,Peugeot 208 (2015),2015,Getaround Connect,CITADINE,SEGMENT_RULES,THERMIQUE,True,61.0,,4.84,22,Asnières-sur-Seine,Les Lilas,Asnières-sur-Seine,1,371,False,False,,10540,1001,10
20260802T150127,A2,v3.4-search-json,2026-08-03T09:00,2026-08-03T20:00,1749372,https://fr.getaround.com/location-voiture/bezons/dacia-spring-1749372,Dacia Spring (2025),2025,Sur rendez-vous,COMPACTE,SEGMENT_RULES,THERMIQUE,False,57.0,,5.0,6,Puteaux,Bezons,Puteaux|Asnières-sur-Seine,2,372,False,False,,5500,468,10
20260802T150127,A2,v3.4-search-json,2026-08-03T09:00,2026-08-03T20:00,1933549,https://fr.getaround.com/location-voiture/argenteuil/citroen-c3-1933549,Citroen C3 (2018),2018,Sur rendez-vous,CITADINE,SEGMENT_RULES,THERMIQUE,False,70.0,,,,Puteaux,Argenteuil,Puteaux|Asnières-sur-Seine|Paris 17e,3,373,False,False,,6710,468,10
20260802T150127,A2,v3.4-search-json,2026-08-03T09:00,2026-08-03T20:00,1236915,https://fr.getaround.com/location-voiture/asnieres-sur-seine/toyota-c-hr-1236915,Toyota C-HR (2018),2018,Sur rendez-vous,SUV_COMPACT,SEGMENT_RULES,THERMIQUE,False,131.0,,,,Asnières-sur-Seine,Asnieres Sur Seine,Asnières-sur-Seine,1,373,False,False,,640,1001,10
20260802T150127,A2,v3.4-search-json,2026-08-03T09:00,2026-08-03T20:00,1940728,https://fr.getaround.com/location-voiture/paris/audi-q4-sportback-35-e-tron-1940728,Audi Q4 Sportback 35 e-tron (2022),2022,Sur rendez-vous,SUV_FAMILIAL,SEGMENT_RULES,THERMIQUE,False,165.0,,,,Puteaux,Paris,Puteaux|Asnières-sur-Seine|Paris 17e,3,374,False,False,,4430,468,10
20260802T150127,A2,v3.4-search-json,2026-08-03T09:00,2026-08-03T20:00,1253205,https://fr.getaround.com/location-voiture/paris/peugeot-208-1253205,Peugeot 208 (2023),2023,Getaround Connect,CITADINE,SEGMENT_RULES,THERMIQUE,True,70.0,,4.07,38,Paris 17e,Paris,Paris 17e,1,374,False,False,,7800,698,10
20260802T150127,A2,v3.4-search-json,2026-08-03T09:00,2026-08-03T20:00,1117375,https://fr.getaround.com/location-voiture/boulogne-billancourt/peugeot-308-sw-1117375,Peugeot 308 SW (2018),2018,Sur rendez-vous,BREAK,SEGMENT_RULES,THERMIQUE,False,106.0,,4.77,24,Puteaux,Boulogne Billancourt,Puteaux|Asnières-sur-Seine|Paris 17e,3,375,False,False,,4440,468,10
20260802T150127,A2,v3.4-search-json,2026-08-03T09:00,2026-08-03T20:00,1829731,https://fr.getaround.com/location-voiture/paris/fiat-500-c-1829731,Fiat 500 C (2018),2018,Getaround Connect,CABRIOLET,SEGMENT_RULES,THERMIQUE,True,70.0,,5.0,26,Asnières-sur-Seine,Paris,Asnières-sur-Seine|Paris 17e,2,375,False,False,,11170,1001,13
20260802T150127,A2,v3.4-search-json,2026-08-03T09:00,2026-08-03T20:00,1617403,https://fr.getaround.com/location-voiture/paris/smart-fortwo-coupe-1617403,Smart Fortwo Coupé (2019),2019,Getaround Connect,MICRO_CITADINE,SEGMENT_RULES,THERMIQUE,True,79.0,,,,Puteaux,Paris,Puteaux|Paris 17e,2,376,False,False,,9040,468,10
20260802T150127,A2,v3.4-search-json,2026-08-03T09:00,2026-08-03T20:00,1351763,https://fr.getaround.com/location-voiture/paris/peugeot-2008-1351763,Peugeot 2008 (2023),2023,Getaround Connect,SUV_COMPACT,SEGMENT_RULES,THERMIQUE,True,69.0,,4.04,36,Asnières-sur-Seine,Paris,Asnières-sur-Seine|Paris 17e,2,377,False,False,,9980,1001,13
20260802T150127,A2,v3.4-search-json,2026-08-03T09:00,2026-08-03T20:00,1614145,https://fr.getaround.com/location-voiture/courbevoie/peugeot-208-1614145,Peugeot 208 (2024),2024,Sur rendez-vous,CITADINE,SEGMENT_RULES,THERMIQUE,False,157.0,,,,Puteaux,Courbevoie,Puteaux|Asnières-sur-Seine|Paris 17e,3,378,False,False,,1830,468,10
20260802T150127,A2,v3.4-search-json,2026-08-03T09:00,2026-08-03T20:00,1139784,https://fr.getaround.com/location-voiture/courbevoie/peugeot-208-1139784,Peugeot 208 (2015),2015,Sur rendez-vous,CITADINE,SEGMENT_RULES,THERMIQUE,False,96.0,,,,Puteaux,Courbevoie,Puteaux|Asnières-sur-Seine|Paris 17e,3,379,False,False,,1640,468,10
20260802T150127,A2,v3.4-search-json,2026-08-03T09:00,2026-08-03T20:00,1556512,https://fr.getaround.com/location-voiture/paris/toyota-yaris-hybride-1556512,Toyota Yaris Hybride (2022),2022,Getaround Connect,CITADINE,SEGMENT_RULES,HYBRIDE,True,81.0,,4.53,43,Asnières-sur-Seine,Paris,Asnières-sur-Seine|Paris 17e,2,379,False,False,,10200,1001,13
20260802T150127,A2,v3.4-search-json,2026-08-03T09:00,2026-08-03T20:00,1867943,https://fr.getaround.com/location-voiture/suresnes/skoda-kamiq-1867943,Skoda Kamiq (2025),2025,Sur rendez-vous,SUV_COMPACT,SEGMENT_RULES,THERMIQUE,False,111.0,,,,Puteaux,Suresnes,Puteaux|Asnières-sur-Seine,2,380,False,False,,3200,468,10
20260802T150127,A2,v3.4-search-json,2026-08-03T09:00,2026-08-03T20:00,1927747,https://fr.getaround.com/location-voiture/villeneuve-la-garenne/peugeot-208-1927747,Peugeot 208 (2017),2017,Sur rendez-vous,CITADINE,SEGMENT_RULES,THERMIQUE,False,69.0,,,,Puteaux,Villeneuve La Garenne,Puteaux|Asnières-sur-Seine|Paris 17e,3,380,False,False,,8470,468,10
20260802T150127,A2,v3.4-search-json,2026-08-03T09:00,2026-08-03T20:00,1272657,https://fr.getaround.com/location-voiture/paris/toyota-yaris-hybride-1272657,Toyota Yaris Hybride (2020),2020,Getaround Connect,CITADINE,SEGMENT_RULES,HYBRIDE,True,81.0,,4.84,73,Asnières-sur-Seine,Paris,Asnières-sur-Seine|Paris 17e,2,380,False,False,,10390,1001,14
20260802T150127,A2,v3.4-search-json,2026-08-03T09:00,2026-08-03T20:00,1731967,https://fr.getaround.com/location-voiture/houilles/bmw-ix1-1731967,BMW iX1 (2021),2021,Sur rendez-vous,SUV_FAMILIAL,SEGMENT_RULES,THERMIQUE,False,141.0,,,,Puteaux,Houilles,Puteaux|Asnières-sur-Seine,2,381,False,False,,6240,468,10
20260802T150127,A2,v3.4-search-json,2026-08-03T09:00,2026-08-03T20:00,1650430,https://fr.getaround.com/location-voiture/paris/volkswagen-t-cross-1650430,Volkswagen T-Cross (2024),2024,Getaround Connect,SUV_COMPACT,SEGMENT_RULES,THERMIQUE,True,80.0,,4.82,38,Paris 17e,Paris,Paris 17e,1,381,False,False,,7870,698,10
20260802T150127,A2,v3.4-search-json,2026-08-03T09:00,2026-08-03T20:00,1541850,https://fr.getaround.com/location-voiture/garches/renault-clio-1541850,Renault Clio (2016),2016,Sur rendez-vous,CITADINE,SEGMENT_RULES,THERMIQUE,False,67.0,,5.0,2,Puteaux,Garches,Puteaux|Asnières-sur-Seine,2,382,False,False,,5400,468,10
20260802T150127,A2,v3.4-search-json,2026-08-03T09:00,2026-08-03T20:00,1939019,https://fr.getaround.com/location-voiture/issy-les-moulineaux/chevrolet-aveo-1939019,Chevrolet Aveo (2012),2012,Sur rendez-vous,CITADINE,SEGMENT_RULES,THERMIQUE,False,63.0,,,,Puteaux,Issy Les Moulineaux,Puteaux|Paris 17e,2,383,False,False,,7160,468,10
20260802T150127,A2,v3.4-search-json,2026-08-03T09:00,2026-08-03T20:00,1306893,https://fr.getaround.com/location-voiture/paris/peugeot-208-1306893,Peugeot 208 (2023),2023,Getaround Connect,CITADINE,SEGMENT_RULES,THERMIQUE,True,85.0,,4.47,46,Asnières-sur-Seine,Paris,Asnières-sur-Seine|Paris 17e,2,383,False,False,,8810,1001,15
20260802T150127,A2,v3.4-search-json,2026-08-03T09:00,2026-08-03T20:00,1665565,https://fr.getaround.com/location-voiture/nanterre/land-rover-range-rover-evoque-1665565,Land-Rover Range Rover Evoque (2013),2013,Sur rendez-vous,SUV_FAMILIAL,SEGMENT_RULES,THERMIQUE,False,137.0,,,,Puteaux,Nanterre,Puteaux|Asnières-sur-Seine,2,385,False,False,,2810,468,10
20260802T150127,A2,v3.4-search-json,2026-08-03T09:00,2026-08-03T20:00,1531978,https://fr.getaround.com/location-voiture/boulogne-billancourt/jeep-renegade-limited-1531978,Jeep Renegade Limited (2019),2019,Sur rendez-vous,SUV_FAMILIAL,SEGMENT_RULES,THERMIQUE,False,264.0,,5.0,5,Puteaux,Boulogne Billancourt,Puteaux|Asnières-sur-Seine|Paris 17e,3,386,False,False,,6090,468,10
20260802T150127,A2,v3.4-search-json,2026-08-03T09:00,2026-08-03T20:00,1230139,https://fr.getaround.com/location-voiture/paris/peugeot-108-cabriolet-1230139,Peugeot 108 Cabriolet (2014),2014,Sur rendez-vous,CABRIOLET,SEGMENT_RULES,THERMIQUE,False,102.0,,5.0,5,Puteaux,Paris,Puteaux|Asnières-sur-Seine|Paris 17e,3,387,False,False,,3610,468,10
20260802T150127,A2,v3.4-search-json,2026-08-03T09:00,2026-08-03T20:00,941924,https://fr.getaround.com/location-voiture/paris/volkswagen-up-941924,Volkswagen Up! (2012),2012,Getaround Connect,MICRO_CITADINE,SEGMENT_RULES,THERMIQUE,True,64.0,,4.8,60,Asnières-sur-Seine,Paris,Asnières-sur-Seine|Paris 17e,2,387,False,False,,10680,1001,15
20260802T150127,A2,v3.4-search-json,2026-08-03T09:00,2026-08-03T20:00,1818510,https://fr.getaround.com/location-voiture/sevres/ford-fiesta-1818510,Ford Fiesta (2020),2020,Sur rendez-vous,CITADINE,SEGMENT_RULES,THERMIQUE,False,72.0,,5.0,1,Puteaux,Sevres,Puteaux,1,388,False,False,,7170,468,10
20260802T150127,A2,v3.4-search-json,2026-08-03T09:00,2026-08-03T20:00,1503075,https://fr.getaround.com/location-voiture/carrieres-sur-seine/renault-zoe-1503075,Renault ZOE (2021),2021,Sur rendez-vous,CITADINE,SEGMENT_RULES,ELECTRIQUE,False,62.0,,5.0,7,Puteaux,Carrieres Sur Seine,Puteaux|Asnières-sur-Seine,2,389,False,False,,5460,468,10
20260802T150127,A2,v3.4-search-json,2026-08-03T09:00,2026-08-03T20:00,1732861,https://fr.getaround.com/location-voiture/paris/citroen-c3-picasso-1732861,Citroen C3 Picasso (2017),2017,Getaround Connect,MONOSPACE,SEGMENT_RULES,THERMIQUE,True,79.0,,4.93,15,Asnières-sur-Seine,Paris,Asnières-sur-Seine|Paris 17e,2,389,False,False,,7540,1001,14
20260802T150127,A2,v3.4-search-json,2026-08-03T09:00,2026-08-03T20:00,1878897,https://fr.getaround.com/location-voiture/paris/peugeot-308-1878897,Peugeot 308 (2019),2019,Getaround Connect,COMPACTE,SEGMENT_RULES,THERMIQUE,True,81.0,,5.0,14,Asnières-sur-Seine,Paris,Asnières-sur-Seine|Paris 17e,2,390,False,False,,11790,1001,11
20260802T150127,A2,v3.4-search-json,2026-08-03T09:00,2026-08-03T20:00,1841262,https://fr.getaround.com/location-voiture/nanterre/ford-puma-1841262,Ford Puma (2021),2021,Sur rendez-vous,SUV_COMPACT,SEGMENT_RULES,THERMIQUE,False,166.0,,,,Puteaux,Nanterre,Puteaux|Asnières-sur-Seine,2,391,False,False,,3030,468,10
20260802T150127,A2,v3.4-search-json,2026-08-03T09:00,2026-08-03T20:00,1686368,https://fr.getaround.com/location-voiture/drancy/dacia-spring-1686368,Dacia Spring (2021),2021,Getaround Connect,COMPACTE,SEGMENT_RULES,THERMIQUE,True,59.0,,4.77,31,Asnières-sur-Seine,Drancy,Asnières-sur-Seine,1,391,False,False,,9760,1001,10
20260802T150127,A2,v3.4-search-json,2026-08-03T09:00,2026-08-03T20:00,1143282,https://fr.getaround.com/location-voiture/paris/smart-fortwo-coupe-1143282,Smart Fortwo Coupé (2017),2017,Getaround Connect,MICRO_CITADINE,SEGMENT_RULES,THERMIQUE,True,55.0,,4.31,36,Asnières-sur-Seine,Paris,Asnières-sur-Seine|Paris 17e,2,391,False,False,,7590,1001,12
20260802T150127,A2,v3.4-search-json,2026-08-03T09:00,2026-08-03T20:00,660000,https://fr.getaround.com/location-voiture/paris/opel-agila-660000,Opel Agila (2011),2011,Getaround Connect,CITADINE,SEGMENT_RULES,THERMIQUE,True,49.0,,3.77,65,Asnières-sur-Seine,Paris,Asnières-sur-Seine|Paris 17e,2,392,False,False,,7040,1001,14
20260802T150127,A2,v3.4-search-json,2026-08-03T09:00,2026-08-03T20:00,1682359,https://fr.getaround.com/location-voiture/gennevilliers/citroen-c4-picasso-1682359,Citroen C4 Picasso (2017),2017,Getaround Connect,MONOSPACE,SEGMENT_RULES,THERMIQUE,True,70.0,,3.67,3,Puteaux,Gennevilliers,Puteaux|Paris 17e,2,393,False,False,,7370,468,10
20260802T150127,A2,v3.4-search-json,2026-08-03T09:00,2026-08-03T20:00,1935040,https://fr.getaround.com/location-voiture/sartrouville/fiat-panda-1935040,Fiat Panda (2014),2014,Sur rendez-vous,MICRO_CITADINE,SEGMENT_RULES,THERMIQUE,False,64.0,,,,Puteaux,Sartrouville,Puteaux|Asnières-sur-Seine,2,394,False,False,,7560,468,10
20260802T150127,A2,v3.4-search-json,2026-08-03T09:00,2026-08-03T20:00,1638461,https://fr.getaround.com/location-voiture/paris/toyota-yaris-cross-hybrid-1638461,Toyota Yaris Cross Hybrid (2025),2025,Getaround Connect,SUV_COMPACT,SEGMENT_RULES,HYBRIDE,True,92.0,,4.88,69,Asnières-sur-Seine,Paris,Asnières-sur-Seine|Paris 17e,2,394,False,False,,8880,1001,13
20260802T150127,A2,v3.4-search-json,2026-08-03T09:00,2026-08-03T20:00,1847744,https://fr.getaround.com/location-voiture/paris/renault-clio-1847744,Renault Clio (2025),2025,Getaround Connect,CITADINE,SEGMENT_RULES,THERMIQUE,True,81.0,,4.83,6,Asnières-sur-Seine,Paris,Asnières-sur-Seine|Paris 17e,2,395,False,False,,9790,1001,10
20260802T150127,A2,v3.4-search-json,2026-08-03T09:00,2026-08-03T20:00,1224586,https://fr.getaround.com/location-voiture/paris/peugeot-208-1224586,Peugeot 208 (2023),2023,Getaround Connect,CITADINE,SEGMENT_RULES,THERMIQUE,True,57.0,,3.57,74,Asnières-sur-Seine,Paris,Asnières-sur-Seine|Paris 17e,2,395,False,False,,10590,1001,13
20260802T150127,A2,v3.4-search-json,2026-08-03T09:00,2026-08-03T20:00,836035,https://fr.getaround.com/location-voiture/paris/toyota-yaris-hybride-836035,Toyota Yaris Hybride (2021),2021,Getaround Connect,CITADINE,SEGMENT_RULES,HYBRIDE,True,67.0,,3.95,87,Asnières-sur-Seine,Paris,Asnières-sur-Seine|Paris 17e,2,397,False,False,,10670,1001,14
20260802T150127,A2,v3.4-search-json,2026-08-03T09:00,2026-08-03T20:00,1586588,https://fr.getaround.com/location-voiture/boulogne-billancourt/peugeot-308-1586588,Peugeot 308 (2022),2022,Sur rendez-vous,COMPACTE,SEGMENT_RULES,THERMIQUE,False,80.0,,,,Puteaux,Boulogne Billancourt,Puteaux|Asnières-sur-Seine|Paris 17e,3,398,False,False,,5680,468,10
20260802T150127,A2,v3.4-search-json,2026-08-03T09:00,2026-08-03T20:00,1055041,https://fr.getaround.com/location-voiture/ermont/volkswagen-polo-1055041,Volkswagen Polo (2011),2011,Sur rendez-vous,CITADINE,SEGMENT_RULES,THERMIQUE,False,46.0,,5.0,10,Asnières-sur-Seine,Ermont,Asnières-sur-Seine,1,398,False,False,,6680,1001,10
20260802T150127,A2,v3.4-search-json,2026-08-03T09:00,2026-08-03T20:00,1906993,https://fr.getaround.com/location-voiture/villeneuve-la-garenne/ford-mondeo-hybride-1906993,Ford Mondeo Hybride (2018),2018,Sur rendez-vous,BERLINE,SEGMENT_RULES,HYBRIDE,False,90.0,,,,Puteaux,Villeneuve La Garenne,Puteaux|Asnières-sur-Seine|Paris 17e,3,399,False,False,,9130,468,10
20260802T150127,A2,v3.4-search-json,2026-08-03T09:00,2026-08-03T20:00,1370314,https://fr.getaround.com/location-voiture/paris/citroen-c3-1370314,Citroen C3 (2020),2020,Getaround Connect,CITADINE,SEGMENT_RULES,THERMIQUE,True,72.0,,4.55,50,Asnières-sur-Seine,Paris,Asnières-sur-Seine|Paris 17e,2,399,False,False,,7450,1001,11
20260802T150127,A2,v3.4-search-json,2026-08-03T09:00,2026-08-03T20:00,1846783,https://fr.getaround.com/location-voiture/rueil-malmaison/hyundai-i20-1846783,Hyundai i20 (2020),2020,Sur rendez-vous,CITADINE,SEGMENT_RULES,THERMIQUE,False,97.0,,,,Puteaux,Rueil Malmaison,Puteaux|Asnières-sur-Seine,2,400,False,False,,3750,468,10
20260802T150127,A2,v3.4-search-json,2026-08-03T09:00,2026-08-03T20:00,653396,https://fr.getaround.com/location-voiture/paris/renault-clio-653396,Renault Clio (2017),2017,Getaround Connect,CITADINE,SEGMENT_RULES,THERMIQUE,True,67.0,,4.73,112,Paris 17e,Paris,Paris 17e,1,400,False,False,,7480,698,10
20260802T150127,A2,v3.4-search-json,2026-08-03T09:00,2026-08-03T20:00,1640739,https://fr.getaround.com/location-voiture/boulogne-billancourt/lancia-voyager-1640739,Lancia Voyager (2014),2014,Sur rendez-vous,MONOSPACE,SEGMENT_RULES,THERMIQUE,False,172.0,,,,Puteaux,Boulogne Billancourt,Puteaux|Asnières-sur-Seine|Paris 17e,3,401,False,False,,4420,468,11
20260802T150127,A2,v3.4-search-json,2026-08-03T09:00,2026-08-03T20:00,1736314,https://fr.getaround.com/location-voiture/boulogne-billancourt/smart-fortwo-passion-1736314,Smart Fortwo Passion (2015),2015,Sur rendez-vous,MICRO_CITADINE,SEGMENT_RULES,THERMIQUE,False,71.0,,5.0,2,Puteaux,Boulogne Billancourt,Puteaux|Asnières-sur-Seine|Paris 17e,3,402,False,False,,4920,468,11
20260802T150127,A2,v3.4-search-json,2026-08-03T09:00,2026-08-03T20:00,1633612,https://fr.getaround.com/location-voiture/paris/renault-kangoo-1633612,Renault Kangoo (2019),2019,Getaround Connect,UTILITAIRE,SEGMENT_RULES,THERMIQUE,True,76.0,,5.0,13,Paris 17e,Paris,Paris 17e,1,402,False,False,,7280,698,11
20260802T150127,A2,v3.4-search-json,2026-08-03T09:00,2026-08-03T20:00,1944570,https://fr.getaround.com/location-voiture/paris/audi-q5-quattro-s-line-prem-plus-45-tfsi-1944570,Audi Q5 Quattro S Line Prem Plus 45 TFSI (2012),2012,Sur rendez-vous,SUV_FAMILIAL,SEGMENT_RULES,THERMIQUE,False,95.0,,,,Puteaux,Paris,Puteaux|Asnières-sur-Seine|Paris 17e,3,403,False,False,,6220,468,11
20260802T150127,A2,v3.4-search-json,2026-08-03T09:00,2026-08-03T20:00,1532374,https://fr.getaround.com/location-voiture/paris/toyota-corolla-hybride-1532374,Toyota Corolla Hybride (2020),2020,Getaround Connect,COMPACTE,SEGMENT_RULES,HYBRIDE,True,96.0,,4.82,55,Asnières-sur-Seine,Paris,Asnières-sur-Seine|Paris 17e,2,403,False,False,,11220,1001,14
20260802T150127,A2,v3.4-search-json,2026-08-03T09:00,2026-08-03T20:00,1918802,https://fr.getaround.com/location-voiture/l-ile-saint-denis/volkswagen-polo-1918802,Volkswagen Polo (2023),2023,Sur rendez-vous,CITADINE,SEGMENT_RULES,THERMIQUE,False,82.0,,,,Puteaux,L Ile Saint Denis,Puteaux|Asnières-sur-Seine|Paris 17e,3,404,False,False,,8290,468,11
20260802T150127,A2,v3.4-search-json,2026-08-03T09:00,2026-08-03T20:00,765741,https://fr.getaround.com/location-voiture/maisons-laffitte/toyota-aygo-ii-765741,Toyota Aygo II (2019),2019,Getaround Connect,MICRO_CITADINE,SEGMENT_RULES,THERMIQUE,True,76.0,,4.66,116,Puteaux,Maisons Laffitte,Puteaux,1,405,False,False,,9450,468,11
20260802T150127,A2,v3.4-search-json,2026-08-03T09:00,2026-08-03T20:00,1790478,https://fr.getaround.com/location-voiture/saint-gratien/smart-fortwo-cabriolet-1790478,Smart Fortwo Cabriolet (2019),2019,Getaround Connect,CABRIOLET,SEGMENT_RULES,THERMIQUE,True,86.0,,5.0,5,Asnières-sur-Seine,Saint Gratien,Asnières-sur-Seine,1,405,False,False,,5510,1001,11
20260802T150127,A2,v3.4-search-json,2026-08-03T09:00,2026-08-03T20:00,1895433,https://fr.getaround.com/location-voiture/paris/peugeot-208-1895433,Peugeot 208 (2025),2025,Getaround Connect,CITADINE,SEGMENT_RULES,THERMIQUE,True,77.0,,5.0,2,Asnières-sur-Seine,Paris,Asnières-sur-Seine|Paris 17e,2,405,False,False,,9860,1001,11
20260802T150127,A2,v3.4-search-json,2026-08-03T09:00,2026-08-03T20:00,1261374,https://fr.getaround.com/location-voiture/bezons/renault-zoe-1261374,Renault ZOE (2017),2017,Sur rendez-vous,CITADINE,SEGMENT_RULES,ELECTRIQUE,False,74.0,,,,Puteaux,Bezons,Puteaux|Asnières-sur-Seine|Paris 17e,3,406,False,False,,5300,468,11
20260802T150127,A2,v3.4-search-json,2026-08-03T09:00,2026-08-03T20:00,1670801,https://fr.getaround.com/location-voiture/paris/peugeot-208-1670801,Peugeot 208 (2025),2025,Getaround Connect,CITADINE,SEGMENT_RULES,THERMIQUE,True,81.0,,4.17,18,Asnières-sur-Seine,Paris,Asnières-sur-Seine|Paris 17e,2,406,False,False,,10440,1001,11
20260802T150127,A2,v3.4-search-json,2026-08-03T09:00,2026-08-03T20:00,1881847,https://fr.getaround.com/location-voiture/paris/peugeot-2008-1881847,Peugeot 2008 (2026),2026,Getaround Connect,SUV_COMPACT,SEGMENT_RULES,THERMIQUE,True,93.0,,,,Asnières-sur-Seine,Paris,Asnières-sur-Seine|Paris 17e,2,406,False,False,,7500,1001,13
20260802T150127,A2,v3.4-search-json,2026-08-03T09:00,2026-08-03T20:00,1199921,https://fr.getaround.com/location-voiture/argenteuil/mg-mg4-1199921,Mg MG4 (2022),2022,Sur rendez-vous,COMPACTE,SEGMENT_RULES,THERMIQUE,False,90.0,,,,Puteaux,Argenteuil,Puteaux|Asnières-sur-Seine|Paris 17e,3,407,False,False,,6710,468,11
20260802T150127,A2,v3.4-search-json,2026-08-03T09:00,2026-08-03T20:00,1342226,https://fr.getaround.com/location-voiture/paris/renault-clio-1342226,Renault Clio (2014),2014,Getaround Connect,CITADINE,SEGMENT_RULES,THERMIQUE,True,58.0,,3.62,29,Asnières-sur-Seine,Paris,Asnières-sur-Seine|Paris 17e,2,407,False,False,,7050,1001,14
20260802T150127,A2,v3.4-search-json,2026-08-03T09:00,2026-08-03T20:00,1934713,https://fr.getaround.com/location-voiture/paris/peugeot-508-1934713,Peugeot 508 (2014),2014,Getaround Connect,BERLINE,SEGMENT_RULES,THERMIQUE,True,96.0,,,,Asnières-sur-Seine,Paris,Asnières-sur-Seine|Paris 17e,2,408,False,False,,11170,1001,12
20260802T150127,A2,v3.4-search-json,2026-08-03T09:00,2026-08-03T20:00,1881950,https://fr.getaround.com/location-voiture/paris/peugeot-2008-1881950,Peugeot 2008 (2026),2026,Getaround Connect,SUV_COMPACT,SEGMENT_RULES,THERMIQUE,True,103.0,,5.0,3,Asnières-sur-Seine,Paris,Asnières-sur-Seine|Paris 17e,2,409,False,False,,8800,1001,16
20260802T150127,A2,v3.4-search-json,2026-08-03T09:00,2026-08-03T20:00,1597078,https://fr.getaround.com/location-voiture/houilles/toyota-yaris-1597078,Toyota Yaris (2013),2013,Sur rendez-vous,CITADINE,SEGMENT_RULES,THERMIQUE,False,70.0,,,,Puteaux,Houilles,Puteaux|Asnières-sur-Seine,2,410,False,False,,5520,468,11
20260802T150127,A2,v3.4-search-json,2026-08-03T09:00,2026-08-03T20:00,1872496,https://fr.getaround.com/location-voiture/issy-les-moulineaux/renault-kangoo-1872496,Renault Kangoo (2016),2016,Sur rendez-vous,UTILITAIRE,SEGMENT_RULES,THERMIQUE,False,79.0,,5.0,1,Puteaux,Issy Les Moulineaux,Puteaux|Paris 17e,2,412,False,False,,7040,468,11
20260802T150127,A2,v3.4-search-json,2026-08-03T09:00,2026-08-03T20:00,1883063,https://fr.getaround.com/location-voiture/rueil-malmaison/bmw-x1-sdrive18i-1883063,BMW X1 sDrive18i (2019),2019,Sur rendez-vous,SUV_FAMILIAL,SEGMENT_RULES,THERMIQUE,False,163.0,,,,Puteaux,Rueil Malmaison,Puteaux|Asnières-sur-Seine,2,413,False,False,,3450,468,11
20260802T150127,A2,v3.4-search-json,2026-08-03T09:00,2026-08-03T20:00,852766,https://fr.getaround.com/location-voiture/paris/citroen-2cv-852766,Citroen 2CV (1982),1982,Sur rendez-vous,CABRIOLET,SEGMENT_RULES,THERMIQUE,False,143.0,,4.68,11,Puteaux,Paris,Puteaux|Asnières-sur-Seine|Paris 17e,3,414,False,False,,7440,468,11
20260802T150127,A2,v3.4-search-json,2026-08-03T09:00,2026-08-03T20:00,1442842,https://fr.getaround.com/location-voiture/paris/citroen-c3-1442842,Citroen C3 (2023),2023,Getaround Connect,CITADINE,SEGMENT_RULES,THERMIQUE,True,77.0,,4.67,44,Asnières-sur-Seine,Paris,Asnières-sur-Seine|Paris 17e,2,414,False,False,,9420,1001,15
20260802T150127,A2,v3.4-search-json,2026-08-03T09:00,2026-08-03T20:00,1916635,https://fr.getaround.com/location-voiture/paris/tesla-model-y-1916635,Tesla Model Y (2022),2022,Sur rendez-vous,SUV_FAMILIAL,SEGMENT_RULES,ELECTRIQUE,False,148.0,,,,Puteaux,Paris,Puteaux|Asnières-sur-Seine|Paris 17e,3,415,False,False,,6390,468,11
20260802T150127,A2,v3.4-search-json,2026-08-03T09:00,2026-08-03T20:00,653356,https://fr.getaround.com/location-voiture/paris/renault-clio-653356,Renault Clio (2017),2017,Getaround Connect,CITADINE,SEGMENT_RULES,THERMIQUE,True,67.0,,4.74,160,Paris 17e,Paris,Paris 17e,1,415,False,False,,7480,698,11
20260802T150127,A2,v3.4-search-json,2026-08-03T09:00,2026-08-03T20:00,1848146,https://fr.getaround.com/location-voiture/rueil-malmaison/mercedes-benz-gla-250-4matic-1848146,Mercedes-Benz GLA 250 4MATIC (2021),2021,Sur rendez-vous,SUV_COMPACT,SEGMENT_RULES,THERMIQUE,False,108.0,,,,Puteaux,Rueil Malmaison,Puteaux|Asnières-sur-Seine,2,416,False,False,,5040,468,11
20260802T150127,A2,v3.4-search-json,2026-08-03T09:00,2026-08-03T20:00,1570773,https://fr.getaround.com/location-voiture/bezons/audi-q3-1570773,Audi Q3 (2015),2015,Sur rendez-vous,SUV_COMPACT,SEGMENT_RULES,THERMIQUE,False,115.0,,5.0,3,Puteaux,Bezons,Puteaux|Asnières-sur-Seine|Paris 17e,3,417,False,False,,5070,468,11
20260802T150127,A2,v3.4-search-json,2026-08-03T09:00,2026-08-03T20:00,1616323,https://fr.getaround.com/location-voiture/paris/tesla-model-3-long-range-1616323,Tesla Model 3 Long Range (2019),2019,Sur rendez-vous,BERLINE,SEGMENT_RULES,ELECTRIQUE,False,196.0,,5.0,2,Puteaux,Paris,Puteaux|Asnières-sur-Seine|Paris 17e,3,418,False,False,,6980,468,11
20260802T150127,A2,v3.4-search-json,2026-08-03T09:00,2026-08-03T20:00,1851245,https://fr.getaround.com/location-voiture/paris/renault-clio-1851245,Renault Clio (2018),2018,Getaround Connect,CITADINE,SEGMENT_RULES,THERMIQUE,True,64.0,,3.86,7,Asnières-sur-Seine,Paris,Asnières-sur-Seine|Paris 17e,2,419,False,False,,9510,1001,12
20260802T150127,A2,v3.4-search-json,2026-08-03T09:00,2026-08-03T20:00,1888564,https://fr.getaround.com/location-voiture/bezons/renault-scenic-1888564,Renault Scenic (2017),2017,Sur rendez-vous,MONOSPACE,SEGMENT_RULES,THERMIQUE,False,87.0,,5.0,1,Puteaux,Bezons,Puteaux|Asnières-sur-Seine,2,420,False,False,,6230,468,11
20260802T150127,A2,v3.4-search-json,2026-08-03T09:00,2026-08-03T20:00,1894631,https://fr.getaround.com/location-voiture/paris/tesla-model-y-performance-1894631,Tesla Model Y Performance (2023),2023,Sur rendez-vous,SUV_FAMILIAL,SEGMENT_RULES,ELECTRIQUE,False,197.0,,,,Asnières-sur-Seine,Paris,Asnières-sur-Seine|Paris 17e,2,420,False,False,,7200,1001,16
20260802T150127,A2,v3.4-search-json,2026-08-03T09:00,2026-08-03T20:00,1910566,https://fr.getaround.com/location-voiture/colombes/nissan-nv200-1910566,Nissan NV200 (2016),2016,Sur rendez-vous,UTILITAIRE,SEGMENT_RULES,THERMIQUE,False,139.0,,,,Puteaux,Colombes,Puteaux|Asnières-sur-Seine|Paris 17e,3,421,False,False,,4600,468,11
20260802T150127,A2,v3.4-search-json,2026-08-03T09:00,2026-08-03T20:00,1815342,https://fr.getaround.com/location-voiture/paris/dacia-logan-1815342,Dacia Logan (2015),2015,Getaround Connect,CITADINE,SEGMENT_RULES,THERMIQUE,True,66.0,,4.29,7,Asnières-sur-Seine,Paris,Asnières-sur-Seine|Paris 17e,2,421,False,False,,10310,1001,14
20260802T150127,A2,v3.4-search-json,2026-08-03T09:00,2026-08-03T20:00,1530499,https://fr.getaround.com/location-voiture/nanterre/renault-clio-1530499,Renault Clio (2020),2020,Sur rendez-vous,CITADINE,SEGMENT_RULES,THERMIQUE,False,92.0,,,,Puteaux,Nanterre,Puteaux|Asnières-sur-Seine|Paris 17e,3,422,False,False,,3160,468,11
20260802T150127,A2,v3.4-search-json,2026-08-03T09:00,2026-08-03T20:00,1806891,https://fr.getaround.com/location-voiture/paris/peugeot-e-2008-1806891,Peugeot e-2008 (2025),2025,Sur rendez-vous,SUV_COMPACT,SEGMENT_RULES,THERMIQUE,False,93.0,,5.0,1,Asnières-sur-Seine,Paris,Asnières-sur-Seine,1,422,False,False,,3670,1001,11
20260802T150127,A2,v3.4-search-json,2026-08-03T09:00,2026-08-03T20:00,1751139,https://fr.getaround.com/location-voiture/gennevilliers/toyota-c-hr-hybrid-1751139,Toyota C-HR Hybrid (2017),2017,Sur rendez-vous,SUV_COMPACT,SEGMENT_RULES,HYBRIDE,False,84.0,,,,Puteaux,Gennevilliers,Puteaux|Asnières-sur-Seine|Paris 17e,3,423,False,False,,7360,468,11
20260802T150127,A2,v3.4-search-json,2026-08-03T09:00,2026-08-03T20:00,1882814,https://fr.getaround.com/location-voiture/sartrouville/citroen-c3-1882814,Citroen C3 (2015),2015,Sur rendez-vous,CITADINE,SEGMENT_RULES,THERMIQUE,False,69.0,,,,Puteaux,Sartrouville,Puteaux|Asnières-sur-Seine,2,424,False,False,,7990,468,11
20260802T150127,A2,v3.4-search-json,2026-08-03T09:00,2026-08-03T20:00,612510,https://fr.getaround.com/location-voiture/neuilly-sur-seine/bmw-serie-1-612510,BMW Série 1 (2018),2018,Sur rendez-vous,COMPACTE,SEGMENT_RULES,THERMIQUE,False,142.0,,5.0,1,Puteaux,Neuilly Sur Seine,Puteaux|Asnières-sur-Seine|Paris 17e,3,425,False,False,,2640,468,11
20260802T150127,A2,v3.4-search-json,2026-08-03T09:00,2026-08-03T20:00,1156569,https://fr.getaround.com/location-voiture/colombes/mercedes-classe-a-1156569,Mercedes Classe A (2013),2013,Sur rendez-vous,COMPACTE,SEGMENT_RULES,THERMIQUE,False,172.0,,,,Puteaux,Colombes,Puteaux|Asnières-sur-Seine|Paris 17e,3,426,False,False,,2960,468,11
20260802T150127,A2,v3.4-search-json,2026-08-03T09:00,2026-08-03T20:00,1257197,https://fr.getaround.com/location-voiture/la-garenne-colombes/honda-cr-v-hybride-1257197,Honda CR-V Hybride (2021),2021,Sur rendez-vous,SUV_FAMILIAL,SEGMENT_RULES,HYBRIDE,False,158.0,,,,Asnières-sur-Seine,La Garenne Colombes,Asnières-sur-Seine,1,426,False,False,,2110,1001,11
20260802T150127,A2,v3.4-search-json,2026-08-03T09:00,2026-08-03T20:00,1556530,https://fr.getaround.com/location-voiture/paris/toyota-corolla-hybride-1556530,Toyota Corolla Hybride (2020),2020,Getaround Connect,COMPACTE,SEGMENT_RULES,HYBRIDE,True,107.0,,4.76,48,Asnières-sur-Seine,Paris,Asnières-sur-Seine|Paris 17e,2,426,False,False,,8900,1001,14
20260802T150127,A2,v3.4-search-json,2026-08-03T09:00,2026-08-03T20:00,1463106,https://fr.getaround.com/location-voiture/clichy/bmw-x2-1463106,BMW X2 (2018),2018,Sur rendez-vous,SUV_FAMILIAL,SEGMENT_RULES,THERMIQUE,False,202.0,,,,Puteaux,Clichy,Puteaux|Asnières-sur-Seine|Paris 17e,3,427,False,False,,6090,468,11
20260802T150127,A2,v3.4-search-json,2026-08-03T09:00,2026-08-03T20:00,1322999,https://fr.getaround.com/location-voiture/paris/toyota-yaris-hybride-1322999,Toyota Yaris Hybride (2021),2021,Getaround Connect,CITADINE,SEGMENT_RULES,HYBRIDE,True,81.0,,4.66,44,Asnières-sur-Seine,Paris,Asnières-sur-Seine|Paris 17e,2,427,False,False,,10660,1001,15
20260802T150127,A2,v3.4-search-json,2026-08-03T09:00,2026-08-03T20:00,1461054,https://fr.getaround.com/location-voiture/boulogne-billancourt/toyota-aygo-1461054,Toyota Aygo (2011),2011,Sur rendez-vous,MICRO_CITADINE,SEGMENT_RULES,THERMIQUE,False,115.0,,4.93,14,Puteaux,Boulogne Billancourt,Puteaux|Asnières-sur-Seine|Paris 17e,3,428,False,False,,6000,468,11
20260802T150127,A2,v3.4-search-json,2026-08-03T09:00,2026-08-03T20:00,1705445,https://fr.getaround.com/location-voiture/sartrouville/peugeot-208-1705445,Peugeot 208 (2015),2015,Sur rendez-vous,CITADINE,SEGMENT_RULES,THERMIQUE,False,71.0,,5.0,4,Puteaux,Sartrouville,Puteaux|Asnières-sur-Seine,2,429,False,False,,8390,468,11
20260802T150127,A2,v3.4-search-json,2026-08-03T09:00,2026-08-03T20:00,495420,https://fr.getaround.com/location-voiture/clichy/citroen-c4-495420,Citroen C4 (2011),2011,Sur rendez-vous,COMPACTE,SEGMENT_RULES,THERMIQUE,False,78.0,,,,Puteaux,Clichy,Puteaux|Asnières-sur-Seine|Paris 17e,3,430,False,False,,4440,468,11
20260802T150127,A2,v3.4-search-json,2026-08-03T09:00,2026-08-03T20:00,1712452,https://fr.getaround.com/location-voiture/paris/renault-clio-1712452,Renault Clio (2018),2018,Getaround Connect,CITADINE,SEGMENT_RULES,THERMIQUE,True,67.0,,4.64,44,Paris 17e,Paris,Paris 17e,1,430,False,False,,7480,698,11
20260802T150127,A2,v3.4-search-json,2026-08-03T09:00,2026-08-03T20:00,948339,https://fr.getaround.com/location-voiture/paris/nissan-qashqai-948339,Nissan Qashqai (2016),2016,Sur rendez-vous,SUV_COMPACT,SEGMENT_RULES,THERMIQUE,False,85.0,,5.0,3,Puteaux,Paris,Puteaux|Asnières-sur-Seine|Paris 17e,3,431,False,False,,8109,468,11
20260802T150127,A2,v3.4-search-json,2026-08-03T09:00,2026-08-03T20:00,766571,https://fr.getaround.com/location-voiture/maisons-laffitte/renault-clio-766571,Renault Clio (2018),2018,Sur rendez-vous,CITADINE,SEGMENT_RULES,THERMIQUE,False,72.0,,4.85,72,Puteaux,Maisons Laffitte,Puteaux,1,432,False,False,,9450,468,11
20260802T150127,A2,v3.4-search-json,2026-08-03T09:00,2026-08-03T20:00,1620622,https://fr.getaround.com/location-voiture/paris/mercedes-benz-classe-gla-1620622,Mercedes-Benz Classe GLA (2022),2022,Sur rendez-vous,SUV_COMPACT,SEGMENT_RULES,THERMIQUE,False,132.0,,5.0,11,Asnières-sur-Seine,Paris,Asnières-sur-Seine,1,432,False,False,,8530,1001,11
20260802T150127,A2,v3.4-search-json,2026-08-03T09:00,2026-08-03T20:00,1457837,https://fr.getaround.com/location-voiture/boulogne-billancourt/smart-fortwo-cabriolet-1457837,Smart Fortwo Cabriolet (2017),2017,Sur rendez-vous,CABRIOLET,SEGMENT_RULES,THERMIQUE,False,86.0,,5.0,2,Puteaux,Boulogne Billancourt,Puteaux|Asnières-sur-Seine|Paris 17e,3,433,False,False,,5280,468,11
20260802T150127,A2,v3.4-search-json,2026-08-03T09:00,2026-08-03T20:00,1720938,https://fr.getaround.com/location-voiture/levallois-perret/renault-clio-1720938,Renault Clio (2013),2013,Sur rendez-vous,CITADINE,SEGMENT_RULES,THERMIQUE,False,71.0,,,,Puteaux,Levallois Perret,Puteaux|Asnières-sur-Seine|Paris 17e,3,434,False,False,,4280,468,11
20260802T150127,A2,v3.4-search-json,2026-08-03T09:00,2026-08-03T20:00,767156,https://fr.getaround.com/location-voiture/maisons-laffitte/renault-clio-767156,Renault Clio (2019),2019,Sur rendez-vous,CITADINE,SEGMENT_RULES,THERMIQUE,False,69.0,,4.44,106,Puteaux,Maisons Laffitte,Puteaux,1,435,False,False,,9450,468,11
20260802T150127,A2,v3.4-search-json,2026-08-03T09:00,2026-08-03T20:00,1639801,https://fr.getaround.com/location-voiture/houilles/peugeot-308-1639801,Peugeot 308 (2012),2012,Sur rendez-vous,COMPACTE,SEGMENT_RULES,THERMIQUE,False,74.0,,,,Puteaux,Houilles,Puteaux|Asnières-sur-Seine,2,436,False,False,,5700,468,11
20260802T150127,A2,v3.4-search-json,2026-08-03T09:00,2026-08-03T20:00,1811673,https://fr.getaround.com/location-voiture/paris/peugeot-e-2008-1811673,Peugeot e-2008 (2023),2023,Getaround Connect,SUV_COMPACT,SEGMENT_RULES,THERMIQUE,True,104.0,,5.0,5,Asnières-sur-Seine,Paris,Asnières-sur-Seine|Paris 17e,2,436,False,False,,10370,1001,13
20260802T150127,A2,v3.4-search-json,2026-08-03T09:00,2026-08-03T20:00,1533284,https://fr.getaround.com/location-voiture/chatou/renault-clio-1533284,Renault Clio (2021),2021,Sur rendez-vous,CITADINE,SEGMENT_RULES,THERMIQUE,False,91.0,,,,Puteaux,Chatou,Puteaux|Asnières-sur-Seine,2,437,False,False,,5700,468,11
20260802T150127,A2,v3.4-search-json,2026-08-03T09:00,2026-08-03T20:00,1830090,https://fr.getaround.com/location-voiture/soisy-sous-montmorency/peugeot-5008-1830090,Peugeot 5008 (2025),2025,Sur rendez-vous,MONOSPACE,SEGMENT_RULES,THERMIQUE,False,139.0,,5.0,3,Asnières-sur-Seine,Soisy Sous Montmorency,Asnières-sur-Seine,1,437,False,False,,7250,1001,11
20260802T150127,A2,v3.4-search-json,2026-08-03T09:00,2026-08-03T20:00,1834784,https://fr.getaround.com/location-voiture/argenteuil/renault-clio-1834784,Renault Clio (2021),2021,Sur rendez-vous,CITADINE,SEGMENT_RULES,THERMIQUE,False,73.0,,,,Puteaux,Argenteuil,Puteaux|Asnières-sur-Seine,2,438,False,False,,6890,468,11
20260802T150127,A2,v3.4-search-json,2026-08-03T09:00,2026-08-03T20:00,1773988,https://fr.getaround.com/location-voiture/colombes/volkswagen-polo-r-line-1773988,Volkswagen Polo R-Line (2022),2022,Sur rendez-vous,CITADINE,SEGMENT_RULES,THERMIQUE,False,125.0,,,,Puteaux,Colombes,Puteaux|Asnières-sur-Seine|Paris 17e,3,439,False,False,,3700,468,11
20260802T150127,A2,v3.4-search-json,2026-08-03T09:00,2026-08-03T20:00,1932183,https://fr.getaround.com/location-voiture/saint-denis/renault-espace-1932183,Renault Espace (2016),2016,Sur rendez-vous,MONOSPACE,SEGMENT_RULES,THERMIQUE,False,137.0,,5.0,1,Asnières-sur-Seine,Saint Denis,Asnières-sur-Seine|Paris 17e,2,439,False,False,,5220,1001,11
20260802T150127,A2,v3.4-search-json,2026-08-03T09:00,2026-08-03T20:00,1932888,https://fr.getaround.com/location-voiture/paris/renault-kangoo-1932888,Renault Kangoo (2012),2012,Sur rendez-vous,UTILITAIRE,SEGMENT_RULES,THERMIQUE,False,75.0,,,,Puteaux,Paris,Puteaux|Asnières-sur-Seine|Paris 17e,3,440,False,False,,7430,468,11
20260802T150127,A2,v3.4-search-json,2026-08-03T09:00,2026-08-03T20:00,1428328,https://fr.getaround.com/location-voiture/bezons/toyota-c-hr-1428328,Toyota C-HR (2018),2018,Sur rendez-vous,SUV_COMPACT,SEGMENT_RULES,THERMIQUE,False,86.0,,4.0,3,Puteaux,Bezons,Puteaux|Asnières-sur-Seine,2,441,False,False,,5540,468,12
20260802T150127,A2,v3.4-search-json,2026-08-03T09:00,2026-08-03T20:00,1563979,https://fr.getaround.com/location-voiture/paris/peugeot-208-1563979,Peugeot 208 (2020),2020,Getaround Connect,CITADINE,SEGMENT_RULES,THERMIQUE,True,76.0,,4.76,46,Asnières-sur-Seine,Paris,Asnières-sur-Seine|Paris 17e,2,441,False,False,,10520,1001,13
20260802T150127,A2,v3.4-search-json,2026-08-03T09:00,2026-08-03T20:00,1864308,https://fr.getaround.com/location-voiture/colombes/renault-clio-1864308,Renault Clio (2021),2021,Sur rendez-vous,CITADINE,SEGMENT_RULES,THERMIQUE,False,104.0,,5.0,1,Puteaux,Colombes,Puteaux|Asnières-sur-Seine|Paris 17e,3,442,False,False,,5190,468,12
20260802T150127,A2,v3.4-search-json,2026-08-03T09:00,2026-08-03T20:00,1679927,https://fr.getaround.com/location-voiture/bezons/nissan-micra-1679927,Nissan Micra (2017),2017,Sur rendez-vous,CITADINE,SEGMENT_RULES,THERMIQUE,False,79.0,,,,Puteaux,Bezons,Puteaux|Asnières-sur-Seine|Paris 17e,3,443,False,False,,5750,468,12
20260802T150127,A2,v3.4-search-json,2026-08-03T09:00,2026-08-03T20:00,1524455,https://fr.getaround.com/location-voiture/villeneuve-la-garenne/skoda-kamiq-1524455,Skoda Kamiq (2024),2024,Sur rendez-vous,SUV_COMPACT,SEGMENT_RULES,THERMIQUE,False,103.0,,4.67,3,Puteaux,Villeneuve La Garenne,Puteaux|Asnières-sur-Seine|Paris 17e,3,444,False,False,,8060,468,12
20260802T150127,A2,v3.4-search-json,2026-08-03T09:00,2026-08-03T20:00,653354,https://fr.getaround.com/location-voiture/paris/fiat-500-653354,Fiat 500 (2016),2016,Getaround Connect,CITADINE,SEGMENT_RULES,THERMIQUE,True,68.0,,4.73,118,Paris 17e,Paris,Paris 17e,1,444,False,False,,7480,698,12
20260802T150127,A2,v3.4-search-json,2026-08-03T09:00,2026-08-03T20:00,1437323,https://fr.getaround.com/location-voiture/houilles/peugeot-3008-1437323,Peugeot 3008 (2013),2013,Sur rendez-vous,SUV_FAMILIAL,SEGMENT_RULES,THERMIQUE,False,121.0,,,,Puteaux,Houilles,Puteaux|Asnières-sur-Seine,2,445,False,False,,5430,468,12
20260802T150127,A2,v3.4-search-json,2026-08-03T09:00,2026-08-03T20:00,1226214,https://fr.getaround.com/location-voiture/argenteuil/renault-twingo-ii-1226214,Renault Twingo II (2013),2013,Sur rendez-vous,CITADINE,SEGMENT_RULES,THERMIQUE,False,63.0,,5.0,7,Asnières-sur-Seine,Argenteuil,Asnières-sur-Seine,1,445,False,False,,4400,1001,12
20260802T150127,A2,v3.4-search-json,2026-08-03T09:00,2026-08-03T20:00,1630749,https://fr.getaround.com/location-voiture/paris/renault-zoe-1630749,Renault ZOE (2018),2018,Getaround Connect,CITADINE,SEGMENT_RULES,ELECTRIQUE,True,67.0,,4.92,48,Asnières-sur-Seine,Paris,Asnières-sur-Seine|Paris 17e,2,445,False,False,,10760,1001,14
20260802T150127,A2,v3.4-search-json,2026-08-03T09:00,2026-08-03T20:00,454116,https://fr.getaround.com/location-voiture/paris/volkswagen-coccinelle-454116,Volkswagen Coccinelle (1971),1971,Sur rendez-vous,COLLECTION,SEGMENT_RULES,THERMIQUE,False,208.0,,5.0,11,Puteaux,Paris,Puteaux|Asnières-sur-Seine|Paris 17e,3,446,False,False,,8160,468,12
20260802T150127,A2,v3.4-search-json,2026-08-03T09:00,2026-08-03T20:00,1502587,https://fr.getaround.com/location-voiture/clichy/mini-cooper-r56-1502587,Mini Cooper R56 (2012),2012,Sur rendez-vous,CITADINE,SEGMENT_RULES,THERMIQUE,False,75.0,,5.0,1,Asnières-sur-Seine,Clichy,Asnières-sur-Seine,1,446,False,False,,2350,1001,12
20260802T150127,A2,v3.4-search-json,2026-08-03T09:00,2026-08-03T20:00,1894570,https://fr.getaround.com/location-voiture/paris/toyota-yaris-hybride-1894570,Toyota Yaris Hybride (2021),2021,Getaround Connect,CITADINE,SEGMENT_RULES,HYBRIDE,True,81.0,,5.0,7,Asnières-sur-Seine,Paris,Asnières-sur-Seine|Paris 17e,2,446,False,False,,11500,1001,12
20260802T150127,A2,v3.4-search-json,2026-08-03T09:00,2026-08-03T20:00,552262,https://fr.getaround.com/location-voiture/la-celle-saint-cloud/fiat-500-552262,Fiat 500 (2018),2018,Sur rendez-vous,CITADINE,SEGMENT_RULES,THERMIQUE,False,103.0,,4.67,20,Puteaux,La Celle Saint Cloud,Puteaux,1,447,False,False,,7090,468,12
20260802T150127,A2,v3.4-search-json,2026-08-03T09:00,2026-08-03T20:00,1469522,https://fr.getaround.com/location-voiture/paris/fiat-500-x-1469522,Fiat 500 X (2017),2017,Getaround Connect,CITADINE,SEGMENT_RULES,THERMIQUE,True,76.0,,4.8,51,Asnières-sur-Seine,Paris,Asnières-sur-Seine|Paris 17e,2,447,False,False,,11110,1001,13
20260802T150127,A2,v3.4-search-json,2026-08-03T09:00,2026-08-03T20:00,1739099,https://fr.getaround.com/location-voiture/rueil-malmaison/renault-megane-1739099,Renault Mégane (2016),2016,Sur rendez-vous,COMPACTE,SEGMENT_RULES,THERMIQUE,False,108.0,,,,Puteaux,Rueil Malmaison,Puteaux|Asnières-sur-Seine,2,448,False,False,,4120,468,12
20260802T150127,A2,v3.4-search-json,2026-08-03T09:00,2026-08-03T20:00,1266687,https://fr.getaround.com/location-voiture/asnieres-sur-seine/mercedes-benz-classe-b-1266687,Mercedes-Benz Classe B (2012),2012,Sur rendez-vous,MONOSPACE,SEGMENT_RULES,THERMIQUE,False,67.0,,,,Asnières-sur-Seine,Asnieres Sur Seine,Asnières-sur-Seine,1,448,False,False,,1290,1001,12
20260802T150127,A2,v3.4-search-json,2026-08-03T09:00,2026-08-03T20:00,559425,https://fr.getaround.com/location-voiture/la-celle-saint-cloud/fiat-500-559425,Fiat 500 (2018),2018,Sur rendez-vous,CITADINE,SEGMENT_RULES,THERMIQUE,False,103.0,,4.94,18,Puteaux,La Celle Saint Cloud,Puteaux|Asnières-sur-Seine,2,450,False,False,,7090,468,12
20260802T150127,A2,v3.4-search-json,2026-08-03T09:00,2026-08-03T20:00,1947429,https://fr.getaround.com/location-voiture/paris/citroen-c3-1947429,Citroen C3 (2016),2016,Sur rendez-vous,CITADINE,SEGMENT_RULES,THERMIQUE,False,36.0,,,,Asnières-sur-Seine,Paris,Asnières-sur-Seine|Paris 17e,2,450,False,False,,6570,1001,16
20260802T150127,A2,v3.4-search-json,2026-08-03T09:00,2026-08-03T20:00,1670820,https://fr.getaround.com/location-voiture/paris/peugeot-208-1670820,Peugeot 208 (2025),2025,Getaround Connect,CITADINE,SEGMENT_RULES,THERMIQUE,True,77.0,,3.16,32,Puteaux,Paris,Puteaux|Asnières-sur-Seine|Paris 17e,3,451,False,False,,8600,468,12
20260802T150127,A2,v3.4-search-json,2026-08-03T09:00,2026-08-03T20:00,1904439,https://fr.getaround.com/location-voiture/paris/renault-zoe-1904439,Renault ZOE (2020),2020,Getaround Connect,CITADINE,SEGMENT_RULES,ELECTRIQUE,True,72.0,,5.0,2,Paris 17e,Paris,Paris 17e,1,451,False,False,,5590,698,12
20260802T150127,A2,v3.4-search-json,2026-08-03T09:00,2026-08-03T20:00,1644598,https://fr.getaround.com/location-voiture/argenteuil/audi-a1-sportback-1644598,Audi A1 Sportback (2024),2024,Sur rendez-vous,CITADINE,SEGMENT_RULES,THERMIQUE,False,123.0,,,,Puteaux,Argenteuil,Puteaux|Asnières-sur-Seine,2,452,False,False,,7040,468,12
20260802T150127,A2,v3.4-search-json,2026-08-03T09:00,2026-08-03T20:00,1807321,https://fr.getaround.com/location-voiture/paris/citroen-c3-1807321,Citroen C3 (2018),2018,Getaround Connect,CITADINE,SEGMENT_RULES,THERMIQUE,True,69.0,,5.0,4,Asnières-sur-Seine,Paris,Asnières-sur-Seine|Paris 17e,2,452,False,False,,10660,1001,12
20260802T150127,A2,v3.4-search-json,2026-08-03T09:00,2026-08-03T20:00,1879181,https://fr.getaround.com/location-voiture/paris/land-rover-range-rover-evoque-1879181,Land-Rover Range Rover Evoque (2020),2020,Sur rendez-vous,SUV_FAMILIAL,SEGMENT_RULES,THERMIQUE,False,300.0,,5.0,1,Puteaux,Paris,Puteaux|Asnières-sur-Seine|Paris 17e,3,453,False,False,,3890,468,12
20260802T150127,A2,v3.4-search-json,2026-08-03T09:00,2026-08-03T20:00,100528,https://fr.getaround.com/location-voiture/maisons-laffitte/mg-b-cabriolet-100528,Mg B Cabriolet (1978),1978,Sur rendez-vous,CABRIOLET,SEGMENT_RULES,THERMIQUE,False,296.0,,4.94,18,Puteaux,Maisons Laffitte,Puteaux,1,454,False,False,,9720,468,12
20260802T150127,A2,v3.4-search-json,2026-08-03T09:00,2026-08-03T20:00,1139054,https://fr.getaround.com/location-voiture/paris/peugeot-2008-1139054,Peugeot 2008 (2021),2021,Getaround Connect,SUV_COMPACT,SEGMENT_RULES,THERMIQUE,True,70.0,,3.69,72,Asnières-sur-Seine,Paris,Asnières-sur-Seine|Paris 17e,2,454,False,False,,10550,1001,17
20260802T150127,A2,v3.4-search-json,2026-08-03T09:00,2026-08-03T20:00,1280421,https://fr.getaround.com/location-voiture/gennevilliers/smart-fortwo-cabriolet-1280421,Smart Fortwo Cabriolet (2014),2014,Sur rendez-vous,CABRIOLET,SEGMENT_RULES,THERMIQUE,False,76.0,,,,Puteaux,Gennevilliers,Puteaux|Asnières-sur-Seine|Paris 17e,3,455,False,False,,6270,468,12
20260802T150127,A2,v3.4-search-json,2026-08-03T09:00,2026-08-03T20:00,1881883,https://fr.getaround.com/location-voiture/paris/peugeot-2008-1881883,Peugeot 2008 (2026),2026,Getaround Connect,SUV_COMPACT,SEGMENT_RULES,THERMIQUE,True,107.0,,4.6,5,Asnières-sur-Seine,Paris,Asnières-sur-Seine|Paris 17e,2,455,False,False,,8130,1001,17
20260802T150127,A2,v3.4-search-json,2026-08-03T09:00,2026-08-03T20:00,1643102,https://fr.getaround.com/location-voiture/saint-ouen-sur-seine/peugeot-5008-1643102,Peugeot 5008 (2015),2015,Sur rendez-vous,MONOSPACE,SEGMENT_RULES,THERMIQUE,False,114.0,,3.0,1,Puteaux,Saint Ouen Sur Seine,Puteaux|Asnières-sur-Seine|Paris 17e,3,456,False,False,,7610,468,12
20260802T150127,A2,v3.4-search-json,2026-08-03T09:00,2026-08-03T20:00,1349897,https://fr.getaround.com/location-voiture/paris/toyota-yaris-hybride-1349897,Toyota Yaris Hybride (2020),2020,Getaround Connect,CITADINE,SEGMENT_RULES,HYBRIDE,True,81.0,,4.84,53,Asnières-sur-Seine,Paris,Asnières-sur-Seine|Paris 17e,2,456,False,False,,10220,1001,15
20260802T150127,A2,v3.4-search-json,2026-08-03T09:00,2026-08-03T20:00,1379338,https://fr.getaround.com/location-voiture/asnieres-sur-seine/ford-fiesta-1379338,Ford Fiesta (2015),2015,Sur rendez-vous,CITADINE,SEGMENT_RULES,THERMIQUE,False,90.0,,5.0,1,Puteaux,Asnieres Sur Seine,Puteaux|Asnières-sur-Seine|Paris 17e,3,457,False,False,,6490,468,12
20260802T150127,A2,v3.4-search-json,2026-08-03T09:00,2026-08-03T20:00,1668556,https://fr.getaround.com/location-voiture/paris/citroen-c1-ii-1668556,Citroen C1 II (2018),2018,Sur rendez-vous,MICRO_CITADINE,SEGMENT_RULES,THERMIQUE,False,82.0,,,,Puteaux,Paris,Puteaux|Asnières-sur-Seine|Paris 17e,3,458,False,False,,6420,468,12
20260802T150127,A2,v3.4-search-json,2026-08-03T09:00,2026-08-03T20:00,1902921,https://fr.getaround.com/location-voiture/paris/skoda-fabia-combi-1902921,Skoda Fabia Combi (2015),2015,Getaround Connect,CITADINE,SEGMENT_RULES,THERMIQUE,True,86.0,,5.0,10,Asnières-sur-Seine,Paris,Asnières-sur-Seine|Paris 17e,2,458,False,False,,7590,1001,15
20260802T150127,A2,v3.4-search-json,2026-08-03T09:00,2026-08-03T20:00,763159,https://fr.getaround.com/location-voiture/maisons-laffitte/citroen-c3-763159,Citroen C3 (2019),2019,Sur rendez-vous,CITADINE,SEGMENT_RULES,THERMIQUE,False,134.0,,4.77,79,Puteaux,Maisons Laffitte,Puteaux,1,459,False,False,,9450,468,12
20260802T150127,A2,v3.4-search-json,2026-08-03T09:00,2026-08-03T20:00,824592,https://fr.getaround.com/location-voiture/bagnolet/renault-clio-824592,Renault Clio (2017),2017,Getaround Connect,CITADINE,SEGMENT_RULES,THERMIQUE,True,52.0,,3.74,110,Asnières-sur-Seine,Bagnolet,Asnières-sur-Seine,1,459,False,False,,10810,1001,12
20260802T150127,A2,v3.4-search-json,2026-08-03T09:00,2026-08-03T20:00,1745559,https://fr.getaround.com/location-voiture/argenteuil/peugeot-308-1745559,Peugeot 308 (2023),2023,Sur rendez-vous,COMPACTE,SEGMENT_RULES,THERMIQUE,False,139.0,,,,Puteaux,Argenteuil,Puteaux|Asnières-sur-Seine|Paris 17e,3,460,False,False,,5730,468,12
20260802T150127,A2,v3.4-search-json,2026-08-03T09:00,2026-08-03T20:00,1638372,https://fr.getaround.com/location-voiture/paris/peugeot-308-sw-1638372,Peugeot 308 SW (2019),2019,Sur rendez-vous,BREAK,SEGMENT_RULES,THERMIQUE,False,197.0,,,,Puteaux,Paris,Puteaux|Asnières-sur-Seine|Paris 17e,3,461,False,False,,7530,468,12
20260802T150127,A2,v3.4-search-json,2026-08-03T09:00,2026-08-03T20:00,1349883,https://fr.getaround.com/location-voiture/paris/toyota-yaris-hybride-1349883,Toyota Yaris Hybride (2022),2022,Getaround Connect,CITADINE,SEGMENT_RULES,HYBRIDE,True,81.0,,4.89,53,Asnières-sur-Seine,Paris,Asnières-sur-Seine|Paris 17e,2,461,False,False,,11160,1001,15
20260802T150127,A2,v3.4-search-json,2026-08-03T09:00,2026-08-03T20:00,1308958,https://fr.getaround.com/location-voiture/clichy/smart-fortwo-cabriolet-1308958,Smart Fortwo Cabriolet (2016),2016,Sur rendez-vous,CABRIOLET,SEGMENT_RULES,THERMIQUE,False,140.0,,,,Puteaux,Clichy,Puteaux|Asnières-sur-Seine|Paris 17e,3,462,False,False,,5360,468,12
20260802T150127,A2,v3.4-search-json,2026-08-03T09:00,2026-08-03T20:00,1097657,https://fr.getaround.com/location-voiture/paris/smart-fortwo-coupe-1097657,Smart Fortwo Coupé (2013),2013,Getaround Connect,MICRO_CITADINE,SEGMENT_RULES,THERMIQUE,True,58.0,,5.0,2,Asnières-sur-Seine,Paris,Asnières-sur-Seine|Paris 17e,2,462,False,False,,11070,1001,14
20260802T150127,A2,v3.4-search-json,2026-08-03T09:00,2026-08-03T20:00,1481047,https://fr.getaround.com/location-voiture/sartrouville/bmw-x1-1481047,BMW X1 (2017),2017,Sur rendez-vous,SUV_FAMILIAL,SEGMENT_RULES,THERMIQUE,False,211.0,,,,Puteaux,Sartrouville,Puteaux|Asnières-sur-Seine,2,463,False,False,,7220,468,12
20260802T150127,A2,v3.4-search-json,2026-08-03T09:00,2026-08-03T20:00,1873155,https://fr.getaround.com/location-voiture/paris/peugeot-208-1873155,Peugeot 208 (2022),2022,Getaround Connect,CITADINE,SEGMENT_RULES,THERMIQUE,True,86.0,,4.64,11,Asnières-sur-Seine,Paris,Asnières-sur-Seine|Paris 17e,2,463,False,False,,9230,1001,13
20260802T150127,A2,v3.4-search-json,2026-08-03T09:00,2026-08-03T20:00,152547,https://fr.getaround.com/location-voiture/paris/citroen-ds20-152547,Citroen DS20 (1973),1973,Sur rendez-vous,COLLECTION,SEGMENT_RULES,THERMIQUE,False,415.0,,5.0,1,Puteaux,Paris,Puteaux|Asnières-sur-Seine|Paris 17e,3,464,False,False,,7450,468,12
20260802T150127,A2,v3.4-search-json,2026-08-03T09:00,2026-08-03T20:00,1803883,https://fr.getaround.com/location-voiture/houilles/peugeot-2008-1803883,Peugeot 2008 (2024),2024,Sur rendez-vous,SUV_COMPACT,SEGMENT_RULES,THERMIQUE,False,93.0,,1.0,1,Puteaux,Houilles,Puteaux,1,465,False,False,,5860,468,12
20260802T150127,A2,v3.4-search-json,2026-08-03T09:00,2026-08-03T20:00,1776890,https://fr.getaround.com/location-voiture/charenton-le-pont/dacia-sandero-1776890,Dacia Sandero (2015),2015,Getaround Connect,CITADINE,SEGMENT_RULES,THERMIQUE,True,54.0,,5.0,6,Paris 17e,Charenton Le Pont,Paris 17e,1,465,False,False,,9010,698,12
20260802T150127,A2,v3.4-search-json,2026-08-03T09:00,2026-08-03T20:00,1671722,https://fr.getaround.com/location-voiture/paris/renault-zoe-1671722,Renault ZOE (2019),2019,Getaround Connect,CITADINE,SEGMENT_RULES,ELECTRIQUE,True,67.0,,2.25,4,Puteaux,Paris,Puteaux|Asnières-sur-Seine|Paris 17e,3,466,False,False,,6020,468,12
20260802T150127,A2,v3.4-search-json,2026-08-03T09:00,2026-08-03T20:00,1682168,https://fr.getaround.com/location-voiture/paris/bmw-serie-1-1682168,BMW Série 1 (2025),2025,Sur rendez-vous,COMPACTE,SEGMENT_RULES,THERMIQUE,False,165.0,,1.0,1,Puteaux,Paris,Puteaux|Asnières-sur-Seine|Paris 17e,3,467,False,False,,7550,468,12
20260802T150127,A2,v3.4-search-json,2026-08-03T09:00,2026-08-03T20:00,1501900,https://fr.getaround.com/location-voiture/paris/peugeot-5008-1501900,Peugeot 5008 (2020),2020,Sur rendez-vous,MONOSPACE,SEGMENT_RULES,THERMIQUE,False,323.0,,1.0,1,Puteaux,Paris,Puteaux|Asnières-sur-Seine|Paris 17e,3,468,False,False,,5540,468,12
20260802T150127,A2,v3.4-search-json,2026-08-03T09:00,2026-08-03T20:00,1289524,https://fr.getaround.com/location-voiture/asnieres-sur-seine/ds-3-1289524,DS 3 (2018),2018,Sur rendez-vous,CITADINE,SEGMENT_RULES,THERMIQUE,False,93.0,,,,Asnières-sur-Seine,Asnieres Sur Seine,Asnières-sur-Seine,1,468,False,False,,1660,1001,12
20260802T150127,A2,v3.4-search-json,2026-08-03T09:00,2026-08-03T20:00,1259582,https://fr.getaround.com/location-voiture/paris/peugeot-2008-1259582,Peugeot 2008 (2023),2023,Getaround Connect,SUV_COMPACT,SEGMENT_RULES,THERMIQUE,True,85.0,,4.6,57,Asnières-sur-Seine,Paris,Asnières-sur-Seine|Paris 17e,2,468,False,False,,10080,1001,16
20260802T150127,A2,v3.4-search-json,2026-08-03T09:00,2026-08-03T20:00,742356,https://fr.getaround.com/location-voiture/paris/renault-modus-742356,Renault Modus (2012),2012,Getaround Connect,MONOSPACE,SEGMENT_RULES,THERMIQUE,True,58.0,,4.33,67,Asnières-sur-Seine,Paris,Asnières-sur-Seine|Paris 17e,2,471,False,False,,7040,1001,16
20260802T150127,A2,v3.4-search-json,2026-08-03T09:00,2026-08-03T20:00,1753195,https://fr.getaround.com/location-voiture/paris/renault-clio-1753195,Renault Clio (2018),2018,Getaround Connect,CITADINE,SEGMENT_RULES,THERMIQUE,True,83.0,,5.0,25,Asnières-sur-Seine,Paris,Asnières-sur-Seine|Paris 17e,2,473,False,False,,8430,1001,14
20260802T150127,A2,v3.4-search-json,2026-08-03T09:00,2026-08-03T20:00,1900833,https://fr.getaround.com/location-voiture/soisy-sous-montmorency/peugeot-208-1900833,Peugeot 208 (2023),2023,Sur rendez-vous,CITADINE,SEGMENT_RULES,THERMIQUE,False,64.0,,,,Asnières-sur-Seine,Soisy Sous Montmorency,Asnières-sur-Seine,1,476,False,False,,7730,1001,12
20260802T150127,A2,v3.4-search-json,2026-08-03T09:00,2026-08-03T20:00,1871547,https://fr.getaround.com/location-voiture/paris/renault-clio-1871547,Renault Clio (2021),2021,Getaround Connect,CITADINE,SEGMENT_RULES,THERMIQUE,True,80.0,,4.83,12,Asnières-sur-Seine,Paris,Asnières-sur-Seine|Paris 17e,2,479,False,False,,9230,1001,15
20260802T150127,A2,v3.4-search-json,2026-08-03T09:00,2026-08-03T20:00,1695114,https://fr.getaround.com/location-voiture/paris/citroen-c3-1695114,Citroen C3 (2023),2023,Getaround Connect,CITADINE,SEGMENT_RULES,THERMIQUE,True,50.0,,4.15,13,Paris 17e,Paris,Paris 17e,1,480,False,False,,7890,698,12
20260802T150127,A2,v3.4-search-json,2026-08-03T09:00,2026-08-03T20:00,1589881,https://fr.getaround.com/location-voiture/paris/peugeot-2008-1589881,Peugeot 2008 (2023),2023,Getaround Connect,SUV_COMPACT,SEGMENT_RULES,THERMIQUE,True,75.0,,4.14,33,Asnières-sur-Seine,Paris,Asnières-sur-Seine|Paris 17e,2,481,False,False,,10650,1001,17
20260802T150127,A2,v3.4-search-json,2026-08-03T09:00,2026-08-03T20:00,1780188,https://fr.getaround.com/location-voiture/paris/citroen-c3-1780188,Citroen C3 (2020),2020,Getaround Connect,CITADINE,SEGMENT_RULES,THERMIQUE,True,52.0,,3.93,14,Asnières-sur-Seine,Paris,Asnières-sur-Seine|Paris 17e,2,483,False,False,,12430,1001,15
20260802T150127,A2,v3.4-search-json,2026-08-03T09:00,2026-08-03T20:00,1701429,https://fr.getaround.com/location-voiture/neuilly-sur-seine/nissan-juke-1701429,Nissan Juke (2014),2014,Sur rendez-vous,SUV_COMPACT,SEGMENT_RULES,THERMIQUE,False,81.0,,5.0,5,Asnières-sur-Seine,Neuilly Sur Seine,Asnières-sur-Seine,1,484,False,False,,3980,1001,13
20260802T150127,A2,v3.4-search-json,2026-08-03T09:00,2026-08-03T20:00,1631660,https://fr.getaround.com/location-voiture/paris/opel-corsa-1631660,Opel Corsa (2024),2024,Getaround Connect,CITADINE,SEGMENT_RULES,THERMIQUE,True,81.0,,4.72,32,Asnières-sur-Seine,Paris,Asnières-sur-Seine|Paris 17e,2,484,False,False,,8990,1001,15
20260802T150127,A2,v3.4-search-json,2026-08-03T09:00,2026-08-03T20:00,1542070,https://fr.getaround.com/location-voiture/paris/toyota-yaris-hybride-1542070,Toyota Yaris Hybride (2022),2022,Getaround Connect,CITADINE,SEGMENT_RULES,HYBRIDE,True,91.0,,4.69,59,Asnières-sur-Seine,Paris,Asnières-sur-Seine|Paris 17e,2,485,False,False,,8260,1001,15
20260802T150127,A2,v3.4-search-json,2026-08-03T09:00,2026-08-03T20:00,1755605,https://fr.getaround.com/location-voiture/paris/renault-captur-1755605,Renault Captur (2024),2024,Getaround Connect,SUV_COMPACT,SEGMENT_RULES,THERMIQUE,True,81.0,,4.13,15,Asnières-sur-Seine,Paris,Asnières-sur-Seine|Paris 17e,2,486,False,False,,8850,1001,15
20260802T150127,A2,v3.4-search-json,2026-08-03T09:00,2026-08-03T20:00,1427176,https://fr.getaround.com/location-voiture/paris/toyota-yaris-hybride-1427176,Toyota Yaris Hybride (2022),2022,Getaround Connect,CITADINE,SEGMENT_RULES,HYBRIDE,True,81.0,,4.75,63,Asnières-sur-Seine,Paris,Asnières-sur-Seine|Paris 17e,2,487,False,False,,11170,1001,17
20260802T150127,A2,v3.4-search-json,2026-08-03T09:00,2026-08-03T20:00,1932796,https://fr.getaround.com/location-voiture/enghien-les-bains/audi-a5-sportback-1932796,Audi A5 Sportback (2015),2015,Sur rendez-vous,BERLINE,SEGMENT_RULES,THERMIQUE,False,114.0,,5.0,1,Asnières-sur-Seine,Enghien Les Bains,Asnières-sur-Seine,1,492,False,False,,6300,1001,13
20260802T150127,A2,v3.4-search-json,2026-08-03T09:00,2026-08-03T20:00,1139897,https://fr.getaround.com/location-voiture/paris/renault-scenic-1139897,Renault Scenic (2016),2016,Getaround Connect,MONOSPACE,SEGMENT_RULES,THERMIQUE,True,78.0,,4.54,34,Asnières-sur-Seine,Paris,Asnières-sur-Seine|Paris 17e,2,492,False,False,,7450,1001,13
20260802T150127,A2,v3.4-search-json,2026-08-03T09:00,2026-08-03T20:00,1634367,https://fr.getaround.com/location-voiture/paris/opel-corsa-1634367,Opel Corsa (2024),2024,Getaround Connect,CITADINE,SEGMENT_RULES,THERMIQUE,True,81.0,,4.71,34,Asnières-sur-Seine,Paris,Asnières-sur-Seine|Paris 17e,2,493,False,False,,8990,1001,15
20260802T150127,A2,v3.4-search-json,2026-08-03T09:00,2026-08-03T20:00,1683217,https://fr.getaround.com/location-voiture/paris/renault-twingo-ii-1683217,Renault Twingo II (2012),2012,Sur rendez-vous,CITADINE,SEGMENT_RULES,THERMIQUE,False,64.0,,4.97,31,Asnières-sur-Seine,Paris,Asnières-sur-Seine|Paris 17e,2,494,False,False,,10770,1001,13
20260802T150127,A2,v3.4-search-json,2026-08-03T09:00,2026-08-03T20:00,1895708,https://fr.getaround.com/location-voiture/paris/renault-arkana-e-tech-1895708,Renault Arkana E-Tech (2021),2021,Sur rendez-vous,COMPACTE,SEGMENT_RULES,ELECTRIQUE,False,105.0,,,,Asnières-sur-Seine,Paris,Asnières-sur-Seine|Paris 17e,2,498,False,False,,11280,1001,16
20260802T150127,A2,v3.4-search-json,2026-08-03T09:00,2026-08-03T20:00,1606446,https://fr.getaround.com/location-voiture/paris/toyota-corolla-hybride-1606446,Toyota Corolla Hybride (2019),2019,Getaround Connect,COMPACTE,SEGMENT_RULES,HYBRIDE,True,85.0,,4.69,8,Asnières-sur-Seine,Paris,Asnières-sur-Seine|Paris 17e,2,499,False,False,,11470,1001,14
20260802T150127,A2,v3.4-search-json,2026-08-03T09:00,2026-08-03T20:00,1622122,https://fr.getaround.com/location-voiture/nanterre/peugeot-208-1622122,Peugeot 208 (2014),2014,Sur rendez-vous,CITADINE,SEGMENT_RULES,THERMIQUE,False,68.0,,5.0,6,Asnières-sur-Seine,Nanterre,Asnières-sur-Seine,1,500,False,False,,6050,1001,13
20260802T150127,A2,v3.4-search-json,2026-08-03T09:00,2026-08-03T20:00,1203959,https://fr.getaround.com/location-voiture/paris/smart-fortwo-coupe-1203959,Smart Fortwo Coupé (2013),2013,Sur rendez-vous,MICRO_CITADINE,SEGMENT_RULES,THERMIQUE,True,65.0,,4.81,18,Asnières-sur-Seine,Paris,Asnières-sur-Seine|Paris 17e,2,501,False,False,,11070,1001,17
20260802T150127,A2,v3.4-search-json,2026-08-03T09:00,2026-08-03T20:00,1929307,https://fr.getaround.com/location-voiture/pantin/volkswagen-polo-1929307,Volkswagen Polo (2012),2012,Sur rendez-vous,CITADINE,SEGMENT_RULES,THERMIQUE,False,69.0,,5.0,1,Asnières-sur-Seine,Pantin,Asnières-sur-Seine|Paris 17e,2,503,False,False,,8640,1001,13
20260802T150127,A2,v3.4-search-json,2026-08-03T09:00,2026-08-03T20:00,1864980,https://fr.getaround.com/location-voiture/la-garenne-colombes/nissan-leaf-1864980,Nissan Leaf (2022),2022,Sur rendez-vous,CITADINE,SEGMENT_RULES,THERMIQUE,False,80.0,,,,Asnières-sur-Seine,La Garenne Colombes,Asnières-sur-Seine,1,504,False,False,,3120,1001,13
20260802T150127,A2,v3.4-search-json,2026-08-03T09:00,2026-08-03T20:00,689358,https://fr.getaround.com/location-voiture/paris/renault-clio-estate-689358,Renault Clio Estate (2018),2018,Getaround Connect,BREAK,SEGMENT_RULES,THERMIQUE,True,59.0,,3.9,157,Asnières-sur-Seine,Paris,Asnières-sur-Seine|Paris 17e,2,505,False,False,,10670,1001,17
20260802T150127,A2,v3.4-search-json,2026-08-03T09:00,2026-08-03T20:00,1870094,https://fr.getaround.com/location-voiture/paris/dacia-sandero-stepway-1870094,Dacia Sandero Stepway (2017),2017,Getaround Connect,CITADINE,SEGMENT_RULES,THERMIQUE,True,60.0,,4.33,6,Paris 17e,Paris,Paris 17e,1,506,False,False,,8360,698,13
20260802T150127,A2,v3.4-search-json,2026-08-03T09:00,2026-08-03T20:00,1671367,https://fr.getaround.com/location-voiture/paris/peugeot-308-1671367,Peugeot 308 (2020),2020,Getaround Connect,COMPACTE,SEGMENT_RULES,THERMIQUE,True,58.0,,3.45,20,Asnières-sur-Seine,Paris,Asnières-sur-Seine|Paris 17e,2,507,False,False,,9090,1001,15
20260802T150127,A2,v3.4-search-json,2026-08-03T09:00,2026-08-03T20:00,1756738,https://fr.getaround.com/location-voiture/paris/renault-clio-1756738,Renault Clio (2024),2024,Getaround Connect,CITADINE,SEGMENT_RULES,THERMIQUE,True,70.0,,3.86,14,Asnières-sur-Seine,Paris,Asnières-sur-Seine|Paris 17e,2,508,False,False,,11430,1001,13
20260802T150127,A2,v3.4-search-json,2026-08-03T09:00,2026-08-03T20:00,1631645,https://fr.getaround.com/location-voiture/paris/opel-corsa-1631645,Opel Corsa (2024),2024,Getaround Connect,CITADINE,SEGMENT_RULES,THERMIQUE,True,75.0,,4.55,29,Asnières-sur-Seine,Paris,Asnières-sur-Seine|Paris 17e,2,508,False,False,,10200,1001,16
20260802T150127,A2,v3.4-search-json,2026-08-03T09:00,2026-08-03T20:00,1929064,https://fr.getaround.com/location-voiture/paris/renault-captur-1929064,Renault Captur (2017),2017,Sur rendez-vous,SUV_COMPACT,SEGMENT_RULES,THERMIQUE,False,57.0,,5.0,3,Asnières-sur-Seine,Paris,Asnières-sur-Seine|Paris 17e,2,509,False,False,,8730,1001,16
20260802T150127,A2,v3.4-search-json,2026-08-03T09:00,2026-08-03T20:00,1629798,https://fr.getaround.com/location-voiture/paris/renault-clio-1629798,Renault Clio (2024),2024,Getaround Connect,CITADINE,SEGMENT_RULES,THERMIQUE,True,77.0,,4.77,31,Asnières-sur-Seine,Paris,Asnières-sur-Seine|Paris 17e,2,510,False,False,,10370,1001,16
20260802T150127,A2,v3.4-search-json,2026-08-03T09:00,2026-08-03T20:00,1363193,https://fr.getaround.com/location-voiture/paris/renault-clio-e-tech-1363193,Renault Clio E-tech (2020),2020,Getaround Connect,CITADINE,SEGMENT_RULES,ELECTRIQUE,True,76.0,,4.22,32,Asnières-sur-Seine,Paris,Asnières-sur-Seine|Paris 17e,2,511,False,False,,11080,1001,15
20260802T150127,A2,v3.4-search-json,2026-08-03T09:00,2026-08-03T20:00,1644581,https://fr.getaround.com/location-voiture/paris/renault-clio-1644581,Renault Clio (2015),2015,Getaround Connect,CITADINE,SEGMENT_RULES,THERMIQUE,True,73.0,,4.46,13,Asnières-sur-Seine,Paris,Asnières-sur-Seine|Paris 17e,2,513,False,False,,10690,1001,17
20260802T150127,A2,v3.4-search-json,2026-08-03T09:00,2026-08-03T20:00,1491312,https://fr.getaround.com/location-voiture/paris/renault-clio-e-tech-1491312,Renault Clio E-tech (2021),2021,Getaround Connect,CITADINE,SEGMENT_RULES,ELECTRIQUE,True,76.0,,4.5,27,Asnières-sur-Seine,Paris,Asnières-sur-Seine|Paris 17e,2,515,False,False,,11520,1001,15
20260802T150127,A2,v3.4-search-json,2026-08-03T09:00,2026-08-03T20:00,1291666,https://fr.getaround.com/location-voiture/paris/toyota-yaris-hybride-1291666,Toyota Yaris Hybride (2022),2022,Getaround Connect,CITADINE,SEGMENT_RULES,HYBRIDE,True,81.0,,4.6,52,Asnières-sur-Seine,Paris,Asnières-sur-Seine|Paris 17e,2,516,False,False,,12070,1001,16
20260802T150127,A2,v3.4-search-json,2026-08-03T09:00,2026-08-03T20:00,1400060,https://fr.getaround.com/location-voiture/paris/ford-fiesta-1400060,Ford Fiesta (2024),2024,Getaround Connect,CITADINE,SEGMENT_RULES,THERMIQUE,True,70.0,,4.47,17,Paris 17e,Paris,Paris 17e,1,517,False,False,,8090,698,13
20260802T150127,A2,v3.4-search-json,2026-08-03T09:00,2026-08-03T20:00,1531702,https://fr.getaround.com/location-voiture/argenteuil/seat-ibiza-1531702,Seat Ibiza (2017),2017,Sur rendez-vous,CITADINE,SEGMENT_RULES,THERMIQUE,False,60.0,,5.0,3,Asnières-sur-Seine,Argenteuil,Asnières-sur-Seine,1,518,False,False,,4600,1001,13
20260802T150127,A2,v3.4-search-json,2026-08-03T09:00,2026-08-03T20:00,1782079,https://fr.getaround.com/location-voiture/paris/mini-countryman-1782079,Mini Countryman (2012),2012,Sur rendez-vous,SUV_FAMILIAL,SEGMENT_RULES,THERMIQUE,False,86.0,,5.0,4,Asnières-sur-Seine,Paris,Asnières-sur-Seine|Paris 17e,2,518,False,False,,9190,1001,16
20260802T150127,A2,v3.4-search-json,2026-08-03T09:00,2026-08-03T20:00,1412477,https://fr.getaround.com/location-voiture/pantin/nissan-qashqai-1412477,Nissan Qashqai (2014),2014,Getaround Connect,SUV_COMPACT,SEGMENT_RULES,THERMIQUE,True,74.0,,4.85,26,Asnières-sur-Seine,Pantin,Asnières-sur-Seine,1,519,False,False,,9990,1001,13
20260802T150127,A2,v3.4-search-json,2026-08-03T09:00,2026-08-03T20:00,1699336,https://fr.getaround.com/location-voiture/paris/opel-crossland-1699336,Opel Crossland (2023),2023,Getaround Connect,SUV_COMPACT,SEGMENT_RULES,THERMIQUE,True,50.0,,1.8,10,Asnières-sur-Seine,Paris,Asnières-sur-Seine|Paris 17e,2,521,False,False,,5320,1001,19
20260802T150127,A2,v3.4-search-json,2026-08-03T09:00,2026-08-03T20:00,1830627,https://fr.getaround.com/location-voiture/paris/bmw-serie-1-1830627,BMW Série 1 (2019),2019,Sur rendez-vous,COMPACTE,SEGMENT_RULES,THERMIQUE,False,55.0,,5.0,1,Asnières-sur-Seine,Paris,Asnières-sur-Seine,1,524,False,False,,4590,1001,14
20260802T150127,A2,v3.4-search-json,2026-08-03T09:00,2026-08-03T20:00,1632671,https://fr.getaround.com/location-voiture/paris/renault-twingo-iii-1632671,Renault Twingo III (2018),2018,Getaround Connect,CITADINE,SEGMENT_RULES,THERMIQUE,True,70.0,,4.93,28,Asnières-sur-Seine,Paris,Asnières-sur-Seine|Paris 17e,2,524,False,False,,11510,1001,17
20260802T150127,A2,v3.4-search-json,2026-08-03T09:00,2026-08-03T20:00,1795427,https://fr.getaround.com/location-voiture/paris/renault-clio-1795427,Renault Clio (2019),2019,Getaround Connect,CITADINE,SEGMENT_RULES,THERMIQUE,True,72.0,,4.81,21,Paris 17e,Paris,Paris 17e,1,525,False,False,,7480,698,14
20260802T150127,A2,v3.4-search-json,2026-08-03T09:00,2026-08-03T20:00,1573548,https://fr.getaround.com/location-voiture/levallois-perret/renault-captur-1573548,Renault Captur (2014),2014,Sur rendez-vous,SUV_COMPACT,SEGMENT_RULES,THERMIQUE,False,96.0,,5.0,2,Asnières-sur-Seine,Levallois Perret,Asnières-sur-Seine,1,526,False,False,,2290,1001,14
20260802T150127,A2,v3.4-search-json,2026-08-03T09:00,2026-08-03T20:00,940738,https://fr.getaround.com/location-voiture/paris/dacia-spring-940738,Dacia Spring (2020),2020,Getaround Connect,COMPACTE,SEGMENT_RULES,THERMIQUE,True,39.0,,3.61,129,Asnières-sur-Seine,Paris,Asnières-sur-Seine|Paris 17e,2,526,False,False,,8830,1001,17
20260802T150127,A2,v3.4-search-json,2026-08-03T09:00,2026-08-03T20:00,1820372,https://fr.getaround.com/location-voiture/saint-denis/hyundai-i20-1820372,Hyundai i20 (2012),2012,Sur rendez-vous,CITADINE,SEGMENT_RULES,THERMIQUE,False,63.0,,4.6,5,Asnières-sur-Seine,Saint Denis,Asnières-sur-Seine|Paris 17e,2,527,False,False,,5010,1001,14
20260802T150127,A2,v3.4-search-json,2026-08-03T09:00,2026-08-03T20:00,1237239,https://fr.getaround.com/location-voiture/paris/peugeot-2008-1237239,Peugeot 2008 (2023),2023,Getaround Connect,SUV_COMPACT,SEGMENT_RULES,THERMIQUE,True,82.0,,4.58,37,Asnières-sur-Seine,Paris,Asnières-sur-Seine|Paris 17e,2,527,False,False,,11330,1001,18
20260802T150127,A2,v3.4-search-json,2026-08-03T09:00,2026-08-03T20:00,1874364,https://fr.getaround.com/location-voiture/pantin/toyota-yaris-hybride-1874364,Toyota Yaris Hybride (2020),2020,Getaround Connect,CITADINE,SEGMENT_RULES,HYBRIDE,True,81.0,,5.0,5,Asnières-sur-Seine,Pantin,Asnières-sur-Seine,1,528,False,False,,9570,1001,14
20260802T150127,A2,v3.4-search-json,2026-08-03T09:00,2026-08-03T20:00,1703257,https://fr.getaround.com/location-voiture/paris/citroen-c4-cactus-1703257,Citroen C4 Cactus (2013),2013,Sur rendez-vous,COMPACTE,SEGMENT_RULES,THERMIQUE,False,40.0,,5.0,3,Asnières-sur-Seine,Paris,Asnières-sur-Seine|Paris 17e,2,528,False,False,,9930,1001,16
20260802T150127,A2,v3.4-search-json,2026-08-03T09:00,2026-08-03T20:00,1937269,https://fr.getaround.com/location-voiture/paris/renault-talisman-1937269,Renault Talisman (2018),2018,Sur rendez-vous,BERLINE,SEGMENT_RULES,THERMIQUE,False,89.0,,,,Asnières-sur-Seine,Paris,Asnières-sur-Seine|Paris 17e,2,530,False,False,,10450,1001,16
20260802T150127,A2,v3.4-search-json,2026-08-03T09:00,2026-08-03T20:00,1414996,https://fr.getaround.com/location-voiture/charenton-le-pont/citroen-c4-grand-picasso-1414996,Citroen C4 Grand Picasso (2014),2014,Getaround Connect,COMPACTE,SEGMENT_RULES,THERMIQUE,True,95.0,,4.72,41,Paris 17e,Charenton Le Pont,Paris 17e,1,531,False,False,,8920,698,14
20260802T150127,A2,v3.4-search-json,2026-08-03T09:00,2026-08-03T20:00,1693831,https://fr.getaround.com/location-voiture/franconville/peugeot-207-1693831,Peugeot 207 (2012),2012,Sur rendez-vous,COMPACTE,SEGMENT_RULES,THERMIQUE,False,68.0,,5.0,22,Asnières-sur-Seine,Franconville,Asnières-sur-Seine,1,532,False,False,,9430,1001,14
20260802T150127,A2,v3.4-search-json,2026-08-03T09:00,2026-08-03T20:00,1933027,https://fr.getaround.com/location-voiture/paris/peugeot-5008-1933027,Peugeot 5008 (2014),2014,Sur rendez-vous,MONOSPACE,SEGMENT_RULES,THERMIQUE,False,121.0,,,,Asnières-sur-Seine,Paris,Asnières-sur-Seine|Paris 17e,2,532,False,False,,9340,1001,16
20260802T150127,A2,v3.4-search-json,2026-08-03T09:00,2026-08-03T20:00,1832293,https://fr.getaround.com/location-voiture/malakoff/citroen-c3-1832293,Citroen C3 (2021),2021,Getaround Connect,CITADINE,SEGMENT_RULES,THERMIQUE,True,74.0,,4.13,15,Paris 17e,Malakoff,Paris 17e,1,535,False,False,,6900,698,14
20260802T150127,A2,v3.4-search-json,2026-08-03T09:00,2026-08-03T20:00,1796631,https://fr.getaround.com/location-voiture/paris/mg-hs-phev-1796631,MG HS PHEV (2025),2025,Sur rendez-vous,SUV_FAMILIAL,SEGMENT_RULES,THERMIQUE,False,117.0,,,,Asnières-sur-Seine,Paris,Asnières-sur-Seine|Paris 17e,2,536,False,False,,7170,1001,17
20260802T150127,A2,v3.4-search-json,2026-08-03T09:00,2026-08-03T20:00,1816171,https://fr.getaround.com/location-voiture/paris/renault-zoe-1816171,Renault ZOE (2019),2019,Getaround Connect,CITADINE,SEGMENT_RULES,ELECTRIQUE,True,67.0,,5.0,6,Asnières-sur-Seine,Paris,Asnières-sur-Seine|Paris 17e,2,537,False,False,,11160,1001,16
20260802T150127,A2,v3.4-search-json,2026-08-03T09:00,2026-08-03T20:00,1231863,https://fr.getaround.com/location-voiture/paris/peugeot-2008-1231863,Peugeot 2008 (2023),2023,Getaround Connect,SUV_COMPACT,SEGMENT_RULES,THERMIQUE,True,86.0,,4.73,47,Asnières-sur-Seine,Paris,Asnières-sur-Seine|Paris 17e,2,539,False,False,,11430,1001,18
20260802T150127,A2,v3.4-search-json,2026-08-03T09:00,2026-08-03T20:00,1631658,https://fr.getaround.com/location-voiture/paris/opel-corsa-1631658,Opel Corsa (2024),2024,Getaround Connect,CITADINE,SEGMENT_RULES,THERMIQUE,True,81.0,,4.76,34,Asnières-sur-Seine,Paris,Asnières-sur-Seine|Paris 17e,2,540,False,False,,10700,1001,17
20260802T150127,A2,v3.4-search-json,2026-08-03T09:00,2026-08-03T20:00,1211690,https://fr.getaround.com/location-voiture/saint-denis/renault-espace-1211690,Renault Espace (2015),2015,Sur rendez-vous,MONOSPACE,SEGMENT_RULES,THERMIQUE,False,116.0,,4.93,22,Asnières-sur-Seine,Saint Denis,Asnières-sur-Seine|Paris 17e,2,542,False,False,,5420,1001,14
20260802T150127,A2,v3.4-search-json,2026-08-03T09:00,2026-08-03T20:00,1855162,https://fr.getaround.com/location-voiture/nanterre/peugeot-208-1855162,Peugeot 208 (2014),2014,Sur rendez-vous,CITADINE,SEGMENT_RULES,THERMIQUE,False,65.0,,5.0,1,Asnières-sur-Seine,Nanterre,Asnières-sur-Seine,1,544,False,False,,6050,1001,14
20260802T150127,A2,v3.4-search-json,2026-08-03T09:00,2026-08-03T20:00,1540612,https://fr.getaround.com/location-voiture/paris/mercedes-benz-classe-c-coupe-1540612,Mercedes-Benz Classe C Coupé (2013),2013,Sur rendez-vous,BERLINE,SEGMENT_RULES,THERMIQUE,False,115.0,,5.0,2,Asnières-sur-Seine,Paris,Asnières-sur-Seine|Paris 17e,2,546,False,False,,9000,1001,17
20260802T150127,A2,v3.4-search-json,2026-08-03T09:00,2026-08-03T20:00,1343756,https://fr.getaround.com/location-voiture/paris/skoda-citigo-1343756,Skoda Citigo (2013),2013,Getaround Connect,CITADINE,SEGMENT_RULES,THERMIQUE,True,68.0,,4.5,30,Asnières-sur-Seine,Paris,Asnières-sur-Seine|Paris 17e,2,548,False,False,,10690,1001,18
20260802T150127,A2,v3.4-search-json,2026-08-03T09:00,2026-08-03T20:00,1536962,https://fr.getaround.com/location-voiture/levallois-perret/toyota-yaris-hybride-1536962,Toyota Yaris Hybride (2013),2013,Sur rendez-vous,CITADINE,SEGMENT_RULES,HYBRIDE,False,70.0,,,,Asnières-sur-Seine,Levallois Perret,Asnières-sur-Seine,1,550,False,False,,2090,1001,14
20260802T150127,A2,v3.4-search-json,2026-08-03T09:00,2026-08-03T20:00,1818315,https://fr.getaround.com/location-voiture/paris/opel-corsa-f-1818315,Opel Corsa F (2019),2019,Getaround Connect,CITADINE,SEGMENT_RULES,THERMIQUE,True,86.0,,5.0,8,Asnières-sur-Seine,Paris,Asnières-sur-Seine|Paris 17e,2,550,False,False,,9390,1001,18
20260802T150127,A2,v3.4-search-json,2026-08-03T09:00,2026-08-03T20:00,1590110,https://fr.getaround.com/location-voiture/paris/renault-twingo-iii-1590110,Renault Twingo III (2016),2016,Getaround Connect,CITADINE,SEGMENT_RULES,THERMIQUE,True,58.0,,3.2,5,Paris 17e,Paris,Paris 17e,1,551,False,False,,4220,698,14
20260802T150127,A2,v3.4-search-json,2026-08-03T09:00,2026-08-03T20:00,1709213,https://fr.getaround.com/location-voiture/paris/citroen-c4-grand-picasso-1709213,Citroen C4 Grand Picasso (2017),2017,Getaround Connect,COMPACTE,SEGMENT_RULES,THERMIQUE,True,101.0,,4.69,16,Asnières-sur-Seine,Paris,Asnières-sur-Seine|Paris 17e,2,552,False,False,,11080,1001,18
20260802T150127,A2,v3.4-search-json,2026-08-03T09:00,2026-08-03T20:00,1839966,https://fr.getaround.com/location-voiture/paris/lexus-ux-250h-1839966,Lexus UX 250h (2019),2019,Sur rendez-vous,SUV_COMPACT,SEGMENT_RULES,THERMIQUE,False,132.0,,,,Asnières-sur-Seine,Paris,Asnières-sur-Seine|Paris 17e,2,555,False,False,,7000,1001,18
20260802T150127,A2,v3.4-search-json,2026-08-03T09:00,2026-08-03T20:00,1857107,https://fr.getaround.com/location-voiture/paris/renault-grand-scenic-1857107,Renault Grand Scenic (2015),2015,Getaround Connect,MONOSPACE,SEGMENT_RULES,THERMIQUE,True,104.0,,5.0,6,Asnières-sur-Seine,Paris,Asnières-sur-Seine|Paris 17e,2,556,False,False,,10010,1001,18
20260802T150127,A2,v3.4-search-json,2026-08-03T09:00,2026-08-03T20:00,1804022,https://fr.getaround.com/location-voiture/paris/renault-scenic-e-tech-1804022,Renault Scenic E-tech (2025),2025,Sur rendez-vous,MONOSPACE,SEGMENT_RULES,ELECTRIQUE,False,104.0,,5.0,3,Asnières-sur-Seine,Paris,Asnières-sur-Seine,1,557,False,False,,8860,1001,14
20260802T150127,A2,v3.4-search-json,2026-08-03T09:00,2026-08-03T20:00,1926987,https://fr.getaround.com/location-voiture/paris/kia-e-niro-1926987,Kia e-Niro (2020),2020,Sur rendez-vous,SUV_COMPACT,SEGMENT_RULES,HYBRIDE,False,105.0,,,,Asnières-sur-Seine,Paris,Asnières-sur-Seine|Paris 17e,2,558,False,False,,10940,1001,17
20260802T150127,A2,v3.4-search-json,2026-08-03T09:00,2026-08-03T20:00,1682097,https://fr.getaround.com/location-voiture/paris/peugeot-308-1682097,Peugeot 308 (2020),2020,Getaround Connect,COMPACTE,SEGMENT_RULES,THERMIQUE,True,58.0,,3.87,31,Asnières-sur-Seine,Paris,Asnières-sur-Seine|Paris 17e,2,559,False,False,,12430,1001,17
20260802T150127,A2,v3.4-search-json,2026-08-03T09:00,2026-08-03T20:00,1769340,https://fr.getaround.com/location-voiture/paris/smart-fortwo-passion-1769340,Smart Fortwo Passion (2019),2019,Getaround Connect,MICRO_CITADINE,SEGMENT_RULES,THERMIQUE,True,53.0,,4.74,19,Asnières-sur-Seine,Paris,Asnières-sur-Seine|Paris 17e,2,560,False,False,,11430,1001,17
20260802T150127,A2,v3.4-search-json,2026-08-03T09:00,2026-08-03T20:00,1544484,https://fr.getaround.com/location-voiture/sannois/toyota-yaris-hybride-1544484,Toyota Yaris Hybride (2022),2022,Sur rendez-vous,CITADINE,SEGMENT_RULES,HYBRIDE,False,76.0,,5.0,1,Asnières-sur-Seine,Sannois,Asnières-sur-Seine,1,561,False,False,,6100,1001,15
20260802T150127,A2,v3.4-search-json,2026-08-03T09:00,2026-08-03T20:00,1010017,https://fr.getaround.com/location-voiture/saint-brice-sous-foret/renault-grand-scenic-1010017,Renault Grand Scenic (2012),2012,Getaround Connect,MONOSPACE,SEGMENT_RULES,THERMIQUE,True,90.0,,4.72,38,Asnières-sur-Seine,Saint Brice Sous Foret,Asnières-sur-Seine,1,564,False,False,,10960,1001,15
20260802T150127,A2,v3.4-search-json,2026-08-03T09:00,2026-08-03T20:00,1943322,https://fr.getaround.com/location-voiture/la-courneuve/toyota-aygo-1943322,Toyota Aygo (2014),2014,Sur rendez-vous,MICRO_CITADINE,SEGMENT_RULES,THERMIQUE,True,37.0,,,,Paris 17e,La Courneuve,Paris 17e,1,565,False,False,,7960,698,15
20260802T150127,A2,v3.4-search-json,2026-08-03T09:00,2026-08-03T20:00,1221537,https://fr.getaround.com/location-voiture/paris/citroen-c4-spacetourer-1221537,Citroen C4 Spacetourer (2019),2019,Sur rendez-vous,COMPACTE,SEGMENT_RULES,THERMIQUE,False,98.0,,4.44,16,Asnières-sur-Seine,Paris,Asnières-sur-Seine|Paris 17e,2,566,False,False,,6570,1001,20
20260802T150127,A2,v3.4-search-json,2026-08-03T09:00,2026-08-03T20:00,1827934,https://fr.getaround.com/location-voiture/malakoff/citroen-c3-1827934,Citroen C3 (2021),2021,Getaround Connect,CITADINE,SEGMENT_RULES,THERMIQUE,True,80.0,,4.85,13,Paris 17e,Malakoff,Paris 17e,1,567,False,False,,6900,698,15
20260802T150127,A2,v3.4-search-json,2026-08-03T09:00,2026-08-03T20:00,1904984,https://fr.getaround.com/location-voiture/eaubonne/peugeot-2008-1904984,Peugeot 2008 (2017),2017,Sur rendez-vous,SUV_COMPACT,SEGMENT_RULES,THERMIQUE,False,84.0,,5.0,1,Asnières-sur-Seine,Eaubonne,Asnières-sur-Seine,1,569,False,False,,8220,1001,15
20260802T150127,A2,v3.4-search-json,2026-08-03T09:00,2026-08-03T20:00,1680745,https://fr.getaround.com/location-voiture/paris/citroen-c3-1680745,Citroen C3 (2024),2024,Sur rendez-vous,CITADINE,SEGMENT_RULES,THERMIQUE,False,89.0,,5.0,1,Asnières-sur-Seine,Paris,Asnières-sur-Seine,1,574,False,False,,3040,1001,15
20260802T150127,A2,v3.4-search-json,2026-08-03T09:00,2026-08-03T20:00,1357745,https://fr.getaround.com/location-voiture/paris/peugeot-2008-1357745,Peugeot 2008 (2023),2023,Getaround Connect,SUV_COMPACT,SEGMENT_RULES,THERMIQUE,True,86.0,,4.3,55,Asnières-sur-Seine,Paris,Asnières-sur-Seine|Paris 17e,2,576,False,False,,11270,1001,19
20260802T150127,A2,v3.4-search-json,2026-08-03T09:00,2026-08-03T20:00,1903503,https://fr.getaround.com/location-voiture/paris/ford-kuga-1903503,Ford Kuga (2024),2024,Sur rendez-vous,SUV_FAMILIAL,SEGMENT_RULES,THERMIQUE,False,140.0,,,,Asnières-sur-Seine,Paris,Asnières-sur-Seine|Paris 17e,2,577,False,False,,4970,1001,19
20260802T150127,A2,v3.4-search-json,2026-08-03T09:00,2026-08-03T20:00,1920131,https://fr.getaround.com/location-voiture/aubervilliers/peugeot-208-1920131,Peugeot 208 (2024),2024,Sur rendez-vous,CITADINE,SEGMENT_RULES,THERMIQUE,False,73.0,,5.0,3,Asnières-sur-Seine,Aubervilliers,Asnières-sur-Seine|Paris 17e,2,579,False,False,,7490,1001,15
20260802T150127,A2,v3.4-search-json,2026-08-03T09:00,2026-08-03T20:00,1840999,https://fr.getaround.com/location-voiture/paris/renault-clio-1840999,Renault Clio (2015),2015,Sur rendez-vous,CITADINE,SEGMENT_RULES,THERMIQUE,False,65.0,,5.0,3,Asnières-sur-Seine,Paris,Asnières-sur-Seine|Paris 17e,2,583,False,False,,10640,1001,19
20260802T150127,A2,v3.4-search-json,2026-08-03T09:00,2026-08-03T20:00,940731,https://fr.getaround.com/location-voiture/paris/dacia-spring-940731,Dacia Spring (2020),2020,Getaround Connect,COMPACTE,SEGMENT_RULES,THERMIQUE,True,45.0,,3.33,100,Asnières-sur-Seine,Paris,Asnières-sur-Seine|Paris 17e,2,586,False,False,,10180,1001,21
20260802T150127,A2,v3.4-search-json,2026-08-03T09:00,2026-08-03T20:00,685145,https://fr.getaround.com/location-voiture/argenteuil/renault-clio-685145,Renault Clio (2018),2018,Sur rendez-vous,CITADINE,SEGMENT_RULES,THERMIQUE,False,61.0,,4.7,49,Asnières-sur-Seine,Argenteuil,Asnières-sur-Seine,1,587,False,False,,4220,1001,15
20260802T150127,A2,v3.4-search-json,2026-08-03T09:00,2026-08-03T20:00,1027987,https://fr.getaround.com/location-voiture/clichy/renault-megane-1027987,Renault Mégane (2018),2018,Sur rendez-vous,COMPACTE,SEGMENT_RULES,THERMIQUE,False,73.0,,5.0,1,Asnières-sur-Seine,Clichy,Asnières-sur-Seine,1,589,False,False,,2780,1001,15
20260802T150127,A2,v3.4-search-json,2026-08-03T09:00,2026-08-03T20:00,1896580,https://fr.getaround.com/location-voiture/la-courneuve/mercedes-benz-gla-250-4matic-1896580,Mercedes-Benz GLA 250 4MATIC (2016),2016,Sur rendez-vous,SUV_COMPACT,SEGMENT_RULES,THERMIQUE,False,136.0,,,,Asnières-sur-Seine,La Courneuve,Asnières-sur-Seine|Paris 17e,2,589,False,False,,7150,1001,17
20260802T150127,A2,v3.4-search-json,2026-08-03T09:00,2026-08-03T20:00,1902088,https://fr.getaround.com/location-voiture/paris/lancia-voyager-1902088,Lancia Voyager (2014),2014,Sur rendez-vous,MONOSPACE,SEGMENT_RULES,THERMIQUE,False,142.0,,,,Asnières-sur-Seine,Paris,Asnières-sur-Seine|Paris 17e,2,591,False,False,,9310,1001,18
20260802T150127,A2,v3.4-search-json,2026-08-03T09:00,2026-08-03T20:00,1440918,https://fr.getaround.com/location-voiture/paris/renault-clio-1440918,Renault Clio (2023),2023,Getaround Connect,CITADINE,SEGMENT_RULES,THERMIQUE,True,70.0,,4.4,41,Asnières-sur-Seine,Paris,Asnières-sur-Seine,1,593,False,False,,11250,1001,15
20260802T150127,A2,v3.4-search-json,2026-08-03T09:00,2026-08-03T20:00,1892430,https://fr.getaround.com/location-voiture/le-plessis-bouchard/renault-grand-scenic-1892430,Renault Grand Scenic (2014),2014,Sur rendez-vous,MONOSPACE,SEGMENT_RULES,THERMIQUE,False,107.0,,5.0,4,Asnières-sur-Seine,Le Plessis Bouchard,Asnières-sur-Seine,1,595,False,False,,10380,1001,15
20260802T150127,A2,v3.4-search-json,2026-08-03T09:00,2026-08-03T20:00,1226250,https://fr.getaround.com/location-voiture/saint-denis/peugeot-2008-1226250,Peugeot 2008 (2019),2019,Sur rendez-vous,SUV_COMPACT,SEGMENT_RULES,THERMIQUE,False,86.0,,5.0,12,Asnières-sur-Seine,Saint Denis,Asnières-sur-Seine|Paris 17e,2,596,False,False,,5420,1001,16
20260802T150127,A2,v3.4-search-json,2026-08-03T09:00,2026-08-03T20:00,1437783,https://fr.getaround.com/location-voiture/paris/ds-3-1437783,DS 3 (2019),2019,Sur rendez-vous,CITADINE,SEGMENT_RULES,THERMIQUE,False,92.0,,,,Asnières-sur-Seine,Paris,Asnières-sur-Seine|Paris 17e,2,597,False,False,,7410,1001,19
20260802T150127,A2,v3.4-search-json,2026-08-03T09:00,2026-08-03T20:00,1817961,https://fr.getaround.com/location-voiture/eaubonne/kia-xceed-1817961,Kia XCeed (2021),2021,Sur rendez-vous,COMPACTE,SEGMENT_RULES,THERMIQUE,False,90.0,,4.92,12,Asnières-sur-Seine,Eaubonne,Asnières-sur-Seine,1,600,False,False,,8350,1001,15
20260802T150127,A2,v3.4-search-json,2026-08-03T09:00,2026-08-03T20:00,1225467,https://fr.getaround.com/location-voiture/aubervilliers/audi-a3-sportback-e-tron-1225467,Audi A3 Sportback e-tron (2015),2015,Sur rendez-vous,COMPACTE,SEGMENT_RULES,THERMIQUE,False,135.0,,5.0,3,Asnières-sur-Seine,Aubervilliers,Asnières-sur-Seine|Paris 17e,2,603,False,False,,7330,1001,18
20260802T150127,A2,v3.4-search-json,2026-08-03T09:00,2026-08-03T20:00,1200511,https://fr.getaround.com/location-voiture/soisy-sous-montmorency/hyundai-i10-1200511,Hyundai i10 (2014),2014,Sur rendez-vous,CITADINE,SEGMENT_RULES,THERMIQUE,False,58.0,,4.47,17,Asnières-sur-Seine,Soisy Sous Montmorency,Asnières-sur-Seine,1,605,False,False,,6930,1001,16
20260802T150127,A2,v3.4-search-json,2026-08-03T09:00,2026-08-03T20:00,1072809,https://fr.getaround.com/location-voiture/paris/volkswagen-up-1072809,Volkswagen Up! (2015),2015,Sur rendez-vous,MICRO_CITADINE,SEGMENT_RULES,THERMIQUE,False,59.0,,,,Asnières-sur-Seine,Paris,Asnières-sur-Seine|Paris 17e,2,605,False,False,,7400,1001,20
20260802T150127,A2,v3.4-search-json,2026-08-03T09:00,2026-08-03T20:00,1848820,https://fr.getaround.com/location-voiture/paris/citroen-c3-1848820,Citroen C3 (2018),2018,Sur rendez-vous,CITADINE,SEGMENT_RULES,THERMIQUE,False,67.0,,,,Asnières-sur-Seine,Paris,Asnières-sur-Seine|Paris 17e,2,606,False,False,,6920,1001,20
20260802T150127,A2,v3.4-search-json,2026-08-03T09:00,2026-08-03T20:00,1851137,https://fr.getaround.com/location-voiture/argenteuil/alfa-romeo-giulietta-1851137,Alfa-Romeo Giulietta (2013),2013,Sur rendez-vous,BERLINE,SEGMENT_RULES,THERMIQUE,False,74.0,,,,Asnières-sur-Seine,Argenteuil,Asnières-sur-Seine,1,607,False,False,,4450,1001,16
20260802T150127,A2,v3.4-search-json,2026-08-03T09:00,2026-08-03T20:00,483319,https://fr.getaround.com/location-voiture/colombes/peugeot-2008-483319,Peugeot 2008 (2017),2017,Sur rendez-vous,SUV_COMPACT,SEGMENT_RULES,THERMIQUE,False,93.0,,5.0,1,Asnières-sur-Seine,Colombes,Asnières-sur-Seine,1,608,False,False,,2780,1001,16
20260802T150127,A2,v3.4-search-json,2026-08-03T09:00,2026-08-03T20:00,1764767,https://fr.getaround.com/location-voiture/la-courneuve/nissan-micra-1764767,Nissan Micra (2017),2017,Getaround Connect,CITADINE,SEGMENT_RULES,THERMIQUE,True,65.0,,3.67,3,Asnières-sur-Seine,La Courneuve,Asnières-sur-Seine|Paris 17e,2,609,False,False,,7900,1001,17
20260802T150127,A2,v3.4-search-json,2026-08-03T09:00,2026-08-03T20:00,1461269,https://fr.getaround.com/location-voiture/paris/mercedes-benz-classe-a-1461269,Mercedes-Benz Classe A (2017),2017,Sur rendez-vous,COMPACTE,SEGMENT_RULES,THERMIQUE,False,143.0,,5.0,7,Asnières-sur-Seine,Paris,Asnières-sur-Seine|Paris 17e,2,610,False,False,,10600,1001,20
20260802T150127,A2,v3.4-search-json,2026-08-03T09:00,2026-08-03T20:00,1923372,https://fr.getaround.com/location-voiture/la-courneuve/audi-a1-sportback-tfsi-150-s-tronic-1923372,Audi A1 Sportback TFSI 150 S Tronic (2024),2024,Sur rendez-vous,CITADINE,SEGMENT_RULES,THERMIQUE,False,109.0,,5.0,2,Asnières-sur-Seine,La Courneuve,Asnières-sur-Seine|Paris 17e,2,611,False,False,,8390,1001,18
20260802T150127,A2,v3.4-search-json,2026-08-03T09:00,2026-08-03T20:00,1767434,https://fr.getaround.com/location-voiture/villeneuve-la-garenne/audi-a3-cabriolet-1767434,Audi A3 Cabriolet (2015),2015,Sur rendez-vous,CABRIOLET,SEGMENT_RULES,THERMIQUE,False,122.0,,,,Asnières-sur-Seine,Villeneuve La Garenne,Asnières-sur-Seine,1,612,False,False,,4190,1001,16
20260802T150127,A2,v3.4-search-json,2026-08-03T09:00,2026-08-03T20:00,1647563,https://fr.getaround.com/location-voiture/vanves/fiat-500-1647563,Fiat 500 (2019),2019,Sur rendez-vous,CITADINE,SEGMENT_RULES,THERMIQUE,False,73.0,,4.78,9,Paris 17e,Vanves,Paris 17e,1,613,False,False,,7120,698,16
20260802T150127,A2,v3.4-search-json,2026-08-03T09:00,2026-08-03T20:00,1947467,https://fr.getaround.com/location-voiture/paris/renault-clio-1947467,Renault Clio (2016),2016,Sur rendez-vous,CITADINE,SEGMENT_RULES,THERMIQUE,False,65.0,,,,Paris 17e,Paris,Paris 17e,1,615,False,False,,7110,698,16
20260802T150127,A2,v3.4-search-json,2026-08-03T09:00,2026-08-03T20:00,1449984,https://fr.getaround.com/location-voiture/houilles/peugeot-308-1449984,Peugeot 308 (2015),2015,Sur rendez-vous,COMPACTE,SEGMENT_RULES,THERMIQUE,False,79.0,,5.0,26,Asnières-sur-Seine,Houilles,Asnières-sur-Seine,1,617,False,False,,7380,1001,16
20260802T150127,A2,v3.4-search-json,2026-08-03T09:00,2026-08-03T20:00,1862779,https://fr.getaround.com/location-voiture/paris/renault-clio-1862779,Renault Clio (2019),2019,Sur rendez-vous,CITADINE,SEGMENT_RULES,THERMIQUE,False,66.0,,5.0,3,Paris 17e,Paris,Paris 17e,1,618,False,False,,8029,698,16
20260802T150127,A2,v3.4-search-json,2026-08-03T09:00,2026-08-03T20:00,1805523,https://fr.getaround.com/location-voiture/paris/renault-clio-1805523,Renault Clio (2013),2013,Getaround Connect,CITADINE,SEGMENT_RULES,THERMIQUE,True,61.0,,4.83,12,Asnières-sur-Seine,Paris,Asnières-sur-Seine,1,622,False,False,,12320,1001,16
20260802T150127,A2,v3.4-search-json,2026-08-03T09:00,2026-08-03T20:00,1219196,https://fr.getaround.com/location-voiture/paris/peugeot-208-1219196,Peugeot 208 (2023),2023,Getaround Connect,CITADINE,SEGMENT_RULES,THERMIQUE,True,77.0,,4.41,63,Asnières-sur-Seine,Paris,Asnières-sur-Seine,1,623,False,False,,12810,1001,16
20260802T150127,A2,v3.4-search-json,2026-08-03T09:00,2026-08-03T20:00,1768760,https://fr.getaround.com/location-voiture/paris/tesla-model-y-1768760,Tesla Model Y (2022),2022,Sur rendez-vous,SUV_FAMILIAL,SEGMENT_RULES,ELECTRIQUE,False,167.0,,,,Asnières-sur-Seine,Paris,Asnières-sur-Seine|Paris 17e,2,624,False,False,,5550,1001,23
20260802T150127,A2,v3.4-search-json,2026-08-03T09:00,2026-08-03T20:00,1365608,https://fr.getaround.com/location-voiture/paris/renault-austral-e-tech-full-hybrid-1365608,Renault Austral E-Tech full hybrid (2023),2023,Sur rendez-vous,SUV_FAMILIAL,SEGMENT_RULES,ELECTRIQUE,False,233.0,,,,Asnières-sur-Seine,Paris,Asnières-sur-Seine|Paris 17e,2,625,False,False,,7010,1001,23
20260802T150127,A2,v3.4-search-json,2026-08-03T09:00,2026-08-03T20:00,1769921,https://fr.getaround.com/location-voiture/paris/peugeot-3008-1769921,Peugeot 3008 (2025),2025,Sur rendez-vous,SUV_FAMILIAL,SEGMENT_RULES,THERMIQUE,False,122.0,,4.0,5,Paris 17e,Paris,Paris 17e,1,626,False,False,,5720,698,16
20260802T150127,A2,v3.4-search-json,2026-08-03T09:00,2026-08-03T20:00,1730373,https://fr.getaround.com/location-voiture/argenteuil/renault-megane-1730373,Renault Mégane (2012),2012,Sur rendez-vous,COMPACTE,SEGMENT_RULES,THERMIQUE,False,69.0,,5.0,1,Asnières-sur-Seine,Argenteuil,Asnières-sur-Seine,1,627,False,False,,4150,1001,16
20260802T150127,A2,v3.4-search-json,2026-08-03T09:00,2026-08-03T20:00,1825775,https://fr.getaround.com/location-voiture/paris/opel-astra-1825775,Opel Astra (2016),2016,Sur rendez-vous,COMPACTE,SEGMENT_RULES,THERMIQUE,False,73.0,,5.0,4,Paris 17e,Paris,Paris 17e,1,628,False,False,,8510,698,16
20260802T150127,A2,v3.4-search-json,2026-08-03T09:00,2026-08-03T20:00,949229,https://fr.getaround.com/location-voiture/argenteuil/renault-clio-949229,Renault Clio (2016),2016,Sur rendez-vous,CITADINE,SEGMENT_RULES,THERMIQUE,False,59.0,,5.0,4,Asnières-sur-Seine,Argenteuil,Asnières-sur-Seine,1,629,False,False,,5760,1001,16
20260802T150127,A2,v3.4-search-json,2026-08-03T09:00,2026-08-03T20:00,1945007,https://fr.getaround.com/location-voiture/paris/peugeot-308-1945007,Peugeot 308 (2015),2015,Sur rendez-vous,COMPACTE,SEGMENT_RULES,THERMIQUE,False,73.0,,,,Paris 17e,Paris,Paris 17e,1,629,False,False,,7110,698,16
20260802T150127,A2,v3.4-search-json,2026-08-03T09:00,2026-08-03T20:00,1930984,https://fr.getaround.com/location-voiture/saint-brice-sous-foret/renault-twingo-iii-1930984,Renault Twingo III (2017),2017,Sur rendez-vous,CITADINE,SEGMENT_RULES,THERMIQUE,False,54.0,,5.0,3,Asnières-sur-Seine,Saint Brice Sous Foret,Asnières-sur-Seine,1,631,False,False,,10470,1001,16
20260802T150127,A2,v3.4-search-json,2026-08-03T09:00,2026-08-03T20:00,1671131,https://fr.getaround.com/location-voiture/paris/mitsubishi-space-star-1671131,Mitsubishi Space Star (2019),2019,Sur rendez-vous,CITADINE,SEGMENT_RULES,THERMIQUE,False,67.0,,5.0,13,Asnières-sur-Seine,Paris,Asnières-sur-Seine,1,633,False,False,,9060,1001,16
20260802T150127,A2,v3.4-search-json,2026-08-03T09:00,2026-08-03T20:00,1890120,https://fr.getaround.com/location-voiture/franconville/ford-kuga-1890120,Ford Kuga (2022),2022,Sur rendez-vous,SUV_FAMILIAL,SEGMENT_RULES,THERMIQUE,False,99.0,,5.0,1,Asnières-sur-Seine,Franconville,Asnières-sur-Seine,1,636,False,False,,9430,1001,16
20260802T150127,A2,v3.4-search-json,2026-08-03T09:00,2026-08-03T20:00,1264822,https://fr.getaround.com/location-voiture/paris/audi-a1-1264822,Audi A1 (2022),2022,Sur rendez-vous,CITADINE,SEGMENT_RULES,THERMIQUE,False,81.0,,,,Paris 17e,Paris,Paris 17e,1,638,False,False,,6800,698,16
20260802T150127,A2,v3.4-search-json,2026-08-03T09:00,2026-08-03T20:00,1938725,https://fr.getaround.com/location-voiture/paris/renault-megane-1938725,Renault Mégane (2018),2018,Sur rendez-vous,COMPACTE,SEGMENT_RULES,THERMIQUE,False,73.0,,,,Asnières-sur-Seine,Paris,Asnières-sur-Seine|Paris 17e,2,642,False,False,,10390,1001,22
20260802T150127,A2,v3.4-search-json,2026-08-03T09:00,2026-08-03T20:00,1760761,https://fr.getaround.com/location-voiture/paris/toyota-corolla-1760761,Toyota Corolla (2019),2019,Sur rendez-vous,COMPACTE,SEGMENT_RULES,THERMIQUE,False,88.0,,5.0,1,Asnières-sur-Seine,Paris,Asnières-sur-Seine|Paris 17e,2,645,False,False,,11860,1001,21
20260802T150127,A2,v3.4-search-json,2026-08-03T09:00,2026-08-03T20:00,1936025,https://fr.getaround.com/location-voiture/franconville/peugeot-208-1936025,Peugeot 208 (2018),2018,Sur rendez-vous,CITADINE,SEGMENT_RULES,THERMIQUE,False,48.0,,,,Asnières-sur-Seine,Franconville,Asnières-sur-Seine,1,649,False,False,,9060,1001,17
20260802T150127,A2,v3.4-search-json,2026-08-03T09:00,2026-08-03T20:00,1434993,https://fr.getaround.com/location-voiture/paris/renault-clio-1434993,Renault Clio (2018),2018,Sur rendez-vous,CITADINE,SEGMENT_RULES,THERMIQUE,False,104.0,,5.0,2,Asnières-sur-Seine,Paris,Asnières-sur-Seine|Paris 17e,2,649,False,False,,7710,1001,24
20260802T150127,A2,v3.4-search-json,2026-08-03T09:00,2026-08-03T20:00,1866628,https://fr.getaround.com/location-voiture/paris/renault-arkana-e-tech-1866628,Renault Arkana E-Tech (2024),2024,Sur rendez-vous,COMPACTE,SEGMENT_RULES,ELECTRIQUE,False,129.0,,5.0,1,Asnières-sur-Seine,Paris,Asnières-sur-Seine,1,653,False,False,,3380,1001,17
20260802T150127,A2,v3.4-search-json,2026-08-03T09:00,2026-08-03T20:00,1823081,https://fr.getaround.com/location-voiture/la-courneuve/audi-a1-sportback-1823081,Audi A1 Sportback (2012),2012,Sur rendez-vous,CITADINE,SEGMENT_RULES,THERMIQUE,False,114.0,,,,Asnières-sur-Seine,La Courneuve,Asnières-sur-Seine|Paris 17e,2,653,False,False,,6840,1001,21
20260802T150127,A2,v3.4-search-json,2026-08-03T09:00,2026-08-03T20:00,1003975,https://fr.getaround.com/location-voiture/courbevoie/volkswagen-golf-1003975,Volkswagen Golf (2012),2012,Sur rendez-vous,COMPACTE,SEGMENT_RULES,THERMIQUE,False,60.0,,,,Asnières-sur-Seine,Courbevoie,Asnières-sur-Seine,1,655,False,False,,3760,1001,17
20260802T150127,A2,v3.4-search-json,2026-08-03T09:00,2026-08-03T20:00,1887161,https://fr.getaround.com/location-voiture/aubervilliers/renault-clio-1887161,Renault Clio (2017),2017,Sur rendez-vous,CITADINE,SEGMENT_RULES,THERMIQUE,False,67.0,,3.0,1,Asnières-sur-Seine,Aubervilliers,Asnières-sur-Seine|Paris 17e,2,655,False,False,,6940,1001,23
20260802T150127,A2,v3.4-search-json,2026-08-03T09:00,2026-08-03T20:00,1882472,https://fr.getaround.com/location-voiture/paris/audi-a3-sportback-tfsi-e-1882472,Audi A3 Sportback TFSI e (2026),2026,Sur rendez-vous,COMPACTE,SEGMENT_RULES,THERMIQUE,False,149.0,,,,Asnières-sur-Seine,Paris,Asnières-sur-Seine|Paris 17e,2,659,False,False,,7980,1001,24
20260802T150127,A2,v3.4-search-json,2026-08-03T09:00,2026-08-03T20:00,1605426,https://fr.getaround.com/location-voiture/saint-ouen-sur-seine/peugeot-308-1605426,Peugeot 308 (2019),2019,Sur rendez-vous,COMPACTE,SEGMENT_RULES,THERMIQUE,False,78.0,,,,Asnières-sur-Seine,Saint Ouen Sur Seine,Asnières-sur-Seine,1,660,False,False,,3050,1001,17
20260802T150127,A2,v3.4-search-json,2026-08-03T09:00,2026-08-03T20:00,1760005,https://fr.getaround.com/location-voiture/paris/lexus-ct-200h-1760005,Lexus CT 200h (2018),2018,Sur rendez-vous,SUV_COMPACT,SEGMENT_RULES,THERMIQUE,False,150.0,,,,Asnières-sur-Seine,Paris,Asnières-sur-Seine|Paris 17e,2,661,False,False,,9520,1001,23
20260802T150127,A2,v3.4-search-json,2026-08-03T09:00,2026-08-03T20:00,1769851,https://fr.getaround.com/location-voiture/pantin/peugeot-308-gt-1769851,Peugeot 308 GT (2014),2014,Sur rendez-vous,COMPACTE,SEGMENT_RULES,THERMIQUE,False,98.0,,,,Asnières-sur-Seine,Pantin,Asnières-sur-Seine|Paris 17e,2,662,False,False,,8029,1001,23
20260802T150127,A2,v3.4-search-json,2026-08-03T09:00,2026-08-03T20:00,1795325,https://fr.getaround.com/location-voiture/paris/renault-megane-e-tech-electrique-1795325,Renault Mégane E-tech Électrique (2022),2022,Sur rendez-vous,COMPACTE,SEGMENT_RULES,ELECTRIQUE,False,94.0,,5.0,2,Asnières-sur-Seine,Paris,Asnières-sur-Seine,1,664,False,False,,7760,1001,17
20260802T150127,A2,v3.4-search-json,2026-08-03T09:00,2026-08-03T20:00,1649661,https://fr.getaround.com/location-voiture/pantin/peugeot-308-sw-1649661,Peugeot 308 SW (2021),2021,Sur rendez-vous,BREAK,SEGMENT_RULES,THERMIQUE,False,83.0,,5.0,1,Asnières-sur-Seine,Pantin,Asnières-sur-Seine,1,666,False,False,,8250,1001,17
20260802T150127,A2,v3.4-search-json,2026-08-03T09:00,2026-08-03T20:00,1711475,https://fr.getaround.com/location-voiture/ermont/volkswagen-golf-1711475,Volkswagen Golf (2013),2013,Sur rendez-vous,COMPACTE,SEGMENT_RULES,THERMIQUE,False,61.0,,5.0,6,Asnières-sur-Seine,Ermont,Asnières-sur-Seine,1,669,False,False,,9040,1001,17
20260802T150127,A2,v3.4-search-json,2026-08-03T09:00,2026-08-03T20:00,1794421,https://fr.getaround.com/location-voiture/paris/volkswagen-golf-1794421,Volkswagen Golf (2025),2025,Sur rendez-vous,COMPACTE,SEGMENT_RULES,THERMIQUE,False,229.0,,,,Asnières-sur-Seine,Paris,Asnières-sur-Seine|Paris 17e,2,669,False,False,,8420,1001,25
20260802T150127,A2,v3.4-search-json,2026-08-03T09:00,2026-08-03T20:00,601143,https://fr.getaround.com/location-voiture/paris/renault-clio-601143,Renault Clio (2016),2016,Getaround Connect,CITADINE,SEGMENT_RULES,THERMIQUE,True,76.0,,4.68,184,Asnières-sur-Seine,Paris,Asnières-sur-Seine,1,670,False,False,,11100,1001,17
20260802T150127,A2,v3.4-search-json,2026-08-03T09:00,2026-08-03T20:00,941568,https://fr.getaround.com/location-voiture/argenteuil/peugeot-208-941568,Peugeot 208 (2016),2016,Sur rendez-vous,CITADINE,SEGMENT_RULES,THERMIQUE,False,61.0,,5.0,5,Asnières-sur-Seine,Argenteuil,Asnières-sur-Seine,1,673,False,False,,5760,1001,17
20260802T150127,A2,v3.4-search-json,2026-08-03T09:00,2026-08-03T20:00,1188348,https://fr.getaround.com/location-voiture/saint-denis/volkswagen-golf-1188348,Volkswagen Golf (2018),2018,Sur rendez-vous,COMPACTE,SEGMENT_RULES,THERMIQUE,False,112.0,,,,Asnières-sur-Seine,Saint Denis,Asnières-sur-Seine|Paris 17e,2,673,False,False,,6320,1001,22
20260802T150127,A2,v3.4-search-json,2026-08-03T09:00,2026-08-03T20:00,1453736,https://fr.getaround.com/location-voiture/puteaux/mercedes-benz-classe-c-1453736,Mercedes-Benz Classe C (2010),2010,Sur rendez-vous,BERLINE,SEGMENT_RULES,THERMIQUE,False,146.0,,4.7,5,Asnières-sur-Seine,Puteaux,Asnières-sur-Seine,1,674,False,False,,5540,1001,17
20260802T150127,A2,v3.4-search-json,2026-08-03T09:00,2026-08-03T20:00,1328441,https://fr.getaround.com/location-voiture/paris/toyota-auris-1328441,Toyota Auris (2019),2019,Sur rendez-vous,COMPACTE,SEGMENT_RULES,THERMIQUE,False,321.0,,,,Asnières-sur-Seine,Paris,Asnières-sur-Seine|Paris 17e,2,674,False,False,,4970,1001,25
20260802T150127,A2,v3.4-search-json,2026-08-03T09:00,2026-08-03T20:00,1945688,https://fr.getaround.com/location-voiture/paris/renault-clio-1945688,Renault Clio (2014),2014,Sur rendez-vous,CITADINE,SEGMENT_RULES,THERMIQUE,False,62.0,,,,Asnières-sur-Seine,Paris,Asnières-sur-Seine|Paris 17e,2,675,False,False,,11380,1001,25
20260802T150127,A2,v3.4-search-json,2026-08-03T09:00,2026-08-03T20:00,559151,https://fr.getaround.com/location-voiture/asnieres-sur-seine/renault-twingo-559151,Renault Twingo (2016),2016,Sur rendez-vous,CITADINE,SEGMENT_RULES,THERMIQUE,False,52.0,,3.0,2,Asnières-sur-Seine,Asnieres Sur Seine,Asnières-sur-Seine,1,676,False,False,,1530,1001,17
20260802T150127,A2,v3.4-search-json,2026-08-03T09:00,2026-08-03T20:00,1802379,https://fr.getaround.com/location-voiture/paris/audi-a1-1802379,Audi A1 (2012),2012,Sur rendez-vous,CITADINE,SEGMENT_RULES,THERMIQUE,False,171.0,,,,Asnières-sur-Seine,Paris,Asnières-sur-Seine|Paris 17e,2,676,False,False,,9720,1001,25
20260802T150127,A2,v3.4-search-json,2026-08-03T09:00,2026-08-03T20:00,1276489,https://fr.getaround.com/location-voiture/levallois-perret/mini-countryman-1276489,Mini Countryman (2010),2010,Sur rendez-vous,SUV_FAMILIAL,SEGMENT_RULES,THERMIQUE,False,83.0,,,,Asnières-sur-Seine,Levallois Perret,Asnières-sur-Seine,1,679,False,False,,2850,1001,17
20260802T150127,A2,v3.4-search-json,2026-08-03T09:00,2026-08-03T20:00,1243940,https://fr.getaround.com/location-voiture/paris/fiat-500-1243940,Fiat 500 (2022),2022,Sur rendez-vous,CITADINE,SEGMENT_RULES,THERMIQUE,False,53.0,,4.92,12,Asnières-sur-Seine,Paris,Asnières-sur-Seine,1,680,False,False,,9320,1001,17
20260802T150127,A2,v3.4-search-json,2026-08-03T09:00,2026-08-03T20:00,1476521,https://fr.getaround.com/location-voiture/paris/toyota-c-hr-1476521,Toyota C-HR (2017),2017,Sur rendez-vous,SUV_COMPACT,SEGMENT_RULES,THERMIQUE,False,125.0,,,,Asnières-sur-Seine,Paris,Asnières-sur-Seine|Paris 17e,2,681,False,False,,10360,1001,25
20260802T150127,A2,v3.4-search-json,2026-08-03T09:00,2026-08-03T20:00,1774551,https://fr.getaround.com/location-voiture/villeneuve-la-garenne/citroen-c4-1774551,Citroen C4 (2020),2020,Sur rendez-vous,COMPACTE,SEGMENT_RULES,THERMIQUE,False,66.0,,,,Asnières-sur-Seine,Villeneuve La Garenne,Asnières-sur-Seine,1,683,False,False,,4190,1001,18
20260802T150127,A2,v3.4-search-json,2026-08-03T09:00,2026-08-03T20:00,1301867,https://fr.getaround.com/location-voiture/levallois-perret/tesla-model-3-1301867,Tesla Model 3 (2023),2023,Sur rendez-vous,BERLINE,SEGMENT_RULES,ELECTRIQUE,False,146.0,,5.0,1,Asnières-sur-Seine,Levallois Perret,Asnières-sur-Seine,1,685,False,False,,2150,1001,18
20260802T150127,A2,v3.4-search-json,2026-08-03T09:00,2026-08-03T20:00,1712339,https://fr.getaround.com/location-voiture/saint-denis/peugeot-308-1712339,Peugeot 308 (2024),2024,Sur rendez-vous,COMPACTE,SEGMENT_RULES,THERMIQUE,False,109.0,,,,Asnières-sur-Seine,Saint Denis,Asnières-sur-Seine|Paris 17e,2,685,False,False,,7350,1001,24
20260802T150127,A2,v3.4-search-json,2026-08-03T09:00,2026-08-03T20:00,1513176,https://fr.getaround.com/location-voiture/saint-denis/bmw-serie-1-1513176,BMW Série 1 (2019),2019,Sur rendez-vous,COMPACTE,SEGMENT_RULES,THERMIQUE,False,131.0,,,,Asnières-sur-Seine,Saint Denis,Asnières-sur-Seine|Paris 17e,2,687,False,False,,6020,1001,24
20260802T150127,A2,v3.4-search-json,2026-08-03T09:00,2026-08-03T20:00,1585640,https://fr.getaround.com/location-voiture/nanterre/citroen-ds5-1585640,Citroen DS5 (2012),2012,Sur rendez-vous,BERLINE,SEGMENT_RULES,THERMIQUE,False,85.0,,4.43,7,Asnières-sur-Seine,Nanterre,Asnières-sur-Seine,1,689,False,False,,5610,1001,18
20260802T150127,A2,v3.4-search-json,2026-08-03T09:00,2026-08-03T20:00,1367171,https://fr.getaround.com/location-voiture/paris/hyundai-ix20-1367171,Hyundai iX20 (2011),2011,Sur rendez-vous,MONOSPACE,SEGMENT_RULES,THERMIQUE,False,119.0,,,,Asnières-sur-Seine,Paris,Asnières-sur-Seine|Paris 17e,2,690,False,False,,9190,1001,25
20260802T150127,A2,v3.4-search-json,2026-08-03T09:00,2026-08-03T20:00,1818600,https://fr.getaround.com/location-voiture/paris/tesla-model-3-1818600,Tesla Model 3 (2022),2022,Sur rendez-vous,BERLINE,SEGMENT_RULES,ELECTRIQUE,False,115.0,,,,Asnières-sur-Seine,Paris,Asnières-sur-Seine,1,691,False,False,,10720,1001,18
20260802T150127,A2,v3.4-search-json,2026-08-03T09:00,2026-08-03T20:00,458832,https://fr.getaround.com/location-voiture/paris/fiat-500-458832,Fiat 500 (2011),2011,Sur rendez-vous,CITADINE,SEGMENT_RULES,THERMIQUE,True,53.0,,4.29,86,Asnières-sur-Seine,Paris,Asnières-sur-Seine,1,692,False,False,,10650,1001,18
20260802T150127,A2,v3.4-search-json,2026-08-03T09:00,2026-08-03T20:00,1936273,https://fr.getaround.com/location-voiture/paris/toyota-aygo-1936273,Toyota Aygo (2018),2018,Sur rendez-vous,MICRO_CITADINE,SEGMENT_RULES,THERMIQUE,False,61.0,,,,Asnières-sur-Seine,Paris,Asnières-sur-Seine|Paris 17e,2,692,False,False,,8390,1001,25
20260802T150127,A2,v3.4-search-json,2026-08-03T09:00,2026-08-03T20:00,1934964,https://fr.getaround.com/location-voiture/garges-les-gonesse/nissan-juke-1934964,Nissan Juke (2012),2012,Sur rendez-vous,SUV_COMPACT,SEGMENT_RULES,THERMIQUE,False,82.0,,,,Asnières-sur-Seine,Garges Les Gonesse,Asnières-sur-Seine,1,693,False,False,,10300,1001,18
20260802T150127,A2,v3.4-search-json,2026-08-03T09:00,2026-08-03T20:00,1770100,https://fr.getaround.com/location-voiture/paris/smart-fortwo-passion-1770100,Smart Fortwo Passion (2015),2015,Sur rendez-vous,MICRO_CITADINE,SEGMENT_RULES,THERMIQUE,False,121.0,,,,Asnières-sur-Seine,Paris,Asnières-sur-Seine|Paris 17e,2,693,False,False,,10470,1001,25
20260802T150127,A2,v3.4-search-json,2026-08-03T09:00,2026-08-03T20:00,1417012,https://fr.getaround.com/location-voiture/paris/peugeot-208-1417012,Peugeot 208 (2023),2023,Getaround Connect,CITADINE,SEGMENT_RULES,THERMIQUE,True,57.0,,2.75,32,Asnières-sur-Seine,Paris,Asnières-sur-Seine|Paris 17e,2,694,False,False,,10220,1001,25
20260802T150127,A2,v3.4-search-json,2026-08-03T09:00,2026-08-03T20:00,1008581,https://fr.getaround.com/location-voiture/paris/audi-a3-1008581,Audi A3 (2021),2021,Sur rendez-vous,COMPACTE,SEGMENT_RULES,THERMIQUE,False,233.0,,,,Asnières-sur-Seine,Paris,Asnières-sur-Seine|Paris 17e,2,695,False,False,,11140,1001,25
20260802T150127,A2,v3.4-search-json,2026-08-03T09:00,2026-08-03T20:00,601145,https://fr.getaround.com/location-voiture/paris/renault-clio-601145,Renault Clio (2015),2015,Getaround Connect,CITADINE,SEGMENT_RULES,THERMIQUE,True,76.0,,4.65,168,Asnières-sur-Seine,Paris,Asnières-sur-Seine,1,696,False,False,,11100,1001,18
20260802T150127,A2,v3.4-search-json,2026-08-03T09:00,2026-08-03T20:00,1805648,https://fr.getaround.com/location-voiture/paris/peugeot-208-1805648,Peugeot 208 (2024),2024,Sur rendez-vous,CITADINE,SEGMENT_RULES,THERMIQUE,False,87.0,,1.0,2,Paris 17e,Paris,Paris 17e,1,698,False,False,,7270,698,18
20260802T150127,A2,v3.4-search-json,2026-08-03T09:00,2026-08-03T20:00,1824907,https://fr.getaround.com/location-voiture/argenteuil/opel-adam-1824907,Opel Adam (2016),2016,Sur rendez-vous,CITADINE,SEGMENT_RULES,THERMIQUE,False,65.0,,,,Asnières-sur-Seine,Argenteuil,Asnières-sur-Seine,1,701,False,False,,4970,1001,18
20260802T150127,A2,v3.4-search-json,2026-08-03T09:00,2026-08-03T20:00,1885100,https://fr.getaround.com/location-voiture/garges-les-gonesse/toyota-auris-1885100,Toyota Auris (2013),2013,Sur rendez-vous,COMPACTE,SEGMENT_RULES,THERMIQUE,True,70.0,,,,Asnières-sur-Seine,Garges Les Gonesse,Asnières-sur-Seine,1,708,False,False,,10300,1001,18
20260802T150127,A2,v3.4-search-json,2026-08-03T09:00,2026-08-03T20:00,1587360,https://fr.getaround.com/location-voiture/villeneuve-la-garenne/kia-niro-hybride-1587360,Kia Niro Hybride (2019),2019,Sur rendez-vous,SUV_COMPACT,SEGMENT_RULES,HYBRIDE,False,96.0,,,,Asnières-sur-Seine,Villeneuve La Garenne,Asnières-sur-Seine,1,710,False,False,,3770,1001,18
20260802T150127,A2,v3.4-search-json,2026-08-03T09:00,2026-08-03T20:00,1289755,https://fr.getaround.com/location-voiture/paris/seat-ateca-1289755,Seat Ateca (2017),2017,Sur rendez-vous,NON_CLASSE,SEGMENT_RULES,THERMIQUE,False,87.0,,4.43,7,Asnières-sur-Seine,Paris,Asnières-sur-Seine,1,711,False,False,,5020,1001,18
20260802T150127,A2,v3.4-search-json,2026-08-03T09:00,2026-08-03T20:00,1916099,https://fr.getaround.com/location-voiture/epinay-sur-seine/mini-cooper-5-portes-1916099,Mini Cooper 5 portes (2020),2020,Sur rendez-vous,CITADINE,SEGMENT_RULES,THERMIQUE,False,63.0,,,,Asnières-sur-Seine,Epinay Sur Seine,Asnières-sur-Seine,1,712,False,False,,5270,1001,18
20260802T150127,A2,v3.4-search-json,2026-08-03T09:00,2026-08-03T20:00,1925598,https://fr.getaround.com/location-voiture/montigny-les-cormeilles/peugeot-208-societe-1925598,Peugeot 208 Société (2016),2016,Sur rendez-vous,CITADINE,SEGMENT_RULES,THERMIQUE,False,61.0,,,,Asnières-sur-Seine,Montigny Les Cormeilles,Asnières-sur-Seine,1,713,False,False,,10420,1001,18
20260802T150127,A2,v3.4-search-json,2026-08-03T09:00,2026-08-03T20:00,1909179,https://fr.getaround.com/location-voiture/garges-les-gonesse/peugeot-5008-1909179,Peugeot 5008 (2019),2019,Sur rendez-vous,MONOSPACE,SEGMENT_RULES,THERMIQUE,False,124.0,,,,Asnières-sur-Seine,Garges Les Gonesse,Asnières-sur-Seine,1,714,False,False,,10180,1001,18
20260802T150127,A2,v3.4-search-json,2026-08-03T09:00,2026-08-03T20:00,1312071,https://fr.getaround.com/location-voiture/cormeilles-en-parisis/kia-picanto-1312071,Kia Picanto (2017),2017,Sur rendez-vous,CITADINE,SEGMENT_RULES,THERMIQUE,False,81.0,,5.0,10,Asnières-sur-Seine,Cormeilles En Parisis,Asnières-sur-Seine,1,716,False,False,,8830,1001,18
20260802T150127,A2,v3.4-search-json,2026-08-03T09:00,2026-08-03T20:00,1052264,https://fr.getaround.com/location-voiture/paris/chevrolet-aveo-1052264,Chevrolet Aveo (2012),2012,Sur rendez-vous,CITADINE,SEGMENT_RULES,THERMIQUE,False,71.0,,4.98,32,Asnières-sur-Seine,Paris,Asnières-sur-Seine,1,717,False,False,,6280,1001,18
20260802T150127,A2,v3.4-search-json,2026-08-03T09:00,2026-08-03T20:00,1900490,https://fr.getaround.com/location-voiture/eaubonne/ds-7-1900490,DS 7 (2019),2019,Sur rendez-vous,SUV_FAMILIAL,SEGMENT_RULES,THERMIQUE,False,136.0,,,,Asnières-sur-Seine,Eaubonne,Asnières-sur-Seine,1,718,False,False,,8230,1001,18
20260802T150127,A2,v3.4-search-json,2026-08-03T09:00,2026-08-03T20:00,1796070,https://fr.getaround.com/location-voiture/paris/bmw-x1-1796070,BMW X1 (2017),2017,Sur rendez-vous,SUV_FAMILIAL,SEGMENT_RULES,THERMIQUE,False,125.0,,5.0,1,Asnières-sur-Seine,Paris,Asnières-sur-Seine,1,719,False,False,,7530,1001,18
20260802T150127,A2,v3.4-search-json,2026-08-03T09:00,2026-08-03T20:00,1695642,https://fr.getaround.com/location-voiture/paris/honda-civic-1695642,Honda Civic (2010),2010,Sur rendez-vous,COMPACTE,SEGMENT_RULES,THERMIQUE,False,71.0,,5.0,5,Asnières-sur-Seine,Paris,Asnières-sur-Seine,1,721,False,False,,7550,1001,19
20260802T150127,A2,v3.4-search-json,2026-08-03T09:00,2026-08-03T20:00,1445169,https://fr.getaround.com/location-voiture/villeneuve-la-garenne/renault-kangoo-1445169,Renault Kangoo (2014),2014,Sur rendez-vous,UTILITAIRE,SEGMENT_RULES,THERMIQUE,False,76.0,,,,Asnières-sur-Seine,Villeneuve La Garenne,Asnières-sur-Seine,1,724,False,False,,3730,1001,19
20260802T150127,A2,v3.4-search-json,2026-08-03T09:00,2026-08-03T20:00,1837306,https://fr.getaround.com/location-voiture/paris/renault-twingo-1837306,Renault Twingo (2016),2016,Sur rendez-vous,CITADINE,SEGMENT_RULES,THERMIQUE,False,63.0,,5.0,9,Asnières-sur-Seine,Paris,Asnières-sur-Seine,1,725,False,False,,11380,1001,19
20260802T150127,A2,v3.4-search-json,2026-08-03T09:00,2026-08-03T20:00,812347,https://fr.getaround.com/location-voiture/eaubonne/renault-twingo-812347,Renault Twingo (2014),2014,Sur rendez-vous,CITADINE,SEGMENT_RULES,THERMIQUE,False,45.0,,4.9,5,Asnières-sur-Seine,Eaubonne,Asnières-sur-Seine,1,730,False,False,,8880,1001,19
20260802T150127,A2,v3.4-search-json,2026-08-03T09:00,2026-08-03T20:00,848890,https://fr.getaround.com/location-voiture/argenteuil/volkswagen-polo-848890,Volkswagen Polo (2018),2018,Sur rendez-vous,CITADINE,SEGMENT_RULES,THERMIQUE,False,92.0,,5.0,2,Asnières-sur-Seine,Argenteuil,Asnières-sur-Seine,1,731,False,False,,3890,1001,19
20260802T150127,A2,v3.4-search-json,2026-08-03T09:00,2026-08-03T20:00,1919963,https://fr.getaround.com/location-voiture/herblay-sur-seine/peugeot-2008-1919963,Peugeot 2008 (2020),2020,Sur rendez-vous,SUV_COMPACT,SEGMENT_RULES,THERMIQUE,False,86.0,,5.0,2,Asnières-sur-Seine,Herblay Sur Seine,Asnières-sur-Seine,1,733,False,False,,12340,1001,19
20260802T150127,A2,v3.4-search-json,2026-08-03T09:00,2026-08-03T20:00,1524973,https://fr.getaround.com/location-voiture/neuilly-sur-seine/renault-zoe-1524973,Renault ZOE (2018),2018,Sur rendez-vous,CITADINE,SEGMENT_RULES,ELECTRIQUE,False,72.0,,4.0,1,Asnières-sur-Seine,Neuilly Sur Seine,Asnières-sur-Seine,1,734,False,False,,3150,1001,19
20260802T150127,A2,v3.4-search-json,2026-08-03T09:00,2026-08-03T20:00,1707041,https://fr.getaround.com/location-voiture/paris/renault-clio-1707041,Renault Clio (2013),2013,Sur rendez-vous,CITADINE,SEGMENT_RULES,THERMIQUE,False,63.0,,4.5,8,Asnières-sur-Seine,Paris,Asnières-sur-Seine,1,736,False,False,,6760,1001,19
20260802T150127,A2,v3.4-search-json,2026-08-03T09:00,2026-08-03T20:00,1686094,https://fr.getaround.com/location-voiture/epinay-sur-seine/renault-megane-e-tech-electrique-1686094,Renault Mégane E-tech Électrique (2024),2024,Sur rendez-vous,COMPACTE,SEGMENT_RULES,ELECTRIQUE,False,90.0,,,,Asnières-sur-Seine,Epinay Sur Seine,Asnières-sur-Seine,1,737,False,False,,5100,1001,19
20260802T150127,A2,v3.4-search-json,2026-08-03T09:00,2026-08-03T20:00,1615156,https://fr.getaround.com/location-voiture/herblay-sur-seine/ford-focus-1615156,Ford Focus (2019),2019,Sur rendez-vous,COMPACTE,SEGMENT_RULES,THERMIQUE,False,75.0,,5.0,1,Asnières-sur-Seine,Herblay Sur Seine,Asnières-sur-Seine,1,738,False,False,,11700,1001,19
20260802T150127,A2,v3.4-search-json,2026-08-03T09:00,2026-08-03T20:00,1338569,https://fr.getaround.com/location-voiture/sartrouville/citroen-c4-1338569,Citroen C4 (2012),2012,Sur rendez-vous,COMPACTE,SEGMENT_RULES,THERMIQUE,False,76.0,,5.0,3,Asnières-sur-Seine,Sartrouville,Asnières-sur-Seine,1,740,False,False,,9240,1001,19
20260802T150127,A2,v3.4-search-json,2026-08-03T09:00,2026-08-03T20:00,1511616,https://fr.getaround.com/location-voiture/paris/fiat-500-x-1511616,Fiat 500 X (2015),2015,Sur rendez-vous,CITADINE,SEGMENT_RULES,THERMIQUE,False,75.0,,,,Asnières-sur-Seine,Paris,Asnières-sur-Seine,1,743,False,False,,3690,1001,19
20260802T150127,A2,v3.4-search-json,2026-08-03T09:00,2026-08-03T20:00,1508681,https://fr.getaround.com/location-voiture/montmorency/bmw-x1-xdrive18d-1508681,BMW X1 xDrive18d (2011),2011,Sur rendez-vous,SUV_FAMILIAL,SEGMENT_RULES,THERMIQUE,False,117.0,,,,Asnières-sur-Seine,Montmorency,Asnières-sur-Seine,1,744,False,False,,6560,1001,19
20260802T150127,A2,v3.4-search-json,2026-08-03T09:00,2026-08-03T20:00,1635201,https://fr.getaround.com/location-voiture/rueil-malmaison/skoda-citigo-1635201,Skoda Citigo (2014),2014,Sur rendez-vous,CITADINE,SEGMENT_RULES,THERMIQUE,False,58.0,,5.0,3,Asnières-sur-Seine,Rueil Malmaison,Asnières-sur-Seine,1,745,False,False,,9390,1001,19
20260802T150127,A2,v3.4-search-json,2026-08-03T09:00,2026-08-03T20:00,1745279,https://fr.getaround.com/location-voiture/villeneuve-la-garenne/renault-megane-iv-1745279,Renault Mégane IV (2017),2017,Sur rendez-vous,COMPACTE,SEGMENT_RULES,THERMIQUE,False,84.0,,,,Asnières-sur-Seine,Villeneuve La Garenne,Asnières-sur-Seine,1,746,False,False,,3830,1001,19
20260802T150127,A2,v3.4-search-json,2026-08-03T09:00,2026-08-03T20:00,1628212,https://fr.getaround.com/location-voiture/paris/renault-megane-estate-1628212,Renault Mégane Estate (2014),2014,Sur rendez-vous,BREAK,SEGMENT_RULES,THERMIQUE,False,71.0,,4.95,10,Asnières-sur-Seine,Paris,Asnières-sur-Seine,1,748,False,False,,6330,1001,19
20260802T150127,A2,v3.4-search-json,2026-08-03T09:00,2026-08-03T20:00,1365442,https://fr.getaround.com/location-voiture/deuil-la-barre/renault-twingo-iii-1365442,Renault Twingo III (2017),2017,Sur rendez-vous,CITADINE,SEGMENT_RULES,THERMIQUE,False,62.0,,5.0,1,Asnières-sur-Seine,Deuil La Barre,Asnières-sur-Seine,1,749,False,False,,5560,1001,19
20260802T150127,A2,v3.4-search-json,2026-08-03T09:00,2026-08-03T20:00,1769264,https://fr.getaround.com/location-voiture/soisy-sous-montmorency/fiat-500-1769264,Fiat 500 (2020),2020,Sur rendez-vous,CITADINE,SEGMENT_RULES,THERMIQUE,False,54.0,,5.0,1,Asnières-sur-Seine,Soisy Sous Montmorency,Asnières-sur-Seine,1,751,False,False,,8290,1001,19
20260802T150127,A2,v3.4-search-json,2026-08-03T09:00,2026-08-03T20:00,1432798,https://fr.getaround.com/location-voiture/paris/citroen-berlingo-multispace-1432798,Citroen Berlingo Multispace (2017),2017,Sur rendez-vous,MONOSPACE,SEGMENT_RULES,THERMIQUE,False,58.0,,5.0,29,Asnières-sur-Seine,Paris,Asnières-sur-Seine,1,754,False,False,,11080,1001,19
20260802T150127,A2,v3.4-search-json,2026-08-03T09:00,2026-08-03T20:00,1936536,https://fr.getaround.com/location-voiture/eaubonne/renault-clio-1936536,Renault Clio (2024),2024,Sur rendez-vous,CITADINE,SEGMENT_RULES,THERMIQUE,False,63.0,,,,Asnières-sur-Seine,Eaubonne,Asnières-sur-Seine,1,755,False,False,,8480,1001,19
20260802T150127,A2,v3.4-search-json,2026-08-03T09:00,2026-08-03T20:00,1380634,https://fr.getaround.com/location-voiture/villeneuve-la-garenne/citroen-c4-picasso-1380634,Citroen C4 Picasso (2015),2015,Sur rendez-vous,MONOSPACE,SEGMENT_RULES,THERMIQUE,False,124.0,,5.0,4,Asnières-sur-Seine,Villeneuve La Garenne,Asnières-sur-Seine,1,757,False,False,,3400,1001,19
20260802T150127,A2,v3.4-search-json,2026-08-03T09:00,2026-08-03T20:00,1902680,https://fr.getaround.com/location-voiture/franconville/renault-clio-1902680,Renault Clio (2018),2018,Sur rendez-vous,CITADINE,SEGMENT_RULES,THERMIQUE,False,70.0,,,,Asnières-sur-Seine,Franconville,Asnières-sur-Seine,1,758,False,False,,10140,1001,19
20260802T150127,A2,v3.4-search-json,2026-08-03T09:00,2026-08-03T20:00,1255203,https://fr.getaround.com/location-voiture/pierrefitte-sur-seine/toyota-yaris-cross-1255203,Toyota Yaris Cross (2023),2023,Sur rendez-vous,SUV_COMPACT,SEGMENT_RULES,THERMIQUE,False,90.0,,5.0,11,Asnières-sur-Seine,Pierrefitte Sur Seine,Asnières-sur-Seine,1,759,False,False,,8039,1001,19
20260802T150127,A2,v3.4-search-json,2026-08-03T09:00,2026-08-03T20:00,1721164,https://fr.getaround.com/location-voiture/paris/lexus-ux-250h-1721164,Lexus UX 250h (2022),2022,Sur rendez-vous,SUV_COMPACT,SEGMENT_RULES,THERMIQUE,False,128.0,,,,Asnières-sur-Seine,Paris,Asnières-sur-Seine,1,760,False,False,,10790,1001,19
20260802T150127,A2,v3.4-search-json,2026-08-03T09:00,2026-08-03T20:00,1856808,https://fr.getaround.com/location-voiture/deuil-la-barre/byd-seal-excellence-awd-1856808,BYD SEAL Excellence-AWD (2025),2025,Sur rendez-vous,BERLINE,SEGMENT_RULES,THERMIQUE,False,131.0,,,,Asnières-sur-Seine,Deuil La Barre,Asnières-sur-Seine,1,761,False,False,,5600,1001,20
20260802T150127,A2,v3.4-search-json,2026-08-03T09:00,2026-08-03T20:00,1857571,https://fr.getaround.com/location-voiture/paris/mini-cooper-5-portes-1857571,Mini Cooper 5 portes (2018),2018,Sur rendez-vous,CITADINE,SEGMENT_RULES,THERMIQUE,False,80.0,,,,Asnières-sur-Seine,Paris,Asnières-sur-Seine,1,763,False,False,,11080,1001,20
20260802T150127,A2,v3.4-search-json,2026-08-03T09:00,2026-08-03T20:00,1775313,https://fr.getaround.com/location-voiture/ermont/peugeot-508-1775313,Peugeot 508 (2018),2018,Sur rendez-vous,BERLINE,SEGMENT_RULES,THERMIQUE,False,100.0,,,,Asnières-sur-Seine,Ermont,Asnières-sur-Seine,1,766,False,False,,9240,1001,20
20260802T150127,A2,v3.4-search-json,2026-08-03T09:00,2026-08-03T20:00,1324423,https://fr.getaround.com/location-voiture/paris/toyota-rav-4-hybride-1324423,Toyota RAV 4 Hybride (2022),2022,Sur rendez-vous,SUV_FAMILIAL,SEGMENT_RULES,HYBRIDE,False,103.0,,5.0,1,Asnières-sur-Seine,Paris,Asnières-sur-Seine,1,768,False,False,,6050,1001,20
20260802T150127,A2,v3.4-search-json,2026-08-03T09:00,2026-08-03T20:00,1928704,https://fr.getaround.com/location-voiture/garges-les-gonesse/opel-corsa-1928704,Opel Corsa (2012),2012,Sur rendez-vous,CITADINE,SEGMENT_RULES,THERMIQUE,False,65.0,,,,Asnières-sur-Seine,Garges Les Gonesse,Asnières-sur-Seine,1,769,False,False,,10840,1001,20
20260802T150127,A2,v3.4-search-json,2026-08-03T09:00,2026-08-03T20:00,1487613,https://fr.getaround.com/location-voiture/saint-gratien/peugeot-e-2008-1487613,Peugeot e-2008 (2024),2024,Sur rendez-vous,SUV_COMPACT,SEGMENT_RULES,THERMIQUE,False,96.0,,,,Asnières-sur-Seine,Saint Gratien,Asnières-sur-Seine,1,770,False,False,,4960,1001,20
20260802T150127,A2,v3.4-search-json,2026-08-03T09:00,2026-08-03T20:00,653236,https://fr.getaround.com/location-voiture/paris/volkswagen-up-653236,Volkswagen Up! (2012),2012,Sur rendez-vous,MICRO_CITADINE,SEGMENT_RULES,THERMIQUE,False,81.0,,4.76,41,Asnières-sur-Seine,Paris,Asnières-sur-Seine,1,772,False,False,,6980,1001,20
20260802T150127,A2,v3.4-search-json,2026-08-03T09:00,2026-08-03T20:00,1790976,https://fr.getaround.com/location-voiture/sartrouville/toyota-yaris-1790976,Toyota Yaris (2012),2012,Sur rendez-vous,CITADINE,SEGMENT_RULES,THERMIQUE,False,49.0,,,,Asnières-sur-Seine,Sartrouville,Asnières-sur-Seine,1,774,False,False,,7160,1001,20
20260802T150127,A2,v3.4-search-json,2026-08-03T09:00,2026-08-03T20:00,1098377,https://fr.getaround.com/location-voiture/paris/mercedes-classe-a-1098377,Mercedes Classe A (2016),2016,Sur rendez-vous,COMPACTE,SEGMENT_RULES,THERMIQUE,False,160.0,,5.0,1,Asnières-sur-Seine,Paris,Asnières-sur-Seine,1,777,False,False,,3830,1001,20
20260802T150127,A2,v3.4-search-json,2026-08-03T09:00,2026-08-03T20:00,1618877,https://fr.getaround.com/location-voiture/pantin/toyota-yaris-1618877,Toyota Yaris (2011),2011,Sur rendez-vous,CITADINE,SEGMENT_RULES,THERMIQUE,False,69.0,,,,Asnières-sur-Seine,Pantin,Asnières-sur-Seine,1,778,False,False,,9280,1001,20
20260802T150127,A2,v3.4-search-json,2026-08-03T09:00,2026-08-03T20:00,1172994,https://fr.getaround.com/location-voiture/courbevoie/dacia-lodgy-1172994,Dacia Lodgy (2014),2014,Sur rendez-vous,MONOSPACE,SEGMENT_RULES,THERMIQUE,False,84.0,,1.0,1,Asnières-sur-Seine,Courbevoie,Asnières-sur-Seine,1,782,False,False,,1680,1001,20
20260802T150127,A2,v3.4-search-json,2026-08-03T09:00,2026-08-03T20:00,1945806,https://fr.getaround.com/location-voiture/sarcelles/toyota-c-hr-hybrid-1945806,Toyota C-HR Hybrid (2024),2024,Sur rendez-vous,SUV_COMPACT,SEGMENT_RULES,HYBRIDE,False,74.0,,,,Asnières-sur-Seine,Sarcelles,Asnières-sur-Seine,1,783,False,False,,11790,1001,20
20260802T150127,A2,v3.4-search-json,2026-08-03T09:00,2026-08-03T20:00,1775217,https://fr.getaround.com/location-voiture/paris/peugeot-3008-1775217,Peugeot 3008 (2015),2015,Sur rendez-vous,SUV_FAMILIAL,SEGMENT_RULES,THERMIQUE,False,96.0,,,,Asnières-sur-Seine,Paris,Asnières-sur-Seine,1,786,False,False,,8580,1001,20
20260802T150127,A2,v3.4-search-json,2026-08-03T09:00,2026-08-03T20:00,1691765,https://fr.getaround.com/location-voiture/argenteuil/citroen-c3-aircross-1691765,Citroen C3 Aircross (2019),2019,Sur rendez-vous,CITADINE,SEGMENT_RULES,THERMIQUE,False,97.0,,5.0,2,Asnières-sur-Seine,Argenteuil,Asnières-sur-Seine,1,787,False,False,,5420,1001,20
20260802T150127,A2,v3.4-search-json,2026-08-03T09:00,2026-08-03T20:00,1290106,https://fr.getaround.com/location-voiture/argenteuil/mini-cooper-f56-1290106,Mini Cooper F56 (2018),2018,Sur rendez-vous,CITADINE,SEGMENT_RULES,THERMIQUE,False,78.0,,,,Asnières-sur-Seine,Argenteuil,Asnières-sur-Seine,1,789,False,False,,6090,1001,20
20260802T150127,A2,v3.4-search-json,2026-08-03T09:00,2026-08-03T20:00,1928072,https://fr.getaround.com/location-voiture/eaubonne/smart-fortwo-passion-1928072,Smart Fortwo Passion (2015),2015,Sur rendez-vous,MICRO_CITADINE,SEGMENT_RULES,THERMIQUE,True,75.0,,,,Asnières-sur-Seine,Eaubonne,Asnières-sur-Seine,1,790,False,False,,8690,1001,20
20260802T150127,A2,v3.4-search-json,2026-08-03T09:00,2026-08-03T20:00,1723737,https://fr.getaround.com/location-voiture/ermont/bmw-serie-3-1723737,BMW Série 3 (2017),2017,Sur rendez-vous,BERLINE,SEGMENT_RULES,THERMIQUE,False,109.0,,,,Asnières-sur-Seine,Ermont,Asnières-sur-Seine,1,791,False,False,,8380,1001,20
20260802T150127,A2,v3.4-search-json,2026-08-03T09:00,2026-08-03T20:00,1553665,https://fr.getaround.com/location-voiture/argenteuil/renault-clio-1553665,Renault Clio (2020),2020,Sur rendez-vous,CITADINE,SEGMENT_RULES,THERMIQUE,False,73.0,,,,Asnières-sur-Seine,Argenteuil,Asnières-sur-Seine,1,794,False,False,,4420,1001,20
20260802T150127,A2,v3.4-search-json,2026-08-03T09:00,2026-08-03T20:00,1531263,https://fr.getaround.com/location-voiture/suresnes/peugeot-107-1531263,Peugeot 107 (2012),2012,Sur rendez-vous,MICRO_CITADINE,SEGMENT_RULES,THERMIQUE,False,57.0,,,,Asnières-sur-Seine,Suresnes,Asnières-sur-Seine,1,795,False,False,,7390,1001,20
20260802T150127,A2,v3.4-search-json,2026-08-03T09:00,2026-08-03T20:00,736745,https://fr.getaround.com/location-voiture/paris/mini-paceman-736745,Mini Paceman (2015),2015,Sur rendez-vous,NON_CLASSE,SEGMENT_RULES,THERMIQUE,False,89.0,,,,Asnières-sur-Seine,Paris,Asnières-sur-Seine,1,796,False,False,,9290,1001,20
20260802T150127,A2,v3.4-search-json,2026-08-03T09:00,2026-08-03T20:00,1821625,https://fr.getaround.com/location-voiture/groslay/peugeot-2008-1821625,Peugeot 2008 (2014),2014,Sur rendez-vous,SUV_COMPACT,SEGMENT_RULES,THERMIQUE,False,80.0,,,,Asnières-sur-Seine,Groslay,Asnières-sur-Seine,1,797,False,False,,8920,1001,20
20260802T150127,A2,v3.4-search-json,2026-08-03T09:00,2026-08-03T20:00,1096727,https://fr.getaround.com/location-voiture/ermont/mazda-2-1096727,Mazda 2 (2013),2013,Sur rendez-vous,COMPACTE,SEGMENT_RULES,THERMIQUE,False,66.0,,,,Asnières-sur-Seine,Ermont,Asnières-sur-Seine,1,798,False,False,,7470,1001,20
20260802T150127,A2,v3.4-search-json,2026-08-03T09:00,2026-08-03T20:00,1337674,https://fr.getaround.com/location-voiture/rueil-malmaison/renault-arkana-e-tech-1337674,Renault Arkana E-Tech (2022),2022,Sur rendez-vous,COMPACTE,SEGMENT_RULES,ELECTRIQUE,False,105.0,,,,Asnières-sur-Seine,Rueil Malmaison,Asnières-sur-Seine,1,800,False,False,,8280,1001,20
20260802T150127,A2,v3.4-search-json,2026-08-03T09:00,2026-08-03T20:00,1917332,https://fr.getaround.com/location-voiture/drancy/renault-clio-1917332,Renault Clio (2018),2018,Sur rendez-vous,CITADINE,SEGMENT_RULES,THERMIQUE,False,70.0,,,,Asnières-sur-Seine,Drancy,Asnières-sur-Seine,1,802,False,False,,9900,1001,21
20260802T150127,A2,v3.4-search-json,2026-08-03T09:00,2026-08-03T20:00,1767514,https://fr.getaround.com/location-voiture/deuil-la-barre/renault-scenic-1767514,Renault Scenic (2016),2016,Sur rendez-vous,MONOSPACE,SEGMENT_RULES,THERMIQUE,False,106.0,,5.0,2,Asnières-sur-Seine,Deuil La Barre,Asnières-sur-Seine,1,805,False,False,,6920,1001,21
20260802T150127,A2,v3.4-search-json,2026-08-03T09:00,2026-08-03T20:00,1780899,https://fr.getaround.com/location-voiture/nanterre/mercedes-benz-classe-a-180-1780899,Mercedes-Benz Classe A 180 (2020),2020,Sur rendez-vous,COMPACTE,SEGMENT_RULES,THERMIQUE,False,125.0,,,,Asnières-sur-Seine,Nanterre,Asnières-sur-Seine,1,806,False,False,,5300,1001,21
20260802T150127,A2,v3.4-search-json,2026-08-03T09:00,2026-08-03T20:00,1727202,https://fr.getaround.com/location-voiture/les-lilas/citroen-c5-1727202,Citroen C5 (2012),2012,Sur rendez-vous,NON_CLASSE,SEGMENT_RULES,THERMIQUE,False,98.0,,,,Asnières-sur-Seine,Les Lilas,Asnières-sur-Seine,1,807,False,False,,10420,1001,21
20260802T150127,A2,v3.4-search-json,2026-08-03T09:00,2026-08-03T20:00,1500029,https://fr.getaround.com/location-voiture/villeneuve-la-garenne/renault-kadjar-1500029,Renault Kadjar (2017),2017,Sur rendez-vous,SUV_FAMILIAL,SEGMENT_RULES,THERMIQUE,False,72.0,,5.0,1,Asnières-sur-Seine,Villeneuve La Garenne,Asnières-sur-Seine,1,808,False,False,,3460,1001,21
20260802T150127,A2,v3.4-search-json,2026-08-03T09:00,2026-08-03T20:00,1915646,https://fr.getaround.com/location-voiture/paris/fiat-500-c-1915646,Fiat 500 C (2017),2017,Sur rendez-vous,CABRIOLET,SEGMENT_RULES,THERMIQUE,False,78.0,,,,Asnières-sur-Seine,Paris,Asnières-sur-Seine,1,809,False,False,,10590,1001,21
20260802T150127,A2,v3.4-search-json,2026-08-03T09:00,2026-08-03T20:00,1317765,https://fr.getaround.com/location-voiture/montmorency/fiat-500-x-1317765,Fiat 500 X (2017),2017,Sur rendez-vous,CITADINE,SEGMENT_RULES,THERMIQUE,False,84.0,,5.0,6,Asnières-sur-Seine,Montmorency,Asnières-sur-Seine,1,810,False,False,,8070,1001,21
20260802T150127,A2,v3.4-search-json,2026-08-03T09:00,2026-08-03T20:00,1856419,https://fr.getaround.com/location-voiture/montmagny/volkswagen-polo-1856419,Volkswagen Polo (2016),2016,Sur rendez-vous,CITADINE,SEGMENT_RULES,THERMIQUE,False,71.0,,,,Asnières-sur-Seine,Montmagny,Asnières-sur-Seine,1,811,False,False,,7970,1001,21
20260802T150127,A2,v3.4-search-json,2026-08-03T09:00,2026-08-03T20:00,1940416,https://fr.getaround.com/location-voiture/saint-gratien/kia-stonic-1940416,Kia Stonic (2023),2023,Sur rendez-vous,NON_CLASSE,SEGMENT_RULES,THERMIQUE,False,114.0,,,,Asnières-sur-Seine,Saint Gratien,Asnières-sur-Seine,1,812,False,False,,5190,1001,21
20260802T150127,A2,v3.4-search-json,2026-08-03T09:00,2026-08-03T20:00,1625333,https://fr.getaround.com/location-voiture/houilles/peugeot-508-1625333,Peugeot 508 (2014),2014,Sur rendez-vous,BERLINE,SEGMENT_RULES,THERMIQUE,False,96.0,,,,Asnières-sur-Seine,Houilles,Asnières-sur-Seine,1,814,False,False,,6720,1001,21
20260802T150127,A2,v3.4-search-json,2026-08-03T09:00,2026-08-03T20:00,1487209,https://fr.getaround.com/location-voiture/ermont/mitsubishi-asx-1487209,Mitsubishi ASX (2012),2012,Sur rendez-vous,SUV_COMPACT,SEGMENT_RULES,THERMIQUE,False,72.0,,,,Asnières-sur-Seine,Ermont,Asnières-sur-Seine,1,815,False,False,,8150,1001,21
20260802T150127,A2,v3.4-search-json,2026-08-03T09:00,2026-08-03T20:00,1880046,https://fr.getaround.com/location-voiture/paris/peugeot-5008-1880046,Peugeot 5008 (2024),2024,Sur rendez-vous,MONOSPACE,SEGMENT_RULES,THERMIQUE,False,129.0,,,,Asnières-sur-Seine,Paris,Asnières-sur-Seine,1,817,False,False,,5470,1001,21
20260802T150127,A2,v3.4-search-json,2026-08-03T09:00,2026-08-03T20:00,1850926,https://fr.getaround.com/location-voiture/montigny-les-cormeilles/renault-clio-societe-1850926,Renault Clio Société (2014),2014,Sur rendez-vous,CITADINE,SEGMENT_RULES,THERMIQUE,False,46.0,,,,Asnières-sur-Seine,Montigny Les Cormeilles,Asnières-sur-Seine,1,818,False,False,,11090,1001,21
20260802T150127,A2,v3.4-search-json,2026-08-03T09:00,2026-08-03T20:00,1846773,https://fr.getaround.com/location-voiture/sarcelles/kia-niro-hybride-1846773,Kia Niro Hybride (2024),2024,Sur rendez-vous,SUV_COMPACT,SEGMENT_RULES,HYBRIDE,False,112.0,,,,Asnières-sur-Seine,Sarcelles,Asnières-sur-Seine,1,820,False,False,,10300,1001,21
20260802T150127,A2,v3.4-search-json,2026-08-03T09:00,2026-08-03T20:00,1406871,https://fr.getaround.com/location-voiture/paris/kia-picanto-1406871,Kia Picanto (2019),2019,Sur rendez-vous,CITADINE,SEGMENT_RULES,THERMIQUE,False,61.0,,,,Asnières-sur-Seine,Paris,Asnières-sur-Seine,1,822,False,False,,9700,1001,21
20260802T150127,A2,v3.4-search-json,2026-08-03T09:00,2026-08-03T20:00,1557024,https://fr.getaround.com/location-voiture/paris/citroen-c4-1557024,Citroen C4 (2016),2016,Sur rendez-vous,COMPACTE,SEGMENT_RULES,THERMIQUE,False,84.0,,5.0,5,Asnières-sur-Seine,Paris,Asnières-sur-Seine,1,823,False,False,,8970,1001,21
20260802T150127,A2,v3.4-search-json,2026-08-03T09:00,2026-08-03T20:00,1477342,https://fr.getaround.com/location-voiture/suresnes/fiat-500-pop-1477342,Fiat 500 Pop (2018),2018,Sur rendez-vous,CITADINE,SEGMENT_RULES,THERMIQUE,False,67.0,,,,Asnières-sur-Seine,Suresnes,Asnières-sur-Seine,1,824,False,False,,6510,1001,21
20260802T150127,A2,v3.4-search-json,2026-08-03T09:00,2026-08-03T20:00,1336350,https://fr.getaround.com/location-voiture/paris/tesla-model-3-1336350,Tesla Model 3 (2023),2023,Sur rendez-vous,BERLINE,SEGMENT_RULES,ELECTRIQUE,False,171.0,,5.0,6,Asnières-sur-Seine,Paris,Asnières-sur-Seine,1,827,False,False,,8950,1001,21
20260802T150127,A2,v3.4-search-json,2026-08-03T09:00,2026-08-03T20:00,1835318,https://fr.getaround.com/location-voiture/le-plessis-bouchard/renault-grand-scenic-1835318,Renault Grand Scenic (2017),2017,Sur rendez-vous,MONOSPACE,SEGMENT_RULES,THERMIQUE,False,110.0,,5.0,4,Asnières-sur-Seine,Le Plessis Bouchard,Asnières-sur-Seine,1,828,False,False,,9130,1001,21
20260802T150127,A2,v3.4-search-json,2026-08-03T09:00,2026-08-03T20:00,323604,https://fr.getaround.com/location-voiture/sartrouville/toyota-prius-323604,Toyota Prius (2017),2017,Sur rendez-vous,COMPACTE,SEGMENT_RULES,HYBRIDE,False,94.0,,5.0,9,Asnières-sur-Seine,Sartrouville,Asnières-sur-Seine,1,829,False,False,,8730,1001,21
20260802T150127,A2,v3.4-search-json,2026-08-03T09:00,2026-08-03T20:00,1664243,https://fr.getaround.com/location-voiture/saint-denis/citroen-c3-1664243,Citroen C3 (2016),2016,Sur rendez-vous,CITADINE,SEGMENT_RULES,THERMIQUE,False,59.0,,,,Asnières-sur-Seine,Saint Denis,Asnières-sur-Seine,1,830,False,False,,5820,1001,21
20260802T150127,A2,v3.4-search-json,2026-08-03T09:00,2026-08-03T20:00,1524393,https://fr.getaround.com/location-voiture/paris/toyota-c-hr-1524393,Toyota C-HR (2018),2018,Sur rendez-vous,SUV_COMPACT,SEGMENT_RULES,THERMIQUE,False,85.0,,,,Asnières-sur-Seine,Paris,Asnières-sur-Seine,1,831,False,False,,9840,1001,21
20260802T150127,A2,v3.4-search-json,2026-08-03T09:00,2026-08-03T20:00,1934127,https://fr.getaround.com/location-voiture/bagnolet/toyota-c-hr-1934127,Toyota C-HR (2018),2018,Sur rendez-vous,SUV_COMPACT,SEGMENT_RULES,THERMIQUE,False,88.0,,,,Asnières-sur-Seine,Bagnolet,Asnières-sur-Seine,1,832,False,False,,11280,1001,21
20260802T150127,A2,v3.4-search-json,2026-08-03T09:00,2026-08-03T20:00,1841477,https://fr.getaround.com/location-voiture/pantin/renault-megane-1841477,Renault Mégane (2017),2017,Sur rendez-vous,COMPACTE,SEGMENT_RULES,THERMIQUE,False,75.0,,,,Asnières-sur-Seine,Pantin,Asnières-sur-Seine,1,833,False,False,,8990,1001,21
20260802T150127,A2,v3.4-search-json,2026-08-03T09:00,2026-08-03T20:00,1662161,https://fr.getaround.com/location-voiture/paris/volkswagen-polo-r-line-1662161,Volkswagen Polo R-Line (2021),2021,Sur rendez-vous,CITADINE,SEGMENT_RULES,THERMIQUE,False,63.0,,,,Asnières-sur-Seine,Paris,Asnières-sur-Seine,1,835,False,False,,10700,1001,21
20260802T150127,A2,v3.4-search-json,2026-08-03T09:00,2026-08-03T20:00,1678684,https://fr.getaround.com/location-voiture/chatou/renault-zoe-1678684,Renault ZOE (2016),2016,Sur rendez-vous,CITADINE,SEGMENT_RULES,ELECTRIQUE,False,51.0,,5.0,5,Asnières-sur-Seine,Chatou,Asnières-sur-Seine,1,838,False,False,,9980,1001,21
20260802T150127,A2,v3.4-search-json,2026-08-03T09:00,2026-08-03T20:00,1213599,https://fr.getaround.com/location-voiture/paris/renault-zoe-1213599,Renault ZOE (2017),2017,Sur rendez-vous,CITADINE,SEGMENT_RULES,ELECTRIQUE,False,75.0,,5.0,6,Asnières-sur-Seine,Paris,Asnières-sur-Seine,1,840,False,False,,9290,1001,21
20260802T150127,A2,v3.4-search-json,2026-08-03T09:00,2026-08-03T20:00,1686343,https://fr.getaround.com/location-voiture/saint-denis/toyota-c-hr-hybrid-1686343,Toyota C-HR Hybrid (2018),2018,Sur rendez-vous,SUV_COMPACT,SEGMENT_RULES,HYBRIDE,False,94.0,,5.0,4,Asnières-sur-Seine,Saint Denis,Asnières-sur-Seine,1,841,False,False,,6550,1001,22
20260802T150127,A2,v3.4-search-json,2026-08-03T09:00,2026-08-03T20:00,1606675,https://fr.getaround.com/location-voiture/boulogne-billancourt/hyundai-kona-hybride-n-line-1606675,Hyundai Kona Hybride N Line (2024),2024,Sur rendez-vous,SUV_COMPACT,SEGMENT_RULES,HYBRIDE,False,108.0,,5.0,1,Asnières-sur-Seine,Boulogne Billancourt,Asnières-sur-Seine,1,842,False,False,,9930,1001,22
20260802T150127,A2,v3.4-search-json,2026-08-03T09:00,2026-08-03T20:00,1303570,https://fr.getaround.com/location-voiture/courbevoie/chevrolet-cruze-1303570,Chevrolet Cruze (2014),2014,Sur rendez-vous,BERLINE,SEGMENT_RULES,THERMIQUE,False,102.0,,,,Asnières-sur-Seine,Courbevoie,Asnières-sur-Seine,1,843,False,False,,3950,1001,22
20260802T150127,A2,v3.4-search-json,2026-08-03T09:00,2026-08-03T20:00,1497502,https://fr.getaround.com/location-voiture/paris/audi-a4-avant-1497502,Audi A4 Avant (2013),2013,Sur rendez-vous,BREAK,SEGMENT_RULES,THERMIQUE,False,102.0,,4.5,2,Asnières-sur-Seine,Paris,Asnières-sur-Seine,1,844,False,False,,7690,1001,22
20260802T150127,A2,v3.4-search-json,2026-08-03T09:00,2026-08-03T20:00,1734589,https://fr.getaround.com/location-voiture/paris/byd-seal-u-design-1734589,BYD SEAL U Design (2024),2024,Sur rendez-vous,BERLINE,SEGMENT_RULES,THERMIQUE,False,146.0,,5.0,1,Asnières-sur-Seine,Paris,Asnières-sur-Seine,1,846,False,False,,6310,1001,22
20260802T150127,A2,v3.4-search-json,2026-08-03T09:00,2026-08-03T20:00,1513315,https://fr.getaround.com/location-voiture/saint-brice-sous-foret/citroen-c4-cactus-1513315,Citroen C4 Cactus (2017),2017,Sur rendez-vous,COMPACTE,SEGMENT_RULES,THERMIQUE,False,79.0,,,,Asnières-sur-Seine,Saint Brice Sous Foret,Asnières-sur-Seine,1,847,False,False,,10550,1001,22
20260802T150127,A2,v3.4-search-json,2026-08-03T09:00,2026-08-03T20:00,1705057,https://fr.getaround.com/location-voiture/carrieres-sur-seine/renault-megane-1705057,Renault Mégane (2018),2018,Sur rendez-vous,COMPACTE,SEGMENT_RULES,THERMIQUE,False,74.0,,,,Asnières-sur-Seine,Carrieres Sur Seine,Asnières-sur-Seine,1,849,False,False,,8310,1001,22
20260802T150127,A2,v3.4-search-json,2026-08-03T09:00,2026-08-03T20:00,1541400,https://fr.getaround.com/location-voiture/paris/audi-a4-allroad-quattro-1541400,Audi A4 Allroad Quattro (2012),2012,Sur rendez-vous,BERLINE,SEGMENT_RULES,THERMIQUE,False,105.0,,,,Asnières-sur-Seine,Paris,Asnières-sur-Seine,1,850,False,False,,8950,1001,22
20260802T150127,A2,v3.4-search-json,2026-08-03T09:00,2026-08-03T20:00,1520248,https://fr.getaround.com/location-voiture/la-garenne-colombes/renault-grand-modus-1520248,Renault Grand Modus (2012),2012,Sur rendez-vous,MONOSPACE,SEGMENT_RULES,THERMIQUE,False,63.0,,2.0,1,Asnières-sur-Seine,La Garenne Colombes,Asnières-sur-Seine,1,851,False,False,,3750,1001,22
20260802T150127,A2,v3.4-search-json,2026-08-03T09:00,2026-08-03T20:00,1757363,https://fr.getaround.com/location-voiture/epinay-sur-seine/peugeot-2008-1757363,Peugeot 2008 (2021),2021,Sur rendez-vous,SUV_COMPACT,SEGMENT_RULES,THERMIQUE,False,79.0,,,,Asnières-sur-Seine,Epinay Sur Seine,Asnières-sur-Seine,1,852,False,False,,5060,1001,22
20260802T150127,A2,v3.4-search-json,2026-08-03T09:00,2026-08-03T20:00,1689602,https://fr.getaround.com/location-voiture/saint-denis/volkswagen-polo-1689602,Volkswagen Polo (2012),2012,Sur rendez-vous,CITADINE,SEGMENT_RULES,THERMIQUE,False,59.0,,,,Asnières-sur-Seine,Saint Denis,Asnières-sur-Seine,1,854,False,False,,6550,1001,22
20260802T150127,A2,v3.4-search-json,2026-08-03T09:00,2026-08-03T20:00,1564844,https://fr.getaround.com/location-voiture/paris/opel-astra-1564844,Opel Astra (2016),2016,Sur rendez-vous,COMPACTE,SEGMENT_RULES,THERMIQUE,False,73.0,,5.0,1,Asnières-sur-Seine,Paris,Asnières-sur-Seine,1,856,False,False,,12200,1001,22
20260802T150127,A2,v3.4-search-json,2026-08-03T09:00,2026-08-03T20:00,1598667,https://fr.getaround.com/location-voiture/la-frette-sur-seine/renault-captur-1598667,Renault Captur (2018),2018,Sur rendez-vous,SUV_COMPACT,SEGMENT_RULES,THERMIQUE,False,79.0,,4.67,6,Asnières-sur-Seine,La Frette Sur Seine,Asnières-sur-Seine,1,857,False,False,,10170,1001,22
20260802T150127,A2,v3.4-search-json,2026-08-03T09:00,2026-08-03T20:00,1607431,https://fr.getaround.com/location-voiture/le-plessis-bouchard/bmw-x1-1607431,BMW X1 (2012),2012,Sur rendez-vous,SUV_FAMILIAL,SEGMENT_RULES,THERMIQUE,False,105.0,,,,Asnières-sur-Seine,Le Plessis Bouchard,Asnières-sur-Seine,1,859,False,False,,9810,1001,22
20260802T150127,A2,v3.4-search-json,2026-08-03T09:00,2026-08-03T20:00,1766052,https://fr.getaround.com/location-voiture/paris/opel-crossland-1766052,Opel Crossland (2019),2019,Sur rendez-vous,SUV_COMPACT,SEGMENT_RULES,THERMIQUE,False,69.0,,,,Asnières-sur-Seine,Paris,Asnières-sur-Seine,1,860,False,False,,7130,1001,22
20260802T150127,A2,v3.4-search-json,2026-08-03T09:00,2026-08-03T20:00,1218010,https://fr.getaround.com/location-voiture/nanterre/renault-clio-1218010,Renault Clio (2016),2016,Sur rendez-vous,CITADINE,SEGMENT_RULES,THERMIQUE,False,58.0,,,,Asnières-sur-Seine,Nanterre,Asnières-sur-Seine,1,861,False,False,,6540,1001,22
20260802T150127,A2,v3.4-search-json,2026-08-03T09:00,2026-08-03T20:00,1407174,https://fr.getaround.com/location-voiture/boulogne-billancourt/mercedes-benz-classe-b-1407174,Mercedes-Benz Classe B (2018),2018,Sur rendez-vous,MONOSPACE,SEGMENT_RULES,THERMIQUE,False,94.0,,,,Asnières-sur-Seine,Boulogne Billancourt,Asnières-sur-Seine,1,862,False,False,,9050,1001,22
20260802T150127,A2,v3.4-search-json,2026-08-03T09:00,2026-08-03T20:00,1660695,https://fr.getaround.com/location-voiture/paris/opel-corsa-1660695,Opel Corsa (2020),2020,Sur rendez-vous,CITADINE,SEGMENT_RULES,THERMIQUE,False,71.0,,,,Asnières-sur-Seine,Paris,Asnières-sur-Seine,1,863,False,False,,9300,1001,22
20260802T150127,A2,v3.4-search-json,2026-08-03T09:00,2026-08-03T20:00,1604293,https://fr.getaround.com/location-voiture/villiers-le-bel/toyota-c-hr-1604293,Toyota C-HR (2019),2019,Sur rendez-vous,SUV_COMPACT,SEGMENT_RULES,THERMIQUE,False,74.0,,5.0,1,Asnières-sur-Seine,Villiers Le Bel,Asnières-sur-Seine,1,867,False,False,,12740,1001,22
20260802T150127,A2,v3.4-search-json,2026-08-03T09:00,2026-08-03T20:00,1946694,https://fr.getaround.com/location-voiture/sarcelles/skoda-fabia-1946694,Skoda Fabia (2018),2018,Sur rendez-vous,CITADINE,SEGMENT_RULES,THERMIQUE,False,60.0,,,,Asnières-sur-Seine,Sarcelles,Asnières-sur-Seine,1,869,False,False,,9450,1001,22
20260802T150127,A2,v3.4-search-json,2026-08-03T09:00,2026-08-03T20:00,1704961,https://fr.getaround.com/location-voiture/sartrouville/volkswagen-tayron-ehybrid-1704961,Volkswagen Tayron eHybrid (2025),2025,Sur rendez-vous,NON_CLASSE,SEGMENT_RULES,HYBRIDE,False,134.0,,,,Asnières-sur-Seine,Sartrouville,Asnières-sur-Seine,1,870,False,False,,8230,1001,22
20260802T150127,A2,v3.4-search-json,2026-08-03T09:00,2026-08-03T20:00,1946595,https://fr.getaround.com/location-voiture/arnouville/renault-clio-1946595,Renault Clio (2017),2017,Sur rendez-vous,CITADINE,SEGMENT_RULES,THERMIQUE,False,62.0,,,,Asnières-sur-Seine,Arnouville,Asnières-sur-Seine,1,871,False,False,,12770,1001,22
20260802T150127,A2,v3.4-search-json,2026-08-03T09:00,2026-08-03T20:00,1587533,https://fr.getaround.com/location-voiture/cormeilles-en-parisis/toyota-c-hr-1587533,Toyota C-HR (2018),2018,Sur rendez-vous,SUV_COMPACT,SEGMENT_RULES,THERMIQUE,False,88.0,,,,Asnières-sur-Seine,Cormeilles En Parisis,Asnières-sur-Seine,1,872,False,False,,7340,1001,22
20260802T150127,A2,v3.4-search-json,2026-08-03T09:00,2026-08-03T20:00,1748735,https://fr.getaround.com/location-voiture/rueil-malmaison/renault-captur-1748735,Renault Captur (2014),2014,Sur rendez-vous,SUV_COMPACT,SEGMENT_RULES,THERMIQUE,False,72.0,,,,Asnières-sur-Seine,Rueil Malmaison,Asnières-sur-Seine,1,873,False,False,,8710,1001,22
20260802T150127,A2,v3.4-search-json,2026-08-03T09:00,2026-08-03T20:00,1910635,https://fr.getaround.com/location-voiture/paris/suzuki-ignis-1910635,Suzuki Ignis (2017),2017,Sur rendez-vous,MICRO_CITADINE,SEGMENT_RULES,THERMIQUE,False,98.0,,5.0,1,Asnières-sur-Seine,Paris,Asnières-sur-Seine,1,874,False,False,,11840,1001,22
20260802T150127,A2,v3.4-search-json,2026-08-03T09:00,2026-08-03T20:00,1916925,https://fr.getaround.com/location-voiture/paris/smart-fortwo-cabriolet-1916925,Smart Fortwo Cabriolet (2016),2016,Sur rendez-vous,CABRIOLET,SEGMENT_RULES,THERMIQUE,False,53.0,,,,Asnières-sur-Seine,Paris,Asnières-sur-Seine,1,875,False,False,,9820,1001,22
20260802T150127,A2,v3.4-search-json,2026-08-03T09:00,2026-08-03T20:00,1645947,https://fr.getaround.com/location-voiture/franconville/cupra-formentor-1645947,Cupra Formentor (2025),2025,Sur rendez-vous,SUV_COMPACT,SEGMENT_RULES,THERMIQUE,False,141.0,,,,Asnières-sur-Seine,Franconville,Asnières-sur-Seine,1,879,False,False,,9290,1001,22
20260802T150127,A2,v3.4-search-json,2026-08-03T09:00,2026-08-03T20:00,1512841,https://fr.getaround.com/location-voiture/paris/ford-c-max-1512841,Ford C-Max (2014),2014,Sur rendez-vous,MONOSPACE,SEGMENT_RULES,THERMIQUE,False,75.0,,5.0,5,Asnières-sur-Seine,Paris,Asnières-sur-Seine,1,881,False,False,,8970,1001,23
20260802T150127,A2,v3.4-search-json,2026-08-03T09:00,2026-08-03T20:00,1785203,https://fr.getaround.com/location-voiture/bagnolet/toyota-c-hr-hybrid-1785203,Toyota C-HR Hybrid (2019),2019,Sur rendez-vous,SUV_COMPACT,SEGMENT_RULES,HYBRIDE,False,89.0,,,,Asnières-sur-Seine,Bagnolet,Asnières-sur-Seine,1,883,False,False,,11070,1001,23
20260802T150127,A2,v3.4-search-json,2026-08-03T09:00,2026-08-03T20:00,1912835,https://fr.getaround.com/location-voiture/argenteuil/peugeot-e-3008-gt-1912835,Peugeot E-3008 GT (2025),2025,Sur rendez-vous,SUV_FAMILIAL,SEGMENT_RULES,THERMIQUE,False,195.0,,,,Asnières-sur-Seine,Argenteuil,Asnières-sur-Seine,1,886,False,False,,5490,1001,23
20260802T150127,A2,v3.4-search-json,2026-08-03T09:00,2026-08-03T20:00,1651589,https://fr.getaround.com/location-voiture/paris/volkswagen-t-roc-1651589,Volkswagen T-Roc (2024),2024,Sur rendez-vous,SUV_COMPACT,SEGMENT_RULES,THERMIQUE,False,130.0,,5.0,1,Asnières-sur-Seine,Paris,Asnières-sur-Seine,1,888,False,False,,6700,1001,23
20260802T150127,A2,v3.4-search-json,2026-08-03T09:00,2026-08-03T20:00,1859405,https://fr.getaround.com/location-voiture/paris/renault-clio-e-tech-1859405,Renault Clio E-tech (2025),2025,Sur rendez-vous,CITADINE,SEGMENT_RULES,ELECTRIQUE,False,102.0,,5.0,1,Asnières-sur-Seine,Paris,Asnières-sur-Seine,1,891,False,False,,10390,1001,23
20260802T150127,A2,v3.4-search-json,2026-08-03T09:00,2026-08-03T20:00,1626810,https://fr.getaround.com/location-voiture/paris/volkswagen-polo-1626810,Volkswagen Polo (2019),2019,Sur rendez-vous,CITADINE,SEGMENT_RULES,THERMIQUE,False,80.0,,,,Asnières-sur-Seine,Paris,Asnières-sur-Seine,1,893,False,False,,8900,1001,23
20260802T150127,A2,v3.4-search-json,2026-08-03T09:00,2026-08-03T20:00,1112017,https://fr.getaround.com/location-voiture/pantin/nissan-juke-1112017,Nissan Juke (2011),2011,Sur rendez-vous,SUV_COMPACT,SEGMENT_RULES,THERMIQUE,False,90.0,,5.0,6,Asnières-sur-Seine,Pantin,Asnières-sur-Seine,1,894,False,False,,8720,1001,23
20260802T150127,A2,v3.4-search-json,2026-08-03T09:00,2026-08-03T20:00,1929623,https://fr.getaround.com/location-voiture/montmorency/renault-clio-1929623,Renault Clio (2021),2021,Sur rendez-vous,CITADINE,SEGMENT_RULES,THERMIQUE,False,110.0,,,,Asnières-sur-Seine,Montmorency,Asnières-sur-Seine,1,897,False,False,,9040,1001,23
20260802T150127,A2,v3.4-search-json,2026-08-03T09:00,2026-08-03T20:00,1423810,https://fr.getaround.com/location-voiture/montigny-les-cormeilles/citroen-c3-1423810,Citroen C3 (2020),2020,Sur rendez-vous,CITADINE,SEGMENT_RULES,THERMIQUE,False,79.0,,,,Asnières-sur-Seine,Montigny Les Cormeilles,Asnières-sur-Seine,1,899,False,False,,10280,1001,23
20260802T150127,A2,v3.4-search-json,2026-08-03T09:00,2026-08-03T20:00,1820887,https://fr.getaround.com/location-voiture/cormeilles-en-parisis/toyota-c-hr-hybrid-1820887,Toyota C-HR Hybrid (2018),2018,Sur rendez-vous,SUV_COMPACT,SEGMENT_RULES,HYBRIDE,False,98.0,,,,Asnières-sur-Seine,Cormeilles En Parisis,Asnières-sur-Seine,1,900,False,False,,7930,1001,23
20260802T150127,A2,v3.4-search-json,2026-08-03T09:00,2026-08-03T20:00,1571308,https://fr.getaround.com/location-voiture/paris/nissan-juke-1571308,Nissan Juke (2014),2014,Sur rendez-vous,SUV_COMPACT,SEGMENT_RULES,THERMIQUE,False,76.0,,4.29,7,Asnières-sur-Seine,Paris,Asnières-sur-Seine,1,904,False,False,,8900,1001,23
20260802T150127,A2,v3.4-search-json,2026-08-03T09:00,2026-08-03T20:00,1453853,https://fr.getaround.com/location-voiture/paris/peugeot-208-1453853,Peugeot 208 (2013),2013,Sur rendez-vous,CITADINE,SEGMENT_RULES,THERMIQUE,False,71.0,,,,Asnières-sur-Seine,Paris,Asnières-sur-Seine,1,905,False,False,,6190,1001,23
20260802T150127,A2,v3.4-search-json,2026-08-03T09:00,2026-08-03T20:00,895503,https://fr.getaround.com/location-voiture/paris/bmw-serie-2-cabriolet-895503,BMW Série 2 Cabriolet (2018),2018,Sur rendez-vous,CABRIOLET,SEGMENT_RULES,THERMIQUE,False,261.0,,5.0,10,Asnières-sur-Seine,Paris,Asnières-sur-Seine,1,908,False,False,,7730,1001,23
20260802T150127,A2,v3.4-search-json,2026-08-03T09:00,2026-08-03T20:00,1789730,https://fr.getaround.com/location-voiture/franconville/ford-b-max-1789730,Ford B-Max (2013),2013,Sur rendez-vous,BREAK,SEGMENT_RULES,THERMIQUE,False,89.0,,,,Asnières-sur-Seine,Franconville,Asnières-sur-Seine,1,909,False,False,,9630,1001,23
20260802T150127,A2,v3.4-search-json,2026-08-03T09:00,2026-08-03T20:00,1946341,https://fr.getaround.com/location-voiture/sarcelles/nissan-qashqai-2-1946341,Nissan Qashqai+2 (2013),2013,Sur rendez-vous,SUV_COMPACT,SEGMENT_RULES,THERMIQUE,False,115.0,,,,Asnières-sur-Seine,Sarcelles,Asnières-sur-Seine,1,910,False,False,,9490,1001,23
20260802T150127,A2,v3.4-search-json,2026-08-03T09:00,2026-08-03T20:00,1817194,https://fr.getaround.com/location-voiture/villiers-le-bel/renault-captur-1817194,Renault Captur (2018),2018,Sur rendez-vous,SUV_COMPACT,SEGMENT_RULES,THERMIQUE,False,97.0,,5.0,3,Asnières-sur-Seine,Villiers Le Bel,Asnières-sur-Seine,1,911,False,False,,12270,1001,23
20260802T150127,A2,v3.4-search-json,2026-08-03T09:00,2026-08-03T20:00,1418544,https://fr.getaround.com/location-voiture/paris/renault-captur-1418544,Renault Captur (2021),2021,Sur rendez-vous,SUV_COMPACT,SEGMENT_RULES,THERMIQUE,False,79.0,,,,Asnières-sur-Seine,Paris,Asnières-sur-Seine,1,912,False,False,,11030,1001,23
20260802T150127,A2,v3.4-search-json,2026-08-03T09:00,2026-08-03T20:00,1719779,https://fr.getaround.com/location-voiture/pantin/tesla-model-3-1719779,Tesla Model 3 (2022),2022,Sur rendez-vous,BERLINE,SEGMENT_RULES,ELECTRIQUE,False,134.0,,,,Asnières-sur-Seine,Pantin,Asnières-sur-Seine,1,913,False,False,,9040,1001,23
20260802T150127,A2,v3.4-search-json,2026-08-03T09:00,2026-08-03T20:00,1371778,https://fr.getaround.com/location-voiture/la-courneuve/citroen-c1-ii-1371778,Citroen C1 II (2015),2015,Sur rendez-vous,MICRO_CITADINE,SEGMENT_RULES,THERMIQUE,False,71.0,,,,Asnières-sur-Seine,La Courneuve,Asnières-sur-Seine,1,914,False,False,,9160,1001,23
20260802T150127,A2,v3.4-search-json,2026-08-03T09:00,2026-08-03T20:00,1880355,https://fr.getaround.com/location-voiture/rueil-malmaison/audi-q2-1880355,Audi Q2 (2017),2017,Sur rendez-vous,SUV_COMPACT,SEGMENT_RULES,THERMIQUE,False,99.0,,,,Asnières-sur-Seine,Rueil Malmaison,Asnières-sur-Seine,1,919,False,False,,8670,1001,23
20260802T150127,A2,v3.4-search-json,2026-08-03T09:00,2026-08-03T20:00,1454924,https://fr.getaround.com/location-voiture/paris/peugeot-2008-1454924,Peugeot 2008 (2018),2018,Sur rendez-vous,SUV_COMPACT,SEGMENT_RULES,THERMIQUE,False,80.0,,,,Asnières-sur-Seine,Paris,Asnières-sur-Seine,1,920,False,False,,7050,1001,23
20260802T150127,A2,v3.4-search-json,2026-08-03T09:00,2026-08-03T20:00,1495728,https://fr.getaround.com/location-voiture/pantin/renault-megane-e-tech-electrique-1495728,Renault Mégane E-tech Électrique (2024),2024,Sur rendez-vous,COMPACTE,SEGMENT_RULES,ELECTRIQUE,False,95.0,,,,Asnières-sur-Seine,Pantin,Asnières-sur-Seine,1,921,False,False,,8740,1001,24
20260802T150127,A2,v3.4-search-json,2026-08-03T09:00,2026-08-03T20:00,1917609,https://fr.getaround.com/location-voiture/paris/renault-clio-1917609,Renault Clio (2018),2018,Sur rendez-vous,CITADINE,SEGMENT_RULES,THERMIQUE,False,73.0,,5.0,1,Asnières-sur-Seine,Paris,Asnières-sur-Seine,1,922,False,False,,12370,1001,24
20260802T150127,A2,v3.4-search-json,2026-08-03T09:00,2026-08-03T20:00,1551870,https://fr.getaround.com/location-voiture/paris/peugeot-206-1551870,Peugeot 206+ (2011),2011,Sur rendez-vous,COMPACTE,SEGMENT_RULES,THERMIQUE,False,59.0,,,,Asnières-sur-Seine,Paris,Asnières-sur-Seine,1,923,False,False,,10610,1001,24
20260802T150127,A2,v3.4-search-json,2026-08-03T09:00,2026-08-03T20:00,740423,https://fr.getaround.com/location-voiture/paris/peugeot-308-740423,Peugeot 308 (2012),2012,Sur rendez-vous,COMPACTE,SEGMENT_RULES,THERMIQUE,False,73.0,,,,Asnières-sur-Seine,Paris,Asnières-sur-Seine,1,924,False,False,,10060,1001,24
20260802T150127,A2,v3.4-search-json,2026-08-03T09:00,2026-08-03T20:00,1673942,https://fr.getaround.com/location-voiture/paris/renault-twingo-iii-1673942,Renault Twingo III (2020),2020,Sur rendez-vous,CITADINE,SEGMENT_RULES,THERMIQUE,False,65.0,,4.2,5,Asnières-sur-Seine,Paris,Asnières-sur-Seine,1,928,False,False,,8990,1001,24
20260802T150127,A2,v3.4-search-json,2026-08-03T09:00,2026-08-03T20:00,1746410,https://fr.getaround.com/location-voiture/herblay-sur-seine/renault-clio-1746410,Renault Clio (2012),2012,Sur rendez-vous,CITADINE,SEGMENT_RULES,THERMIQUE,False,67.0,,,,Asnières-sur-Seine,Herblay Sur Seine,Asnières-sur-Seine,1,929,False,False,,11320,1001,24
20260802T150127,A2,v3.4-search-json,2026-08-03T09:00,2026-08-03T20:00,1541625,https://fr.getaround.com/location-voiture/paris/ford-fiesta-1541625,Ford Fiesta (2012),2012,Sur rendez-vous,CITADINE,SEGMENT_RULES,THERMIQUE,False,75.0,,5.0,3,Asnières-sur-Seine,Paris,Asnières-sur-Seine,1,930,False,False,,10520,1001,24
20260802T150127,A2,v3.4-search-json,2026-08-03T09:00,2026-08-03T20:00,1215008,https://fr.getaround.com/location-voiture/villeneuve-la-garenne/peugeot-308-1215008,Peugeot 308 (2017),2017,Sur rendez-vous,COMPACTE,SEGMENT_RULES,THERMIQUE,False,122.0,,5.0,1,Asnières-sur-Seine,Villeneuve La Garenne,Asnières-sur-Seine,1,931,False,False,,4010,1001,24
20260802T150127,A2,v3.4-search-json,2026-08-03T09:00,2026-08-03T20:00,1685415,https://fr.getaround.com/location-voiture/saint-mande/peugeot-208-1685415,Peugeot 208 (2018),2018,Sur rendez-vous,CITADINE,SEGMENT_RULES,THERMIQUE,False,60.0,,,,Asnières-sur-Seine,Saint Mande,Asnières-sur-Seine,1,932,False,False,,12910,1001,24
20260802T150127,A2,v3.4-search-json,2026-08-03T09:00,2026-08-03T20:00,1246170,https://fr.getaround.com/location-voiture/boulogne-billancourt/ford-c-max-1246170,Ford C-Max (2011),2011,Sur rendez-vous,MONOSPACE,SEGMENT_RULES,THERMIQUE,False,71.0,,5.0,1,Asnières-sur-Seine,Boulogne Billancourt,Asnières-sur-Seine,1,934,False,False,,10530,1001,24
20260802T150127,A2,v3.4-search-json,2026-08-03T09:00,2026-08-03T20:00,1740890,https://fr.getaround.com/location-voiture/garges-les-gonesse/volkswagen-polo-1740890,Volkswagen Polo (2012),2012,Sur rendez-vous,CITADINE,SEGMENT_RULES,THERMIQUE,False,83.0,,5.0,1,Asnières-sur-Seine,Garges Les Gonesse,Asnières-sur-Seine,1,935,False,False,,9420,1001,24
20260802T150127,A2,v3.4-search-json,2026-08-03T09:00,2026-08-03T20:00,1439231,https://fr.getaround.com/location-voiture/paris/citroen-c3-1439231,Citroen C3 (2011),2011,Sur rendez-vous,CITADINE,SEGMENT_RULES,THERMIQUE,False,121.0,,,,Asnières-sur-Seine,Paris,Asnières-sur-Seine,1,937,False,False,,4010,1001,24
20260802T150127,A2,v3.4-search-json,2026-08-03T09:00,2026-08-03T20:00,1281552,https://fr.getaround.com/location-voiture/paris/smart-fortwo-electric-drive-1281552,Smart Fortwo Electric Drive (2012),2012,Sur rendez-vous,MICRO_CITADINE,SEGMENT_RULES,ELECTRIQUE,False,63.0,,4.8,5,Asnières-sur-Seine,Paris,Asnières-sur-Seine,1,938,False,False,,9010,1001,24
20260802T150127,A2,v3.4-search-json,2026-08-03T09:00,2026-08-03T20:00,1432441,https://fr.getaround.com/location-voiture/aubervilliers/peugeot-208-1432441,Peugeot 208 (2022),2022,Sur rendez-vous,CITADINE,SEGMENT_RULES,THERMIQUE,False,92.0,,,,Asnières-sur-Seine,Aubervilliers,Asnières-sur-Seine,1,939,False,False,,7140,1001,24
20260802T150127,A2,v3.4-search-json,2026-08-03T09:00,2026-08-03T20:00,1703213,https://fr.getaround.com/location-voiture/paris/citroen-c3-picasso-1703213,Citroen C3 Picasso (2011),2011,Sur rendez-vous,MONOSPACE,SEGMENT_RULES,THERMIQUE,False,90.0,,,,Asnières-sur-Seine,Paris,Asnières-sur-Seine,1,940,False,False,,7420,1001,24
20260802T150127,A2,v3.4-search-json,2026-08-03T09:00,2026-08-03T20:00,899805,https://fr.getaround.com/location-voiture/paris/citroen-c3-899805,Citroen C3 (2012),2012,Sur rendez-vous,CITADINE,SEGMENT_RULES,THERMIQUE,False,93.0,,,,Asnières-sur-Seine,Paris,Asnières-sur-Seine,1,944,False,False,,6260,1001,24
20260802T150127,A2,v3.4-search-json,2026-08-03T09:00,2026-08-03T20:00,1784635,https://fr.getaround.com/location-voiture/sarcelles/citroen-ds5-1784635,Citroen DS5 (2014),2014,Sur rendez-vous,BERLINE,SEGMENT_RULES,THERMIQUE,False,133.0,,,,Asnières-sur-Seine,Sarcelles,Asnières-sur-Seine,1,945,False,False,,11430,1001,24
20260802T150127,A2,v3.4-search-json,2026-08-03T09:00,2026-08-03T20:00,1606684,https://fr.getaround.com/location-voiture/paris/toyota-corolla-break-hybride-1606684,Toyota Corolla Break Hybride (2022),2022,Sur rendez-vous,BREAK,SEGMENT_RULES,HYBRIDE,False,88.0,,,,Asnières-sur-Seine,Paris,Asnières-sur-Seine,1,946,False,False,,11090,1001,24
20260802T150127,A2,v3.4-search-json,2026-08-03T09:00,2026-08-03T20:00,1613206,https://fr.getaround.com/location-voiture/paris/tesla-model-y-long-range-1613206,Tesla Model Y Long Range (2024),2024,Sur rendez-vous,SUV_FAMILIAL,SEGMENT_RULES,ELECTRIQUE,False,180.0,,4.0,1,Asnières-sur-Seine,Paris,Asnières-sur-Seine,1,947,False,False,,3080,1001,24
20260802T150127,A2,v3.4-search-json,2026-08-03T09:00,2026-08-03T20:00,1781009,https://fr.getaround.com/location-voiture/arnouville/mitsubishi-outlander-1781009,Mitsubishi Outlander (2016),2016,Sur rendez-vous,SUV_FAMILIAL,SEGMENT_RULES,THERMIQUE,False,109.0,,5.0,2,Asnières-sur-Seine,Arnouville,Asnières-sur-Seine,1,948,False,False,,12550,1001,24
20260802T150127,A2,v3.4-search-json,2026-08-03T09:00,2026-08-03T20:00,1487305,https://fr.getaround.com/location-voiture/garges-les-gonesse/renault-megane-1487305,Renault Mégane (2024),2024,Sur rendez-vous,COMPACTE,SEGMENT_RULES,THERMIQUE,False,78.0,,,,Asnières-sur-Seine,Garges Les Gonesse,Asnières-sur-Seine,1,949,False,False,,9340,1001,24
20260802T150127,A2,v3.4-search-json,2026-08-03T09:00,2026-08-03T20:00,1477197,https://fr.getaround.com/location-voiture/villiers-le-bel/hyundai-ioniq-hybride-1477197,Hyundai Ioniq Hybride (2019),2019,Sur rendez-vous,COMPACTE,SEGMENT_RULES,ELECTRIQUE,False,74.0,,,,Asnières-sur-Seine,Villiers Le Bel,Asnières-sur-Seine,1,950,False,False,,13230,1001,24
20260802T150127,A2,v3.4-search-json,2026-08-03T09:00,2026-08-03T20:00,1616680,https://fr.getaround.com/location-voiture/garges-les-gonesse/volkswagen-passat-sw-1616680,Volkswagen Passat SW (2013),2013,Sur rendez-vous,BREAK,SEGMENT_RULES,THERMIQUE,False,84.0,,,,Asnières-sur-Seine,Garges Les Gonesse,Asnières-sur-Seine,1,951,False,False,,10310,1001,24
20260802T150127,A2,v3.4-search-json,2026-08-03T09:00,2026-08-03T20:00,1779316,https://fr.getaround.com/location-voiture/paris/mercedes-benz-classe-a-1779316,Mercedes-Benz Classe A (2020),2020,Sur rendez-vous,COMPACTE,SEGMENT_RULES,THERMIQUE,False,174.0,,,,Asnières-sur-Seine,Paris,Asnières-sur-Seine,1,952,False,False,,9010,1001,24
20260802T150127,A2,v3.4-search-json,2026-08-03T09:00,2026-08-03T20:00,1558259,https://fr.getaround.com/location-voiture/saint-denis/renault-captur-1558259,Renault Captur (2017),2017,Sur rendez-vous,SUV_COMPACT,SEGMENT_RULES,THERMIQUE,False,92.0,,,,Asnières-sur-Seine,Saint Denis,Asnières-sur-Seine,1,954,False,False,,8500,1001,24
20260802T150127,A2,v3.4-search-json,2026-08-03T09:00,2026-08-03T20:00,1037915,https://fr.getaround.com/location-voiture/paris/bmw-serie-3-1037915,BMW Série 3 (1987),1987,Sur rendez-vous,BERLINE,SEGMENT_RULES,THERMIQUE,False,198.0,,5.0,10,Asnières-sur-Seine,Paris,Asnières-sur-Seine,1,955,False,False,,9870,1001,24
20260802T150127,A2,v3.4-search-json,2026-08-03T09:00,2026-08-03T20:00,1799039,https://fr.getaround.com/location-voiture/paris/mercedes-benz-glc-220-d-4matic-1799039,Mercedes-Benz GLC 220 d 4MATIC (2019),2019,Sur rendez-vous,SUV_COMPACT,SEGMENT_RULES,THERMIQUE,False,247.0,,,,Asnières-sur-Seine,Paris,Asnières-sur-Seine,1,956,False,False,,12110,1001,24
20260802T150127,A2,v3.4-search-json,2026-08-03T09:00,2026-08-03T20:00,1760046,https://fr.getaround.com/location-voiture/sarcelles/mini-cooper-3-portes-1760046,Mini Cooper 3 portes (2015),2015,Sur rendez-vous,CITADINE,SEGMENT_RULES,THERMIQUE,False,108.0,,,,Asnières-sur-Seine,Sarcelles,Asnières-sur-Seine,1,957,False,False,,9170,1001,24
20260802T150127,A2,v3.4-search-json,2026-08-03T09:00,2026-08-03T20:00,1138616,https://fr.getaround.com/location-voiture/aubervilliers/citroen-c1-1138616,Citroen C1 (2011),2011,Sur rendez-vous,MICRO_CITADINE,SEGMENT_RULES,THERMIQUE,False,55.0,,,,Asnières-sur-Seine,Aubervilliers,Asnières-sur-Seine,1,958,False,False,,8870,1001,24
20260802T150127,A2,v3.4-search-json,2026-08-03T09:00,2026-08-03T20:00,1300376,https://fr.getaround.com/location-voiture/nanterre/renault-clio-1300376,Renault Clio (2011),2011,Sur rendez-vous,CITADINE,SEGMENT_RULES,THERMIQUE,False,74.0,,,,Asnières-sur-Seine,Nanterre,Asnières-sur-Seine,1,959,False,False,,7750,1001,24
20260802T150127,A2,v3.4-search-json,2026-08-03T09:00,2026-08-03T20:00,1745243,https://fr.getaround.com/location-voiture/montmorency/volkswagen-golf-1745243,Volkswagen Golf (2024),2024,Sur rendez-vous,COMPACTE,SEGMENT_RULES,THERMIQUE,False,140.0,,,,Asnières-sur-Seine,Montmorency,Asnières-sur-Seine,1,963,False,False,,9140,1001,25
20260802T150127,A2,v3.4-search-json,2026-08-03T09:00,2026-08-03T20:00,1711550,https://fr.getaround.com/location-voiture/paris/peugeot-208-1711550,Peugeot 208 (2015),2015,Sur rendez-vous,CITADINE,SEGMENT_RULES,THERMIQUE,False,71.0,,,,Asnières-sur-Seine,Paris,Asnières-sur-Seine,1,964,False,False,,11290,1001,25
20260802T150127,A2,v3.4-search-json,2026-08-03T09:00,2026-08-03T20:00,1701306,https://fr.getaround.com/location-voiture/paris/audi-a3-sportback-1701306,Audi A3 Sportback (2025),2025,Sur rendez-vous,COMPACTE,SEGMENT_RULES,THERMIQUE,False,332.0,,,,Asnières-sur-Seine,Paris,Asnières-sur-Seine,1,968,False,False,,11790,1001,25
20260802T150127,A2,v3.4-search-json,2026-08-03T09:00,2026-08-03T20:00,863663,https://fr.getaround.com/location-voiture/aubervilliers/mitsubishi-space-star-863663,Mitsubishi Space Star (2021),2021,Sur rendez-vous,CITADINE,SEGMENT_RULES,THERMIQUE,False,138.0,,,,Asnières-sur-Seine,Aubervilliers,Asnières-sur-Seine,1,970,False,False,,7410,1001,25
20260802T150127,A2,v3.4-search-json,2026-08-03T09:00,2026-08-03T20:00,1755244,https://fr.getaround.com/location-voiture/cormeilles-en-parisis/mercedes-benz-classe-a-180-1755244,Mercedes-Benz Classe A 180 (2025),2025,Sur rendez-vous,COMPACTE,SEGMENT_RULES,THERMIQUE,False,171.0,,,,Asnières-sur-Seine,Cormeilles En Parisis,Asnières-sur-Seine,1,971,False,False,,9590,1001,25
20260802T150127,A2,v3.4-search-json,2026-08-03T09:00,2026-08-03T20:00,1833786,https://fr.getaround.com/location-voiture/paris/mercedes-benz-cla-200-1833786,Mercedes-Benz CLA 200 (2021),2021,Sur rendez-vous,BERLINE,SEGMENT_RULES,THERMIQUE,False,177.0,,,,Asnières-sur-Seine,Paris,Asnières-sur-Seine,1,972,False,False,,7480,1001,25
20260802T150127,A2,v3.4-search-json,2026-08-03T09:00,2026-08-03T20:00,1758319,https://fr.getaround.com/location-voiture/bagnolet/tesla-model-y-1758319,Tesla Model Y (2024),2024,Sur rendez-vous,SUV_FAMILIAL,SEGMENT_RULES,ELECTRIQUE,False,205.0,,,,Asnières-sur-Seine,Bagnolet,Asnières-sur-Seine,1,974,False,False,,11870,1001,25
20260802T150127,A2,v3.4-search-json,2026-08-03T09:00,2026-08-03T20:00,1872661,https://fr.getaround.com/location-voiture/le-plessis-bouchard/bmw-x1-1872661,BMW X1 (2017),2017,Sur rendez-vous,SUV_FAMILIAL,SEGMENT_RULES,THERMIQUE,False,176.0,,,,Asnières-sur-Seine,Le Plessis Bouchard,Asnières-sur-Seine,1,978,False,False,,10470,1001,25
20260802T150127,A2,v3.4-search-json,2026-08-03T09:00,2026-08-03T20:00,1635243,https://fr.getaround.com/location-voiture/bagnolet/volkswagen-t-roc-1635243,Volkswagen T-Roc (2025),2025,Sur rendez-vous,SUV_COMPACT,SEGMENT_RULES,THERMIQUE,False,184.0,,,,Asnières-sur-Seine,Bagnolet,Asnières-sur-Seine,1,980,False,False,,11320,1001,25
20260802T150127,A2,v3.4-search-json,2026-08-03T09:00,2026-08-03T20:00,1401285,https://fr.getaround.com/location-voiture/paris/renault-scenic-1401285,Renault Scenic (2013),2013,Sur rendez-vous,MONOSPACE,SEGMENT_RULES,THERMIQUE,False,121.0,,5.0,1,Asnières-sur-Seine,Paris,Asnières-sur-Seine,1,981,False,False,,10730,1001,25
20260802T150127,A2,v3.4-search-json,2026-08-03T09:00,2026-08-03T20:00,1249070,https://fr.getaround.com/location-voiture/franconville/ford-tourneo-connect-1249070,Ford Tourneo Connect (2016),2016,Sur rendez-vous,NON_CLASSE,SEGMENT_RULES,THERMIQUE,False,158.0,,,,Asnières-sur-Seine,Franconville,Asnières-sur-Seine,1,982,False,False,,9330,1001,25
20260802T150127,A2,v3.4-search-json,2026-08-03T09:00,2026-08-03T20:00,1425352,https://fr.getaround.com/location-voiture/paris/renault-latitude-1425352,Renault Latitude (2011),2011,Sur rendez-vous,BERLINE,SEGMENT_RULES,THERMIQUE,False,88.0,,2.0,1,Asnières-sur-Seine,Paris,Asnières-sur-Seine,1,984,False,False,,9990,1001,25
20260802T150127,A2,v3.4-search-json,2026-08-03T09:00,2026-08-03T20:00,1308266,https://fr.getaround.com/location-voiture/pierrefitte-sur-seine/audi-a1-1308266,Audi A1 (2020),2020,Sur rendez-vous,CITADINE,SEGMENT_RULES,THERMIQUE,False,297.0,,,,Asnières-sur-Seine,Pierrefitte Sur Seine,Asnières-sur-Seine,1,989,False,False,,8510,1001,25
20260802T150127,A2,v3.4-search-json,2026-08-03T09:00,2026-08-03T20:00,1656776,https://fr.getaround.com/location-voiture/aubervilliers/dacia-dokker-van-1656776,Dacia Dokker Van (2019),2019,Sur rendez-vous,UTILITAIRE,SEGMENT_RULES,THERMIQUE,False,67.0,,1.0,1,Asnières-sur-Seine,Aubervilliers,Asnières-sur-Seine,1,991,False,False,,7490,1001,25
20260802T150127,A2,v3.4-search-json,2026-08-03T09:00,2026-08-03T20:00,1258420,https://fr.getaround.com/location-voiture/rueil-malmaison/volkswagen-polo-1258420,Volkswagen Polo (2014),2014,Sur rendez-vous,CITADINE,SEGMENT_RULES,THERMIQUE,False,65.0,,1.0,1,Asnières-sur-Seine,Rueil Malmaison,Asnières-sur-Seine,1,992,False,False,,9480,1001,25
20260802T150127,A2,v3.4-search-json,2026-08-03T09:00,2026-08-03T20:00,1457467,https://fr.getaround.com/location-voiture/drancy/renault-megane-1457467,Renault Mégane (2019),2019,Sur rendez-vous,COMPACTE,SEGMENT_RULES,THERMIQUE,False,123.0,,,,Asnières-sur-Seine,Drancy,Asnières-sur-Seine,1,996,False,False,,9880,1001,25
20260802T150127,A2,v3.4-search-json,2026-08-03T09:00,2026-08-03T20:00,1223554,https://fr.getaround.com/location-voiture/stains/peugeot-5008-1223554,Peugeot 5008 (2018),2018,Sur rendez-vous,MONOSPACE,SEGMENT_RULES,THERMIQUE,False,89.0,,1.0,2,Asnières-sur-Seine,Stains,Asnières-sur-Seine,1,997,False,False,,7640,1001,25
20260802T150127,A2,v3.4-search-json,2026-08-03T09:00,2026-08-03T20:00,1852566,https://fr.getaround.com/location-voiture/paris/renault-megane-1852566,Renault Mégane (2020),2020,Sur rendez-vous,COMPACTE,SEGMENT_RULES,THERMIQUE,False,137.0,,,,Asnières-sur-Seine,Paris,Asnières-sur-Seine,1,998,False,False,,9990,1001,25
20260802T150127,A2,v3.4-search-json,2026-08-03T09:00,2026-08-03T20:00,1642474,https://fr.getaround.com/location-voiture/rueil-malmaison/peugeot-208-1642474,Peugeot 208 (2018),2018,Sur rendez-vous,CITADINE,SEGMENT_RULES,THERMIQUE,False,65.0,,1.0,1,Asnières-sur-Seine,Rueil Malmaison,Asnières-sur-Seine,1,999,False,False,,8870,1001,25
20260802T150127,A2,v3.4-search-json,2026-08-03T09:00,2026-08-03T20:00,1807411,https://fr.getaround.com/location-voiture/suresnes/renault-clio-1807411,Renault Clio (2025),2025,Sur rendez-vous,CITADINE,SEGMENT_RULES,THERMIQUE,False,102.0,,1.0,1,Asnières-sur-Seine,Suresnes,Asnières-sur-Seine,1,1000,False,False,,6460,1001,25
20260802T150127,A2,v3.4-search-json,2026-08-03T09:00,2026-08-03T20:00,1572881,https://fr.getaround.com/location-voiture/le-plessis-bouchard/peugeot-308-1572881,Peugeot 308 (2016),2016,Sur rendez-vous,COMPACTE,SEGMENT_RULES,THERMIQUE,False,52.0,,1.0,1,Asnières-sur-Seine,Le Plessis Bouchard,Asnières-sur-Seine,1,1001,False,False,,10040,1001,26
