snapshot_id,pipeline,version_collecte,fenetre_debut,fenetre_fin,annonce_id,url,modele,annee,type_connexion,segment,source_taxonomie,energie,reservation_instantanee,prix_jour,prix_heure,note,nb_avis,commune_recherche,commune_annonce,communes_recherche,nb_communes_matchees,rang_resultat,livraison_disponible,mon_vehicule,compte_proprietaire,distance_recherche,nb_resultats_total,nb_clics_pagination
20260802T110238,A2,v3.4-search-json,2026-08-03T09:00,2026-08-03T20:00,1832158,https://fr.getaround.com/location-voiture/puteaux/renault-clio-1832158,Renault Clio (2015),2015,Getaround Connect,CITADINE,SEGMENT_RULES,THERMIQUE,True,61.0,,3.5,2,Puteaux,Puteaux,Puteaux|Paris 17e,2,1,False,True,C3,400,477,1
20260802T110238,A2,v3.4-search-json,2026-08-03T09:00,2026-08-03T20:00,1743643,https://fr.getaround.com/location-voiture/puteaux/renault-clio-1743643,Renault Clio (2015),2015,Getaround Connect,CITADINE,SEGMENT_RULES,THERMIQUE,True,64.0,,5.0,3,Puteaux,Puteaux,Puteaux|Paris 17e,2,2,False,True,C3,480,477,1
20260802T110238,A2,v3.4-search-json,2026-08-03T09:00,2026-08-03T20:00,1935525,https://fr.getaround.com/location-voiture/puteaux/peugeot-208-1935525,Peugeot 208 (2016),2016,Getaround Connect,CITADINE,SEGMENT_RULES,THERMIQUE,True,68.0,,,,Puteaux,Puteaux,Puteaux|Paris 17e,2,3,False,True,C3,480,477,1
20260802T110238,A2,v3.4-search-json,2026-08-03T09:00,2026-08-03T20:00,1881481,https://fr.getaround.com/location-voiture/puteaux/citroen-c1-1881481,Citroen C1 (2016),2016,Getaround Connect,MICRO_CITADINE,SEGMENT_RULES,THERMIQUE,True,66.0,,5.0,2,Puteaux,Puteaux,Puteaux|Paris 17e,2,9,False,True,C2,480,477,1
20260802T110238,A2,v3.4-search-json,2026-08-03T09:00,2026-08-03T20:00,1078506,https://fr.getaround.com/location-voiture/puteaux/renault-clio-1078506,Renault Clio (2011),2011,Sur rendez-vous,CITADINE,SEGMENT_RULES,THERMIQUE,False,65.0,,4.79,21,Puteaux,Puteaux,Puteaux|Paris 17e,2,10,False,True,C1,480,477,1
20260802T110238,A2,v3.4-search-json,2026-08-03T09:00,2026-08-03T20:00,1832155,https://fr.getaround.com/location-voiture/puteaux/volkswagen-polo-1832155,Volkswagen Polo (2013),2013,Sur rendez-vous,CITADINE,SEGMENT_RULES,THERMIQUE,True,65.0,,,,Puteaux,Puteaux,Puteaux|Paris 17e,2,11,False,True,C3,400,477,1
20260802T110238,A2,v3.4-search-json,2026-08-03T09:00,2026-08-03T20:00,1881691,https://fr.getaround.com/location-voiture/puteaux/opel-corsa-1881691,Opel Corsa (2017),2017,Getaround Connect,CITADINE,SEGMENT_RULES,THERMIQUE,True,67.0,,4.5,2,Puteaux,Puteaux,Puteaux|Paris 17e,2,13,False,True,C2,480,477,1
20260802T110238,A2,v3.4-search-json,2026-08-03T09:00,2026-08-03T20:00,1881624,https://fr.getaround.com/location-voiture/puteaux/renault-twingo-iii-1881624,Renault Twingo III (2015),2015,Getaround Connect,CITADINE,SEGMENT_RULES,THERMIQUE,True,68.0,,5.0,1,Puteaux,Puteaux,Puteaux|Paris 17e,2,14,False,True,C2,480,477,1
20260802T110238,A2,v3.4-search-json,2026-08-03T09:00,2026-08-03T20:00,1832153,https://fr.getaround.com/location-voiture/puteaux/volkswagen-tiguan-1832153,Volkswagen Tiguan (2015),2015,Getaround Connect,SUV_FAMILIAL,SEGMENT_RULES,THERMIQUE,True,83.0,,1.0,1,Puteaux,Puteaux,Puteaux|Paris 17e,2,16,False,True,C3,400,477,1
20260802T110238,A2,v3.4-search-json,2026-08-03T09:00,2026-08-03T20:00,1718469,https://fr.getaround.com/location-voiture/puteaux/peugeot-5008-1718469,Peugeot 5008 (2014),2014,Sur rendez-vous,MONOSPACE,SEGMENT_RULES,THERMIQUE,True,119.0,,3.5,2,Puteaux,Puteaux,Puteaux|Paris 17e,2,20,False,True,C3,400,477,1
20260802T110238,A2,v3.4-search-json,2026-08-03T09:00,2026-08-03T20:00,1913338,https://fr.getaround.com/location-voiture/puteaux/ford-c-max-1913338,Ford C-Max (2019),2019,Getaround Connect,MONOSPACE,SEGMENT_RULES,THERMIQUE,True,83.0,,,,Puteaux,Puteaux,Puteaux|Paris 17e,2,21,False,True,C3,480,477,1
20260802T110238,A2,v3.4-search-json,2026-08-03T09:00,2026-08-03T20:00,1881118,https://fr.getaround.com/location-voiture/puteaux/peugeot-208-1881118,Peugeot 208 (2019),2019,Getaround Connect,CITADINE,SEGMENT_RULES,THERMIQUE,True,72.0,,3.5,2,Puteaux,Puteaux,Puteaux|Paris 17e,2,22,False,True,C2,480,477,1
20260802T110238,A2,v3.4-search-json,2026-08-03T09:00,2026-08-03T20:00,716035,https://fr.getaround.com/location-voiture/puteaux/citroen-c3-716035,Citroen C3 (2016),2016,Sur rendez-vous,CITADINE,SEGMENT_RULES,THERMIQUE,False,62.0,,4.54,35,Puteaux,Puteaux,Puteaux|Paris 17e,2,25,False,True,C1,480,477,1
20260802T110238,A2,v3.4-search-json,2026-08-03T09:00,2026-08-03T20:00,1881415,https://fr.getaround.com/location-voiture/puteaux/renault-twingo-1881415,Renault Twingo (2017),2017,Getaround Connect,CITADINE,SEGMENT_RULES,THERMIQUE,True,70.0,,,,Puteaux,Puteaux,Puteaux|Paris 17e,2,29,False,True,C2,480,477,1
20260802T110238,A2,v3.4-search-json,2026-08-03T09:00,2026-08-03T20:00,1881636,https://fr.getaround.com/location-voiture/puteaux/peugeot-108-1881636,Peugeot 108 (2019),2019,Getaround Connect,MICRO_CITADINE,SEGMENT_RULES,THERMIQUE,True,69.0,,3.5,4,Puteaux,Puteaux,Puteaux|Paris 17e,2,31,False,True,C2,480,477,1
20260802T110238,A2,v3.4-search-json,2026-08-03T09:00,2026-08-03T20:00,1859070,https://fr.getaround.com/location-voiture/puteaux/audi-a1-1859070,Audi A1 (2011),2011,Sur rendez-vous,CITADINE,SEGMENT_RULES,THERMIQUE,False,79.0,,,,Puteaux,Puteaux,Puteaux|Paris 17e,2,47,False,True,C3,480,477,2
20260802T110238,A2,v3.4-search-json,2026-08-03T09:00,2026-08-03T20:00,1825239,https://fr.getaround.com/location-voiture/asnieres-sur-seine/renault-twingo-iii-1825239,Renault Twingo III (2017),2017,Getaround Connect,CITADINE,SEGMENT_RULES,THERMIQUE,True,67.0,,5.0,7,Puteaux,Asnieres Sur Seine,Puteaux|Paris 17e,2,327,False,True,C3,6580,477,9
20260802T110238,A2,v3.4-search-json,2026-08-03T09:00,2026-08-03T20:00,733694,https://fr.getaround.com/location-voiture/paris/fiat-500-733694,Fiat 500 (2017),2017,Getaround Connect,CITADINE,SEGMENT_RULES,THERMIQUE,True,58.0,,4.5,53,Puteaux,Paris,Puteaux|Paris 17e,2,1,False,False,,4880,477,3
20260802T110238,A2,v3.4-search-json,2026-08-03T09:00,2026-08-03T20:00,1241184,https://fr.getaround.com/location-voiture/paris/peugeot-208-1241184,Peugeot 208 (2023),2023,Getaround Connect,CITADINE,SEGMENT_RULES,THERMIQUE,True,77.0,,4.55,62,Puteaux,Paris,Puteaux|Paris 17e,2,2,False,False,,5420,477,6
20260802T110238,A2,v3.4-search-json,2026-08-03T09:00,2026-08-03T20:00,1442853,https://fr.getaround.com/location-voiture/paris/citroen-c3-1442853,Citroen C3 (2023),2023,Getaround Connect,CITADINE,SEGMENT_RULES,THERMIQUE,True,70.0,,4.19,45,Puteaux,Paris,Puteaux|Paris 17e,2,3,False,False,,4900,477,5
20260802T110238,A2,v3.4-search-json,2026-08-03T09:00,2026-08-03T20:00,1369685,https://fr.getaround.com/location-voiture/puteaux/renault-clio-1369685,Renault Clio (2024),2024,Getaround Connect,CITADINE,SEGMENT_RULES,THERMIQUE,True,88.0,,4.79,24,Puteaux,Puteaux,Puteaux|Paris 17e,2,4,False,False,,410,477,1
20260802T110238,A2,v3.4-search-json,2026-08-03T09:00,2026-08-03T20:00,825859,https://fr.getaround.com/location-voiture/paris/renault-clio-825859,Renault Clio (2018),2018,Getaround Connect,CITADINE,SEGMENT_RULES,THERMIQUE,True,45.0,,3.99,147,Puteaux,Paris,Puteaux|Paris 17e,2,4,False,False,,4790,477,2
20260802T110238,A2,v3.4-search-json,2026-08-03T09:00,2026-08-03T20:00,1224582,https://fr.getaround.com/location-voiture/courbevoie/peugeot-208-1224582,Peugeot 208 (2023),2023,Getaround Connect,CITADINE,SEGMENT_RULES,THERMIQUE,True,50.0,,4.24,33,Puteaux,Courbevoie,Puteaux|Paris 17e,2,5,False,False,,1160,477,1
20260802T110238,A2,v3.4-search-json,2026-08-03T09:00,2026-08-03T20:00,1745781,https://fr.getaround.com/location-voiture/paris/fiat-500-hybride-1745781,Fiat 500 Hybride (2021),2021,Getaround Connect,CITADINE,SEGMENT_RULES,HYBRIDE,True,52.0,,4.74,27,Puteaux,Paris,Puteaux|Paris 17e,2,5,False,False,,5810,477,4
20260802T110238,A2,v3.4-search-json,2026-08-03T09:00,2026-08-03T20:00,1681653,https://fr.getaround.com/location-voiture/courbevoie/peugeot-208-1681653,Peugeot 208 (2020),2020,Getaround Connect,CITADINE,SEGMENT_RULES,THERMIQUE,True,45.0,,3.86,21,Puteaux,Courbevoie,Puteaux|Paris 17e,2,6,False,False,,1340,477,1
20260802T110238,A2,v3.4-search-json,2026-08-03T09:00,2026-08-03T20:00,1590444,https://fr.getaround.com/location-voiture/paris/peugeot-2008-1590444,Peugeot 2008 (2023),2023,Getaround Connect,SUV_COMPACT,SEGMENT_RULES,THERMIQUE,True,63.0,,4.14,33,Puteaux,Paris,Puteaux|Paris 17e,2,6,False,False,,4870,477,2
20260802T110238,A2,v3.4-search-json,2026-08-03T09:00,2026-08-03T20:00,1095170,https://fr.getaround.com/location-voiture/courbevoie/volkswagen-polo-1095170,Volkswagen Polo (2014),2014,Getaround Connect,CITADINE,SEGMENT_RULES,THERMIQUE,True,59.0,,4.85,92,Puteaux,Courbevoie,Puteaux|Paris 17e,2,7,False,False,,1630,477,1
20260802T110238,A2,v3.4-search-json,2026-08-03T09:00,2026-08-03T20:00,1125102,https://fr.getaround.com/location-voiture/levallois-perret/renault-clio-1125102,Renault Clio (2021),2021,Getaround Connect,CITADINE,SEGMENT_RULES,THERMIQUE,True,52.0,,4.68,75,Puteaux,Levallois Perret,Puteaux|Paris 17e,2,7,False,False,,4530,477,2
20260802T110238,A2,v3.4-search-json,2026-08-03T09:00,2026-08-03T20:00,1047047,https://fr.getaround.com/location-voiture/courbevoie/renault-twingo-1047047,Renault Twingo (2017),2017,Getaround Connect,CITADINE,SEGMENT_RULES,THERMIQUE,True,60.0,,4.88,109,Puteaux,Courbevoie,Puteaux|Paris 17e,2,8,False,False,,1630,477,1
20260802T110238,A2,v3.4-search-json,2026-08-03T09:00,2026-08-03T20:00,872370,https://fr.getaround.com/location-voiture/paris/peugeot-e-208-style-872370,Peugeot e-208 Style (2021),2021,Getaround Connect,CITADINE,SEGMENT_RULES,THERMIQUE,True,64.0,,4.75,48,Puteaux,Paris,Puteaux|Paris 17e,2,8,False,False,,4330,477,4
20260802T110238,A2,v3.4-search-json,2026-08-03T09:00,2026-08-03T20:00,1766493,https://fr.getaround.com/location-voiture/paris/citroen-c3-1766493,Citroen C3 (2019),2019,Getaround Connect,CITADINE,SEGMENT_RULES,THERMIQUE,True,57.0,,4.67,15,Puteaux,Paris,Puteaux|Paris 17e,2,9,False,False,,4010,477,3
20260802T110238,A2,v3.4-search-json,2026-08-03T09:00,2026-08-03T20:00,1759610,https://fr.getaround.com/location-voiture/paris/audi-a3-sportback-e-tron-1759610,Audi A3 Sportback e-tron (2014),2014,Getaround Connect,COMPACTE,SEGMENT_RULES,THERMIQUE,True,86.0,,4.98,43,Puteaux,Paris,Puteaux|Paris 17e,2,10,False,False,,4520,477,3
20260802T110238,A2,v3.4-search-json,2026-08-03T09:00,2026-08-03T20:00,760134,https://fr.getaround.com/location-voiture/paris/citroen-c3-760134,Citroen C3 (2019),2019,Getaround Connect,CITADINE,SEGMENT_RULES,THERMIQUE,True,52.0,,4.76,173,Puteaux,Paris,Puteaux|Paris 17e,2,11,False,False,,6390,477,3
20260802T110238,A2,v3.4-search-json,2026-08-03T09:00,2026-08-03T20:00,1722701,https://fr.getaround.com/location-voiture/courbevoie/peugeot-208-1722701,Peugeot 208 (2023),2023,Getaround Connect,CITADINE,SEGMENT_RULES,THERMIQUE,True,57.0,,3.89,9,Puteaux,Courbevoie,Puteaux|Paris 17e,2,12,False,False,,1160,477,1
20260802T110238,A2,v3.4-search-json,2026-08-03T09:00,2026-08-03T20:00,1253191,https://fr.getaround.com/location-voiture/paris/peugeot-208-1253191,Peugeot 208 (2023),2023,Getaround Connect,CITADINE,SEGMENT_RULES,THERMIQUE,True,70.0,,3.78,46,Puteaux,Paris,Puteaux|Paris 17e,2,12,False,False,,4430,477,5
20260802T110238,A2,v3.4-search-json,2026-08-03T09:00,2026-08-03T20:00,1240924,https://fr.getaround.com/location-voiture/paris/peugeot-208-1240924,Peugeot 208 (2023),2023,Getaround Connect,CITADINE,SEGMENT_RULES,THERMIQUE,True,50.0,,4.39,71,Puteaux,Paris,Puteaux|Paris 17e,2,13,False,False,,6500,477,4
20260802T110238,A2,v3.4-search-json,2026-08-03T09:00,2026-08-03T20:00,1881939,https://fr.getaround.com/location-voiture/paris/peugeot-2008-1881939,Peugeot 2008 (2026),2026,Getaround Connect,SUV_COMPACT,SEGMENT_RULES,THERMIQUE,True,96.0,,5.0,4,Puteaux,Paris,Puteaux|Paris 17e,2,14,False,False,,4550,477,5
20260802T110238,A2,v3.4-search-json,2026-08-03T09:00,2026-08-03T20:00,1784089,https://fr.getaround.com/location-voiture/courbevoie/renault-austral-e-tech-full-hybrid-1784089,Renault Austral E-Tech full hybrid (2024),2024,Sur rendez-vous,SUV_FAMILIAL,SEGMENT_RULES,ELECTRIQUE,False,133.0,,5.0,1,Puteaux,Courbevoie,Puteaux|Paris 17e,2,15,False,False,,880,477,1
20260802T110238,A2,v3.4-search-json,2026-08-03T09:00,2026-08-03T20:00,1441535,https://fr.getaround.com/location-voiture/paris/peugeot-208-1441535,Peugeot 208 (2023),2023,Getaround Connect,CITADINE,SEGMENT_RULES,THERMIQUE,True,77.0,,4.43,51,Puteaux,Paris,Puteaux|Paris 17e,2,15,False,False,,4200,477,4
20260802T110238,A2,v3.4-search-json,2026-08-03T09:00,2026-08-03T20:00,1722656,https://fr.getaround.com/location-voiture/paris/citroen-c3-1722656,Citroen C3 (2021),2021,Getaround Connect,CITADINE,SEGMENT_RULES,THERMIQUE,True,45.0,,4.36,22,Puteaux,Paris,Puteaux|Paris 17e,2,16,False,False,,6510,477,5
20260802T110238,A2,v3.4-search-json,2026-08-03T09:00,2026-08-03T20:00,1355472,https://fr.getaround.com/location-voiture/suresnes/peugeot-208-1355472,Peugeot 208 (2017),2017,Getaround Connect,CITADINE,SEGMENT_RULES,THERMIQUE,True,76.0,,4.96,73,Puteaux,Suresnes,Puteaux|Paris 17e,2,17,False,False,,1160,477,1
20260802T110238,A2,v3.4-search-json,2026-08-03T09:00,2026-08-03T20:00,829228,https://fr.getaround.com/location-voiture/paris/citroen-c4-cactus-829228,Citroen C4 Cactus (2018),2018,Getaround Connect,COMPACTE,SEGMENT_RULES,THERMIQUE,True,58.0,,3.96,136,Puteaux,Paris,Puteaux|Paris 17e,2,17,False,False,,4790,477,5
20260802T110238,A2,v3.4-search-json,2026-08-03T09:00,2026-08-03T20:00,1910845,https://fr.getaround.com/location-voiture/suresnes/renault-clio-1910845,Renault Clio (2016),2016,Getaround Connect,CITADINE,SEGMENT_RULES,THERMIQUE,True,60.0,,,,Puteaux,Suresnes,Puteaux|Paris 17e,2,18,False,False,,1160,477,1
20260802T110238,A2,v3.4-search-json,2026-08-03T09:00,2026-08-03T20:00,1790194,https://fr.getaround.com/location-voiture/paris/peugeot-107-1790194,Peugeot 107 (2012),2012,Sur rendez-vous,MICRO_CITADINE,SEGMENT_RULES,THERMIQUE,False,60.0,,4.92,12,Puteaux,Paris,Puteaux|Paris 17e,2,18,False,False,,5300,477,8
20260802T110238,A2,v3.4-search-json,2026-08-03T09:00,2026-08-03T20:00,489829,https://fr.getaround.com/location-voiture/nanterre/volkswagen-polo-489829,Volkswagen Polo (2015),2015,Getaround Connect,CITADINE,SEGMENT_RULES,THERMIQUE,True,68.0,,4.52,184,Puteaux,Nanterre,Puteaux|Paris 17e,2,19,False,False,,1650,477,1
20260802T110238,A2,v3.4-search-json,2026-08-03T09:00,2026-08-03T20:00,1583938,https://fr.getaround.com/location-voiture/paris/peugeot-208-1583938,Peugeot 208 (2020),2020,Getaround Connect,CITADINE,SEGMENT_RULES,THERMIQUE,True,52.0,,3.28,30,Puteaux,Paris,Puteaux|Paris 17e,2,19,False,False,,5610,477,5
20260802T110238,A2,v3.4-search-json,2026-08-03T09:00,2026-08-03T20:00,941338,https://fr.getaround.com/location-voiture/levallois-perret/renault-twingo-941338,Renault Twingo (2011),2011,Getaround Connect,CITADINE,SEGMENT_RULES,THERMIQUE,True,47.0,,4.56,68,Puteaux,Levallois Perret,Puteaux|Paris 17e,2,20,False,False,,4280,477,2
20260802T110238,A2,v3.4-search-json,2026-08-03T09:00,2026-08-03T20:00,1931434,https://fr.getaround.com/location-voiture/paris/fiat-500-c-1931434,Fiat 500 C (2019),2019,Getaround Connect,CABRIOLET,SEGMENT_RULES,THERMIQUE,True,73.0,,,,Puteaux,Paris,Puteaux|Paris 17e,2,21,False,False,,5020,477,5
20260802T110238,A2,v3.4-search-json,2026-08-03T09:00,2026-08-03T20:00,1650493,https://fr.getaround.com/location-voiture/levallois-perret/volkswagen-t-cross-1650493,Volkswagen T-Cross (2024),2024,Getaround Connect,SUV_COMPACT,SEGMENT_RULES,THERMIQUE,True,73.0,,4.85,26,Puteaux,Levallois Perret,Puteaux|Paris 17e,2,22,False,False,,4530,477,2
20260802T110238,A2,v3.4-search-json,2026-08-03T09:00,2026-08-03T20:00,1253598,https://fr.getaround.com/location-voiture/neuilly-sur-seine/nissan-pixo-1253598,Nissan Pixo (2013),2013,Getaround Connect,MICRO_CITADINE,SEGMENT_RULES,THERMIQUE,True,49.0,,4.77,86,Puteaux,Neuilly Sur Seine,Puteaux|Paris 17e,2,23,False,False,,2430,477,1
20260802T110238,A2,v3.4-search-json,2026-08-03T09:00,2026-08-03T20:00,1851591,https://fr.getaround.com/location-voiture/paris/renault-clio-1851591,Renault Clio (2018),2018,Getaround Connect,CITADINE,SEGMENT_RULES,THERMIQUE,True,72.0,,4.86,7,Puteaux,Paris,Puteaux|Paris 17e,2,23,False,False,,5800,477,8
20260802T110238,A2,v3.4-search-json,2026-08-03T09:00,2026-08-03T20:00,1658823,https://fr.getaround.com/location-voiture/suresnes/toyota-auris-1658823,Toyota Auris (2019),2019,Getaround Connect,COMPACTE,SEGMENT_RULES,THERMIQUE,True,81.0,,4.7,27,Puteaux,Suresnes,Puteaux|Paris 17e,2,24,False,False,,1150,477,1
20260802T110238,A2,v3.4-search-json,2026-08-03T09:00,2026-08-03T20:00,1708980,https://fr.getaround.com/location-voiture/paris/renault-clio-e-tech-1708980,Renault Clio E-tech (2021),2021,Getaround Connect,CITADINE,SEGMENT_RULES,ELECTRIQUE,True,58.0,,4.59,17,Puteaux,Paris,Puteaux|Paris 17e,2,24,False,False,,3380,477,1
20260802T110238,A2,v3.4-search-json,2026-08-03T09:00,2026-08-03T20:00,1937973,https://fr.getaround.com/location-voiture/paris/renault-captur-1937973,Renault Captur (2022),2022,Getaround Connect,SUV_COMPACT,SEGMENT_RULES,THERMIQUE,True,73.0,,,,Puteaux,Paris,Puteaux|Paris 17e,2,25,False,False,,5810,477,6
20260802T110238,A2,v3.4-search-json,2026-08-03T09:00,2026-08-03T20:00,985139,https://fr.getaround.com/location-voiture/suresnes/citroen-c3-985139,Citroen C3 (2021),2021,Getaround Connect,CITADINE,SEGMENT_RULES,THERMIQUE,True,45.0,,3.9,96,Puteaux,Suresnes,Puteaux|Paris 17e,2,26,False,False,,2029,477,1
20260802T110238,A2,v3.4-search-json,2026-08-03T09:00,2026-08-03T20:00,1806944,https://fr.getaround.com/location-voiture/paris/fiat-500-hybride-1806944,Fiat 500 Hybride (2023),2023,Getaround Connect,CITADINE,SEGMENT_RULES,HYBRIDE,True,57.0,,4.38,13,Puteaux,Paris,Puteaux|Paris 17e,2,26,False,False,,6900,477,6
20260802T110238,A2,v3.4-search-json,2026-08-03T09:00,2026-08-03T20:00,1495610,https://fr.getaround.com/location-voiture/courbevoie/peugeot-208-1495610,Peugeot 208 (2024),2024,Getaround Connect,CITADINE,SEGMENT_RULES,THERMIQUE,True,83.0,,4.94,57,Puteaux,Courbevoie,Puteaux|Paris 17e,2,27,False,False,,1620,477,1
20260802T110238,A2,v3.4-search-json,2026-08-03T09:00,2026-08-03T20:00,1932732,https://fr.getaround.com/location-voiture/clichy/peugeot-208-1932732,Peugeot 208 (2016),2016,Getaround Connect,CITADINE,SEGMENT_RULES,THERMIQUE,True,53.0,,,,Puteaux,Clichy,Puteaux|Paris 17e,2,27,False,False,,5580,477,3
20260802T110238,A2,v3.4-search-json,2026-08-03T09:00,2026-08-03T20:00,1840526,https://fr.getaround.com/location-voiture/paris/mini-cooper-3-portes-1840526,Mini Cooper 3 portes (2014),2014,Getaround Connect,CITADINE,SEGMENT_RULES,THERMIQUE,True,53.0,,4.71,31,Puteaux,Paris,Puteaux|Paris 17e,2,28,False,False,,4300,477,1
20260802T110238,A2,v3.4-search-json,2026-08-03T09:00,2026-08-03T20:00,1518486,https://fr.getaround.com/location-voiture/levallois-perret/fiat-500-1518486,Fiat 500 (2015),2015,Getaround Connect,CITADINE,SEGMENT_RULES,THERMIQUE,True,58.0,,4.59,39,Puteaux,Levallois Perret,Puteaux|Paris 17e,2,28,False,False,,4370,477,3
20260802T110238,A2,v3.4-search-json,2026-08-03T09:00,2026-08-03T20:00,1650527,https://fr.getaround.com/location-voiture/levallois-perret/volkswagen-t-cross-1650527,Volkswagen T-Cross (2024),2024,Getaround Connect,SUV_COMPACT,SEGMENT_RULES,THERMIQUE,True,73.0,,4.79,47,Puteaux,Levallois Perret,Puteaux|Paris 17e,2,29,False,False,,4530,477,2
20260802T110238,A2,v3.4-search-json,2026-08-03T09:00,2026-08-03T20:00,1715377,https://fr.getaround.com/location-voiture/asnieres-sur-seine/nissan-note-1715377,Nissan Note (2015),2015,Getaround Connect,COMPACTE,SEGMENT_RULES,THERMIQUE,True,37.0,,4.89,45,Puteaux,Asnieres Sur Seine,Puteaux|Paris 17e,2,30,False,False,,3670,477,1
20260802T110238,A2,v3.4-search-json,2026-08-03T09:00,2026-08-03T20:00,958966,https://fr.getaround.com/location-voiture/levallois-perret/renault-twingo-958966,Renault Twingo (2013),2013,Getaround Connect,CITADINE,SEGMENT_RULES,THERMIQUE,True,47.0,,4.57,98,Puteaux,Levallois Perret,Puteaux|Paris 17e,2,30,False,False,,4200,477,2
20260802T110238,A2,v3.4-search-json,2026-08-03T09:00,2026-08-03T20:00,1479656,https://fr.getaround.com/location-voiture/clichy/renault-clio-1479656,Renault Clio (2023),2023,Getaround Connect,CITADINE,SEGMENT_RULES,THERMIQUE,True,70.0,,4.78,56,Puteaux,Clichy,Puteaux|Paris 17e,2,31,False,False,,5200,477,5
20260802T110238,A2,v3.4-search-json,2026-08-03T09:00,2026-08-03T20:00,1619882,https://fr.getaround.com/location-voiture/la-garenne-colombes/fiat-500-1619882,Fiat 500 (2014),2014,Getaround Connect,CITADINE,SEGMENT_RULES,THERMIQUE,True,58.0,,4.89,66,Puteaux,La Garenne Colombes,Puteaux|Paris 17e,2,32,False,False,,2870,477,1
20260802T110238,A2,v3.4-search-json,2026-08-03T09:00,2026-08-03T20:00,1257603,https://fr.getaround.com/location-voiture/paris/peugeot-107-1257603,Peugeot 107 (2012),2012,Sur rendez-vous,MICRO_CITADINE,SEGMENT_RULES,THERMIQUE,False,63.0,,5.0,14,Puteaux,Paris,Puteaux|Paris 17e,2,32,False,False,,5300,477,9
20260802T110238,A2,v3.4-search-json,2026-08-03T09:00,2026-08-03T20:00,1651964,https://fr.getaround.com/location-voiture/asnieres-sur-seine/renault-clio-1651964,Renault Clio (2018),2018,Getaround Connect,CITADINE,SEGMENT_RULES,THERMIQUE,True,52.0,,4.94,32,Puteaux,Asnieres Sur Seine,Puteaux|Paris 17e,2,33,False,False,,3560,477,1
20260802T110238,A2,v3.4-search-json,2026-08-03T09:00,2026-08-03T20:00,1715431,https://fr.getaround.com/location-voiture/clichy/ford-fiesta-1715431,Ford Fiesta (2021),2021,Getaround Connect,CITADINE,SEGMENT_RULES,THERMIQUE,True,45.0,,4.09,11,Puteaux,Clichy,Puteaux|Paris 17e,2,33,False,False,,5540,477,3
20260802T110238,A2,v3.4-search-json,2026-08-03T09:00,2026-08-03T20:00,1387832,https://fr.getaround.com/location-voiture/la-garenne-colombes/renault-clio-1387832,Renault Clio (2014),2014,Getaround Connect,CITADINE,SEGMENT_RULES,THERMIQUE,True,59.0,,4.77,71,Puteaux,La Garenne Colombes,Puteaux|Paris 17e,2,34,False,False,,2730,477,1
20260802T110238,A2,v3.4-search-json,2026-08-03T09:00,2026-08-03T20:00,1934862,https://fr.getaround.com/location-voiture/paris/citroen-c3-1934862,Citroen C3 (2016),2016,Sur rendez-vous,CITADINE,SEGMENT_RULES,THERMIQUE,False,52.0,,5.0,2,Puteaux,Paris,Puteaux|Paris 17e,2,34,False,False,,6380,477,6
20260802T110238,A2,v3.4-search-json,2026-08-03T09:00,2026-08-03T20:00,1879290,https://fr.getaround.com/location-voiture/puteaux/mercedes-benz-classe-a-1879290,Mercedes-Benz Classe A (2016),2016,Sur rendez-vous,COMPACTE,SEGMENT_RULES,THERMIQUE,False,98.0,,5.0,6,Puteaux,Puteaux,Puteaux|Paris 17e,2,35,False,False,,440,477,1
20260802T110238,A2,v3.4-search-json,2026-08-03T09:00,2026-08-03T20:00,1713378,https://fr.getaround.com/location-voiture/paris/volkswagen-polo-1713378,Volkswagen Polo (2025),2025,Getaround Connect,CITADINE,SEGMENT_RULES,THERMIQUE,True,85.0,,4.91,11,Puteaux,Paris,Puteaux|Paris 17e,2,35,False,False,,5610,477,6
20260802T110238,A2,v3.4-search-json,2026-08-03T09:00,2026-08-03T20:00,1650497,https://fr.getaround.com/location-voiture/paris/volkswagen-t-cross-1650497,Volkswagen T-Cross (2024),2024,Getaround Connect,SUV_COMPACT,SEGMENT_RULES,THERMIQUE,True,73.0,,4.74,29,Puteaux,Paris,Puteaux|Paris 17e,2,36,False,False,,3040,477,1
20260802T110238,A2,v3.4-search-json,2026-08-03T09:00,2026-08-03T20:00,1639246,https://fr.getaround.com/location-voiture/paris/peugeot-3008-1639246,Peugeot 3008 (2018),2018,Getaround Connect,SUV_FAMILIAL,SEGMENT_RULES,THERMIQUE,True,67.0,,5.0,17,Puteaux,Paris,Puteaux|Paris 17e,2,36,False,False,,6900,477,4
20260802T110238,A2,v3.4-search-json,2026-08-03T09:00,2026-08-03T20:00,788177,https://fr.getaround.com/location-voiture/nanterre/volkswagen-polo-788177,Volkswagen Polo (2015),2015,Sur rendez-vous,CITADINE,SEGMENT_RULES,THERMIQUE,False,74.0,,4.99,36,Puteaux,Nanterre,Puteaux|Paris 17e,2,37,False,False,,1970,477,1
20260802T110238,A2,v3.4-search-json,2026-08-03T09:00,2026-08-03T20:00,1323654,https://fr.getaround.com/location-voiture/paris/renault-twingo-1323654,Renault Twingo (2020),2020,Getaround Connect,CITADINE,SEGMENT_RULES,THERMIQUE,True,45.0,,4.39,76,Puteaux,Paris,Puteaux|Paris 17e,2,37,False,False,,5420,477,2
20260802T110238,A2,v3.4-search-json,2026-08-03T09:00,2026-08-03T20:00,1660563,https://fr.getaround.com/location-voiture/suresnes/peugeot-208-1660563,Peugeot 208 (2018),2018,Getaround Connect,CITADINE,SEGMENT_RULES,THERMIQUE,True,72.0,,4.83,36,Puteaux,Suresnes,Puteaux|Paris 17e,2,38,False,False,,2190,477,1
20260802T110238,A2,v3.4-search-json,2026-08-03T09:00,2026-08-03T20:00,1002074,https://fr.getaround.com/location-voiture/paris/peugeot-208-1002074,Peugeot 208 (2021),2021,Getaround Connect,CITADINE,SEGMENT_RULES,THERMIQUE,True,44.0,,4.19,113,Puteaux,Paris,Puteaux|Paris 17e,2,38,False,False,,3990,477,2
20260802T110238,A2,v3.4-search-json,2026-08-03T09:00,2026-08-03T20:00,1842768,https://fr.getaround.com/location-voiture/colombes/fiat-500-1842768,Fiat 500 (2021),2021,Getaround Connect,CITADINE,SEGMENT_RULES,THERMIQUE,True,60.0,,5.0,16,Puteaux,Colombes,Puteaux|Paris 17e,2,39,False,False,,2810,477,1
20260802T110238,A2,v3.4-search-json,2026-08-03T09:00,2026-08-03T20:00,1326860,https://fr.getaround.com/location-voiture/neuilly-sur-seine/renault-megane-1326860,Renault Mégane (2020),2020,Getaround Connect,COMPACTE,SEGMENT_RULES,THERMIQUE,True,70.0,,4.82,47,Puteaux,Neuilly Sur Seine,Puteaux|Paris 17e,2,39,False,False,,3100,477,2
20260802T110238,A2,v3.4-search-json,2026-08-03T09:00,2026-08-03T20:00,783686,https://fr.getaround.com/location-voiture/paris/renault-clio-783686,Renault Clio (2017),2017,Getaround Connect,CITADINE,SEGMENT_RULES,THERMIQUE,True,45.0,,4.25,133,Paris 17e,Paris,Paris 17e,1,40,False,False,,2830,714,1
20260802T110238,A2,v3.4-search-json,2026-08-03T09:00,2026-08-03T20:00,1853143,https://fr.getaround.com/location-voiture/courbevoie/citroen-c3-picasso-1853143,Citroen C3 Picasso (2017),2017,Getaround Connect,MONOSPACE,SEGMENT_RULES,THERMIQUE,True,58.0,,,,Puteaux,Courbevoie,Puteaux|Paris 17e,2,41,False,False,,2450,477,2
20260802T110238,A2,v3.4-search-json,2026-08-03T09:00,2026-08-03T20:00,1681662,https://fr.getaround.com/location-voiture/paris/peugeot-208-1681662,Peugeot 208 (2020),2020,Getaround Connect,CITADINE,SEGMENT_RULES,THERMIQUE,True,45.0,,4.03,32,Paris 17e,Paris,Paris 17e,1,41,False,False,,2830,714,2
20260802T110238,A2,v3.4-search-json,2026-08-03T09:00,2026-08-03T20:00,1590442,https://fr.getaround.com/location-voiture/levallois-perret/peugeot-2008-1590442,Peugeot 2008 (2023),2023,Getaround Connect,SUV_COMPACT,SEGMENT_RULES,THERMIQUE,True,63.0,,4.03,31,Puteaux,Levallois Perret,Puteaux|Paris 17e,2,42,False,False,,3660,477,2
20260802T110238,A2,v3.4-search-json,2026-08-03T09:00,2026-08-03T20:00,1787785,https://fr.getaround.com/location-voiture/paris/peugeot-208-1787785,Peugeot 208 (2025),2025,Getaround Connect,CITADINE,SEGMENT_RULES,THERMIQUE,True,81.0,,4.57,21,Puteaux,Paris,Puteaux|Paris 17e,2,42,False,False,,6430,477,7
20260802T110238,A2,v3.4-search-json,2026-08-03T09:00,2026-08-03T20:00,946809,https://fr.getaround.com/location-voiture/levallois-perret/renault-twingo-946809,Renault Twingo (2014),2014,Getaround Connect,CITADINE,SEGMENT_RULES,THERMIQUE,True,53.0,,4.81,136,Puteaux,Levallois Perret,Puteaux|Paris 17e,2,43,False,False,,3150,477,2
20260802T110238,A2,v3.4-search-json,2026-08-03T09:00,2026-08-03T20:00,1273046,https://fr.getaround.com/location-voiture/paris/volkswagen-up-1273046,Volkswagen Up! (2016),2016,Getaround Connect,MICRO_CITADINE,SEGMENT_RULES,THERMIQUE,True,64.0,,4.65,72,Puteaux,Paris,Puteaux|Paris 17e,2,43,False,False,,6540,477,6
20260802T110238,A2,v3.4-search-json,2026-08-03T09:00,2026-08-03T20:00,1619485,https://fr.getaround.com/location-voiture/la-garenne-colombes/peugeot-208-1619485,Peugeot 208 (2014),2014,Getaround Connect,CITADINE,SEGMENT_RULES,THERMIQUE,True,64.0,,4.52,41,Puteaux,La Garenne Colombes,Puteaux|Paris 17e,2,44,False,False,,2620,477,2
20260802T110238,A2,v3.4-search-json,2026-08-03T09:00,2026-08-03T20:00,1205539,https://fr.getaround.com/location-voiture/courbevoie/renault-twingo-ii-1205539,Renault Twingo II (2013),2013,Getaround Connect,CITADINE,SEGMENT_RULES,THERMIQUE,True,51.0,,4.96,81,Puteaux,Courbevoie,Puteaux|Paris 17e,2,45,False,False,,3460,477,2
20260802T110238,A2,v3.4-search-json,2026-08-03T09:00,2026-08-03T20:00,1666438,https://fr.getaround.com/location-voiture/paris/peugeot-208-1666438,Peugeot 208 (2025),2025,Getaround Connect,CITADINE,SEGMENT_RULES,THERMIQUE,True,81.0,,4.5,32,Puteaux,Paris,Puteaux|Paris 17e,2,45,False,False,,6280,477,7
20260802T110238,A2,v3.4-search-json,2026-08-03T09:00,2026-08-03T20:00,1383571,https://fr.getaround.com/location-voiture/neuilly-sur-seine/renault-megane-1383571,Renault Mégane (2020),2020,Getaround Connect,COMPACTE,SEGMENT_RULES,THERMIQUE,True,76.0,,4.77,70,Puteaux,Neuilly Sur Seine,Puteaux|Paris 17e,2,46,False,False,,2530,477,2
20260802T110238,A2,v3.4-search-json,2026-08-03T09:00,2026-08-03T20:00,1787779,https://fr.getaround.com/location-voiture/paris/peugeot-208-1787779,Peugeot 208 (2025),2025,Getaround Connect,CITADINE,SEGMENT_RULES,THERMIQUE,True,81.0,,3.7,10,Puteaux,Paris,Puteaux|Paris 17e,2,47,False,False,,6130,477,8
20260802T110238,A2,v3.4-search-json,2026-08-03T09:00,2026-08-03T20:00,1527654,https://fr.getaround.com/location-voiture/asnieres-sur-seine/volkswagen-up-1527654,Volkswagen Up! (2014),2014,Getaround Connect,MICRO_CITADINE,SEGMENT_RULES,THERMIQUE,True,48.0,,4.92,71,Puteaux,Asnieres Sur Seine,Puteaux|Paris 17e,2,48,False,False,,3850,477,2
20260802T110238,A2,v3.4-search-json,2026-08-03T09:00,2026-08-03T20:00,828093,https://fr.getaround.com/location-voiture/paris/toyota-yaris-hybride-828093,Toyota Yaris Hybride (2021),2021,Getaround Connect,CITADINE,SEGMENT_RULES,HYBRIDE,True,54.0,,4.19,171,Paris 17e,Paris,Paris 17e,1,48,False,False,,2260,714,2
20260802T110238,A2,v3.4-search-json,2026-08-03T09:00,2026-08-03T20:00,1419604,https://fr.getaround.com/location-voiture/nanterre/renault-clio-1419604,Renault Clio (2019),2019,Getaround Connect,CITADINE,SEGMENT_RULES,THERMIQUE,True,72.0,,4.7,37,Puteaux,Nanterre,Puteaux|Paris 17e,2,49,False,False,,2160,477,2
20260802T110238,A2,v3.4-search-json,2026-08-03T09:00,2026-08-03T20:00,663093,https://fr.getaround.com/location-voiture/clichy/skoda-fabia-663093,Skoda Fabia (2020),2020,Getaround Connect,CITADINE,SEGMENT_RULES,THERMIQUE,True,76.0,,4.92,172,Puteaux,Clichy,Puteaux|Paris 17e,2,50,False,False,,5390,477,6
20260802T110238,A2,v3.4-search-json,2026-08-03T09:00,2026-08-03T20:00,1609353,https://fr.getaround.com/location-voiture/asnieres-sur-seine/nissan-micra-1609353,Nissan Micra (2014),2014,Getaround Connect,CITADINE,SEGMENT_RULES,THERMIQUE,True,43.0,,4.84,61,Puteaux,Asnieres Sur Seine,Puteaux|Paris 17e,2,51,False,False,,3680,477,2
20260802T110238,A2,v3.4-search-json,2026-08-03T09:00,2026-08-03T20:00,1215389,https://fr.getaround.com/location-voiture/paris/renault-megane-estate-1215389,Renault Mégane Estate (2022),2022,Getaround Connect,BREAK,SEGMENT_RULES,THERMIQUE,True,81.0,,4.81,40,Puteaux,Paris,Puteaux|Paris 17e,2,51,False,False,,4040,477,5
20260802T110238,A2,v3.4-search-json,2026-08-03T09:00,2026-08-03T20:00,1713379,https://fr.getaround.com/location-voiture/paris/volkswagen-polo-1713379,Volkswagen Polo (2025),2025,Getaround Connect,CITADINE,SEGMENT_RULES,THERMIQUE,True,91.0,,4.91,11,Puteaux,Paris,Puteaux|Paris 17e,2,52,False,False,,5720,477,9
20260802T110238,A2,v3.4-search-json,2026-08-03T09:00,2026-08-03T20:00,845062,https://fr.getaround.com/location-voiture/paris/renault-clio-845062,Renault Clio (2019),2019,Getaround Connect,CITADINE,SEGMENT_RULES,THERMIQUE,True,45.0,,4.03,146,Paris 17e,Paris,Paris 17e,1,53,False,False,,3210,714,2
20260802T110238,A2,v3.4-search-json,2026-08-03T09:00,2026-08-03T20:00,1414796,https://fr.getaround.com/location-voiture/la-garenne-colombes/peugeot-2008-1414796,Peugeot 2008 (2020),2020,Getaround Connect,SUV_COMPACT,SEGMENT_RULES,THERMIQUE,True,81.0,,4.92,13,Puteaux,La Garenne Colombes,Puteaux|Paris 17e,2,54,False,False,,2090,477,2
20260802T110238,A2,v3.4-search-json,2026-08-03T09:00,2026-08-03T20:00,782396,https://fr.getaround.com/location-voiture/levallois-perret/renault-clio-782396,Renault Clio (2011),2011,Getaround Connect,CITADINE,SEGMENT_RULES,THERMIQUE,True,61.0,,4.75,152,Puteaux,Levallois Perret,Puteaux|Paris 17e,2,54,False,False,,3450,477,3
20260802T110238,A2,v3.4-search-json,2026-08-03T09:00,2026-08-03T20:00,1820551,https://fr.getaround.com/location-voiture/courbevoie/peugeot-208-1820551,Peugeot 208 (2013),2013,Sur rendez-vous,CITADINE,SEGMENT_RULES,THERMIQUE,False,68.0,,4.67,3,Puteaux,Courbevoie,Puteaux|Paris 17e,2,55,False,False,,1300,477,2
20260802T110238,A2,v3.4-search-json,2026-08-03T09:00,2026-08-03T20:00,960847,https://fr.getaround.com/location-voiture/levallois-perret/renault-clio-960847,Renault Clio (2014),2014,Getaround Connect,CITADINE,SEGMENT_RULES,THERMIQUE,True,66.0,,4.85,115,Puteaux,Levallois Perret,Puteaux|Paris 17e,2,55,False,False,,3470,477,3
20260802T110238,A2,v3.4-search-json,2026-08-03T09:00,2026-08-03T20:00,1816173,https://fr.getaround.com/location-voiture/puteaux/suzuki-ignis-1816173,Suzuki Ignis (2018),2018,Sur rendez-vous,MICRO_CITADINE,SEGMENT_RULES,THERMIQUE,False,75.0,,,,Puteaux,Puteaux,Puteaux|Paris 17e,2,56,False,False,,550,477,2
20260802T110238,A2,v3.4-search-json,2026-08-03T09:00,2026-08-03T20:00,1911327,https://fr.getaround.com/location-voiture/paris/citroen-c4-grand-spacetourer-1911327,Citroen C4 Grand Spacetourer (2022),2022,Getaround Connect,COMPACTE,SEGMENT_RULES,THERMIQUE,True,85.0,,,,Puteaux,Paris,Puteaux|Paris 17e,2,56,False,False,,5720,477,6
20260802T110238,A2,v3.4-search-json,2026-08-03T09:00,2026-08-03T20:00,1216051,https://fr.getaround.com/location-voiture/neuilly-sur-seine/citroen-c3-1216051,Citroen C3 (2023),2023,Getaround Connect,CITADINE,SEGMENT_RULES,THERMIQUE,True,50.0,,4.12,78,Puteaux,Neuilly Sur Seine,Puteaux|Paris 17e,2,57,False,False,,2920,477,2
20260802T110238,A2,v3.4-search-json,2026-08-03T09:00,2026-08-03T20:00,1274902,https://fr.getaround.com/location-voiture/paris/renault-clio-1274902,Renault Clio (2023),2023,Getaround Connect,CITADINE,SEGMENT_RULES,THERMIQUE,True,70.0,,4.02,26,Puteaux,Paris,Puteaux|Paris 17e,2,57,False,False,,5130,477,5
20260802T110238,A2,v3.4-search-json,2026-08-03T09:00,2026-08-03T20:00,1007411,https://fr.getaround.com/location-voiture/paris/citroen-c3-1007411,Citroen C3 (2022),2022,Getaround Connect,CITADINE,SEGMENT_RULES,THERMIQUE,True,45.0,,4.53,73,Paris 17e,Paris,Paris 17e,1,58,False,False,,2830,714,2
20260802T110238,A2,v3.4-search-json,2026-08-03T09:00,2026-08-03T20:00,1350729,https://fr.getaround.com/location-voiture/paris/renault-clio-1350729,Renault Clio (2012),2012,Sur rendez-vous,CITADINE,SEGMENT_RULES,THERMIQUE,False,47.0,,5.0,45,Puteaux,Paris,Puteaux|Paris 17e,2,60,False,False,,3330,477,3
20260802T110238,A2,v3.4-search-json,2026-08-03T09:00,2026-08-03T20:00,1219231,https://fr.getaround.com/location-voiture/paris/peugeot-208-1219231,Peugeot 208 (2023),2023,Getaround Connect,CITADINE,SEGMENT_RULES,THERMIQUE,True,70.0,,3.82,42,Puteaux,Paris,Puteaux|Paris 17e,2,61,False,False,,3860,477,3
20260802T110238,A2,v3.4-search-json,2026-08-03T09:00,2026-08-03T20:00,1204492,https://fr.getaround.com/location-voiture/la-garenne-colombes/dacia-spring-1204492,Dacia Spring (2021),2021,Getaround Connect,COMPACTE,SEGMENT_RULES,THERMIQUE,True,60.0,,4.44,77,Puteaux,La Garenne Colombes,Puteaux|Paris 17e,2,62,False,False,,2730,477,2
20260802T110238,A2,v3.4-search-json,2026-08-03T09:00,2026-08-03T20:00,1650511,https://fr.getaround.com/location-voiture/paris/volkswagen-t-cross-1650511,Volkswagen T-Cross (2024),2024,Getaround Connect,SUV_COMPACT,SEGMENT_RULES,THERMIQUE,True,73.0,,4.71,26,Puteaux,Paris,Puteaux|Paris 17e,2,62,False,False,,5750,477,4
20260802T110238,A2,v3.4-search-json,2026-08-03T09:00,2026-08-03T20:00,1770446,https://fr.getaround.com/location-voiture/rueil-malmaison/renault-5-e-tech-1770446,Renault 5 E-Tech (2025),2025,Getaround Connect,CITADINE,SEGMENT_RULES,ELECTRIQUE,True,68.0,,3.9,10,Puteaux,Rueil Malmaison,Puteaux,1,63,False,False,,2880,477,2
20260802T110238,A2,v3.4-search-json,2026-08-03T09:00,2026-08-03T20:00,1442857,https://fr.getaround.com/location-voiture/paris/citroen-c3-1442857,Citroen C3 (2023),2023,Getaround Connect,CITADINE,SEGMENT_RULES,THERMIQUE,True,70.0,,3.86,21,Puteaux,Paris,Puteaux|Paris 17e,2,63,False,False,,5130,477,7
20260802T110238,A2,v3.4-search-json,2026-08-03T09:00,2026-08-03T20:00,1215324,https://fr.getaround.com/location-voiture/la-garenne-colombes/seat-arona-1215324,Seat Arona (2020),2020,Getaround Connect,SUV_COMPACT,SEGMENT_RULES,THERMIQUE,True,76.0,,4.95,74,Puteaux,La Garenne Colombes,Puteaux|Paris 17e,2,64,False,False,,2730,477,2
20260802T110238,A2,v3.4-search-json,2026-08-03T09:00,2026-08-03T20:00,1631676,https://fr.getaround.com/location-voiture/levallois-perret/opel-corsa-1631676,Opel Corsa (2024),2024,Getaround Connect,CITADINE,SEGMENT_RULES,THERMIQUE,True,81.0,,4.77,45,Puteaux,Levallois Perret,Puteaux|Paris 17e,2,64,False,False,,4540,477,5
20260802T110238,A2,v3.4-search-json,2026-08-03T09:00,2026-08-03T20:00,1526065,https://fr.getaround.com/location-voiture/courbevoie/opel-adam-1526065,Opel Adam (2016),2016,Getaround Connect,CITADINE,SEGMENT_RULES,THERMIQUE,True,58.0,,4.81,70,Puteaux,Courbevoie,Puteaux|Paris 17e,2,65,False,False,,3620,477,2
20260802T110238,A2,v3.4-search-json,2026-08-03T09:00,2026-08-03T20:00,1675488,https://fr.getaround.com/location-voiture/paris/peugeot-208-1675488,Peugeot 208 (2025),2025,Getaround Connect,CITADINE,SEGMENT_RULES,THERMIQUE,True,81.0,,4.59,34,Puteaux,Paris,Puteaux|Paris 17e,2,65,False,False,,3580,477,3
20260802T110238,A2,v3.4-search-json,2026-08-03T09:00,2026-08-03T20:00,1631664,https://fr.getaround.com/location-voiture/levallois-perret/opel-corsa-1631664,Opel Corsa (2024),2024,Getaround Connect,CITADINE,SEGMENT_RULES,THERMIQUE,True,81.0,,4.88,32,Puteaux,Levallois Perret,Puteaux|Paris 17e,2,66,False,False,,4540,477,6
20260802T110238,A2,v3.4-search-json,2026-08-03T09:00,2026-08-03T20:00,1056821,https://fr.getaround.com/location-voiture/la-garenne-colombes/fiat-500-c-1056821,Fiat 500 C (2016),2016,Getaround Connect,CABRIOLET,SEGMENT_RULES,THERMIQUE,True,74.0,,4.89,82,Puteaux,La Garenne Colombes,Puteaux|Paris 17e,2,67,False,False,,2730,477,2
20260802T110238,A2,v3.4-search-json,2026-08-03T09:00,2026-08-03T20:00,975881,https://fr.getaround.com/location-voiture/clichy/renault-clio-975881,Renault Clio (2014),2014,Sur rendez-vous,CITADINE,SEGMENT_RULES,THERMIQUE,True,52.0,,4.8,57,Puteaux,Clichy,Puteaux|Paris 17e,2,67,False,False,,4760,477,3
20260802T110238,A2,v3.4-search-json,2026-08-03T09:00,2026-08-03T20:00,1006441,https://fr.getaround.com/location-voiture/bezons/ford-fiesta-1006441,Ford Fiesta (2012),2012,Getaround Connect,CITADINE,SEGMENT_RULES,THERMIQUE,True,54.0,,4.9,104,Puteaux,Bezons,Puteaux|Paris 17e,2,68,False,False,,4710,477,2
20260802T110238,A2,v3.4-search-json,2026-08-03T09:00,2026-08-03T20:00,985200,https://fr.getaround.com/location-voiture/colombes/renault-clio-985200,Renault Clio (2021),2021,Getaround Connect,CITADINE,SEGMENT_RULES,THERMIQUE,True,45.0,,4.37,98,Puteaux,Colombes,Puteaux|Paris 17e,2,69,False,False,,5480,477,2
20260802T110238,A2,v3.4-search-json,2026-08-03T09:00,2026-08-03T20:00,711416,https://fr.getaround.com/location-voiture/paris/peugeot-2008-711416,Peugeot 2008 (2019),2019,Getaround Connect,SUV_COMPACT,SEGMENT_RULES,THERMIQUE,True,54.0,,4.0,45,Paris 17e,Paris,Paris 17e,1,69,False,False,,2260,714,2
20260802T110238,A2,v3.4-search-json,2026-08-03T09:00,2026-08-03T20:00,1875884,https://fr.getaround.com/location-voiture/neuilly-sur-seine/fiat-tipo-1875884,Fiat Tipo (2016),2016,Getaround Connect,COMPACTE,SEGMENT_RULES,THERMIQUE,True,71.0,,5.0,4,Puteaux,Neuilly Sur Seine,Puteaux|Paris 17e,2,70,False,False,,2520,477,2
20260802T110238,A2,v3.4-search-json,2026-08-03T09:00,2026-08-03T20:00,1687044,https://fr.getaround.com/location-voiture/clichy/peugeot-208-1687044,Peugeot 208 (2015),2015,Getaround Connect,CITADINE,SEGMENT_RULES,THERMIQUE,True,60.0,,2.5,2,Puteaux,Clichy,Puteaux|Paris 17e,2,70,False,False,,5430,477,5
20260802T110238,A2,v3.4-search-json,2026-08-03T09:00,2026-08-03T20:00,1285703,https://fr.getaround.com/location-voiture/paris/renault-megane-1285703,Renault Mégane (2018),2018,Getaround Connect,COMPACTE,SEGMENT_RULES,THERMIQUE,True,75.0,,4.81,63,Puteaux,Paris,Puteaux|Paris 17e,2,71,False,False,,3010,477,2
20260802T110238,A2,v3.4-search-json,2026-08-03T09:00,2026-08-03T20:00,1231308,https://fr.getaround.com/location-voiture/paris/peugeot-208-1231308,Peugeot 208 (2023),2023,Getaround Connect,CITADINE,SEGMENT_RULES,THERMIQUE,True,77.0,,3.93,78,Puteaux,Paris,Puteaux|Paris 17e,2,71,False,False,,3480,477,4
20260802T110238,A2,v3.4-search-json,2026-08-03T09:00,2026-08-03T20:00,1338627,https://fr.getaround.com/location-voiture/puteaux/toyota-auris-touring-sports-1338627,Toyota Auris Touring Sports (2018),2018,Sur rendez-vous,BREAK,SEGMENT_RULES,THERMIQUE,False,75.0,,,,Puteaux,Puteaux,Puteaux|Paris 17e,2,72,False,False,,660,477,2
20260802T110238,A2,v3.4-search-json,2026-08-03T09:00,2026-08-03T20:00,1553292,https://fr.getaround.com/location-voiture/saint-ouen-sur-seine/volkswagen-polo-1553292,Volkswagen Polo (2016),2016,Getaround Connect,CITADINE,SEGMENT_RULES,THERMIQUE,True,55.0,,4.83,33,Puteaux,Saint Ouen Sur Seine,Puteaux|Paris 17e,2,72,False,False,,7120,477,4
20260802T110238,A2,v3.4-search-json,2026-08-03T09:00,2026-08-03T20:00,1795111,https://fr.getaround.com/location-voiture/bois-colombes/fiat-500-1795111,Fiat 500 (2021),2021,Getaround Connect,CITADINE,SEGMENT_RULES,THERMIQUE,True,62.0,,4.97,40,Puteaux,Bois Colombes,Puteaux|Paris 17e,2,73,False,False,,3470,477,2
20260802T110238,A2,v3.4-search-json,2026-08-03T09:00,2026-08-03T20:00,1931910,https://fr.getaround.com/location-voiture/la-garenne-colombes/volkswagen-tiguan-1931910,Volkswagen Tiguan (2024),2024,Sur rendez-vous,SUV_FAMILIAL,SEGMENT_RULES,THERMIQUE,False,123.0,,5.0,1,Puteaux,La Garenne Colombes,Puteaux|Paris 17e,2,74,False,False,,3100,477,2
20260802T110238,A2,v3.4-search-json,2026-08-03T09:00,2026-08-03T20:00,1527021,https://fr.getaround.com/location-voiture/asnieres-sur-seine/renault-clio-1527021,Renault Clio (2012),2012,Getaround Connect,CITADINE,SEGMENT_RULES,THERMIQUE,True,48.0,,4.82,92,Puteaux,Asnieres Sur Seine,Puteaux|Paris 17e,2,74,False,False,,5300,477,3
20260802T110238,A2,v3.4-search-json,2026-08-03T09:00,2026-08-03T20:00,1070571,https://fr.getaround.com/location-voiture/courbevoie/volkswagen-up-1070571,Volkswagen Up! (2012),2012,Getaround Connect,MICRO_CITADINE,SEGMENT_RULES,THERMIQUE,True,58.0,,4.94,203,Puteaux,Courbevoie,Puteaux|Paris 17e,2,75,False,False,,3370,477,2
20260802T110238,A2,v3.4-search-json,2026-08-03T09:00,2026-08-03T20:00,1893886,https://fr.getaround.com/location-voiture/puteaux/volkswagen-passat-1893886,Volkswagen Passat (2013),2013,Sur rendez-vous,BERLINE,SEGMENT_RULES,THERMIQUE,False,84.0,,,,Puteaux,Puteaux,Puteaux|Paris 17e,2,76,False,False,,360,477,2
20260802T110238,A2,v3.4-search-json,2026-08-03T09:00,2026-08-03T20:00,1569930,https://fr.getaround.com/location-voiture/paris/renault-twingo-1569930,Renault Twingo (2019),2019,Sur rendez-vous,CITADINE,SEGMENT_RULES,THERMIQUE,False,80.0,,5.0,4,Puteaux,Paris,Puteaux|Paris 17e,2,76,False,False,,4920,477,10
20260802T110238,A2,v3.4-search-json,2026-08-03T09:00,2026-08-03T20:00,666328,https://fr.getaround.com/location-voiture/rueil-malmaison/fiat-500-666328,Fiat 500 (2012),2012,Getaround Connect,CITADINE,SEGMENT_RULES,THERMIQUE,True,57.0,,4.66,208,Puteaux,Rueil Malmaison,Puteaux,1,78,False,False,,3910,477,2
20260802T110238,A2,v3.4-search-json,2026-08-03T09:00,2026-08-03T20:00,1780194,https://fr.getaround.com/location-voiture/paris/citroen-c4-grand-spacetourer-1780194,Citroen C4 Grand Spacetourer (2020),2020,Getaround Connect,COMPACTE,SEGMENT_RULES,THERMIQUE,True,85.0,,4.1,10,Puteaux,Paris,Puteaux|Paris 17e,2,78,False,False,,6400,477,7
20260802T110238,A2,v3.4-search-json,2026-08-03T09:00,2026-08-03T20:00,366247,https://fr.getaround.com/location-voiture/boulogne-billancourt/peugeot-2008-366247,Peugeot 2008 (2018),2018,Getaround Connect,SUV_COMPACT,SEGMENT_RULES,THERMIQUE,True,39.0,,4.45,243,Puteaux,Boulogne Billancourt,Puteaux|Paris 17e,2,79,False,False,,6050,477,2
20260802T110238,A2,v3.4-search-json,2026-08-03T09:00,2026-08-03T20:00,478983,https://fr.getaround.com/location-voiture/paris/renault-clio-478983,Renault Clio (2019),2019,Getaround Connect,CITADINE,SEGMENT_RULES,THERMIQUE,True,57.0,,4.41,206,Paris 17e,Paris,Paris 17e,1,79,False,False,,2560,714,2
20260802T110238,A2,v3.4-search-json,2026-08-03T09:00,2026-08-03T20:00,1338906,https://fr.getaround.com/location-voiture/paris/peugeot-208-1338906,Peugeot 208 (2023),2023,Getaround Connect,CITADINE,SEGMENT_RULES,THERMIQUE,True,85.0,,4.72,46,Puteaux,Paris,Puteaux|Paris 17e,2,80,False,False,,6800,477,9
20260802T110238,A2,v3.4-search-json,2026-08-03T09:00,2026-08-03T20:00,1646937,https://fr.getaround.com/location-voiture/nanterre/citroen-c3-1646937,Citroen C3 (2021),2021,Getaround Connect,CITADINE,SEGMENT_RULES,THERMIQUE,True,72.0,,4.51,35,Puteaux,Nanterre,Puteaux,1,81,False,False,,2820,477,3
20260802T110238,A2,v3.4-search-json,2026-08-03T09:00,2026-08-03T20:00,1907868,https://fr.getaround.com/location-voiture/neuilly-sur-seine/renault-arkana-evolution-1907868,Renault Arkana Evolution (2022),2022,Getaround Connect,COMPACTE,SEGMENT_RULES,THERMIQUE,True,92.0,,,,Puteaux,Neuilly Sur Seine,Puteaux|Paris 17e,2,81,False,False,,3170,477,3
20260802T110238,A2,v3.4-search-json,2026-08-03T09:00,2026-08-03T20:00,1708040,https://fr.getaround.com/location-voiture/neuilly-sur-seine/renault-captur-1708040,Renault Captur (2019),2019,Getaround Connect,SUV_COMPACT,SEGMENT_RULES,THERMIQUE,True,83.0,,4.91,23,Puteaux,Neuilly Sur Seine,Puteaux|Paris 17e,2,83,False,False,,2640,477,3
20260802T110238,A2,v3.4-search-json,2026-08-03T09:00,2026-08-03T20:00,1105416,https://fr.getaround.com/location-voiture/paris/renault-zoe-1105416,Renault ZOE (2020),2020,Getaround Connect,CITADINE,SEGMENT_RULES,ELECTRIQUE,True,78.0,,4.65,57,Puteaux,Paris,Puteaux|Paris 17e,2,83,False,False,,6170,477,10
20260802T110238,A2,v3.4-search-json,2026-08-03T09:00,2026-08-03T20:00,1934966,https://fr.getaround.com/location-voiture/courbevoie/renault-arkana-business-1934966,Renault Arkana Business (2021),2021,Sur rendez-vous,COMPACTE,SEGMENT_RULES,THERMIQUE,False,63.0,,5.0,1,Puteaux,Courbevoie,Puteaux|Paris 17e,2,84,False,False,,1910,477,3
20260802T110238,A2,v3.4-search-json,2026-08-03T09:00,2026-08-03T20:00,653362,https://fr.getaround.com/location-voiture/paris/renault-clio-653362,Renault Clio (2017),2017,Getaround Connect,CITADINE,SEGMENT_RULES,THERMIQUE,True,33.0,,4.82,203,Paris 17e,Paris,Paris 17e,1,84,False,False,,7480,714,3
20260802T110238,A2,v3.4-search-json,2026-08-03T09:00,2026-08-03T20:00,1325437,https://fr.getaround.com/location-voiture/carrieres-sur-seine/peugeot-208-1325437,Peugeot 208 (2023),2023,Getaround Connect,CITADINE,SEGMENT_RULES,THERMIQUE,True,58.0,,4.59,49,Puteaux,Carrieres Sur Seine,Puteaux,1,86,False,False,,5150,477,3
20260802T110238,A2,v3.4-search-json,2026-08-03T09:00,2026-08-03T20:00,1133337,https://fr.getaround.com/location-voiture/courbevoie/renault-twingo-iii-1133337,Renault Twingo III (2015),2015,Getaround Connect,CITADINE,SEGMENT_RULES,THERMIQUE,True,64.0,,4.92,59,Puteaux,Courbevoie,Puteaux|Paris 17e,2,87,False,False,,3330,477,3
20260802T110238,A2,v3.4-search-json,2026-08-03T09:00,2026-08-03T20:00,1486160,https://fr.getaround.com/location-voiture/saint-ouen-sur-seine/fiat-500-1486160,Fiat 500 (2015),2015,Getaround Connect,CITADINE,SEGMENT_RULES,THERMIQUE,True,55.0,,4.98,59,Puteaux,Saint Ouen Sur Seine,Puteaux|Paris 17e,2,87,False,False,,7120,477,4
20260802T110238,A2,v3.4-search-json,2026-08-03T09:00,2026-08-03T20:00,1932353,https://fr.getaround.com/location-voiture/rueil-malmaison/peugeot-208-1932353,Peugeot 208 (2019),2019,Getaround Connect,CITADINE,SEGMENT_RULES,THERMIQUE,True,70.0,,,,Puteaux,Rueil Malmaison,Puteaux,1,88,False,False,,3170,477,3
20260802T110238,A2,v3.4-search-json,2026-08-03T09:00,2026-08-03T20:00,730131,https://fr.getaround.com/location-voiture/boulogne-billancourt/renault-clio-730131,Renault Clio (2018),2018,Getaround Connect,CITADINE,SEGMENT_RULES,THERMIQUE,True,52.0,,4.12,176,Puteaux,Boulogne Billancourt,Puteaux|Paris 17e,2,89,False,False,,4530,477,3
20260802T110238,A2,v3.4-search-json,2026-08-03T09:00,2026-08-03T20:00,1902942,https://fr.getaround.com/location-voiture/rueil-malmaison/peugeot-208-1902942,Peugeot 208 (2015),2015,Getaround Connect,CITADINE,SEGMENT_RULES,THERMIQUE,True,63.0,,5.0,2,Puteaux,Rueil Malmaison,Puteaux,1,90,False,False,,4200,477,3
20260802T110238,A2,v3.4-search-json,2026-08-03T09:00,2026-08-03T20:00,319121,https://fr.getaround.com/location-voiture/paris/volkswagen-polo-319121,Volkswagen Polo (2017),2017,Getaround Connect,CITADINE,SEGMENT_RULES,THERMIQUE,True,33.0,,4.54,240,Paris 17e,Paris,Paris 17e,1,90,False,False,,7160,714,3
20260802T110238,A2,v3.4-search-json,2026-08-03T09:00,2026-08-03T20:00,1904270,https://fr.getaround.com/location-voiture/asnieres-sur-seine/volkswagen-touran-1904270,Volkswagen Touran (2017),2017,Getaround Connect,MONOSPACE,SEGMENT_RULES,THERMIQUE,True,100.0,,5.0,1,Puteaux,Asnieres Sur Seine,Puteaux|Paris 17e,2,91,False,False,,3610,477,3
20260802T110238,A2,v3.4-search-json,2026-08-03T09:00,2026-08-03T20:00,985183,https://fr.getaround.com/location-voiture/paris/citroen-c3-985183,Citroen C3 (2021),2021,Getaround Connect,CITADINE,SEGMENT_RULES,THERMIQUE,True,45.0,,4.49,107,Paris 17e,Paris,Paris 17e,1,91,False,False,,3360,714,3
20260802T110238,A2,v3.4-search-json,2026-08-03T09:00,2026-08-03T20:00,1772268,https://fr.getaround.com/location-voiture/paris/peugeot-e-208-gt-1772268,Peugeot e-208 GT (2023),2023,Getaround Connect,CITADINE,SEGMENT_RULES,THERMIQUE,True,80.0,,5.0,9,Puteaux,Paris,Puteaux|Paris 17e,2,92,False,False,,6900,477,4
20260802T110238,A2,v3.4-search-json,2026-08-03T09:00,2026-08-03T20:00,1608525,https://fr.getaround.com/location-voiture/paris/citroen-c3-1608525,Citroen C3 (2024),2024,Getaround Connect,CITADINE,SEGMENT_RULES,THERMIQUE,True,68.0,,4.32,25,Puteaux,Paris,Puteaux|Paris 17e,2,93,False,False,,3840,477,4
20260802T110238,A2,v3.4-search-json,2026-08-03T09:00,2026-08-03T20:00,1718489,https://fr.getaround.com/location-voiture/suresnes/citroen-c3-1718489,Citroen C3 (2017),2017,Getaround Connect,CITADINE,SEGMENT_RULES,THERMIQUE,True,72.0,,4.64,22,Puteaux,Suresnes,Puteaux|Paris 17e,2,94,False,False,,2680,477,3
20260802T110238,A2,v3.4-search-json,2026-08-03T09:00,2026-08-03T20:00,673901,https://fr.getaround.com/location-voiture/paris/renault-clio-673901,Renault Clio (2017),2017,Getaround Connect,CITADINE,SEGMENT_RULES,THERMIQUE,True,45.0,,4.43,203,Puteaux,Paris,Puteaux|Paris 17e,2,94,False,False,,7370,477,3
20260802T110238,A2,v3.4-search-json,2026-08-03T09:00,2026-08-03T20:00,1201133,https://fr.getaround.com/location-voiture/asnieres-sur-seine/renault-clio-1201133,Renault Clio (2012),2012,Getaround Connect,CITADINE,SEGMENT_RULES,THERMIQUE,True,45.0,,4.62,120,Puteaux,Asnieres Sur Seine,Puteaux|Paris 17e,2,95,False,False,,5520,477,3
20260802T110238,A2,v3.4-search-json,2026-08-03T09:00,2026-08-03T20:00,1726685,https://fr.getaround.com/location-voiture/paris/bmw-serie-1-1726685,BMW Série 1 (2019),2019,Getaround Connect,COMPACTE,SEGMENT_RULES,THERMIQUE,True,42.0,,4.98,44,Paris 17e,Paris,Paris 17e,1,95,False,False,,8050,714,3
20260802T110238,A2,v3.4-search-json,2026-08-03T09:00,2026-08-03T20:00,846345,https://fr.getaround.com/location-voiture/paris/dacia-sandero-846345,Dacia Sandero (2021),2021,Getaround Connect,CITADINE,SEGMENT_RULES,THERMIQUE,True,62.0,,4.2,108,Paris 17e,Paris,Paris 17e,1,96,False,False,,2250,714,3
20260802T110238,A2,v3.4-search-json,2026-08-03T09:00,2026-08-03T20:00,1216607,https://fr.getaround.com/location-voiture/paris/peugeot-208-1216607,Peugeot 208 (2023),2023,Getaround Connect,CITADINE,SEGMENT_RULES,THERMIQUE,True,77.0,,4.58,32,Puteaux,Paris,Puteaux|Paris 17e,2,97,False,False,,6930,477,8
20260802T110238,A2,v3.4-search-json,2026-08-03T09:00,2026-08-03T20:00,1763978,https://fr.getaround.com/location-voiture/colombes/toyota-yaris-hybride-1763978,Toyota Yaris Hybride (2019),2019,Getaround Connect,CITADINE,SEGMENT_RULES,HYBRIDE,True,83.0,,5.0,32,Puteaux,Colombes,Puteaux|Paris 17e,2,98,False,False,,2810,477,3
20260802T110238,A2,v3.4-search-json,2026-08-03T09:00,2026-08-03T20:00,1478188,https://fr.getaround.com/location-voiture/paris/renault-clio-e-tech-1478188,Renault Clio E-tech (2020),2020,Getaround Connect,CITADINE,SEGMENT_RULES,ELECTRIQUE,True,52.0,,3.17,18,Puteaux,Paris,Puteaux|Paris 17e,2,98,False,False,,5750,477,4
20260802T110238,A2,v3.4-search-json,2026-08-03T09:00,2026-08-03T20:00,1721439,https://fr.getaround.com/location-voiture/paris/renault-megane-1721439,Renault Mégane (2019),2019,Getaround Connect,COMPACTE,SEGMENT_RULES,THERMIQUE,True,76.0,,4.68,19,Puteaux,Paris,Puteaux|Paris 17e,2,99,False,False,,3390,477,3
20260802T110238,A2,v3.4-search-json,2026-08-03T09:00,2026-08-03T20:00,1691386,https://fr.getaround.com/location-voiture/paris/peugeot-208-1691386,Peugeot 208 (2025),2025,Getaround Connect,CITADINE,SEGMENT_RULES,THERMIQUE,True,81.0,,3.14,7,Puteaux,Paris,Puteaux|Paris 17e,2,99,False,False,,3480,477,4
20260802T110238,A2,v3.4-search-json,2026-08-03T09:00,2026-08-03T20:00,558456,https://fr.getaround.com/location-voiture/nanterre/citroen-c3-558456,Citroen C3 (2015),2015,Sur rendez-vous,CITADINE,SEGMENT_RULES,THERMIQUE,False,60.0,,4.72,100,Puteaux,Nanterre,Puteaux,1,100,False,False,,2100,477,3
20260802T110238,A2,v3.4-search-json,2026-08-03T09:00,2026-08-03T20:00,1921896,https://fr.getaround.com/location-voiture/levallois-perret/renault-clio-1921896,Renault Clio (2015),2015,Sur rendez-vous,CITADINE,SEGMENT_RULES,THERMIQUE,False,65.0,,5.0,2,Puteaux,Levallois Perret,Puteaux|Paris 17e,2,100,False,False,,3780,477,6
20260802T110238,A2,v3.4-search-json,2026-08-03T09:00,2026-08-03T20:00,1631080,https://fr.getaround.com/location-voiture/levallois-perret/renault-twingo-iii-1631080,Renault Twingo III (2017),2017,Getaround Connect,CITADINE,SEGMENT_RULES,THERMIQUE,True,67.0,,4.97,30,Puteaux,Levallois Perret,Puteaux|Paris 17e,2,101,False,False,,3150,477,3
20260802T110238,A2,v3.4-search-json,2026-08-03T09:00,2026-08-03T20:00,1553158,https://fr.getaround.com/location-voiture/colombes/citroen-c3-1553158,Citroen C3 (2019),2019,Getaround Connect,CITADINE,SEGMENT_RULES,THERMIQUE,True,72.0,,5.0,34,Puteaux,Colombes,Puteaux|Paris 17e,2,102,False,False,,3620,477,3
20260802T110238,A2,v3.4-search-json,2026-08-03T09:00,2026-08-03T20:00,1215739,https://fr.getaround.com/location-voiture/paris/peugeot-208-1215739,Peugeot 208 (2023),2023,Getaround Connect,CITADINE,SEGMENT_RULES,THERMIQUE,True,50.0,,4.07,76,Paris 17e,Paris,Paris 17e,1,102,False,False,,3120,714,3
20260802T110238,A2,v3.4-search-json,2026-08-03T09:00,2026-08-03T20:00,1639244,https://fr.getaround.com/location-voiture/paris/peugeot-3008-1639244,Peugeot 3008 (2018),2018,Getaround Connect,SUV_FAMILIAL,SEGMENT_RULES,THERMIQUE,True,67.0,,4.24,17,Paris 17e,Paris,Paris 17e,1,103,False,False,,4930,714,3
20260802T110238,A2,v3.4-search-json,2026-08-03T09:00,2026-08-03T20:00,816897,https://fr.getaround.com/location-voiture/asnieres-sur-seine/opel-agila-816897,Opel Agila (2011),2011,Getaround Connect,CITADINE,SEGMENT_RULES,THERMIQUE,True,45.0,,4.72,206,Puteaux,Asnieres Sur Seine,Puteaux|Paris 17e,2,104,False,False,,5520,477,3
20260802T110238,A2,v3.4-search-json,2026-08-03T09:00,2026-08-03T20:00,722942,https://fr.getaround.com/location-voiture/paris/renault-clio-722942,Renault Clio (2018),2018,Getaround Connect,CITADINE,SEGMENT_RULES,THERMIQUE,True,52.0,,4.68,149,Paris 17e,Paris,Paris 17e,1,104,False,False,,4480,714,3
20260802T110238,A2,v3.4-search-json,2026-08-03T09:00,2026-08-03T20:00,641035,https://fr.getaround.com/location-voiture/paris/fiat-500-641035,Fiat 500 (2016),2016,Getaround Connect,CITADINE,SEGMENT_RULES,THERMIQUE,True,28.0,,4.82,129,Paris 17e,Paris,Paris 17e,1,105,False,False,,7480,714,3
20260802T110238,A2,v3.4-search-json,2026-08-03T09:00,2026-08-03T20:00,1650443,https://fr.getaround.com/location-voiture/paris/volkswagen-t-cross-1650443,Volkswagen T-Cross (2024),2024,Getaround Connect,SUV_COMPACT,SEGMENT_RULES,THERMIQUE,True,80.0,,4.57,35,Puteaux,Paris,Puteaux|Paris 17e,2,106,False,False,,3930,477,3
20260802T110238,A2,v3.4-search-json,2026-08-03T09:00,2026-08-03T20:00,1573156,https://fr.getaround.com/location-voiture/nanterre/ford-fiesta-1573156,Ford Fiesta (2014),2014,Getaround Connect,CITADINE,SEGMENT_RULES,THERMIQUE,True,69.0,,4.86,77,Puteaux,Nanterre,Puteaux|Paris 17e,2,107,False,False,,4040,477,3
20260802T110238,A2,v3.4-search-json,2026-08-03T09:00,2026-08-03T20:00,1872524,https://fr.getaround.com/location-voiture/courbevoie/volkswagen-tiguan-1872524,Volkswagen Tiguan (2018),2018,Getaround Connect,SUV_FAMILIAL,SEGMENT_RULES,THERMIQUE,True,95.0,,5.0,1,Puteaux,Courbevoie,Puteaux|Paris 17e,2,109,False,False,,3770,477,3
20260802T110238,A2,v3.4-search-json,2026-08-03T09:00,2026-08-03T20:00,1031523,https://fr.getaround.com/location-voiture/paris/fiat-500-1031523,Fiat 500 (2019),2019,Getaround Connect,CITADINE,SEGMENT_RULES,THERMIQUE,True,67.0,,4.98,209,Puteaux,Paris,Puteaux|Paris 17e,2,110,False,False,,4700,477,3
20260802T110238,A2,v3.4-search-json,2026-08-03T09:00,2026-08-03T20:00,1900602,https://fr.getaround.com/location-voiture/paris/peugeot-2008-1900602,Peugeot 2008 (2022),2022,Getaround Connect,SUV_COMPACT,SEGMENT_RULES,THERMIQUE,True,58.0,,5.0,1,Paris 17e,Paris,Paris 17e,1,110,False,False,,5230,714,3
20260802T110238,A2,v3.4-search-json,2026-08-03T09:00,2026-08-03T20:00,1610278,https://fr.getaround.com/location-voiture/asnieres-sur-seine/nissan-note-1610278,Nissan Note (2012),2012,Getaround Connect,COMPACTE,SEGMENT_RULES,THERMIQUE,True,64.0,,4.87,82,Puteaux,Asnieres Sur Seine,Puteaux|Paris 17e,2,111,False,False,,3650,477,3
20260802T110238,A2,v3.4-search-json,2026-08-03T09:00,2026-08-03T20:00,1890951,https://fr.getaround.com/location-voiture/saint-ouen-sur-seine/renault-twingo-1890951,Renault Twingo (2020),2020,Sur rendez-vous,CITADINE,SEGMENT_RULES,THERMIQUE,False,49.0,,5.0,2,Puteaux,Saint Ouen Sur Seine,Puteaux|Paris 17e,2,111,False,False,,6960,477,7
20260802T110238,A2,v3.4-search-json,2026-08-03T09:00,2026-08-03T20:00,1945584,https://fr.getaround.com/location-voiture/paris/renault-zoe-1945584,Renault ZOE (2015),2015,Sur rendez-vous,CITADINE,SEGMENT_RULES,ELECTRIQUE,False,71.0,,,,Puteaux,Paris,Puteaux|Paris 17e,2,112,False,False,,4760,477,9
20260802T110238,A2,v3.4-search-json,2026-08-03T09:00,2026-08-03T20:00,753965,https://fr.getaround.com/location-voiture/paris/opel-corsa-753965,Opel Corsa (2016),2016,Getaround Connect,CITADINE,SEGMENT_RULES,THERMIQUE,True,43.0,,4.28,156,Paris 17e,Paris,Paris 17e,1,113,False,False,,4090,714,3
20260802T110238,A2,v3.4-search-json,2026-08-03T09:00,2026-08-03T20:00,1130093,https://fr.getaround.com/location-voiture/paris/renault-clio-1130093,Renault Clio (2021),2021,Getaround Connect,CITADINE,SEGMENT_RULES,THERMIQUE,True,52.0,,4.75,97,Paris 17e,Paris,Paris 17e,1,114,False,False,,5670,714,3
20260802T110238,A2,v3.4-search-json,2026-08-03T09:00,2026-08-03T20:00,701664,https://fr.getaround.com/location-voiture/paris/renault-twingo-701664,Renault Twingo (2017),2017,Getaround Connect,CITADINE,SEGMENT_RULES,THERMIQUE,True,55.0,,4.72,225,Puteaux,Paris,Puteaux|Paris 17e,2,115,False,False,,5760,477,4
20260802T110238,A2,v3.4-search-json,2026-08-03T09:00,2026-08-03T20:00,1666420,https://fr.getaround.com/location-voiture/montesson/peugeot-208-1666420,Peugeot 208 (2025),2025,Getaround Connect,CITADINE,SEGMENT_RULES,THERMIQUE,True,60.0,,4.33,33,Puteaux,Montesson,Puteaux,1,117,False,False,,7150,477,3
20260802T110238,A2,v3.4-search-json,2026-08-03T09:00,2026-08-03T20:00,851256,https://fr.getaround.com/location-voiture/clichy/skoda-fabia-851256,Skoda Fabia (2021),2021,Getaround Connect,CITADINE,SEGMENT_RULES,THERMIQUE,True,76.0,,4.89,114,Puteaux,Clichy,Puteaux|Paris 17e,2,117,False,False,,5270,477,6
20260802T110238,A2,v3.4-search-json,2026-08-03T09:00,2026-08-03T20:00,661151,https://fr.getaround.com/location-voiture/asnieres-sur-seine/renault-clio-661151,Renault Clio (2017),2017,Getaround Connect,CITADINE,SEGMENT_RULES,THERMIQUE,True,52.0,,4.22,183,Puteaux,Asnieres Sur Seine,Puteaux|Paris 17e,2,118,False,False,,6900,477,5
20260802T110238,A2,v3.4-search-json,2026-08-03T09:00,2026-08-03T20:00,1823084,https://fr.getaround.com/location-voiture/rueil-malmaison/peugeot-208-1823084,Peugeot 208 (2016),2016,Getaround Connect,CITADINE,SEGMENT_RULES,THERMIQUE,True,68.0,,5.0,15,Puteaux,Rueil Malmaison,Puteaux,1,119,False,False,,4200,477,3
20260802T110238,A2,v3.4-search-json,2026-08-03T09:00,2026-08-03T20:00,1775946,https://fr.getaround.com/location-voiture/paris/fiat-500-1775946,Fiat 500 (2014),2014,Getaround Connect,CITADINE,SEGMENT_RULES,THERMIQUE,True,51.0,,4.87,53,Puteaux,Paris,Puteaux|Paris 17e,2,120,False,False,,7670,477,4
20260802T110238,A2,v3.4-search-json,2026-08-03T09:00,2026-08-03T20:00,1450226,https://fr.getaround.com/location-voiture/levallois-perret/citroen-c3-picasso-1450226,Citroen C3 Picasso (2013),2013,Sur rendez-vous,MONOSPACE,SEGMENT_RULES,THERMIQUE,False,78.0,,5.0,9,Puteaux,Levallois Perret,Puteaux|Paris 17e,2,121,False,False,,4240,477,8
20260802T110238,A2,v3.4-search-json,2026-08-03T09:00,2026-08-03T20:00,1784306,https://fr.getaround.com/location-voiture/paris/renault-clio-1784306,Renault Clio (2017),2017,Getaround Connect,CITADINE,SEGMENT_RULES,THERMIQUE,True,44.0,,4.44,16,Paris 17e,Paris,Paris 17e,1,122,False,False,,5810,714,4
20260802T110238,A2,v3.4-search-json,2026-08-03T09:00,2026-08-03T20:00,1584217,https://fr.getaround.com/location-voiture/neuilly-sur-seine/renault-grand-scenic-1584217,Renault Grand Scenic (2018),2018,Getaround Connect,MONOSPACE,SEGMENT_RULES,THERMIQUE,True,110.0,,4.94,31,Puteaux,Neuilly Sur Seine,Puteaux|Paris 17e,2,123,False,False,,3100,477,4
20260802T110238,A2,v3.4-search-json,2026-08-03T09:00,2026-08-03T20:00,1438150,https://fr.getaround.com/location-voiture/paris/renault-clio-1438150,Renault Clio (2024),2024,Getaround Connect,CITADINE,SEGMENT_RULES,THERMIQUE,True,78.0,,4.0,21,Puteaux,Paris,Puteaux|Paris 17e,2,124,False,False,,7060,477,10
20260802T110238,A2,v3.4-search-json,2026-08-03T09:00,2026-08-03T20:00,1728863,https://fr.getaround.com/location-voiture/paris/citroen-c4-1728863,Citroen C4 (2015),2015,Getaround Connect,COMPACTE,SEGMENT_RULES,THERMIQUE,True,69.0,,4.83,30,Puteaux,Paris,Puteaux|Paris 17e,2,125,False,False,,4190,477,4
20260802T110238,A2,v3.4-search-json,2026-08-03T09:00,2026-08-03T20:00,1883676,https://fr.getaround.com/location-voiture/paris/fiat-500-1883676,Fiat 500 (2015),2015,Getaround Connect,CITADINE,SEGMENT_RULES,THERMIQUE,True,53.0,,4.6,10,Paris 17e,Paris,Paris 17e,1,125,False,False,,4620,714,4
20260802T110238,A2,v3.4-search-json,2026-08-03T09:00,2026-08-03T20:00,1813494,https://fr.getaround.com/location-voiture/paris/peugeot-2008-1813494,Peugeot 2008 (2020),2020,Getaround Connect,SUV_COMPACT,SEGMENT_RULES,THERMIQUE,True,75.0,,5.0,5,Paris 17e,Paris,Paris 17e,1,126,False,False,,3240,714,4
20260802T110238,A2,v3.4-search-json,2026-08-03T09:00,2026-08-03T20:00,1589883,https://fr.getaround.com/location-voiture/neuilly-sur-seine/peugeot-2008-1589883,Peugeot 2008 (2023),2023,Getaround Connect,SUV_COMPACT,SEGMENT_RULES,THERMIQUE,True,75.0,,3.83,44,Puteaux,Neuilly Sur Seine,Puteaux|Paris 17e,2,127,False,False,,2920,477,4
20260802T110238,A2,v3.4-search-json,2026-08-03T09:00,2026-08-03T20:00,787198,https://fr.getaround.com/location-voiture/paris/renault-clio-787198,Renault Clio (2020),2020,Getaround Connect,CITADINE,SEGMENT_RULES,THERMIQUE,True,54.0,,4.19,161,Puteaux,Paris,Puteaux|Paris 17e,2,127,False,False,,5190,477,4
20260802T110238,A2,v3.4-search-json,2026-08-03T09:00,2026-08-03T20:00,1918285,https://fr.getaround.com/location-voiture/la-garenne-colombes/dacia-spring-1918285,Dacia Spring (2022),2022,Getaround Connect,COMPACTE,SEGMENT_RULES,THERMIQUE,True,58.0,,,,Puteaux,La Garenne Colombes,Puteaux|Paris 17e,2,128,False,False,,2910,477,4
20260802T110238,A2,v3.4-search-json,2026-08-03T09:00,2026-08-03T20:00,1792059,https://fr.getaround.com/location-voiture/paris/peugeot-2008-1792059,Peugeot 2008 (2022),2022,Getaround Connect,SUV_COMPACT,SEGMENT_RULES,THERMIQUE,True,61.0,,4.2,5,Paris 17e,Paris,Paris 17e,1,128,False,False,,4900,714,4
20260802T110238,A2,v3.4-search-json,2026-08-03T09:00,2026-08-03T20:00,1432561,https://fr.getaround.com/location-voiture/paris/citroen-c3-1432561,Citroen C3 (2023),2023,Getaround Connect,CITADINE,SEGMENT_RULES,THERMIQUE,True,70.0,,4.42,39,Puteaux,Paris,Puteaux|Paris 17e,2,129,False,False,,4240,477,4
20260802T110238,A2,v3.4-search-json,2026-08-03T09:00,2026-08-03T20:00,1314568,https://fr.getaround.com/location-voiture/asnieres-sur-seine/peugeot-208-1314568,Peugeot 208 (2016),2016,Getaround Connect,CITADINE,SEGMENT_RULES,THERMIQUE,True,69.0,,4.77,65,Puteaux,Asnieres Sur Seine,Puteaux|Paris 17e,2,129,False,False,,4710,477,4
20260802T110238,A2,v3.4-search-json,2026-08-03T09:00,2026-08-03T20:00,484151,https://fr.getaround.com/location-voiture/rueil-malmaison/smart-fortwo-coupe-484151,Smart Fortwo Coupé (2016),2016,Getaround Connect,MICRO_CITADINE,SEGMENT_RULES,THERMIQUE,True,57.0,,4.72,171,Puteaux,Rueil Malmaison,Puteaux,1,130,False,False,,3900,477,4
20260802T110238,A2,v3.4-search-json,2026-08-03T09:00,2026-08-03T20:00,1536571,https://fr.getaround.com/location-voiture/paris/renault-clio-1536571,Renault Clio (2020),2020,Getaround Connect,CITADINE,SEGMENT_RULES,THERMIQUE,True,52.0,,4.28,25,Paris 17e,Paris,Paris 17e,1,130,False,False,,5590,714,4
20260802T110238,A2,v3.4-search-json,2026-08-03T09:00,2026-08-03T20:00,1881888,https://fr.getaround.com/location-voiture/paris/peugeot-2008-1881888,Peugeot 2008 (2026),2026,Getaround Connect,SUV_COMPACT,SEGMENT_RULES,THERMIQUE,True,98.0,,3.0,2,Puteaux,Paris,Puteaux|Paris 17e,2,131,False,False,,6800,477,10
20260802T110238,A2,v3.4-search-json,2026-08-03T09:00,2026-08-03T20:00,1583961,https://fr.getaround.com/location-voiture/la-courneuve/peugeot-208-1583961,Peugeot 208 (2019),2019,Getaround Connect,CITADINE,SEGMENT_RULES,THERMIQUE,True,44.0,,4.72,53,Paris 17e,La Courneuve,Paris 17e,1,132,False,False,,7150,714,4
20260802T110238,A2,v3.4-search-json,2026-08-03T09:00,2026-08-03T20:00,275988,https://fr.getaround.com/location-voiture/courbevoie/toyota-prius-275988,Toyota Prius (2012),2012,Sur rendez-vous,COMPACTE,SEGMENT_RULES,HYBRIDE,False,102.0,,4.83,12,Puteaux,Courbevoie,Puteaux|Paris 17e,2,133,False,False,,1080,477,4
20260802T110238,A2,v3.4-search-json,2026-08-03T09:00,2026-08-03T20:00,1030151,https://fr.getaround.com/location-voiture/paris/peugeot-2008-1030151,Peugeot 2008 (2016),2016,Getaround Connect,SUV_COMPACT,SEGMENT_RULES,THERMIQUE,True,64.0,,3.84,104,Paris 17e,Paris,Paris 17e,1,133,False,False,,2260,714,4
20260802T110238,A2,v3.4-search-json,2026-08-03T09:00,2026-08-03T20:00,1253201,https://fr.getaround.com/location-voiture/paris/peugeot-208-1253201,Peugeot 208 (2023),2023,Getaround Connect,CITADINE,SEGMENT_RULES,THERMIQUE,True,70.0,,4.36,60,Paris 17e,Paris,Paris 17e,1,135,False,False,,3200,714,4
20260802T110238,A2,v3.4-search-json,2026-08-03T09:00,2026-08-03T20:00,1710998,https://fr.getaround.com/location-voiture/bois-colombes/renault-twingo-iii-1710998,Renault Twingo III (2016),2016,Getaround Connect,CITADINE,SEGMENT_RULES,THERMIQUE,True,73.0,,4.89,35,Puteaux,Bois Colombes,Puteaux|Paris 17e,2,136,False,False,,3940,477,4
20260802T110238,A2,v3.4-search-json,2026-08-03T09:00,2026-08-03T20:00,1843000,https://fr.getaround.com/location-voiture/paris/peugeot-2008-1843000,Peugeot 2008 (2024),2024,Getaround Connect,SUV_COMPACT,SEGMENT_RULES,THERMIQUE,True,87.0,,5.0,12,Paris 17e,Paris,Paris 17e,1,137,False,False,,2720,714,4
20260802T110238,A2,v3.4-search-json,2026-08-03T09:00,2026-08-03T20:00,1274910,https://fr.getaround.com/location-voiture/chatou/renault-clio-1274910,Renault Clio (2023),2023,Getaround Connect,CITADINE,SEGMENT_RULES,THERMIQUE,True,58.0,,4.75,40,Puteaux,Chatou,Puteaux,1,138,False,False,,6160,477,4
20260802T110238,A2,v3.4-search-json,2026-08-03T09:00,2026-08-03T20:00,1421288,https://fr.getaround.com/location-voiture/rueil-malmaison/dacia-sandero-1421288,Dacia Sandero (2018),2018,Getaround Connect,CITADINE,SEGMENT_RULES,THERMIQUE,True,57.0,,4.74,42,Puteaux,Rueil Malmaison,Puteaux,1,139,False,False,,5340,477,4
20260802T110238,A2,v3.4-search-json,2026-08-03T09:00,2026-08-03T20:00,1856599,https://fr.getaround.com/location-voiture/paris/fiat-500-1856599,Fiat 500 (2021),2021,Getaround Connect,CITADINE,SEGMENT_RULES,THERMIQUE,True,52.0,,4.94,18,Paris 17e,Paris,Paris 17e,1,139,False,False,,6300,714,4
20260802T110238,A2,v3.4-search-json,2026-08-03T09:00,2026-08-03T20:00,1829324,https://fr.getaround.com/location-voiture/boulogne-billancourt/fiat-panda-1829324,Fiat Panda (2016),2016,Getaround Connect,MICRO_CITADINE,SEGMENT_RULES,THERMIQUE,True,64.0,,4.97,30,Puteaux,Boulogne Billancourt,Puteaux|Paris 17e,2,140,False,False,,4720,477,4
20260802T110238,A2,v3.4-search-json,2026-08-03T09:00,2026-08-03T20:00,623886,https://fr.getaround.com/location-voiture/paris/renault-twingo-623886,Renault Twingo (2011),2011,Getaround Connect,CITADINE,SEGMENT_RULES,THERMIQUE,True,47.0,,4.14,86,Paris 17e,Paris,Paris 17e,1,140,False,False,,4370,714,4
20260802T110238,A2,v3.4-search-json,2026-08-03T09:00,2026-08-03T20:00,733239,https://fr.getaround.com/location-voiture/sartrouville/fiat-500-733239,Fiat 500 (2016),2016,Getaround Connect,CITADINE,SEGMENT_RULES,THERMIQUE,True,53.0,,4.86,60,Puteaux,Sartrouville,Puteaux,1,141,False,False,,8020,477,4
20260802T110238,A2,v3.4-search-json,2026-08-03T09:00,2026-08-03T20:00,1888150,https://fr.getaround.com/location-voiture/clichy/renault-arkana-evolution-1888150,Renault Arkana Evolution (2022),2022,Getaround Connect,COMPACTE,SEGMENT_RULES,THERMIQUE,True,113.0,,5.0,2,Puteaux,Clichy,Puteaux|Paris 17e,2,141,False,False,,6060,477,7
20260802T110238,A2,v3.4-search-json,2026-08-03T09:00,2026-08-03T20:00,1665189,https://fr.getaround.com/location-voiture/paris/peugeot-208-1665189,Peugeot 208 (2019),2019,Getaround Connect,CITADINE,SEGMENT_RULES,THERMIQUE,True,52.0,,4.05,43,Paris 17e,Paris,Paris 17e,1,142,False,False,,4570,714,4
20260802T110238,A2,v3.4-search-json,2026-08-03T09:00,2026-08-03T20:00,1232079,https://fr.getaround.com/location-voiture/paris/peugeot-208-1232079,Peugeot 208 (2023),2023,Getaround Connect,CITADINE,SEGMENT_RULES,THERMIQUE,True,77.0,,4.59,58,Paris 17e,Paris,Paris 17e,1,143,False,False,,2810,714,4
20260802T110238,A2,v3.4-search-json,2026-08-03T09:00,2026-08-03T20:00,1650499,https://fr.getaround.com/location-voiture/paris/volkswagen-t-cross-1650499,Volkswagen T-Cross (2024),2024,Getaround Connect,SUV_COMPACT,SEGMENT_RULES,THERMIQUE,True,73.0,,4.89,37,Paris 17e,Paris,Paris 17e,1,144,False,False,,5610,714,4
20260802T110238,A2,v3.4-search-json,2026-08-03T09:00,2026-08-03T20:00,1002075,https://fr.getaround.com/location-voiture/paris/peugeot-208-1002075,Peugeot 208 (2021),2021,Getaround Connect,CITADINE,SEGMENT_RULES,THERMIQUE,True,45.0,,4.09,100,Paris 17e,Paris,Paris 17e,1,145,False,False,,5250,714,4
20260802T110238,A2,v3.4-search-json,2026-08-03T09:00,2026-08-03T20:00,1442843,https://fr.getaround.com/location-voiture/paris/citroen-c3-1442843,Citroen C3 (2023),2023,Getaround Connect,CITADINE,SEGMENT_RULES,THERMIQUE,True,77.0,,4.78,40,Puteaux,Paris,Puteaux|Paris 17e,2,146,False,False,,4059,477,4
20260802T110238,A2,v3.4-search-json,2026-08-03T09:00,2026-08-03T20:00,1871096,https://fr.getaround.com/location-voiture/chatou/citroen-c1-ii-1871096,Citroen C1 II (2016),2016,Getaround Connect,MICRO_CITADINE,SEGMENT_RULES,THERMIQUE,True,47.0,,5.0,3,Puteaux,Chatou,Puteaux,1,147,False,False,,6380,477,4
20260802T110238,A2,v3.4-search-json,2026-08-03T09:00,2026-08-03T20:00,1365096,https://fr.getaround.com/location-voiture/paris/volkswagen-polo-1365096,Volkswagen Polo (2018),2018,Getaround Connect,CITADINE,SEGMENT_RULES,THERMIQUE,True,52.0,,4.61,74,Paris 17e,Paris,Paris 17e,1,147,False,False,,6470,714,4
20260802T110238,A2,v3.4-search-json,2026-08-03T09:00,2026-08-03T20:00,940735,https://fr.getaround.com/location-voiture/paris/dacia-spring-940735,Dacia Spring (2020),2020,Getaround Connect,COMPACTE,SEGMENT_RULES,THERMIQUE,True,45.0,,3.71,130,Paris 17e,Paris,Paris 17e,1,148,False,False,,2670,714,4
20260802T110238,A2,v3.4-search-json,2026-08-03T09:00,2026-08-03T20:00,820937,https://fr.getaround.com/location-voiture/paris/renault-clio-820937,Renault Clio (2017),2017,Getaround Connect,CITADINE,SEGMENT_RULES,THERMIQUE,True,67.0,,4.54,127,Puteaux,Paris,Puteaux|Paris 17e,2,149,False,False,,5790,477,4
20260802T110238,A2,v3.4-search-json,2026-08-03T09:00,2026-08-03T20:00,1582569,https://fr.getaround.com/location-voiture/paris/peugeot-308-sw-1582569,Peugeot 308 SW (2019),2019,Getaround Connect,BREAK,SEGMENT_RULES,THERMIQUE,True,64.0,,4.97,39,Paris 17e,Paris,Paris 17e,1,149,False,False,,4470,714,4
20260802T110238,A2,v3.4-search-json,2026-08-03T09:00,2026-08-03T20:00,1173353,https://fr.getaround.com/location-voiture/boulogne-billancourt/renault-twingo-iii-1173353,Renault Twingo III (2018),2018,Getaround Connect,CITADINE,SEGMENT_RULES,THERMIQUE,True,60.0,,4.96,114,Puteaux,Boulogne Billancourt,Puteaux|Paris 17e,2,150,False,False,,5680,477,4
20260802T110238,A2,v3.4-search-json,2026-08-03T09:00,2026-08-03T20:00,1795000,https://fr.getaround.com/location-voiture/paris/renault-clio-e-tech-1795000,Renault Clio E-tech (2021),2021,Getaround Connect,CITADINE,SEGMENT_RULES,ELECTRIQUE,True,58.0,,4.47,17,Paris 17e,Paris,Paris 17e,1,150,False,False,,6280,714,4
20260802T110238,A2,v3.4-search-json,2026-08-03T09:00,2026-08-03T20:00,1682064,https://fr.getaround.com/location-voiture/colombes/renault-clio-1682064,Renault Clio (2020),2020,Getaround Connect,CITADINE,SEGMENT_RULES,THERMIQUE,True,72.0,,4.84,38,Puteaux,Colombes,Puteaux|Paris 17e,2,151,False,False,,4380,477,4
20260802T110238,A2,v3.4-search-json,2026-08-03T09:00,2026-08-03T20:00,1424334,https://fr.getaround.com/location-voiture/bois-colombes/nissan-micra-1424334,Nissan Micra (2015),2015,Getaround Connect,CITADINE,SEGMENT_RULES,THERMIQUE,True,67.0,,4.89,79,Puteaux,Bois Colombes,Puteaux|Paris 17e,2,152,False,False,,4100,477,4
20260802T110238,A2,v3.4-search-json,2026-08-03T09:00,2026-08-03T20:00,1090537,https://fr.getaround.com/location-voiture/asnieres-sur-seine/smart-fortwo-coupe-1090537,Smart Fortwo Coupé (2012),2012,Getaround Connect,MICRO_CITADINE,SEGMENT_RULES,THERMIQUE,True,58.0,,4.89,35,Puteaux,Asnieres Sur Seine,Puteaux|Paris 17e,2,154,False,False,,4670,477,4
20260802T110238,A2,v3.4-search-json,2026-08-03T09:00,2026-08-03T20:00,829674,https://fr.getaround.com/location-voiture/paris/citroen-c4-cactus-829674,Citroen C4 Cactus (2018),2018,Getaround Connect,COMPACTE,SEGMENT_RULES,THERMIQUE,True,58.0,,3.95,111,Paris 17e,Paris,Paris 17e,1,154,False,False,,3240,714,4
20260802T110238,A2,v3.4-search-json,2026-08-03T09:00,2026-08-03T20:00,1474093,https://fr.getaround.com/location-voiture/la-celle-saint-cloud/toyota-yaris-1474093,Toyota Yaris (2017),2017,Getaround Connect,CITADINE,SEGMENT_RULES,THERMIQUE,True,60.0,,4.71,73,Puteaux,La Celle Saint Cloud,Puteaux,1,155,False,False,,7380,477,4
20260802T110238,A2,v3.4-search-json,2026-08-03T09:00,2026-08-03T20:00,1786831,https://fr.getaround.com/location-voiture/rueil-malmaison/renault-clio-1786831,Renault Clio (2023),2023,Getaround Connect,CITADINE,SEGMENT_RULES,THERMIQUE,True,74.0,,4.82,17,Puteaux,Rueil Malmaison,Puteaux,1,156,False,False,,3900,477,4
20260802T110238,A2,v3.4-search-json,2026-08-03T09:00,2026-08-03T20:00,1510039,https://fr.getaround.com/location-voiture/paris/renault-twingo-1510039,Renault Twingo (2015),2015,Getaround Connect,CITADINE,SEGMENT_RULES,THERMIQUE,True,53.0,,4.35,24,Paris 17e,Paris,Paris 17e,1,156,False,False,,4630,714,4
20260802T110238,A2,v3.4-search-json,2026-08-03T09:00,2026-08-03T20:00,1311587,https://fr.getaround.com/location-voiture/boulogne-billancourt/renault-twingo-ii-1311587,Renault Twingo II (2013),2013,Getaround Connect,CITADINE,SEGMENT_RULES,THERMIQUE,True,58.0,,4.83,119,Puteaux,Boulogne Billancourt,Puteaux|Paris 17e,2,157,False,False,,5820,477,4
20260802T110238,A2,v3.4-search-json,2026-08-03T09:00,2026-08-03T20:00,1878939,https://fr.getaround.com/location-voiture/paris/renault-clio-1878939,Renault Clio (2020),2020,Getaround Connect,CITADINE,SEGMENT_RULES,THERMIQUE,True,52.0,,4.57,7,Paris 17e,Paris,Paris 17e,1,157,False,False,,5580,714,4
20260802T110238,A2,v3.4-search-json,2026-08-03T09:00,2026-08-03T20:00,1734856,https://fr.getaround.com/location-voiture/paris/renault-clio-e-tech-1734856,Renault Clio E-tech (2021),2021,Sur rendez-vous,CITADINE,SEGMENT_RULES,ELECTRIQUE,False,81.0,,5.0,16,Puteaux,Paris,Puteaux|Paris 17e,2,159,False,False,,5600,477,4
20260802T110238,A2,v3.4-search-json,2026-08-03T09:00,2026-08-03T20:00,1401206,https://fr.getaround.com/location-voiture/paris/dacia-sandero-expression-1401206,Dacia Sandero Expression (2023),2023,Getaround Connect,CITADINE,SEGMENT_RULES,THERMIQUE,True,70.0,,5.0,42,Puteaux,Paris,Puteaux|Paris 17e,2,161,False,False,,5330,477,5
20260802T110238,A2,v3.4-search-json,2026-08-03T09:00,2026-08-03T20:00,1650472,https://fr.getaround.com/location-voiture/paris/volkswagen-t-cross-1650472,Volkswagen T-Cross (2024),2024,Getaround Connect,SUV_COMPACT,SEGMENT_RULES,THERMIQUE,True,80.0,,4.73,22,Puteaux,Paris,Puteaux|Paris 17e,2,162,False,False,,5420,477,5
20260802T110238,A2,v3.4-search-json,2026-08-03T09:00,2026-08-03T20:00,1388274,https://fr.getaround.com/location-voiture/boulogne-billancourt/toyota-yaris-hybride-1388274,Toyota Yaris Hybride (2021),2021,Getaround Connect,CITADINE,SEGMENT_RULES,HYBRIDE,True,70.0,,4.8,48,Puteaux,Boulogne Billancourt,Puteaux|Paris 17e,2,163,False,False,,5390,477,5
20260802T110238,A2,v3.4-search-json,2026-08-03T09:00,2026-08-03T20:00,1871183,https://fr.getaround.com/location-voiture/paris/dacia-sandero-stepway-1871183,Dacia Sandero Stepway (2016),2016,Sur rendez-vous,CITADINE,SEGMENT_RULES,THERMIQUE,False,65.0,,5.0,1,Puteaux,Paris,Puteaux|Paris 17e,2,163,False,False,,6530,477,10
20260802T110238,A2,v3.4-search-json,2026-08-03T09:00,2026-08-03T20:00,685736,https://fr.getaround.com/location-voiture/saint-cloud/nissan-qashqai-2-685736,Nissan Qashqai+2 (2014),2014,Sur rendez-vous,SUV_COMPACT,SEGMENT_RULES,THERMIQUE,False,58.0,,4.99,111,Puteaux,Saint Cloud,Puteaux,1,164,False,False,,4390,477,5
20260802T110238,A2,v3.4-search-json,2026-08-03T09:00,2026-08-03T20:00,1026180,https://fr.getaround.com/location-voiture/paris/nissan-pixo-1026180,Nissan Pixo (2012),2012,Sur rendez-vous,MICRO_CITADINE,SEGMENT_RULES,THERMIQUE,False,65.0,,4.94,18,Puteaux,Paris,Puteaux|Paris 17e,2,164,False,False,,5780,477,11
20260802T110238,A2,v3.4-search-json,2026-08-03T09:00,2026-08-03T20:00,1846026,https://fr.getaround.com/location-voiture/boulogne-billancourt/nissan-micra-1846026,Nissan Micra (2014),2014,Getaround Connect,CITADINE,SEGMENT_RULES,THERMIQUE,True,64.0,,5.0,9,Puteaux,Boulogne Billancourt,Puteaux|Paris 17e,2,165,False,False,,5080,477,5
20260802T110238,A2,v3.4-search-json,2026-08-03T09:00,2026-08-03T20:00,1582295,https://fr.getaround.com/location-voiture/asnieres-sur-seine/citroen-c3-1582295,Citroen C3 (2021),2021,Getaround Connect,CITADINE,SEGMENT_RULES,THERMIQUE,True,72.0,,4.76,25,Puteaux,Asnieres Sur Seine,Puteaux|Paris 17e,2,166,False,False,,4240,477,5
20260802T110238,A2,v3.4-search-json,2026-08-03T09:00,2026-08-03T20:00,894064,https://fr.getaround.com/location-voiture/asnieres-sur-seine/renault-clio-894064,Renault Clio (2017),2017,Getaround Connect,CITADINE,SEGMENT_RULES,THERMIQUE,True,67.0,,4.58,92,Puteaux,Asnieres Sur Seine,Puteaux|Paris 17e,2,167,False,False,,6490,477,6
20260802T110238,A2,v3.4-search-json,2026-08-03T09:00,2026-08-03T20:00,1885350,https://fr.getaround.com/location-voiture/paris/renault-clio-1885350,Renault Clio (2019),2019,Getaround Connect,CITADINE,SEGMENT_RULES,THERMIQUE,True,52.0,,5.0,1,Paris 17e,Paris,Paris 17e,1,168,False,False,,5580,714,5
20260802T110238,A2,v3.4-search-json,2026-08-03T09:00,2026-08-03T20:00,1196070,https://fr.getaround.com/location-voiture/courbevoie/honda-cr-v-1196070,Honda CR-V (2015),2015,Sur rendez-vous,SUV_FAMILIAL,SEGMENT_RULES,THERMIQUE,False,126.0,,,,Puteaux,Courbevoie,Puteaux|Paris 17e,2,169,False,False,,1330,477,5
20260802T110238,A2,v3.4-search-json,2026-08-03T09:00,2026-08-03T20:00,1881937,https://fr.getaround.com/location-voiture/paris/peugeot-2008-1881937,Peugeot 2008 (2026),2026,Getaround Connect,SUV_COMPACT,SEGMENT_RULES,THERMIQUE,True,93.0,,4.83,6,Puteaux,Paris,Puteaux|Paris 17e,2,170,False,False,,4260,477,5
20260802T110238,A2,v3.4-search-json,2026-08-03T09:00,2026-08-03T20:00,1938832,https://fr.getaround.com/location-voiture/paris/toyota-c-hr-hybrid-1938832,Toyota C-HR Hybrid (2024),2024,Getaround Connect,SUV_COMPACT,SEGMENT_RULES,HYBRIDE,True,94.0,,4.5,2,Paris 17e,Paris,Paris 17e,1,170,False,False,,2340,714,5
20260802T110238,A2,v3.4-search-json,2026-08-03T09:00,2026-08-03T20:00,1296795,https://fr.getaround.com/location-voiture/nanterre/suzuki-baleno-1296795,Suzuki Baleno (2017),2017,Sur rendez-vous,COMPACTE,SEGMENT_RULES,THERMIQUE,False,83.0,,,,Puteaux,Nanterre,Puteaux|Paris 17e,2,171,False,False,,1420,477,5
20260802T110238,A2,v3.4-search-json,2026-08-03T09:00,2026-08-03T20:00,1658302,https://fr.getaround.com/location-voiture/paris/bmw-serie-1-1658302,BMW Série 1 (2025),2025,Getaround Connect,COMPACTE,SEGMENT_RULES,THERMIQUE,True,93.0,,4.71,24,Paris 17e,Paris,Paris 17e,1,171,False,False,,4090,714,5
20260802T110238,A2,v3.4-search-json,2026-08-03T09:00,2026-08-03T20:00,1628653,https://fr.getaround.com/location-voiture/asnieres-sur-seine/fiat-500-lounge-1628653,Fiat 500 Lounge (2018),2018,Getaround Connect,CITADINE,SEGMENT_RULES,THERMIQUE,True,72.0,,4.92,65,Puteaux,Asnieres Sur Seine,Puteaux|Paris 17e,2,172,False,False,,5030,477,5
20260802T110238,A2,v3.4-search-json,2026-08-03T09:00,2026-08-03T20:00,1065708,https://fr.getaround.com/location-voiture/paris/peugeot-208-1065708,Peugeot 208 (2015),2015,Getaround Connect,CITADINE,SEGMENT_RULES,THERMIQUE,True,76.0,,4.48,84,Paris 17e,Paris,Paris 17e,1,172,False,False,,2460,714,5
20260802T110238,A2,v3.4-search-json,2026-08-03T09:00,2026-08-03T20:00,1808710,https://fr.getaround.com/location-voiture/courbevoie/peugeot-2008-1808710,Peugeot 2008 (2020),2020,Sur rendez-vous,SUV_COMPACT,SEGMENT_RULES,THERMIQUE,True,154.0,,4.25,4,Puteaux,Courbevoie,Puteaux|Paris 17e,2,174,False,False,,1440,477,5
20260802T110238,A2,v3.4-search-json,2026-08-03T09:00,2026-08-03T20:00,1219241,https://fr.getaround.com/location-voiture/paris/peugeot-208-1219241,Peugeot 208 (2023),2023,Getaround Connect,CITADINE,SEGMENT_RULES,THERMIQUE,True,78.0,,3.89,48,Paris 17e,Paris,Paris 17e,1,174,False,False,,2590,714,5
20260802T110238,A2,v3.4-search-json,2026-08-03T09:00,2026-08-03T20:00,985160,https://fr.getaround.com/location-voiture/paris/peugeot-208-985160,Peugeot 208 (2021),2021,Getaround Connect,CITADINE,SEGMENT_RULES,THERMIQUE,True,45.0,,3.82,61,Paris 17e,Paris,Paris 17e,1,176,False,False,,5250,714,5
20260802T110238,A2,v3.4-search-json,2026-08-03T09:00,2026-08-03T20:00,787195,https://fr.getaround.com/location-voiture/paris/renault-clio-e-tech-787195,Renault Clio E-tech (2020),2020,Getaround Connect,CITADINE,SEGMENT_RULES,ELECTRIQUE,True,64.0,,4.07,116,Puteaux,Paris,Puteaux|Paris 17e,2,178,False,False,,5190,477,5
20260802T110238,A2,v3.4-search-json,2026-08-03T09:00,2026-08-03T20:00,667320,https://fr.getaround.com/location-voiture/paris/renault-clio-667320,Renault Clio (2017),2017,Getaround Connect,CITADINE,SEGMENT_RULES,THERMIQUE,True,45.0,,4.5,166,Paris 17e,Paris,Paris 17e,1,178,False,False,,7890,714,5
20260802T110238,A2,v3.4-search-json,2026-08-03T09:00,2026-08-03T20:00,1041838,https://fr.getaround.com/location-voiture/paris/fiat-panda-1041838,Fiat Panda (2017),2017,Getaround Connect,MICRO_CITADINE,SEGMENT_RULES,THERMIQUE,True,54.0,,4.62,20,Puteaux,Paris,Puteaux|Paris 17e,2,179,False,False,,5190,477,5
20260802T110238,A2,v3.4-search-json,2026-08-03T09:00,2026-08-03T20:00,1879471,https://fr.getaround.com/location-voiture/paris/renault-twingo-iii-1879471,Renault Twingo III (2016),2016,Getaround Connect,CITADINE,SEGMENT_RULES,THERMIQUE,True,64.0,,4.92,12,Puteaux,Paris,Puteaux|Paris 17e,2,179,False,False,,7540,477,5
20260802T110238,A2,v3.4-search-json,2026-08-03T09:00,2026-08-03T20:00,1211495,https://fr.getaround.com/location-voiture/sartrouville/volkswagen-polo-1211495,Volkswagen Polo (2016),2016,Getaround Connect,CITADINE,SEGMENT_RULES,THERMIQUE,True,59.0,,4.96,38,Puteaux,Sartrouville,Puteaux,1,180,False,False,,8490,477,5
20260802T110238,A2,v3.4-search-json,2026-08-03T09:00,2026-08-03T20:00,1664596,https://fr.getaround.com/location-voiture/paris/renault-twingo-iii-1664596,Renault Twingo III (2020),2020,Getaround Connect,CITADINE,SEGMENT_RULES,THERMIQUE,True,52.0,,4.72,18,Paris 17e,Paris,Paris 17e,1,180,False,False,,5930,714,5
20260802T110238,A2,v3.4-search-json,2026-08-03T09:00,2026-08-03T20:00,1685956,https://fr.getaround.com/location-voiture/paris/peugeot-308-1685956,Peugeot 308 (2019),2019,Getaround Connect,COMPACTE,SEGMENT_RULES,THERMIQUE,True,58.0,,4.62,29,Puteaux,Paris,Puteaux|Paris 17e,2,181,False,False,,7260,477,5
20260802T110238,A2,v3.4-search-json,2026-08-03T09:00,2026-08-03T20:00,1583911,https://fr.getaround.com/location-voiture/paris/peugeot-208-1583911,Peugeot 208 (2020),2020,Getaround Connect,CITADINE,SEGMENT_RULES,THERMIQUE,True,45.0,,4.39,51,Paris 17e,Paris,Paris 17e,1,181,False,False,,6870,714,5
20260802T110238,A2,v3.4-search-json,2026-08-03T09:00,2026-08-03T20:00,714802,https://fr.getaround.com/location-voiture/paris/fiat-500-x-714802,Fiat 500 X (2020),2020,Getaround Connect,CITADINE,SEGMENT_RULES,THERMIQUE,True,62.0,,3.75,101,Puteaux,Paris,Puteaux|Paris 17e,2,182,False,False,,5190,477,5
20260802T110238,A2,v3.4-search-json,2026-08-03T09:00,2026-08-03T20:00,1926461,https://fr.getaround.com/location-voiture/paris/renault-twingo-1926461,Renault Twingo (2026),2026,Getaround Connect,CITADINE,SEGMENT_RULES,THERMIQUE,True,53.0,,5.0,1,Paris 17e,Paris,Paris 17e,1,182,False,False,,6820,714,5
20260802T110238,A2,v3.4-search-json,2026-08-03T09:00,2026-08-03T20:00,1820987,https://fr.getaround.com/location-voiture/boulogne-billancourt/peugeot-208-1820987,Peugeot 208 (2015),2015,Getaround Connect,CITADINE,SEGMENT_RULES,THERMIQUE,True,58.0,,4.47,17,Puteaux,Boulogne Billancourt,Puteaux|Paris 17e,2,183,False,False,,5930,477,5
20260802T110238,A2,v3.4-search-json,2026-08-03T09:00,2026-08-03T20:00,1409654,https://fr.getaround.com/location-voiture/levallois-perret/citroen-c4-1409654,Citroen C4 (2015),2015,Getaround Connect,COMPACTE,SEGMENT_RULES,THERMIQUE,True,74.0,,4.26,53,Puteaux,Levallois Perret,Puteaux|Paris 17e,2,184,False,False,,3150,477,5
20260802T110238,A2,v3.4-search-json,2026-08-03T09:00,2026-08-03T20:00,1896824,https://fr.getaround.com/location-voiture/paris/peugeot-208-1896824,Peugeot 208 (2019),2019,Getaround Connect,CITADINE,SEGMENT_RULES,THERMIQUE,True,72.0,,4.71,7,Paris 17e,Paris,Paris 17e,1,184,False,False,,3500,714,5
20260802T110238,A2,v3.4-search-json,2026-08-03T09:00,2026-08-03T20:00,1344646,https://fr.getaround.com/location-voiture/paris/peugeot-208-1344646,Peugeot 208 (2020),2020,Getaround Connect,CITADINE,SEGMENT_RULES,THERMIQUE,True,52.0,,4.61,110,Paris 17e,Paris,Paris 17e,1,186,False,False,,6640,714,5
20260802T110238,A2,v3.4-search-json,2026-08-03T09:00,2026-08-03T20:00,1442840,https://fr.getaround.com/location-voiture/paris/citroen-c3-1442840,Citroen C3 (2023),2023,Getaround Connect,CITADINE,SEGMENT_RULES,THERMIQUE,True,77.0,,4.62,53,Puteaux,Paris,Puteaux|Paris 17e,2,187,False,False,,4880,477,5
20260802T110238,A2,v3.4-search-json,2026-08-03T09:00,2026-08-03T20:00,1190533,https://fr.getaround.com/location-voiture/paris/toyota-yaris-hybride-1190533,Toyota Yaris Hybride (2020),2020,Getaround Connect,CITADINE,SEGMENT_RULES,HYBRIDE,True,76.0,,4.48,68,Paris 17e,Paris,Paris 17e,1,187,False,False,,4010,714,5
20260802T110238,A2,v3.4-search-json,2026-08-03T09:00,2026-08-03T20:00,1556498,https://fr.getaround.com/location-voiture/paris/toyota-yaris-cross-hybrid-1556498,Toyota Yaris Cross Hybrid (2022),2022,Getaround Connect,SUV_COMPACT,SEGMENT_RULES,HYBRIDE,True,79.0,,4.3,42,Puteaux,Paris,Puteaux|Paris 17e,2,188,False,False,,7460,477,5
20260802T110238,A2,v3.4-search-json,2026-08-03T09:00,2026-08-03T20:00,1220297,https://fr.getaround.com/location-voiture/paris/fiat-500-1220297,Fiat 500 (2012),2012,Getaround Connect,CITADINE,SEGMENT_RULES,THERMIQUE,True,50.0,,3.76,38,Paris 17e,Paris,Paris 17e,1,188,False,False,,4370,714,5
20260802T110238,A2,v3.4-search-json,2026-08-03T09:00,2026-08-03T20:00,1897393,https://fr.getaround.com/location-voiture/paris/renault-grand-scenic-1897393,Renault Grand Scenic (2017),2017,Getaround Connect,MONOSPACE,SEGMENT_RULES,THERMIQUE,True,112.0,,,,Puteaux,Paris,Puteaux|Paris 17e,2,190,False,False,,4260,477,5
20260802T110238,A2,v3.4-search-json,2026-08-03T09:00,2026-08-03T20:00,1272663,https://fr.getaround.com/location-voiture/paris/toyota-corolla-hybride-1272663,Toyota Corolla Hybride (2022),2022,Getaround Connect,COMPACTE,SEGMENT_RULES,HYBRIDE,True,107.0,,4.55,57,Paris 17e,Paris,Paris 17e,1,191,False,False,,3280,714,5
20260802T110238,A2,v3.4-search-json,2026-08-03T09:00,2026-08-03T20:00,1465545,https://fr.getaround.com/location-voiture/boulogne-billancourt/toyota-c-hr-1465545,Toyota C-HR (2022),2022,Getaround Connect,SUV_COMPACT,SEGMENT_RULES,THERMIQUE,True,84.0,,4.9,10,Puteaux,Boulogne Billancourt,Puteaux|Paris 17e,2,193,False,False,,5390,477,5
20260802T110238,A2,v3.4-search-json,2026-08-03T09:00,2026-08-03T20:00,1007447,https://fr.getaround.com/location-voiture/paris/fiat-500-1007447,Fiat 500 (2012),2012,Getaround Connect,CITADINE,SEGMENT_RULES,THERMIQUE,True,50.0,,3.87,56,Paris 17e,Paris,Paris 17e,1,193,False,False,,4370,714,5
20260802T110238,A2,v3.4-search-json,2026-08-03T09:00,2026-08-03T20:00,1349900,https://fr.getaround.com/location-voiture/paris/toyota-corolla-hybride-1349900,Toyota Corolla Hybride (2021),2021,Getaround Connect,COMPACTE,SEGMENT_RULES,HYBRIDE,True,99.0,,4.84,40,Paris 17e,Paris,Paris 17e,1,194,False,False,,3190,714,5
20260802T110238,A2,v3.4-search-json,2026-08-03T09:00,2026-08-03T20:00,1211982,https://fr.getaround.com/location-voiture/paris/peugeot-208-1211982,Peugeot 208 (2017),2017,Sur rendez-vous,CITADINE,SEGMENT_RULES,THERMIQUE,False,80.0,,5.0,39,Paris 17e,Paris,Paris 17e,1,195,False,False,,2220,714,5
20260802T110238,A2,v3.4-search-json,2026-08-03T09:00,2026-08-03T20:00,1834464,https://fr.getaround.com/location-voiture/rueil-malmaison/renault-clio-1834464,Renault Clio (2026),2026,Getaround Connect,CITADINE,SEGMENT_RULES,THERMIQUE,True,79.0,,4.42,12,Puteaux,Rueil Malmaison,Puteaux,1,196,False,False,,5080,477,5
20260802T110238,A2,v3.4-search-json,2026-08-03T09:00,2026-08-03T20:00,509497,https://fr.getaround.com/location-voiture/saint-ouen-sur-seine/nissan-micra-509497,Nissan Micra (2019),2019,Getaround Connect,CITADINE,SEGMENT_RULES,THERMIQUE,True,70.0,,4.94,144,Paris 17e,Saint Ouen Sur Seine,Paris 17e,1,196,False,False,,3740,714,5
20260802T110238,A2,v3.4-search-json,2026-08-03T09:00,2026-08-03T20:00,1477551,https://fr.getaround.com/location-voiture/issy-les-moulineaux/toyota-yaris-1477551,Toyota Yaris (2018),2018,Sur rendez-vous,CITADINE,SEGMENT_RULES,THERMIQUE,False,81.0,,5.0,32,Puteaux,Issy Les Moulineaux,Puteaux|Paris 17e,2,197,False,False,,7100,477,5
20260802T110238,A2,v3.4-search-json,2026-08-03T09:00,2026-08-03T20:00,1681640,https://fr.getaround.com/location-voiture/paris/peugeot-308-sw-1681640,Peugeot 308 SW (2019),2019,Getaround Connect,BREAK,SEGMENT_RULES,THERMIQUE,True,52.0,,3.71,24,Paris 17e,Paris,Paris 17e,1,197,False,False,,3940,714,5
20260802T110238,A2,v3.4-search-json,2026-08-03T09:00,2026-08-03T20:00,1759940,https://fr.getaround.com/location-voiture/rueil-malmaison/fiat-500-1759940,Fiat 500 (2011),2011,Sur rendez-vous,CITADINE,SEGMENT_RULES,THERMIQUE,False,62.0,,5.0,6,Puteaux,Rueil Malmaison,Puteaux,1,198,False,False,,3750,477,5
20260802T110238,A2,v3.4-search-json,2026-08-03T09:00,2026-08-03T20:00,1922215,https://fr.getaround.com/location-voiture/paris/toyota-yaris-hybride-1922215,Toyota Yaris Hybride (2026),2026,Sur rendez-vous,CITADINE,SEGMENT_RULES,HYBRIDE,False,74.0,,,,Puteaux,Paris,Puteaux|Paris 17e,2,198,False,False,,3720,477,9
20260802T110238,A2,v3.4-search-json,2026-08-03T09:00,2026-08-03T20:00,758464,https://fr.getaround.com/location-voiture/ville-d-avray/renault-megane-758464,Renault Mégane (2011),2011,Getaround Connect,COMPACTE,SEGMENT_RULES,THERMIQUE,True,54.0,,4.87,116,Puteaux,Ville D Avray,Puteaux,1,199,False,False,,7170,477,5
20260802T110238,A2,v3.4-search-json,2026-08-03T09:00,2026-08-03T20:00,839114,https://fr.getaround.com/location-voiture/paris/dacia-sandero-839114,Dacia Sandero (2014),2014,Getaround Connect,CITADINE,SEGMENT_RULES,THERMIQUE,True,49.0,,3.92,91,Paris 17e,Paris,Paris 17e,1,199,False,False,,4370,714,5
20260802T110238,A2,v3.4-search-json,2026-08-03T09:00,2026-08-03T20:00,1877581,https://fr.getaround.com/location-voiture/paris/renault-clio-1877581,Renault Clio (2022),2022,Getaround Connect,CITADINE,SEGMENT_RULES,THERMIQUE,True,52.0,,4.0,8,Paris 17e,Paris,Paris 17e,1,200,False,False,,7790,714,5
20260802T110238,A2,v3.4-search-json,2026-08-03T09:00,2026-08-03T20:00,973946,https://fr.getaround.com/location-voiture/boulogne-billancourt/fiat-500-973946,Fiat 500 (2019),2019,Sur rendez-vous,CITADINE,SEGMENT_RULES,THERMIQUE,False,70.0,,5.0,33,Puteaux,Boulogne Billancourt,Puteaux|Paris 17e,2,201,False,False,,5780,477,6
20260802T110238,A2,v3.4-search-json,2026-08-03T09:00,2026-08-03T20:00,835612,https://fr.getaround.com/location-voiture/paris/renault-clio-835612,Renault Clio (2018),2018,Getaround Connect,CITADINE,SEGMENT_RULES,THERMIQUE,True,52.0,,4.12,157,Paris 17e,Paris,Paris 17e,1,201,False,False,,5920,714,6
20260802T110238,A2,v3.4-search-json,2026-08-03T09:00,2026-08-03T20:00,1495582,https://fr.getaround.com/location-voiture/paris/renault-clio-1495582,Renault Clio (2014),2014,Getaround Connect,CITADINE,SEGMENT_RULES,THERMIQUE,True,56.0,,4.89,57,Paris 17e,Paris,Paris 17e,1,202,False,False,,5690,714,6
20260802T110238,A2,v3.4-search-json,2026-08-03T09:00,2026-08-03T20:00,1636942,https://fr.getaround.com/location-voiture/asnieres-sur-seine/renault-clio-1636942,Renault Clio (2019),2019,Getaround Connect,CITADINE,SEGMENT_RULES,THERMIQUE,True,72.0,,4.35,36,Puteaux,Asnieres Sur Seine,Puteaux|Paris 17e,2,203,False,False,,3760,477,6
20260802T110238,A2,v3.4-search-json,2026-08-03T09:00,2026-08-03T20:00,1650442,https://fr.getaround.com/location-voiture/paris/volkswagen-t-cross-1650442,Volkswagen T-Cross (2024),2024,Getaround Connect,SUV_COMPACT,SEGMENT_RULES,THERMIQUE,True,80.0,,3.5,18,Paris 17e,Paris,Paris 17e,1,203,False,False,,3290,714,6
20260802T110238,A2,v3.4-search-json,2026-08-03T09:00,2026-08-03T20:00,1837675,https://fr.getaround.com/location-voiture/puteaux/volkswagen-polo-1837675,Volkswagen Polo (2025),2025,Sur rendez-vous,CITADINE,SEGMENT_RULES,THERMIQUE,False,136.0,,,,Puteaux,Puteaux,Puteaux|Paris 17e,2,204,False,False,,560,477,6
20260802T110238,A2,v3.4-search-json,2026-08-03T09:00,2026-08-03T20:00,842534,https://fr.getaround.com/location-voiture/paris/renault-clio-842534,Renault Clio (2019),2019,Getaround Connect,CITADINE,SEGMENT_RULES,THERMIQUE,True,52.0,,3.97,119,Paris 17e,Paris,Paris 17e,1,204,False,False,,5300,714,6
20260802T110238,A2,v3.4-search-json,2026-08-03T09:00,2026-08-03T20:00,1681647,https://fr.getaround.com/location-voiture/paris/peugeot-3008-1681647,Peugeot 3008 (2020),2020,Getaround Connect,SUV_FAMILIAL,SEGMENT_RULES,THERMIQUE,True,73.0,,3.86,21,Puteaux,Paris,Puteaux|Paris 17e,2,205,False,False,,5420,477,6
20260802T110238,A2,v3.4-search-json,2026-08-03T09:00,2026-08-03T20:00,1814789,https://fr.getaround.com/location-voiture/paris/citroen-c3-1814789,Citroen C3 (2022),2022,Sur rendez-vous,CITADINE,SEGMENT_RULES,THERMIQUE,False,135.0,,5.0,3,Puteaux,Paris,Puteaux|Paris 17e,2,207,False,False,,5880,477,12
20260802T110238,A2,v3.4-search-json,2026-08-03T09:00,2026-08-03T20:00,823374,https://fr.getaround.com/location-voiture/boulogne-billancourt/renault-clio-e-tech-823374,Renault Clio E-tech (2021),2021,Getaround Connect,CITADINE,SEGMENT_RULES,ELECTRIQUE,True,69.0,,4.03,118,Puteaux,Boulogne Billancourt,Puteaux|Paris 17e,2,208,False,False,,5890,477,6
20260802T110238,A2,v3.4-search-json,2026-08-03T09:00,2026-08-03T20:00,1806943,https://fr.getaround.com/location-voiture/paris/fiat-500-hybride-1806943,Fiat 500 Hybride (2022),2022,Getaround Connect,CITADINE,SEGMENT_RULES,HYBRIDE,True,52.0,,4.42,12,Paris 17e,Paris,Paris 17e,1,208,False,False,,5580,714,6
20260802T110238,A2,v3.4-search-json,2026-08-03T09:00,2026-08-03T20:00,1934283,https://fr.getaround.com/location-voiture/paris/peugeot-208-1934283,Peugeot 208 (2026),2026,Getaround Connect,CITADINE,SEGMENT_RULES,THERMIQUE,True,70.0,,,,Puteaux,Paris,Puteaux|Paris 17e,2,209,False,False,,6450,477,6
20260802T110238,A2,v3.4-search-json,2026-08-03T09:00,2026-08-03T20:00,1745226,https://fr.getaround.com/location-voiture/paris/peugeot-3008-1745226,Peugeot 3008 (2019),2019,Getaround Connect,SUV_FAMILIAL,SEGMENT_RULES,THERMIQUE,True,67.0,,3.75,8,Puteaux,Paris,Puteaux|Paris 17e,2,209,False,False,,7370,477,7
20260802T110238,A2,v3.4-search-json,2026-08-03T09:00,2026-08-03T20:00,1807035,https://fr.getaround.com/location-voiture/paris/fiat-500-hybride-1807035,Fiat 500 Hybride (2023),2023,Getaround Connect,CITADINE,SEGMENT_RULES,HYBRIDE,True,57.0,,4.86,7,Paris 17e,Paris,Paris 17e,1,210,False,False,,5230,714,6
20260802T110238,A2,v3.4-search-json,2026-08-03T09:00,2026-08-03T20:00,1787205,https://fr.getaround.com/location-voiture/paris/smart-fortwo-passion-1787205,Smart Fortwo Passion (2016),2016,Sur rendez-vous,MICRO_CITADINE,SEGMENT_RULES,THERMIQUE,False,75.0,,5.0,4,Puteaux,Paris,Puteaux|Paris 17e,2,211,False,False,,4200,477,11
20260802T110238,A2,v3.4-search-json,2026-08-03T09:00,2026-08-03T20:00,1670807,https://fr.getaround.com/location-voiture/paris/peugeot-208-1670807,Peugeot 208 (2025),2025,Getaround Connect,CITADINE,SEGMENT_RULES,THERMIQUE,True,81.0,,3.82,17,Puteaux,Paris,Puteaux|Paris 17e,2,212,False,False,,4980,477,6
20260802T110238,A2,v3.4-search-json,2026-08-03T09:00,2026-08-03T20:00,1535149,https://fr.getaround.com/location-voiture/boulogne-billancourt/toyota-auris-1535149,Toyota Auris (2017),2017,Getaround Connect,COMPACTE,SEGMENT_RULES,THERMIQUE,True,89.0,,4.93,76,Puteaux,Boulogne Billancourt,Puteaux|Paris 17e,2,213,False,False,,5470,477,6
20260802T110238,A2,v3.4-search-json,2026-08-03T09:00,2026-08-03T20:00,1927762,https://fr.getaround.com/location-voiture/puteaux/smart-fortwo-electric-drive-1927762,Smart Fortwo Electric Drive (2020),2020,Sur rendez-vous,MICRO_CITADINE,SEGMENT_RULES,ELECTRIQUE,False,80.0,,,,Puteaux,Puteaux,Puteaux|Paris 17e,2,214,False,False,,670,477,6
20260802T110238,A2,v3.4-search-json,2026-08-03T09:00,2026-08-03T20:00,1787695,https://fr.getaround.com/location-voiture/paris/peugeot-208-1787695,Peugeot 208 (2025),2025,Getaround Connect,CITADINE,SEGMENT_RULES,THERMIQUE,True,81.0,,3.5,14,Puteaux,Paris,Puteaux|Paris 17e,2,214,False,False,,5330,477,8
20260802T110238,A2,v3.4-search-json,2026-08-03T09:00,2026-08-03T20:00,820939,https://fr.getaround.com/location-voiture/paris/renault-clio-820939,Renault Clio (2017),2017,Getaround Connect,CITADINE,SEGMENT_RULES,THERMIQUE,True,67.0,,4.62,163,Puteaux,Paris,Puteaux|Paris 17e,2,215,False,False,,8000,477,6
20260802T110238,A2,v3.4-search-json,2026-08-03T09:00,2026-08-03T20:00,1356052,https://fr.getaround.com/location-voiture/paris/renault-clio-1356052,Renault Clio (2021),2021,Getaround Connect,CITADINE,SEGMENT_RULES,THERMIQUE,True,72.0,,4.59,58,Paris 17e,Paris,Paris 17e,1,215,False,False,,4840,714,6
20260802T110238,A2,v3.4-search-json,2026-08-03T09:00,2026-08-03T20:00,1732897,https://fr.getaround.com/location-voiture/sartrouville/renault-clio-1732897,Renault Clio (2019),2019,Getaround Connect,CITADINE,SEGMENT_RULES,THERMIQUE,True,60.0,,4.83,12,Puteaux,Sartrouville,Puteaux,1,216,False,False,,8380,477,6
20260802T110238,A2,v3.4-search-json,2026-08-03T09:00,2026-08-03T20:00,1323004,https://fr.getaround.com/location-voiture/paris/toyota-corolla-hybride-1323004,Toyota Corolla Hybride (2020),2020,Getaround Connect,COMPACTE,SEGMENT_RULES,HYBRIDE,True,101.0,,4.22,39,Paris 17e,Paris,Paris 17e,1,216,False,False,,3120,714,6
20260802T110238,A2,v3.4-search-json,2026-08-03T09:00,2026-08-03T20:00,1686534,https://fr.getaround.com/location-voiture/issy-les-moulineaux/peugeot-308-1686534,Peugeot 308 (2021),2021,Getaround Connect,COMPACTE,SEGMENT_RULES,THERMIQUE,True,52.0,,3.85,20,Puteaux,Issy Les Moulineaux,Puteaux|Paris 17e,2,217,False,False,,6850,477,6
20260802T110238,A2,v3.4-search-json,2026-08-03T09:00,2026-08-03T20:00,1756735,https://fr.getaround.com/location-voiture/paris/renault-clio-1756735,Renault Clio (2024),2024,Getaround Connect,CITADINE,SEGMENT_RULES,THERMIQUE,True,77.0,,4.55,29,Paris 17e,Paris,Paris 17e,1,217,False,False,,3330,714,6
20260802T110238,A2,v3.4-search-json,2026-08-03T09:00,2026-08-03T20:00,1806475,https://fr.getaround.com/location-voiture/paris/dacia-lodgy-1806475,Dacia Lodgy (2018),2018,Getaround Connect,MONOSPACE,SEGMENT_RULES,THERMIQUE,True,64.0,,4.21,14,Puteaux,Paris,Puteaux|Paris 17e,2,219,False,False,,7460,477,6
20260802T110238,A2,v3.4-search-json,2026-08-03T09:00,2026-08-03T20:00,1773923,https://fr.getaround.com/location-voiture/paris/toyota-aygo-1773923,Toyota Aygo (2015),2015,Sur rendez-vous,MICRO_CITADINE,SEGMENT_RULES,THERMIQUE,False,59.0,,5.0,2,Paris 17e,Paris,Paris 17e,1,219,False,False,,5050,714,6
20260802T110238,A2,v3.4-search-json,2026-08-03T09:00,2026-08-03T20:00,1078159,https://fr.getaround.com/location-voiture/paris/renault-twingo-1078159,Renault Twingo (2015),2015,Getaround Connect,CITADINE,SEGMENT_RULES,THERMIQUE,True,49.0,,4.07,38,Paris 17e,Paris,Paris 17e,1,220,False,False,,4370,714,6
20260802T110238,A2,v3.4-search-json,2026-08-03T09:00,2026-08-03T20:00,478979,https://fr.getaround.com/location-voiture/boulogne-billancourt/renault-clio-478979,Renault Clio (2019),2019,Getaround Connect,CITADINE,SEGMENT_RULES,THERMIQUE,True,67.0,,4.26,154,Puteaux,Boulogne Billancourt,Puteaux|Paris 17e,2,221,False,False,,5880,477,6
20260802T110238,A2,v3.4-search-json,2026-08-03T09:00,2026-08-03T20:00,1613972,https://fr.getaround.com/location-voiture/paris/peugeot-208-1613972,Peugeot 208 (2024),2024,Getaround Connect,CITADINE,SEGMENT_RULES,THERMIQUE,True,81.0,,4.47,39,Paris 17e,Paris,Paris 17e,1,221,False,False,,3940,714,6
20260802T110238,A2,v3.4-search-json,2026-08-03T09:00,2026-08-03T20:00,1600714,https://fr.getaround.com/location-voiture/boulogne-billancourt/peugeot-2008-1600714,Peugeot 2008 (2023),2023,Getaround Connect,SUV_COMPACT,SEGMENT_RULES,THERMIQUE,True,75.0,,4.27,37,Puteaux,Boulogne Billancourt,Puteaux|Paris 17e,2,222,False,False,,5480,477,6
20260802T110238,A2,v3.4-search-json,2026-08-03T09:00,2026-08-03T20:00,1897276,https://fr.getaround.com/location-voiture/saint-denis/renault-clio-societe-1897276,Renault Clio Société (2017),2017,Getaround Connect,CITADINE,SEGMENT_RULES,THERMIQUE,True,60.0,,5.0,4,Paris 17e,Saint Denis,Paris 17e,1,222,False,False,,5750,714,6
20260802T110238,A2,v3.4-search-json,2026-08-03T09:00,2026-08-03T20:00,1834680,https://fr.getaround.com/location-voiture/boulogne-billancourt/peugeot-208-1834680,Peugeot 208 (2016),2016,Sur rendez-vous,CITADINE,SEGMENT_RULES,THERMIQUE,False,69.0,,5.0,8,Puteaux,Boulogne Billancourt,Puteaux|Paris 17e,2,223,False,False,,4990,477,6
20260802T110238,A2,v3.4-search-json,2026-08-03T09:00,2026-08-03T20:00,1708050,https://fr.getaround.com/location-voiture/boulogne-billancourt/toyota-yaris-1708050,Toyota Yaris (2019),2019,Getaround Connect,CITADINE,SEGMENT_RULES,THERMIQUE,True,76.0,,4.9,20,Puteaux,Boulogne Billancourt,Puteaux|Paris 17e,2,225,False,False,,5320,477,6
20260802T110238,A2,v3.4-search-json,2026-08-03T09:00,2026-08-03T20:00,1936723,https://fr.getaround.com/location-voiture/colombes/peugeot-2008-1936723,Peugeot 2008 (2021),2021,Sur rendez-vous,SUV_COMPACT,SEGMENT_RULES,THERMIQUE,False,87.0,,,,Puteaux,Colombes,Puteaux|Paris 17e,2,226,False,False,,3290,477,6
20260802T110238,A2,v3.4-search-json,2026-08-03T09:00,2026-08-03T20:00,1476571,https://fr.getaround.com/location-voiture/paris/peugeot-208-1476571,Peugeot 208 (2021),2021,Getaround Connect,CITADINE,SEGMENT_RULES,THERMIQUE,True,52.0,,3.91,52,Paris 17e,Paris,Paris 17e,1,226,False,False,,6080,714,6
20260802T110238,A2,v3.4-search-json,2026-08-03T09:00,2026-08-03T20:00,1770026,https://fr.getaround.com/location-voiture/asnieres-sur-seine/renault-clio-1770026,Renault Clio (2018),2018,Getaround Connect,CITADINE,SEGMENT_RULES,THERMIQUE,True,72.0,,4.71,21,Puteaux,Asnieres Sur Seine,Puteaux|Paris 17e,2,227,False,False,,5570,477,6
20260802T110238,A2,v3.4-search-json,2026-08-03T09:00,2026-08-03T20:00,1886656,https://fr.getaround.com/location-voiture/paris/citroen-c1-ii-1886656,Citroen C1 II (2019),2019,Getaround Connect,MICRO_CITADINE,SEGMENT_RULES,THERMIQUE,True,60.0,,5.0,1,Puteaux,Paris,Puteaux|Paris 17e,2,228,False,False,,7420,477,6
20260802T110238,A2,v3.4-search-json,2026-08-03T09:00,2026-08-03T20:00,663094,https://fr.getaround.com/location-voiture/saint-ouen-sur-seine/skoda-fabia-663094,Skoda Fabia (2020),2020,Getaround Connect,CITADINE,SEGMENT_RULES,THERMIQUE,True,76.0,,4.93,232,Paris 17e,Saint Ouen Sur Seine,Paris 17e,1,228,False,False,,3740,714,6
20260802T110238,A2,v3.4-search-json,2026-08-03T09:00,2026-08-03T20:00,1945778,https://fr.getaround.com/location-voiture/nanterre/volkswagen-golf-gte-1945778,Volkswagen Golf GTE (2015),2015,Sur rendez-vous,COMPACTE,SEGMENT_RULES,THERMIQUE,False,102.0,,,,Puteaux,Nanterre,Puteaux,1,229,False,False,,3520,477,6
20260802T110238,A2,v3.4-search-json,2026-08-03T09:00,2026-08-03T20:00,1374847,https://fr.getaround.com/location-voiture/boulogne-billancourt/renault-clio-1374847,Renault Clio (2012),2012,Getaround Connect,CITADINE,SEGMENT_RULES,THERMIQUE,True,58.0,,4.41,92,Puteaux,Boulogne Billancourt,Puteaux|Paris 17e,2,230,False,False,,5550,477,6
20260802T110238,A2,v3.4-search-json,2026-08-03T09:00,2026-08-03T20:00,1438248,https://fr.getaround.com/location-voiture/paris/toyota-yaris-hybride-1438248,Toyota Yaris Hybride (2021),2021,Getaround Connect,CITADINE,SEGMENT_RULES,HYBRIDE,True,91.0,,4.57,82,Paris 17e,Paris,Paris 17e,1,230,False,False,,3180,714,6
20260802T110238,A2,v3.4-search-json,2026-08-03T09:00,2026-08-03T20:00,940720,https://fr.getaround.com/location-voiture/boulogne-billancourt/dacia-spring-940720,Dacia Spring (2021),2021,Getaround Connect,COMPACTE,SEGMENT_RULES,THERMIQUE,True,54.0,,4.34,88,Puteaux,Boulogne Billancourt,Puteaux|Paris 17e,2,231,False,False,,5880,477,6
20260802T110238,A2,v3.4-search-json,2026-08-03T09:00,2026-08-03T20:00,1787775,https://fr.getaround.com/location-voiture/paris/peugeot-208-1787775,Peugeot 208 (2025),2025,Getaround Connect,CITADINE,SEGMENT_RULES,THERMIQUE,True,81.0,,4.33,12,Paris 17e,Paris,Paris 17e,1,231,False,False,,4210,714,6
20260802T110238,A2,v3.4-search-json,2026-08-03T09:00,2026-08-03T20:00,1400423,https://fr.getaround.com/location-voiture/argenteuil/peugeot-208-1400423,Peugeot 208 (2020),2020,Getaround Connect,CITADINE,SEGMENT_RULES,THERMIQUE,True,72.0,,4.59,37,Puteaux,Argenteuil,Puteaux,1,232,False,False,,7270,477,6
20260802T110238,A2,v3.4-search-json,2026-08-03T09:00,2026-08-03T20:00,1203736,https://fr.getaround.com/location-voiture/paris/citroen-c3-1203736,Citroen C3 (2023),2023,Getaround Connect,CITADINE,SEGMENT_RULES,THERMIQUE,True,50.0,,4.33,106,Paris 17e,Paris,Paris 17e,1,232,False,False,,4080,714,6
20260802T110238,A2,v3.4-search-json,2026-08-03T09:00,2026-08-03T20:00,1787693,https://fr.getaround.com/location-voiture/paris/peugeot-208-1787693,Peugeot 208 (2025),2025,Getaround Connect,CITADINE,SEGMENT_RULES,THERMIQUE,True,81.0,,3.4,5,Puteaux,Paris,Puteaux|Paris 17e,2,233,False,False,,4980,477,6
20260802T110238,A2,v3.4-search-json,2026-08-03T09:00,2026-08-03T20:00,1286312,https://fr.getaround.com/location-voiture/houilles/peugeot-508-1286312,Peugeot 508 (2011),2011,Sur rendez-vous,BERLINE,SEGMENT_RULES,THERMIQUE,False,96.0,,5.0,11,Puteaux,Houilles,Puteaux,1,234,False,False,,6280,477,6
20260802T110238,A2,v3.4-search-json,2026-08-03T09:00,2026-08-03T20:00,1155983,https://fr.getaround.com/location-voiture/paris/peugeot-108-1155983,Peugeot 108 (2018),2018,Getaround Connect,MICRO_CITADINE,SEGMENT_RULES,THERMIQUE,True,60.0,,4.58,46,Paris 17e,Paris,Paris 17e,1,234,False,False,,4860,714,6
20260802T110238,A2,v3.4-search-json,2026-08-03T09:00,2026-08-03T20:00,1010342,https://fr.getaround.com/location-voiture/asnieres-sur-seine/ford-fiesta-1010342,Ford Fiesta (2017),2017,Getaround Connect,CITADINE,SEGMENT_RULES,THERMIQUE,True,67.0,,4.41,40,Puteaux,Asnieres Sur Seine,Puteaux|Paris 17e,2,235,False,False,,6680,477,7
20260802T110238,A2,v3.4-search-json,2026-08-03T09:00,2026-08-03T20:00,978862,https://fr.getaround.com/location-voiture/paris/renault-clio-978862,Renault Clio (2019),2019,Getaround Connect,CITADINE,SEGMENT_RULES,THERMIQUE,True,72.0,,4.57,108,Paris 17e,Paris,Paris 17e,1,236,False,False,,4480,714,6
20260802T110238,A2,v3.4-search-json,2026-08-03T09:00,2026-08-03T20:00,1820982,https://fr.getaround.com/location-voiture/boulogne-billancourt/peugeot-208-1820982,Peugeot 208 (2013),2013,Getaround Connect,CITADINE,SEGMENT_RULES,THERMIQUE,True,58.0,,3.67,12,Puteaux,Boulogne Billancourt,Puteaux|Paris 17e,2,238,False,False,,5950,477,6
20260802T110238,A2,v3.4-search-json,2026-08-03T09:00,2026-08-03T20:00,820942,https://fr.getaround.com/location-voiture/paris/renault-clio-820942,Renault Clio (2017),2017,Getaround Connect,CITADINE,SEGMENT_RULES,THERMIQUE,True,67.0,,4.5,119,Paris 17e,Paris,Paris 17e,1,238,False,False,,5440,714,6
20260802T110238,A2,v3.4-search-json,2026-08-03T09:00,2026-08-03T20:00,828175,https://fr.getaround.com/location-voiture/boulogne-billancourt/toyota-corolla-828175,Toyota Corolla (2021),2021,Getaround Connect,COMPACTE,SEGMENT_RULES,THERMIQUE,True,72.0,,4.33,122,Puteaux,Boulogne Billancourt,Puteaux|Paris 17e,2,240,False,False,,6050,477,6
20260802T110238,A2,v3.4-search-json,2026-08-03T09:00,2026-08-03T20:00,1244578,https://fr.getaround.com/location-voiture/neuilly-sur-seine/bmw-serie-4-cabriolet-1244578,BMW Série 4 Cabriolet (2014),2014,Sur rendez-vous,CABRIOLET,SEGMENT_RULES,THERMIQUE,False,199.0,,5.0,32,Puteaux,Neuilly Sur Seine,Puteaux|Paris 17e,2,241,False,False,,2850,477,7
20260802T110238,A2,v3.4-search-json,2026-08-03T09:00,2026-08-03T20:00,1881886,https://fr.getaround.com/location-voiture/paris/peugeot-2008-1881886,Peugeot 2008 (2026),2026,Getaround Connect,SUV_COMPACT,SEGMENT_RULES,THERMIQUE,True,96.0,,5.0,4,Paris 17e,Paris,Paris 17e,1,241,False,False,,3330,714,7
20260802T110238,A2,v3.4-search-json,2026-08-03T09:00,2026-08-03T20:00,1822032,https://fr.getaround.com/location-voiture/gennevilliers/renault-clio-1822032,Renault Clio (2016),2016,Getaround Connect,CITADINE,SEGMENT_RULES,THERMIQUE,True,64.0,,4.8,5,Puteaux,Gennevilliers,Puteaux|Paris 17e,2,242,False,False,,7400,477,7
20260802T110238,A2,v3.4-search-json,2026-08-03T09:00,2026-08-03T20:00,1895320,https://fr.getaround.com/location-voiture/paris/volkswagen-polo-1895320,Volkswagen Polo (2024),2024,Getaround Connect,CITADINE,SEGMENT_RULES,THERMIQUE,True,80.0,,4.5,2,Paris 17e,Paris,Paris 17e,1,242,False,False,,6300,714,7
20260802T110238,A2,v3.4-search-json,2026-08-03T09:00,2026-08-03T20:00,771186,https://fr.getaround.com/location-voiture/sartrouville/citroen-c3-aircross-771186,Citroen C3 Aircross (2018),2018,Getaround Connect,CITADINE,SEGMENT_RULES,THERMIQUE,True,65.0,,4.9,101,Puteaux,Sartrouville,Puteaux,1,243,False,False,,8119,477,7
20260802T110238,A2,v3.4-search-json,2026-08-03T09:00,2026-08-03T20:00,1557141,https://fr.getaround.com/location-voiture/paris/peugeot-208-1557141,Peugeot 208 (2023),2023,Getaround Connect,CITADINE,SEGMENT_RULES,THERMIQUE,True,79.0,,4.72,9,Puteaux,Paris,Puteaux|Paris 17e,2,244,False,False,,5190,477,7
20260802T110238,A2,v3.4-search-json,2026-08-03T09:00,2026-08-03T20:00,776791,https://fr.getaround.com/location-voiture/paris/dacia-sandero-776791,Dacia Sandero (2017),2017,Getaround Connect,CITADINE,SEGMENT_RULES,THERMIQUE,True,55.0,,4.09,71,Paris 17e,Paris,Paris 17e,1,244,False,False,,4370,714,7
20260802T110238,A2,v3.4-search-json,2026-08-03T09:00,2026-08-03T20:00,1924671,https://fr.getaround.com/location-voiture/rueil-malmaison/renault-megane-iv-1924671,Renault Mégane IV (2021),2021,Getaround Connect,COMPACTE,SEGMENT_RULES,THERMIQUE,True,88.0,,,,Puteaux,Rueil Malmaison,Puteaux,1,246,False,False,,4790,477,7
20260802T110238,A2,v3.4-search-json,2026-08-03T09:00,2026-08-03T20:00,890107,https://fr.getaround.com/location-voiture/paris/fiat-500-890107,Fiat 500 (2013),2013,Getaround Connect,CITADINE,SEGMENT_RULES,THERMIQUE,True,50.0,,3.67,78,Paris 17e,Paris,Paris 17e,1,246,False,False,,4370,714,7
20260802T110238,A2,v3.4-search-json,2026-08-03T09:00,2026-08-03T20:00,1314301,https://fr.getaround.com/location-voiture/paris/fiat-500-1314301,Fiat 500 (2012),2012,Getaround Connect,CITADINE,SEGMENT_RULES,THERMIQUE,True,50.0,,3.63,31,Paris 17e,Paris,Paris 17e,1,247,False,False,,4370,714,7
20260802T110238,A2,v3.4-search-json,2026-08-03T09:00,2026-08-03T20:00,1442841,https://fr.getaround.com/location-voiture/paris/citroen-c3-1442841,Citroen C3 (2023),2023,Getaround Connect,CITADINE,SEGMENT_RULES,THERMIQUE,True,70.0,,4.48,54,Puteaux,Paris,Puteaux|Paris 17e,2,249,False,False,,6090,477,7
20260802T110238,A2,v3.4-search-json,2026-08-03T09:00,2026-08-03T20:00,1631669,https://fr.getaround.com/location-voiture/boulogne-billancourt/opel-corsa-1631669,Opel Corsa (2024),2024,Getaround Connect,CITADINE,SEGMENT_RULES,THERMIQUE,True,75.0,,4.92,64,Puteaux,Boulogne Billancourt,Puteaux|Paris 17e,2,250,False,False,,6320,477,7
20260802T110238,A2,v3.4-search-json,2026-08-03T09:00,2026-08-03T20:00,1731998,https://fr.getaround.com/location-voiture/paris/lexus-ux-hybride-1731998,Lexus UX Hybride (2024),2024,Sur rendez-vous,SUV_COMPACT,SEGMENT_RULES,HYBRIDE,False,132.0,,5.0,4,Puteaux,Paris,Puteaux|Paris 17e,2,251,False,False,,8140,477,7
20260802T110238,A2,v3.4-search-json,2026-08-03T09:00,2026-08-03T20:00,1632887,https://fr.getaround.com/location-voiture/boulogne-billancourt/toyota-corolla-break-hybride-1632887,Toyota Corolla Break Hybride (2021),2021,Getaround Connect,BREAK,SEGMENT_RULES,HYBRIDE,True,116.0,,5.0,23,Puteaux,Boulogne Billancourt,Puteaux|Paris 17e,2,252,False,False,,5470,477,7
20260802T110238,A2,v3.4-search-json,2026-08-03T09:00,2026-08-03T20:00,1002069,https://fr.getaround.com/location-voiture/paris/peugeot-208-1002069,Peugeot 208 (2021),2021,Getaround Connect,CITADINE,SEGMENT_RULES,THERMIQUE,True,45.0,,3.83,106,Paris 17e,Paris,Paris 17e,1,252,False,False,,7830,714,7
20260802T110238,A2,v3.4-search-json,2026-08-03T09:00,2026-08-03T20:00,1608621,https://fr.getaround.com/location-voiture/paris/toyota-yaris-hybride-1608621,Toyota Yaris Hybride (2024),2024,Getaround Connect,CITADINE,SEGMENT_RULES,HYBRIDE,True,77.0,,4.3,23,Puteaux,Paris,Puteaux|Paris 17e,2,254,False,False,,4390,477,7
20260802T110238,A2,v3.4-search-json,2026-08-03T09:00,2026-08-03T20:00,1906679,https://fr.getaround.com/location-voiture/paris/renault-megane-1906679,Renault Mégane (2017),2017,Sur rendez-vous,COMPACTE,SEGMENT_RULES,THERMIQUE,False,76.0,,5.0,4,Puteaux,Paris,Puteaux|Paris 17e,2,255,False,False,,7100,477,7
20260802T110238,A2,v3.4-search-json,2026-08-03T09:00,2026-08-03T20:00,820919,https://fr.getaround.com/location-voiture/paris/renault-clio-820919,Renault Clio (2017),2017,Getaround Connect,CITADINE,SEGMENT_RULES,THERMIQUE,True,67.0,,4.73,102,Paris 17e,Paris,Paris 17e,1,255,False,False,,5420,714,7
20260802T110238,A2,v3.4-search-json,2026-08-03T09:00,2026-08-03T20:00,1216442,https://fr.getaround.com/location-voiture/paris/peugeot-208-1216442,Peugeot 208 (2023),2023,Getaround Connect,CITADINE,SEGMENT_RULES,THERMIQUE,True,77.0,,4.7,77,Puteaux,Paris,Puteaux|Paris 17e,2,256,False,False,,6740,477,7
20260802T110238,A2,v3.4-search-json,2026-08-03T09:00,2026-08-03T20:00,1454575,https://fr.getaround.com/location-voiture/paris/fiat-500-1454575,Fiat 500 (2014),2014,Getaround Connect,CITADINE,SEGMENT_RULES,THERMIQUE,True,64.0,,4.98,94,Paris 17e,Paris,Paris 17e,1,256,False,False,,5680,714,7
20260802T110238,A2,v3.4-search-json,2026-08-03T09:00,2026-08-03T20:00,701657,https://fr.getaround.com/location-voiture/paris/renault-twingo-701657,Renault Twingo (2017),2017,Getaround Connect,CITADINE,SEGMENT_RULES,THERMIQUE,True,55.0,,4.77,152,Paris 17e,Paris,Paris 17e,1,257,False,False,,7290,714,7
20260802T110238,A2,v3.4-search-json,2026-08-03T09:00,2026-08-03T20:00,1498661,https://fr.getaround.com/location-voiture/paris/renault-clio-1498661,Renault Clio (2022),2022,Getaround Connect,CITADINE,SEGMENT_RULES,THERMIQUE,True,70.0,,4.92,51,Puteaux,Paris,Puteaux|Paris 17e,2,258,False,False,,8000,477,7
20260802T110238,A2,v3.4-search-json,2026-08-03T09:00,2026-08-03T20:00,1782417,https://fr.getaround.com/location-voiture/paris/renault-zoe-1782417,Renault ZOE (2021),2021,Getaround Connect,CITADINE,SEGMENT_RULES,ELECTRIQUE,True,72.0,,4.93,15,Paris 17e,Paris,Paris 17e,1,258,False,False,,4260,714,7
20260802T110238,A2,v3.4-search-json,2026-08-03T09:00,2026-08-03T20:00,1421679,https://fr.getaround.com/location-voiture/paris/toyota-c-hr-hybrid-1421679,Toyota C-HR Hybrid (2022),2022,Getaround Connect,SUV_COMPACT,SEGMENT_RULES,HYBRIDE,True,95.0,,4.91,27,Puteaux,Paris,Puteaux|Paris 17e,2,259,False,False,,5390,477,7
20260802T110238,A2,v3.4-search-json,2026-08-03T09:00,2026-08-03T20:00,1832300,https://fr.getaround.com/location-voiture/paris/volkswagen-polo-1832300,Volkswagen Polo (2019),2019,Getaround Connect,CITADINE,SEGMENT_RULES,THERMIQUE,True,72.0,,5.0,10,Puteaux,Paris,Puteaux|Paris 17e,2,260,False,False,,9200,477,7
20260802T110238,A2,v3.4-search-json,2026-08-03T09:00,2026-08-03T20:00,1831570,https://fr.getaround.com/location-voiture/asnieres-sur-seine/citroen-c4-1831570,Citroen C4 (2016),2016,Getaround Connect,COMPACTE,SEGMENT_RULES,THERMIQUE,True,85.0,,4.83,6,Puteaux,Asnieres Sur Seine,Puteaux|Paris 17e,2,260,False,False,,6410,477,8
20260802T110238,A2,v3.4-search-json,2026-08-03T09:00,2026-08-03T20:00,1757230,https://fr.getaround.com/location-voiture/saint-ouen-sur-seine/renault-clio-1757230,Renault Clio (2018),2018,Getaround Connect,CITADINE,SEGMENT_RULES,THERMIQUE,True,89.0,,4.97,34,Puteaux,Saint Ouen Sur Seine,Puteaux|Paris 17e,2,261,False,False,,7140,477,9
20260802T110238,A2,v3.4-search-json,2026-08-03T09:00,2026-08-03T20:00,1800176,https://fr.getaround.com/location-voiture/rueil-malmaison/renault-captur-1800176,Renault Captur (2024),2024,Getaround Connect,SUV_COMPACT,SEGMENT_RULES,THERMIQUE,True,77.0,,4.71,14,Puteaux,Rueil Malmaison,Puteaux,1,262,False,False,,5080,477,7
20260802T110238,A2,v3.4-search-json,2026-08-03T09:00,2026-08-03T20:00,835614,https://fr.getaround.com/location-voiture/paris/renault-zoe-835614,Renault ZOE (2017),2017,Getaround Connect,CITADINE,SEGMENT_RULES,ELECTRIQUE,True,39.0,,4.44,215,Paris 17e,Paris,Paris 17e,1,262,False,False,,6260,714,7
20260802T110238,A2,v3.4-search-json,2026-08-03T09:00,2026-08-03T20:00,705443,https://fr.getaround.com/location-voiture/paris/peugeot-208-705443,Peugeot 208 (2020),2020,Getaround Connect,CITADINE,SEGMENT_RULES,THERMIQUE,True,64.0,,4.32,210,Puteaux,Paris,Puteaux|Paris 17e,2,263,False,False,,6860,477,7
20260802T110238,A2,v3.4-search-json,2026-08-03T09:00,2026-08-03T20:00,1634381,https://fr.getaround.com/location-voiture/boulogne-billancourt/opel-corsa-1634381,Opel Corsa (2024),2024,Getaround Connect,CITADINE,SEGMENT_RULES,THERMIQUE,True,75.0,,4.82,42,Puteaux,Boulogne Billancourt,Puteaux|Paris 17e,2,264,False,False,,6320,477,7
20260802T110238,A2,v3.4-search-json,2026-08-03T09:00,2026-08-03T20:00,1424176,https://fr.getaround.com/location-voiture/paris/fiat-500-1424176,Fiat 500 (2013),2013,Getaround Connect,CITADINE,SEGMENT_RULES,THERMIQUE,True,64.0,,4.95,104,Paris 17e,Paris,Paris 17e,1,264,False,False,,5680,714,7
20260802T110238,A2,v3.4-search-json,2026-08-03T09:00,2026-08-03T20:00,359982,https://fr.getaround.com/location-voiture/boulogne-billancourt/peugeot-2008-359982,Peugeot 2008 (2018),2018,Getaround Connect,SUV_COMPACT,SEGMENT_RULES,THERMIQUE,True,69.0,,4.34,230,Puteaux,Boulogne Billancourt,Puteaux|Paris 17e,2,266,False,False,,5880,477,7
20260802T110238,A2,v3.4-search-json,2026-08-03T09:00,2026-08-03T20:00,1572123,https://fr.getaround.com/location-voiture/clichy/mini-clubman-cooper-1572123,Mini Clubman Cooper (2019),2019,Sur rendez-vous,BREAK,SEGMENT_RULES,THERMIQUE,False,88.0,,4.77,31,Puteaux,Clichy,Puteaux|Paris 17e,2,266,False,False,,5230,477,9
20260802T110238,A2,v3.4-search-json,2026-08-03T09:00,2026-08-03T20:00,1610891,https://fr.getaround.com/location-voiture/issy-les-moulineaux/audi-a5-sportback-1610891,Audi A5 Sportback (2013),2013,Sur rendez-vous,BERLINE,SEGMENT_RULES,THERMIQUE,False,116.0,,5.0,4,Puteaux,Issy Les Moulineaux,Puteaux|Paris 17e,2,267,False,False,,6280,477,7
20260802T110238,A2,v3.4-search-json,2026-08-03T09:00,2026-08-03T20:00,1666618,https://fr.getaround.com/location-voiture/paris/fiat-500-1666618,Fiat 500 (2016),2016,Getaround Connect,CITADINE,SEGMENT_RULES,THERMIQUE,True,64.0,,4.96,56,Paris 17e,Paris,Paris 17e,1,267,False,False,,5680,714,7
20260802T110238,A2,v3.4-search-json,2026-08-03T09:00,2026-08-03T20:00,1637857,https://fr.getaround.com/location-voiture/argenteuil/peugeot-208-1637857,Peugeot 208 (2019),2019,Getaround Connect,CITADINE,SEGMENT_RULES,THERMIQUE,True,72.0,,5.0,15,Puteaux,Argenteuil,Puteaux,1,268,False,False,,7270,477,7
20260802T110238,A2,v3.4-search-json,2026-08-03T09:00,2026-08-03T20:00,1533981,https://fr.getaround.com/location-voiture/paris/toyota-yaris-hybride-1533981,Toyota Yaris Hybride (2021),2021,Getaround Connect,CITADINE,SEGMENT_RULES,HYBRIDE,True,81.0,,4.47,44,Paris 17e,Paris,Paris 17e,1,268,False,False,,4090,714,7
20260802T110238,A2,v3.4-search-json,2026-08-03T09:00,2026-08-03T20:00,1483800,https://fr.getaround.com/location-voiture/paris/renault-twingo-iii-1483800,Renault Twingo III (2020),2020,Getaround Connect,CITADINE,SEGMENT_RULES,THERMIQUE,True,67.0,,4.81,54,Puteaux,Paris,Puteaux|Paris 17e,2,269,False,False,,6350,477,7
20260802T110238,A2,v3.4-search-json,2026-08-03T09:00,2026-08-03T20:00,714807,https://fr.getaround.com/location-voiture/paris/renault-clio-714807,Renault Clio (2020),2020,Getaround Connect,CITADINE,SEGMENT_RULES,THERMIQUE,True,69.0,,4.25,179,Puteaux,Paris,Puteaux|Paris 17e,2,269,False,False,,7370,477,8
20260802T110238,A2,v3.4-search-json,2026-08-03T09:00,2026-08-03T20:00,1738351,https://fr.getaround.com/location-voiture/chatou/toyota-corolla-1738351,Toyota Corolla (2020),2020,Sur rendez-vous,COMPACTE,SEGMENT_RULES,THERMIQUE,False,77.0,,5.0,8,Puteaux,Chatou,Puteaux,1,270,False,False,,6520,477,7
20260802T110238,A2,v3.4-search-json,2026-08-03T09:00,2026-08-03T20:00,1743764,https://fr.getaround.com/location-voiture/paris/peugeot-208-1743764,Peugeot 208 (2015),2015,Getaround Connect,CITADINE,SEGMENT_RULES,THERMIQUE,True,64.0,,4.71,17,Paris 17e,Paris,Paris 17e,1,270,False,False,,4850,714,7
20260802T110238,A2,v3.4-search-json,2026-08-03T09:00,2026-08-03T20:00,1216198,https://fr.getaround.com/location-voiture/boulogne-billancourt/renault-clio-1216198,Renault Clio (2019),2019,Getaround Connect,CITADINE,SEGMENT_RULES,THERMIQUE,True,72.0,,4.67,66,Puteaux,Boulogne Billancourt,Puteaux|Paris 17e,2,271,False,False,,6320,477,7
20260802T110238,A2,v3.4-search-json,2026-08-03T09:00,2026-08-03T20:00,1487246,https://fr.getaround.com/location-voiture/paris/fiat-500-1487246,Fiat 500 (2014),2014,Getaround Connect,CITADINE,SEGMENT_RULES,THERMIQUE,True,64.0,,5.0,63,Paris 17e,Paris,Paris 17e,1,271,False,False,,6450,714,7
20260802T110238,A2,v3.4-search-json,2026-08-03T09:00,2026-08-03T20:00,1541399,https://fr.getaround.com/location-voiture/paris/toyota-yaris-cross-hybrid-1541399,Toyota Yaris Cross Hybrid (2021),2021,Getaround Connect,SUV_COMPACT,SEGMENT_RULES,HYBRIDE,True,79.0,,4.39,42,Paris 17e,Paris,Paris 17e,1,272,False,False,,6280,714,7
20260802T110238,A2,v3.4-search-json,2026-08-03T09:00,2026-08-03T20:00,1813056,https://fr.getaround.com/location-voiture/paris/volkswagen-polo-1813056,Volkswagen Polo (2011),2011,Sur rendez-vous,CITADINE,SEGMENT_RULES,THERMIQUE,True,84.0,,4.9,10,Puteaux,Paris,Puteaux|Paris 17e,2,273,False,False,,4440,477,7
20260802T110238,A2,v3.4-search-json,2026-08-03T09:00,2026-08-03T20:00,1821363,https://fr.getaround.com/location-voiture/nanterre/ford-fiesta-1821363,Ford Fiesta (2015),2015,Getaround Connect,CITADINE,SEGMENT_RULES,THERMIQUE,True,64.0,,4.0,2,Puteaux,Nanterre,Puteaux|Paris 17e,2,274,False,False,,4010,477,7
20260802T110238,A2,v3.4-search-json,2026-08-03T09:00,2026-08-03T20:00,813514,https://fr.getaround.com/location-voiture/paris/renault-clio-813514,Renault Clio (2013),2013,Getaround Connect,CITADINE,SEGMENT_RULES,THERMIQUE,True,58.0,,4.3,72,Paris 17e,Paris,Paris 17e,1,274,False,False,,4370,714,7
20260802T110238,A2,v3.4-search-json,2026-08-03T09:00,2026-08-03T20:00,1695612,https://fr.getaround.com/location-voiture/nanterre/renault-twingo-iii-1695612,Renault Twingo III (2020),2020,Sur rendez-vous,CITADINE,SEGMENT_RULES,THERMIQUE,False,73.0,,,,Puteaux,Nanterre,Puteaux,1,275,False,False,,2220,477,7
20260802T110238,A2,v3.4-search-json,2026-08-03T09:00,2026-08-03T20:00,1555760,https://fr.getaround.com/location-voiture/issy-les-moulineaux/toyota-corolla-hybride-1555760,Toyota Corolla Hybride (2021),2021,Getaround Connect,COMPACTE,SEGMENT_RULES,HYBRIDE,True,96.0,,4.68,74,Puteaux,Issy Les Moulineaux,Puteaux|Paris 17e,2,276,False,False,,6840,477,7
20260802T110238,A2,v3.4-search-json,2026-08-03T09:00,2026-08-03T20:00,1797370,https://fr.getaround.com/location-voiture/paris/toyota-auris-1797370,Toyota Auris (2018),2018,Getaround Connect,COMPACTE,SEGMENT_RULES,THERMIQUE,True,89.0,,4.33,3,Puteaux,Paris,Puteaux|Paris 17e,2,277,False,False,,5350,477,7
20260802T110238,A2,v3.4-search-json,2026-08-03T09:00,2026-08-03T20:00,1060060,https://fr.getaround.com/location-voiture/malakoff/dacia-lodgy-1060060,Dacia Lodgy (2017),2017,Getaround Connect,MONOSPACE,SEGMENT_RULES,THERMIQUE,True,76.0,,4.48,65,Puteaux,Malakoff,Puteaux|Paris 17e,2,278,False,False,,8100,477,7
20260802T110238,A2,v3.4-search-json,2026-08-03T09:00,2026-08-03T20:00,1906513,https://fr.getaround.com/location-voiture/gennevilliers/fiat-500-c-1906513,Fiat 500 C (2017),2017,Getaround Connect,CABRIOLET,SEGMENT_RULES,THERMIQUE,True,76.0,,5.0,7,Puteaux,Gennevilliers,Puteaux|Paris 17e,2,279,False,False,,5920,477,7
20260802T110238,A2,v3.4-search-json,2026-08-03T09:00,2026-08-03T20:00,823365,https://fr.getaround.com/location-voiture/paris/renault-clio-e-tech-823365,Renault Clio E-tech (2021),2021,Getaround Connect,CITADINE,SEGMENT_RULES,ELECTRIQUE,True,76.0,,4.15,104,Puteaux,Paris,Puteaux|Paris 17e,2,280,False,False,,6860,477,7
20260802T110238,A2,v3.4-search-json,2026-08-03T09:00,2026-08-03T20:00,1942583,https://fr.getaround.com/location-voiture/paris/renault-twingo-iii-1942583,Renault Twingo III (2016),2016,Sur rendez-vous,CITADINE,SEGMENT_RULES,THERMIQUE,False,47.0,,,,Paris 17e,Paris,Paris 17e,1,280,False,False,,5640,714,7
20260802T110238,A2,v3.4-search-json,2026-08-03T09:00,2026-08-03T20:00,1442837,https://fr.getaround.com/location-voiture/paris/citroen-c3-1442837,Citroen C3 (2023),2023,Getaround Connect,CITADINE,SEGMENT_RULES,THERMIQUE,True,77.0,,4.61,50,Puteaux,Paris,Puteaux|Paris 17e,2,281,False,False,,6090,477,8
20260802T110238,A2,v3.4-search-json,2026-08-03T09:00,2026-08-03T20:00,1644098,https://fr.getaround.com/location-voiture/paris/peugeot-208-1644098,Peugeot 208 (2020),2020,Getaround Connect,CITADINE,SEGMENT_RULES,THERMIQUE,True,52.0,,4.08,30,Paris 17e,Paris,Paris 17e,1,281,False,False,,6050,714,8
20260802T110238,A2,v3.4-search-json,2026-08-03T09:00,2026-08-03T20:00,1895437,https://fr.getaround.com/location-voiture/paris/peugeot-208-1895437,Peugeot 208 (2025),2025,Getaround Connect,CITADINE,SEGMENT_RULES,THERMIQUE,True,77.0,,5.0,5,Puteaux,Paris,Puteaux|Paris 17e,2,282,False,False,,6450,477,8
20260802T110238,A2,v3.4-search-json,2026-08-03T09:00,2026-08-03T20:00,1916392,https://fr.getaround.com/location-voiture/paris/peugeot-208-1916392,Peugeot 208 (2026),2026,Getaround Connect,CITADINE,SEGMENT_RULES,THERMIQUE,True,77.0,,5.0,1,Paris 17e,Paris,Paris 17e,1,282,False,False,,4480,714,8
20260802T110238,A2,v3.4-search-json,2026-08-03T09:00,2026-08-03T20:00,1734726,https://fr.getaround.com/location-voiture/houilles/renault-clio-1734726,Renault Clio (2012),2012,Sur rendez-vous,CITADINE,SEGMENT_RULES,THERMIQUE,False,68.0,,5.0,13,Puteaux,Houilles,Puteaux,1,284,False,False,,5520,477,8
20260802T110238,A2,v3.4-search-json,2026-08-03T09:00,2026-08-03T20:00,1323651,https://fr.getaround.com/location-voiture/paris/renault-twingo-1323651,Renault Twingo (2020),2020,Getaround Connect,CITADINE,SEGMENT_RULES,THERMIQUE,True,52.0,,4.58,75,Paris 17e,Paris,Paris 17e,1,284,False,False,,7790,714,8
20260802T110238,A2,v3.4-search-json,2026-08-03T09:00,2026-08-03T20:00,1749219,https://fr.getaround.com/location-voiture/paris/opel-combo-life-1749219,Opel Combo Life (2021),2021,Getaround Connect,MONOSPACE,SEGMENT_RULES,THERMIQUE,True,110.0,,4.97,30,Puteaux,Paris,Puteaux|Paris 17e,2,285,False,False,,7390,477,8
20260802T110238,A2,v3.4-search-json,2026-08-03T09:00,2026-08-03T20:00,1904339,https://fr.getaround.com/location-voiture/paris/renault-clio-1904339,Renault Clio (2019),2019,Getaround Connect,CITADINE,SEGMENT_RULES,THERMIQUE,True,67.0,,,,Puteaux,Paris,Puteaux|Paris 17e,2,285,False,False,,7780,477,8
20260802T110238,A2,v3.4-search-json,2026-08-03T09:00,2026-08-03T20:00,1833543,https://fr.getaround.com/location-voiture/argenteuil/citroen-c3-1833543,Citroen C3 (2019),2019,Getaround Connect,CITADINE,SEGMENT_RULES,THERMIQUE,True,67.0,,5.0,2,Puteaux,Argenteuil,Puteaux,1,286,False,False,,7250,477,8
20260802T110238,A2,v3.4-search-json,2026-08-03T09:00,2026-08-03T20:00,1671440,https://fr.getaround.com/location-voiture/paris/peugeot-2008-1671440,Peugeot 2008 (2021),2021,Getaround Connect,SUV_COMPACT,SEGMENT_RULES,THERMIQUE,True,70.0,,3.88,43,Paris 17e,Paris,Paris 17e,1,286,False,False,,4460,714,8
20260802T110238,A2,v3.4-search-json,2026-08-03T09:00,2026-08-03T20:00,1881944,https://fr.getaround.com/location-voiture/paris/peugeot-2008-1881944,Peugeot 2008 (2026),2026,Getaround Connect,SUV_COMPACT,SEGMENT_RULES,THERMIQUE,True,96.0,,5.0,4,Paris 17e,Paris,Paris 17e,1,287,False,False,,3940,714,8
20260802T110238,A2,v3.4-search-json,2026-08-03T09:00,2026-08-03T20:00,1855159,https://fr.getaround.com/location-voiture/issy-les-moulineaux/mini-cooper-3-portes-1855159,Mini Cooper 3 portes (2013),2013,Sur rendez-vous,CITADINE,SEGMENT_RULES,THERMIQUE,False,70.0,,5.0,3,Puteaux,Issy Les Moulineaux,Puteaux|Paris 17e,2,289,False,False,,6810,477,8
20260802T110238,A2,v3.4-search-json,2026-08-03T09:00,2026-08-03T20:00,1608624,https://fr.getaround.com/location-voiture/paris/toyota-yaris-hybride-1608624,Toyota Yaris Hybride (2024),2024,Getaround Connect,CITADINE,SEGMENT_RULES,HYBRIDE,True,80.0,,4.42,26,Puteaux,Paris,Puteaux|Paris 17e,2,289,False,False,,7170,477,10
20260802T110238,A2,v3.4-search-json,2026-08-03T09:00,2026-08-03T20:00,1326909,https://fr.getaround.com/location-voiture/paris/bmw-serie-1-1326909,BMW Série 1 (2023),2023,Getaround Connect,COMPACTE,SEGMENT_RULES,THERMIQUE,True,95.0,,4.83,20,Puteaux,Paris,Puteaux|Paris 17e,2,291,False,False,,7460,477,8
20260802T110238,A2,v3.4-search-json,2026-08-03T09:00,2026-08-03T20:00,762727,https://fr.getaround.com/location-voiture/paris/opel-agila-762727,Opel Agila (2012),2012,Getaround Connect,CITADINE,SEGMENT_RULES,THERMIQUE,True,53.0,,4.43,88,Paris 17e,Paris,Paris 17e,1,291,False,False,,4370,714,8
20260802T110238,A2,v3.4-search-json,2026-08-03T09:00,2026-08-03T20:00,1675472,https://fr.getaround.com/location-voiture/paris/peugeot-208-1675472,Peugeot 208 (2025),2025,Getaround Connect,CITADINE,SEGMENT_RULES,THERMIQUE,True,81.0,,4.78,36,Puteaux,Paris,Puteaux|Paris 17e,2,292,False,False,,8350,477,8
20260802T110238,A2,v3.4-search-json,2026-08-03T09:00,2026-08-03T20:00,846347,https://fr.getaround.com/location-voiture/paris/dacia-sandero-846347,Dacia Sandero (2021),2021,Getaround Connect,CITADINE,SEGMENT_RULES,THERMIQUE,True,60.0,,4.28,127,Puteaux,Paris,Puteaux|Paris 17e,2,292,False,False,,6860,477,8
20260802T110238,A2,v3.4-search-json,2026-08-03T09:00,2026-08-03T20:00,1722662,https://fr.getaround.com/location-voiture/paris/peugeot-2008-1722662,Peugeot 2008 (2022),2022,Getaround Connect,SUV_COMPACT,SEGMENT_RULES,THERMIQUE,True,70.0,,4.27,30,Paris 17e,Paris,Paris 17e,1,293,False,False,,5230,714,8
20260802T110238,A2,v3.4-search-json,2026-08-03T09:00,2026-08-03T20:00,1701804,https://fr.getaround.com/location-voiture/aubervilliers/fiat-500-lounge-1701804,Fiat 500 Lounge (2014),2014,Getaround Connect,CITADINE,SEGMENT_RULES,THERMIQUE,True,64.0,,4.89,9,Paris 17e,Aubervilliers,Paris 17e,1,294,False,False,,6470,714,8
20260802T110238,A2,v3.4-search-json,2026-08-03T09:00,2026-08-03T20:00,851259,https://fr.getaround.com/location-voiture/paris/skoda-fabia-851259,Skoda Fabia (2021),2021,Getaround Connect,CITADINE,SEGMENT_RULES,THERMIQUE,True,76.0,,4.9,104,Paris 17e,Paris,Paris 17e,1,295,False,False,,4200,714,8
20260802T110238,A2,v3.4-search-json,2026-08-03T09:00,2026-08-03T20:00,1946035,https://fr.getaround.com/location-voiture/garches/volkswagen-golf-1946035,Volkswagen Golf (2025),2025,Sur rendez-vous,COMPACTE,SEGMENT_RULES,THERMIQUE,False,73.0,,,,Puteaux,Garches,Puteaux,1,296,False,False,,5030,477,8
20260802T110238,A2,v3.4-search-json,2026-08-03T09:00,2026-08-03T20:00,869742,https://fr.getaround.com/location-voiture/paris/audi-a3-869742,Audi A3 (2016),2016,Getaround Connect,COMPACTE,SEGMENT_RULES,THERMIQUE,True,83.0,,4.83,96,Paris 17e,Paris,Paris 17e,1,296,False,False,,6810,714,8
20260802T110238,A2,v3.4-search-json,2026-08-03T09:00,2026-08-03T20:00,1477730,https://fr.getaround.com/location-voiture/paris/renault-grand-scenic-1477730,Renault Grand Scenic (2014),2014,Getaround Connect,MONOSPACE,SEGMENT_RULES,THERMIQUE,True,97.0,,4.2,5,Puteaux,Paris,Puteaux|Paris 17e,2,297,False,False,,5380,477,8
20260802T110238,A2,v3.4-search-json,2026-08-03T09:00,2026-08-03T20:00,1851073,https://fr.getaround.com/location-voiture/paris/peugeot-208-1851073,Peugeot 208 (2023),2023,Sur rendez-vous,CITADINE,SEGMENT_RULES,THERMIQUE,False,74.0,,5.0,5,Puteaux,Paris,Puteaux|Paris 17e,2,297,False,False,,6400,477,8
20260802T110238,A2,v3.4-search-json,2026-08-03T09:00,2026-08-03T20:00,1787777,https://fr.getaround.com/location-voiture/paris/peugeot-208-1787777,Peugeot 208 (2025),2025,Getaround Connect,CITADINE,SEGMENT_RULES,THERMIQUE,True,81.0,,4.11,9,Puteaux,Paris,Puteaux|Paris 17e,2,298,False,False,,6030,477,8
20260802T110238,A2,v3.4-search-json,2026-08-03T09:00,2026-08-03T20:00,1820985,https://fr.getaround.com/location-voiture/issy-les-moulineaux/peugeot-208-1820985,Peugeot 208 (2017),2017,Getaround Connect,CITADINE,SEGMENT_RULES,THERMIQUE,True,67.0,,4.73,30,Puteaux,Issy Les Moulineaux,Puteaux|Paris 17e,2,299,False,False,,6760,477,8
20260802T110238,A2,v3.4-search-json,2026-08-03T09:00,2026-08-03T20:00,1645586,https://fr.getaround.com/location-voiture/paris/peugeot-3008-1645586,Peugeot 3008 (2020),2020,Getaround Connect,SUV_FAMILIAL,SEGMENT_RULES,THERMIQUE,True,73.0,,4.12,34,Paris 17e,Paris,Paris 17e,1,299,False,False,,6730,714,8
20260802T110238,A2,v3.4-search-json,2026-08-03T09:00,2026-08-03T20:00,1706164,https://fr.getaround.com/location-voiture/paris/renault-clio-1706164,Renault Clio (2016),2016,Getaround Connect,CITADINE,SEGMENT_RULES,THERMIQUE,True,64.0,,4.82,22,Paris 17e,Paris,Paris 17e,1,300,False,False,,5440,714,8
20260802T110238,A2,v3.4-search-json,2026-08-03T09:00,2026-08-03T20:00,1216196,https://fr.getaround.com/location-voiture/paris/renault-clio-1216196,Renault Clio (2018),2018,Getaround Connect,CITADINE,SEGMENT_RULES,THERMIQUE,True,72.0,,4.84,69,Puteaux,Paris,Puteaux|Paris 17e,2,301,False,False,,7860,477,8
20260802T110238,A2,v3.4-search-json,2026-08-03T09:00,2026-08-03T20:00,1691396,https://fr.getaround.com/location-voiture/paris/peugeot-208-1691396,Peugeot 208 (2025),2025,Getaround Connect,CITADINE,SEGMENT_RULES,THERMIQUE,True,91.0,,4.79,34,Paris 17e,Paris,Paris 17e,1,301,False,False,,3630,714,8
20260802T110238,A2,v3.4-search-json,2026-08-03T09:00,2026-08-03T20:00,1697007,https://fr.getaround.com/location-voiture/nanterre/volkswagen-golf-1697007,Volkswagen Golf (2014),2014,Sur rendez-vous,COMPACTE,SEGMENT_RULES,THERMIQUE,False,90.0,,5.0,1,Puteaux,Nanterre,Puteaux|Paris 17e,2,302,False,False,,2380,477,8
20260802T110238,A2,v3.4-search-json,2026-08-03T09:00,2026-08-03T20:00,1272839,https://fr.getaround.com/location-voiture/paris/toyota-yaris-cross-hybrid-1272839,Toyota Yaris Cross Hybrid (2022),2022,Getaround Connect,SUV_COMPACT,SEGMENT_RULES,HYBRIDE,True,81.0,,4.41,56,Paris 17e,Paris,Paris 17e,1,302,False,False,,7400,714,8
20260802T110238,A2,v3.4-search-json,2026-08-03T09:00,2026-08-03T20:00,1528491,https://fr.getaround.com/location-voiture/paris/citroen-c3-1528491,Citroen C3 (2024),2024,Getaround Connect,CITADINE,SEGMENT_RULES,THERMIQUE,True,81.0,,4.84,31,Puteaux,Paris,Puteaux|Paris 17e,2,303,False,False,,6000,477,8
20260802T110238,A2,v3.4-search-json,2026-08-03T09:00,2026-08-03T20:00,1665178,https://fr.getaround.com/location-voiture/paris/citroen-c4-cactus-1665178,Citroen C4 Cactus (2020),2020,Getaround Connect,COMPACTE,SEGMENT_RULES,THERMIQUE,True,58.0,,4.17,35,Paris 17e,Paris,Paris 17e,1,303,False,False,,5440,714,8
20260802T110238,A2,v3.4-search-json,2026-08-03T09:00,2026-08-03T20:00,941077,https://fr.getaround.com/location-voiture/boulogne-billancourt/dacia-spring-941077,Dacia Spring (2021),2021,Getaround Connect,COMPACTE,SEGMENT_RULES,THERMIQUE,True,54.0,,3.74,29,Puteaux,Boulogne Billancourt,Puteaux|Paris 17e,2,304,False,False,,5640,477,8
20260802T110238,A2,v3.4-search-json,2026-08-03T09:00,2026-08-03T20:00,1744314,https://fr.getaround.com/location-voiture/paris/renault-twingo-iii-1744314,Renault Twingo III (2021),2021,Getaround Connect,CITADINE,SEGMENT_RULES,THERMIQUE,True,62.0,,4.62,21,Paris 17e,Paris,Paris 17e,1,304,False,False,,6730,714,8
20260802T110238,A2,v3.4-search-json,2026-08-03T09:00,2026-08-03T20:00,1718217,https://fr.getaround.com/location-voiture/suresnes/mercedes-benz-classe-e-e-300-1718217,Mercedes-Benz Classe E E 300 (2024),2024,Sur rendez-vous,BERLINE,SEGMENT_RULES,THERMIQUE,False,230.0,,,,Puteaux,Suresnes,Puteaux|Paris 17e,2,305,False,False,,1410,477,8
20260802T110238,A2,v3.4-search-json,2026-08-03T09:00,2026-08-03T20:00,1812855,https://fr.getaround.com/location-voiture/paris/volkswagen-polo-1812855,Volkswagen Polo (2011),2011,Sur rendez-vous,CITADINE,SEGMENT_RULES,THERMIQUE,True,75.0,,4.29,7,Puteaux,Paris,Puteaux|Paris 17e,2,306,False,False,,4460,477,8
20260802T110238,A2,v3.4-search-json,2026-08-03T09:00,2026-08-03T20:00,1629806,https://fr.getaround.com/location-voiture/paris/renault-clio-1629806,Renault Clio (2024),2024,Getaround Connect,CITADINE,SEGMENT_RULES,THERMIQUE,True,77.0,,4.75,40,Puteaux,Paris,Puteaux|Paris 17e,2,307,False,False,,7100,477,8
20260802T110238,A2,v3.4-search-json,2026-08-03T09:00,2026-08-03T20:00,1722616,https://fr.getaround.com/location-voiture/paris/peugeot-3008-1722616,Peugeot 3008 (2020),2020,Getaround Connect,SUV_FAMILIAL,SEGMENT_RULES,THERMIQUE,True,73.0,,4.07,14,Paris 17e,Paris,Paris 17e,1,307,False,False,,5920,714,8
20260802T110238,A2,v3.4-search-json,2026-08-03T09:00,2026-08-03T20:00,1892221,https://fr.getaround.com/location-voiture/paris/toyota-corolla-hybride-1892221,Toyota Corolla Hybride (2020),2020,Getaround Connect,COMPACTE,SEGMENT_RULES,HYBRIDE,True,97.0,,5.0,3,Puteaux,Paris,Puteaux|Paris 17e,2,308,False,False,,7510,477,8
20260802T110238,A2,v3.4-search-json,2026-08-03T09:00,2026-08-03T20:00,1757751,https://fr.getaround.com/location-voiture/paris/tesla-model-3-1757751,Tesla Model 3 (2022),2022,Sur rendez-vous,BERLINE,SEGMENT_RULES,ELECTRIQUE,False,117.0,,5.0,4,Paris 17e,Paris,Paris 17e,1,309,False,False,,6820,714,8
20260802T110238,A2,v3.4-search-json,2026-08-03T09:00,2026-08-03T20:00,1618557,https://fr.getaround.com/location-voiture/levallois-perret/tesla-model-y-1618557,Tesla Model Y (2024),2024,Sur rendez-vous,SUV_FAMILIAL,SEGMENT_RULES,ELECTRIQUE,False,135.0,,,,Puteaux,Levallois Perret,Puteaux|Paris 17e,2,310,False,False,,3490,477,8
20260802T110238,A2,v3.4-search-json,2026-08-03T09:00,2026-08-03T20:00,1895765,https://fr.getaround.com/location-voiture/paris/bmw-serie-1-1895765,BMW Série 1 (2012),2012,Getaround Connect,COMPACTE,SEGMENT_RULES,THERMIQUE,True,65.0,,4.5,4,Paris 17e,Paris,Paris 17e,1,310,False,False,,6310,714,8
20260802T110238,A2,v3.4-search-json,2026-08-03T09:00,2026-08-03T20:00,854615,https://fr.getaround.com/location-voiture/courbevoie/mg-zs-ev-854615,Mg ZS EV (2020),2020,Sur rendez-vous,SUV_COMPACT,SEGMENT_RULES,ELECTRIQUE,False,150.0,,5.0,8,Puteaux,Courbevoie,Puteaux|Paris 17e,2,311,False,False,,1620,477,8
20260802T110238,A2,v3.4-search-json,2026-08-03T09:00,2026-08-03T20:00,1590451,https://fr.getaround.com/location-voiture/paris/peugeot-2008-1590451,Peugeot 2008 (2023),2023,Getaround Connect,SUV_COMPACT,SEGMENT_RULES,THERMIQUE,True,63.0,,3.72,23,Paris 17e,Paris,Paris 17e,1,311,False,False,,6470,714,8
20260802T110238,A2,v3.4-search-json,2026-08-03T09:00,2026-08-03T20:00,1557780,https://fr.getaround.com/location-voiture/paris/renault-clio-campus-1557780,Renault Clio Campus (2011),2011,Sur rendez-vous,CITADINE,SEGMENT_RULES,THERMIQUE,False,62.0,,5.0,10,Puteaux,Paris,Puteaux|Paris 17e,2,312,False,False,,5480,477,8
20260802T110238,A2,v3.4-search-json,2026-08-03T09:00,2026-08-03T20:00,641057,https://fr.getaround.com/location-voiture/paris/fiat-500-641057,Fiat 500 (2016),2016,Getaround Connect,CITADINE,SEGMENT_RULES,THERMIQUE,True,58.0,,4.85,176,Paris 17e,Paris,Paris 17e,1,312,False,False,,7480,714,8
20260802T110238,A2,v3.4-search-json,2026-08-03T09:00,2026-08-03T20:00,1005693,https://fr.getaround.com/location-voiture/paris/dacia-lodgy-1005693,Dacia Lodgy (2017),2017,Getaround Connect,MONOSPACE,SEGMENT_RULES,THERMIQUE,True,89.0,,4.78,76,Paris 17e,Paris,Paris 17e,1,313,False,False,,5180,714,8
20260802T110238,A2,v3.4-search-json,2026-08-03T09:00,2026-08-03T20:00,1915993,https://fr.getaround.com/location-voiture/issy-les-moulineaux/citroen-c3-1915993,Citroen C3 (2020),2020,Getaround Connect,CITADINE,SEGMENT_RULES,THERMIQUE,True,67.0,,5.0,1,Puteaux,Issy Les Moulineaux,Puteaux|Paris 17e,2,314,False,False,,7050,477,8
20260802T110238,A2,v3.4-search-json,2026-08-03T09:00,2026-08-03T20:00,1863796,https://fr.getaround.com/location-voiture/paris/tesla-model-3-1863796,Tesla Model 3 (2023),2023,Sur rendez-vous,BERLINE,SEGMENT_RULES,ELECTRIQUE,False,109.0,,5.0,2,Puteaux,Paris,Puteaux|Paris 17e,2,314,False,False,,6360,477,10
20260802T110238,A2,v3.4-search-json,2026-08-03T09:00,2026-08-03T20:00,1926342,https://fr.getaround.com/location-voiture/paris/renault-clio-e-tech-1926342,Renault Clio E-tech (2021),2021,Getaround Connect,CITADINE,SEGMENT_RULES,ELECTRIQUE,True,80.0,,,,Puteaux,Paris,Puteaux|Paris 17e,2,315,False,False,,7510,477,8
20260802T110238,A2,v3.4-search-json,2026-08-03T09:00,2026-08-03T20:00,828091,https://fr.getaround.com/location-voiture/paris/toyota-yaris-hybride-828091,Toyota Yaris Hybride (2021),2021,Getaround Connect,CITADINE,SEGMENT_RULES,HYBRIDE,True,69.0,,4.34,51,Puteaux,Paris,Puteaux|Paris 17e,2,315,False,False,,7370,477,9
20260802T110238,A2,v3.4-search-json,2026-08-03T09:00,2026-08-03T20:00,1412609,https://fr.getaround.com/location-voiture/boulogne-billancourt/renault-zoe-1412609,Renault ZOE (2020),2020,Getaround Connect,CITADINE,SEGMENT_RULES,ELECTRIQUE,True,67.0,,4.71,21,Puteaux,Boulogne Billancourt,Puteaux|Paris 17e,2,317,False,False,,5630,477,8
20260802T110238,A2,v3.4-search-json,2026-08-03T09:00,2026-08-03T20:00,945215,https://fr.getaround.com/location-voiture/paris/renault-grand-scenic-945215,Renault Grand Scenic (2016),2016,Getaround Connect,MONOSPACE,SEGMENT_RULES,THERMIQUE,True,116.0,,4.48,85,Puteaux,Paris,Puteaux|Paris 17e,2,318,False,False,,5770,477,8
20260802T110238,A2,v3.4-search-json,2026-08-03T09:00,2026-08-03T20:00,763196,https://fr.getaround.com/location-voiture/paris/peugeot-108-763196,Peugeot 108 (2017),2017,Getaround Connect,MICRO_CITADINE,SEGMENT_RULES,THERMIQUE,True,60.0,,4.63,117,Puteaux,Paris,Puteaux|Paris 17e,2,319,False,False,,8860,477,8
20260802T110238,A2,v3.4-search-json,2026-08-03T09:00,2026-08-03T20:00,1904429,https://fr.getaround.com/location-voiture/paris/renault-zoe-1904429,Renault ZOE (2018),2018,Getaround Connect,CITADINE,SEGMENT_RULES,ELECTRIQUE,True,63.0,,5.0,2,Paris 17e,Paris,Paris 17e,1,319,False,False,,5590,714,8
20260802T110238,A2,v3.4-search-json,2026-08-03T09:00,2026-08-03T20:00,1790449,https://fr.getaround.com/location-voiture/courbevoie/toyota-yaris-hybride-1790449,Toyota Yaris Hybride (2016),2016,Sur rendez-vous,CITADINE,SEGMENT_RULES,HYBRIDE,False,82.0,,,,Puteaux,Courbevoie,Puteaux|Paris 17e,2,320,False,False,,2400,477,8
20260802T110238,A2,v3.4-search-json,2026-08-03T09:00,2026-08-03T20:00,1780182,https://fr.getaround.com/location-voiture/paris/citroen-c4-grand-spacetourer-1780182,Citroen C4 Grand Spacetourer (2020),2020,Getaround Connect,COMPACTE,SEGMENT_RULES,THERMIQUE,True,92.0,,4.71,17,Puteaux,Paris,Puteaux|Paris 17e,2,320,False,False,,7370,477,9
20260802T110238,A2,v3.4-search-json,2026-08-03T09:00,2026-08-03T20:00,1545704,https://fr.getaround.com/location-voiture/boulogne-billancourt/land-rover-range-rover-evoque-1545704,Land-Rover Range Rover Evoque (2014),2014,Sur rendez-vous,SUV_FAMILIAL,SEGMENT_RULES,THERMIQUE,False,134.0,,4.88,4,Puteaux,Boulogne Billancourt,Puteaux|Paris 17e,2,322,False,False,,6310,477,9
20260802T110238,A2,v3.4-search-json,2026-08-03T09:00,2026-08-03T20:00,1153936,https://fr.getaround.com/location-voiture/paris/smart-fortwo-coupe-1153936,Smart Fortwo Coupé (2017),2017,Getaround Connect,MICRO_CITADINE,SEGMENT_RULES,THERMIQUE,True,55.0,,4.49,37,Paris 17e,Paris,Paris 17e,1,324,False,False,,4860,714,9
20260802T110238,A2,v3.4-search-json,2026-08-03T09:00,2026-08-03T20:00,1458233,https://fr.getaround.com/location-voiture/issy-les-moulineaux/peugeot-308-sw-1458233,Peugeot 308 SW (2017),2017,Getaround Connect,BREAK,SEGMENT_RULES,THERMIQUE,True,83.0,,4.73,41,Puteaux,Issy Les Moulineaux,Puteaux|Paris 17e,2,325,False,False,,6750,477,9
20260802T110238,A2,v3.4-search-json,2026-08-03T09:00,2026-08-03T20:00,1198362,https://fr.getaround.com/location-voiture/paris/opel-corsa-1198362,Opel Corsa (2014),2014,Getaround Connect,CITADINE,SEGMENT_RULES,THERMIQUE,True,58.0,,4.67,36,Paris 17e,Paris,Paris 17e,1,325,False,False,,4370,714,9
20260802T110238,A2,v3.4-search-json,2026-08-03T09:00,2026-08-03T20:00,1728263,https://fr.getaround.com/location-voiture/levallois-perret/renault-arkana-rs-line-1728263,Renault Arkana RS Line (2022),2022,Sur rendez-vous,COMPACTE,SEGMENT_RULES,THERMIQUE,False,106.0,,,,Puteaux,Levallois Perret,Puteaux|Paris 17e,2,326,False,False,,3950,477,9
20260802T110238,A2,v3.4-search-json,2026-08-03T09:00,2026-08-03T20:00,1650440,https://fr.getaround.com/location-voiture/issy-les-moulineaux/volkswagen-t-cross-1650440,Volkswagen T-Cross (2024),2024,Getaround Connect,SUV_COMPACT,SEGMENT_RULES,THERMIQUE,True,80.0,,3.35,17,Puteaux,Issy Les Moulineaux,Puteaux|Paris 17e,2,327,False,False,,7150,477,9
20260802T110238,A2,v3.4-search-json,2026-08-03T09:00,2026-08-03T20:00,1868615,https://fr.getaround.com/location-voiture/paris/nissan-micra-1868615,Nissan Micra (2022),2022,Getaround Connect,CITADINE,SEGMENT_RULES,THERMIQUE,True,76.0,,4.91,11,Puteaux,Paris,Puteaux|Paris 17e,2,329,False,False,,6300,477,9
20260802T110238,A2,v3.4-search-json,2026-08-03T09:00,2026-08-03T20:00,1275063,https://fr.getaround.com/location-voiture/paris/renault-twingo-iii-1275063,Renault Twingo III (2016),2016,Getaround Connect,CITADINE,SEGMENT_RULES,THERMIQUE,True,58.0,,4.45,28,Paris 17e,Paris,Paris 17e,1,329,False,False,,4370,714,9
20260802T110238,A2,v3.4-search-json,2026-08-03T09:00,2026-08-03T20:00,1889838,https://fr.getaround.com/location-voiture/sevres/renault-twingo-iii-1889838,Renault Twingo III (2020),2020,Getaround Connect,CITADINE,SEGMENT_RULES,THERMIQUE,True,69.0,,5.0,8,Puteaux,Sevres,Puteaux,1,330,False,False,,6790,477,9
20260802T110238,A2,v3.4-search-json,2026-08-03T09:00,2026-08-03T20:00,1777318,https://fr.getaround.com/location-voiture/paris/peugeot-308-1777318,Peugeot 308 (2019),2019,Getaround Connect,COMPACTE,SEGMENT_RULES,THERMIQUE,True,58.0,,4.14,14,Paris 17e,Paris,Paris 17e,1,331,False,False,,5430,714,9
20260802T110238,A2,v3.4-search-json,2026-08-03T09:00,2026-08-03T20:00,828088,https://fr.getaround.com/location-voiture/paris/toyota-yaris-hybride-828088,Toyota Yaris Hybride (2021),2021,Getaround Connect,CITADINE,SEGMENT_RULES,HYBRIDE,True,72.0,,4.36,89,Puteaux,Paris,Puteaux|Paris 17e,2,333,False,False,,6870,477,9
20260802T110238,A2,v3.4-search-json,2026-08-03T09:00,2026-08-03T20:00,1608526,https://fr.getaround.com/location-voiture/paris/citroen-c3-1608526,Citroen C3 (2024),2024,Getaround Connect,CITADINE,SEGMENT_RULES,THERMIQUE,True,77.0,,4.55,57,Paris 17e,Paris,Paris 17e,1,333,False,False,,4850,714,9
20260802T110238,A2,v3.4-search-json,2026-08-03T09:00,2026-08-03T20:00,1712083,https://fr.getaround.com/location-voiture/sartrouville/mercedes-benz-classe-e-coupe-1712083,Mercedes-Benz Classe E Coupé (2014),2014,Sur rendez-vous,BERLINE,SEGMENT_RULES,THERMIQUE,False,175.0,,5.0,1,Puteaux,Sartrouville,Puteaux,1,334,False,False,,8610,477,9
20260802T110238,A2,v3.4-search-json,2026-08-03T09:00,2026-08-03T20:00,1077086,https://fr.getaround.com/location-voiture/paris/opel-corsa-1077086,Opel Corsa (2013),2013,Getaround Connect,CITADINE,SEGMENT_RULES,THERMIQUE,True,58.0,,4.31,40,Paris 17e,Paris,Paris 17e,1,334,False,False,,4370,714,9
20260802T110238,A2,v3.4-search-json,2026-08-03T09:00,2026-08-03T20:00,1751232,https://fr.getaround.com/location-voiture/argenteuil/peugeot-208-1751232,Peugeot 208 (2013),2013,Sur rendez-vous,CITADINE,SEGMENT_RULES,THERMIQUE,False,69.0,,5.0,13,Puteaux,Argenteuil,Puteaux,1,335,False,False,,7070,477,9
20260802T110238,A2,v3.4-search-json,2026-08-03T09:00,2026-08-03T20:00,1708959,https://fr.getaround.com/location-voiture/paris/peugeot-208-1708959,Peugeot 208 (2017),2017,Getaround Connect,CITADINE,SEGMENT_RULES,THERMIQUE,True,64.0,,4.4,10,Puteaux,Paris,Puteaux|Paris 17e,2,336,False,False,,7610,477,9
20260802T110238,A2,v3.4-search-json,2026-08-03T09:00,2026-08-03T20:00,1666424,https://fr.getaround.com/location-voiture/paris/peugeot-208-1666424,Peugeot 208 (2025),2025,Getaround Connect,CITADINE,SEGMENT_RULES,THERMIQUE,True,86.0,,4.19,21,Puteaux,Paris,Puteaux|Paris 17e,2,336,False,False,,7790,477,9
20260802T110238,A2,v3.4-search-json,2026-08-03T09:00,2026-08-03T20:00,1880615,https://fr.getaround.com/location-voiture/paris/peugeot-2008-1880615,Peugeot 2008 (2026),2026,Getaround Connect,SUV_COMPACT,SEGMENT_RULES,THERMIQUE,True,96.0,,5.0,3,Puteaux,Paris,Puteaux|Paris 17e,2,337,False,False,,7790,477,9
20260802T110238,A2,v3.4-search-json,2026-08-03T09:00,2026-08-03T20:00,1083759,https://fr.getaround.com/location-voiture/rueil-malmaison/renault-zoe-1083759,Renault ZOE (2018),2018,Sur rendez-vous,CITADINE,SEGMENT_RULES,ELECTRIQUE,False,71.0,,,,Puteaux,Rueil Malmaison,Puteaux,1,338,False,False,,4410,477,9
20260802T110238,A2,v3.4-search-json,2026-08-03T09:00,2026-08-03T20:00,1230139,https://fr.getaround.com/location-voiture/paris/peugeot-108-cabriolet-1230139,Peugeot 108 Cabriolet (2014),2014,Sur rendez-vous,CABRIOLET,SEGMENT_RULES,THERMIQUE,False,102.0,,5.0,5,Puteaux,Paris,Puteaux|Paris 17e,2,338,False,False,,3610,477,10
20260802T110238,A2,v3.4-search-json,2026-08-03T09:00,2026-08-03T20:00,1815369,https://fr.getaround.com/location-voiture/saint-cloud/audi-a4-2-0t-premium-plus-1815369,Audi  A4 2.0T Premium Plus (2014),2014,Sur rendez-vous,BERLINE,SEGMENT_RULES,THERMIQUE,False,113.0,,,,Puteaux,Saint Cloud,Puteaux|Paris 17e,2,339,False,False,,4530,477,9
20260802T110238,A2,v3.4-search-json,2026-08-03T09:00,2026-08-03T20:00,1792383,https://fr.getaround.com/location-voiture/bois-colombes/renault-clio-1792383,Renault Clio (2021),2021,Getaround Connect,CITADINE,SEGMENT_RULES,THERMIQUE,True,125.0,,5.0,14,Puteaux,Bois Colombes,Puteaux|Paris 17e,2,341,False,False,,4030,477,9
20260802T110238,A2,v3.4-search-json,2026-08-03T09:00,2026-08-03T20:00,1692718,https://fr.getaround.com/location-voiture/paris/peugeot-208-1692718,Peugeot 208 (2016),2016,Getaround Connect,CITADINE,SEGMENT_RULES,THERMIQUE,True,61.0,,4.2,30,Puteaux,Paris,Puteaux|Paris 17e,2,342,False,False,,7920,477,9
20260802T110238,A2,v3.4-search-json,2026-08-03T09:00,2026-08-03T20:00,1823655,https://fr.getaround.com/location-voiture/issy-les-moulineaux/citroen-c3-1823655,Citroen C3 (2022),2022,Getaround Connect,CITADINE,SEGMENT_RULES,THERMIQUE,True,72.0,,4.58,19,Puteaux,Issy Les Moulineaux,Puteaux|Paris 17e,2,343,False,False,,7070,477,9
20260802T110238,A2,v3.4-search-json,2026-08-03T09:00,2026-08-03T20:00,1694521,https://fr.getaround.com/location-voiture/paris/peugeot-308-1694521,Peugeot 308 (2019),2019,Getaround Connect,COMPACTE,SEGMENT_RULES,THERMIQUE,True,58.0,,3.72,25,Puteaux,Paris,Puteaux|Paris 17e,2,346,False,False,,8730,477,9
20260802T110238,A2,v3.4-search-json,2026-08-03T09:00,2026-08-03T20:00,1760447,https://fr.getaround.com/location-voiture/boulogne-billancourt/mercedes-benz-classe-c-1760447,Mercedes-Benz Classe C (2022),2022,Sur rendez-vous,BERLINE,SEGMENT_RULES,THERMIQUE,True,165.0,,4.89,9,Puteaux,Boulogne Billancourt,Puteaux|Paris 17e,2,347,False,False,,5390,477,9
20260802T110238,A2,v3.4-search-json,2026-08-03T09:00,2026-08-03T20:00,1442859,https://fr.getaround.com/location-voiture/paris/citroen-c3-1442859,Citroen C3 (2023),2023,Getaround Connect,CITADINE,SEGMENT_RULES,THERMIQUE,True,77.0,,4.71,45,Puteaux,Paris,Puteaux|Paris 17e,2,348,False,False,,7870,477,9
20260802T110238,A2,v3.4-search-json,2026-08-03T09:00,2026-08-03T20:00,1902907,https://fr.getaround.com/location-voiture/colombes/peugeot-108-1902907,Peugeot 108 (2016),2016,Sur rendez-vous,MICRO_CITADINE,SEGMENT_RULES,THERMIQUE,False,63.0,,,,Puteaux,Colombes,Puteaux|Paris 17e,2,349,False,False,,4330,477,9
20260802T110238,A2,v3.4-search-json,2026-08-03T09:00,2026-08-03T20:00,1584195,https://fr.getaround.com/location-voiture/bezons/lynk-co-01-1584195,Lynk & Co 01 (2021),2021,Sur rendez-vous,SUV_FAMILIAL,SEGMENT_RULES,THERMIQUE,False,120.0,,5.0,2,Puteaux,Bezons,Puteaux|Paris 17e,2,350,False,False,,5260,477,9
20260802T110238,A2,v3.4-search-json,2026-08-03T09:00,2026-08-03T20:00,1632665,https://fr.getaround.com/location-voiture/paris/renault-twingo-iii-1632665,Renault Twingo III (2018),2018,Getaround Connect,CITADINE,SEGMENT_RULES,THERMIQUE,True,70.0,,4.76,46,Puteaux,Paris,Puteaux|Paris 17e,2,352,False,False,,7940,477,9
20260802T110238,A2,v3.4-search-json,2026-08-03T09:00,2026-08-03T20:00,641059,https://fr.getaround.com/location-voiture/paris/fiat-500-641059,Fiat 500 (2016),2016,Getaround Connect,CITADINE,SEGMENT_RULES,THERMIQUE,True,58.0,,4.82,152,Paris 17e,Paris,Paris 17e,1,352,False,False,,7480,714,9
20260802T110238,A2,v3.4-search-json,2026-08-03T09:00,2026-08-03T20:00,1629791,https://fr.getaround.com/location-voiture/paris/renault-clio-1629791,Renault Clio (2024),2024,Getaround Connect,CITADINE,SEGMENT_RULES,THERMIQUE,True,77.0,,4.86,58,Puteaux,Paris,Puteaux|Paris 17e,2,353,False,False,,9210,477,9
20260802T110238,A2,v3.4-search-json,2026-08-03T09:00,2026-08-03T20:00,1689466,https://fr.getaround.com/location-voiture/argenteuil/peugeot-207-sw-1689466,Peugeot 207 SW (2011),2011,Sur rendez-vous,BREAK,SEGMENT_RULES,THERMIQUE,False,73.0,,5.0,5,Puteaux,Argenteuil,Puteaux|Paris 17e,2,354,False,False,,6970,477,9
20260802T110238,A2,v3.4-search-json,2026-08-03T09:00,2026-08-03T20:00,1370309,https://fr.getaround.com/location-voiture/issy-les-moulineaux/citroen-c3-1370309,Citroen C3 (2020),2020,Getaround Connect,CITADINE,SEGMENT_RULES,THERMIQUE,True,72.0,,4.23,66,Puteaux,Issy Les Moulineaux,Puteaux|Paris 17e,2,356,False,False,,7050,477,9
20260802T110238,A2,v3.4-search-json,2026-08-03T09:00,2026-08-03T20:00,1880597,https://fr.getaround.com/location-voiture/paris/peugeot-2008-1880597,Peugeot 2008 (2026),2026,Getaround Connect,SUV_COMPACT,SEGMENT_RULES,THERMIQUE,True,93.0,,4.6,5,Paris 17e,Paris,Paris 17e,1,356,False,False,,4480,714,9
20260802T110238,A2,v3.4-search-json,2026-08-03T09:00,2026-08-03T20:00,1753969,https://fr.getaround.com/location-voiture/asnieres-sur-seine/renault-clio-1753969,Renault Clio (2025),2025,Getaround Connect,CITADINE,SEGMENT_RULES,THERMIQUE,True,106.0,,4.71,7,Puteaux,Asnieres Sur Seine,Puteaux|Paris 17e,2,357,False,False,,5590,477,9
20260802T110238,A2,v3.4-search-json,2026-08-03T09:00,2026-08-03T20:00,1506949,https://fr.getaround.com/location-voiture/paris/peugeot-208-1506949,Peugeot 208 (2024),2024,Getaround Connect,CITADINE,SEGMENT_RULES,THERMIQUE,True,81.0,,4.81,54,Paris 17e,Paris,Paris 17e,1,357,False,False,,6300,714,9
20260802T110238,A2,v3.4-search-json,2026-08-03T09:00,2026-08-03T20:00,1814059,https://fr.getaround.com/location-voiture/colombes/mazda-cx-3-1814059,Mazda CX-3 (2016),2016,Sur rendez-vous,SUV_COMPACT,SEGMENT_RULES,THERMIQUE,False,81.0,,5.0,2,Puteaux,Colombes,Puteaux|Paris 17e,2,358,False,False,,5450,477,9
20260802T110238,A2,v3.4-search-json,2026-08-03T09:00,2026-08-03T20:00,1649267,https://fr.getaround.com/location-voiture/paris/citroen-c3-picasso-1649267,Citroen C3 Picasso (2016),2016,Getaround Connect,MONOSPACE,SEGMENT_RULES,THERMIQUE,True,76.0,,4.69,16,Paris 17e,Paris,Paris 17e,1,358,False,False,,4560,714,9
20260802T110238,A2,v3.4-search-json,2026-08-03T09:00,2026-08-03T20:00,1944362,https://fr.getaround.com/location-voiture/colombes/renault-clio-1944362,Renault Clio (2011),2011,Sur rendez-vous,CITADINE,SEGMENT_RULES,THERMIQUE,False,63.0,,,,Puteaux,Colombes,Puteaux|Paris 17e,2,359,False,False,,5820,477,9
20260802T110238,A2,v3.4-search-json,2026-08-03T09:00,2026-08-03T20:00,1438691,https://fr.getaround.com/location-voiture/paris/audi-a1-1438691,Audi A1 (2021),2021,Getaround Connect,CITADINE,SEGMENT_RULES,THERMIQUE,True,79.0,,4.09,61,Paris 17e,Paris,Paris 17e,1,359,False,False,,6740,714,9
20260802T110238,A2,v3.4-search-json,2026-08-03T09:00,2026-08-03T20:00,1117220,https://fr.getaround.com/location-voiture/paris/renault-clio-1117220,Renault Clio (2014),2014,Getaround Connect,CITADINE,SEGMENT_RULES,THERMIQUE,True,74.0,,4.74,19,Puteaux,Paris,Puteaux|Paris 17e,2,360,False,False,,7610,477,9
20260802T110238,A2,v3.4-search-json,2026-08-03T09:00,2026-08-03T20:00,671162,https://fr.getaround.com/location-voiture/paris/renault-clio-671162,Renault Clio (2018),2018,Getaround Connect,CITADINE,SEGMENT_RULES,THERMIQUE,True,67.0,,4.83,135,Paris 17e,Paris,Paris 17e,1,361,False,False,,7480,714,10
20260802T110238,A2,v3.4-search-json,2026-08-03T09:00,2026-08-03T20:00,1932446,https://fr.getaround.com/location-voiture/chatou/ford-fiesta-1932446,Ford Fiesta (2014),2014,Sur rendez-vous,CITADINE,SEGMENT_RULES,THERMIQUE,False,66.0,,,,Puteaux,Chatou,Puteaux,1,362,False,False,,6450,477,10
20260802T110238,A2,v3.4-search-json,2026-08-03T09:00,2026-08-03T20:00,1510316,https://fr.getaround.com/location-voiture/saint-cloud/renault-clio-estate-1510316,Renault Clio Estate (2016),2016,Sur rendez-vous,BREAK,SEGMENT_RULES,THERMIQUE,False,73.0,,5.0,6,Puteaux,Saint Cloud,Puteaux|Paris 17e,2,364,False,False,,3800,477,10
20260802T110238,A2,v3.4-search-json,2026-08-03T09:00,2026-08-03T20:00,1681055,https://fr.getaround.com/location-voiture/paris/peugeot-208-1681055,Peugeot 208 (2023),2023,Getaround Connect,CITADINE,SEGMENT_RULES,THERMIQUE,True,81.0,,4.28,25,Paris 17e,Paris,Paris 17e,1,364,False,False,,5620,714,10
20260802T110238,A2,v3.4-search-json,2026-08-03T09:00,2026-08-03T20:00,1629808,https://fr.getaround.com/location-voiture/paris/renault-clio-1629808,Renault Clio (2024),2024,Getaround Connect,CITADINE,SEGMENT_RULES,THERMIQUE,True,77.0,,4.7,46,Puteaux,Paris,Puteaux|Paris 17e,2,366,False,False,,9210,477,10
20260802T110238,A2,v3.4-search-json,2026-08-03T09:00,2026-08-03T20:00,671580,https://fr.getaround.com/location-voiture/paris/fiat-500-671580,Fiat 500 (2017),2017,Getaround Connect,CITADINE,SEGMENT_RULES,THERMIQUE,True,67.0,,4.84,153,Paris 17e,Paris,Paris 17e,1,366,False,False,,7480,714,10
20260802T110238,A2,v3.4-search-json,2026-08-03T09:00,2026-08-03T20:00,1916387,https://fr.getaround.com/location-voiture/carrieres-sur-seine/citroen-c3-1916387,Citroen C3 (2014),2014,Sur rendez-vous,CITADINE,SEGMENT_RULES,THERMIQUE,False,66.0,,3.5,2,Puteaux,Carrieres Sur Seine,Puteaux,1,367,False,False,,5260,477,10
20260802T110238,A2,v3.4-search-json,2026-08-03T09:00,2026-08-03T20:00,1916417,https://fr.getaround.com/location-voiture/paris/peugeot-208-1916417,Peugeot 208 (2026),2026,Getaround Connect,CITADINE,SEGMENT_RULES,THERMIQUE,True,70.0,,,,Paris 17e,Paris,Paris 17e,1,367,False,False,,7170,714,10
20260802T110238,A2,v3.4-search-json,2026-08-03T09:00,2026-08-03T20:00,1937431,https://fr.getaround.com/location-voiture/paris/smart-fortwo-coupe-1937431,Smart Fortwo Coupé (2013),2013,Sur rendez-vous,MICRO_CITADINE,SEGMENT_RULES,THERMIQUE,True,70.0,,,,Puteaux,Paris,Puteaux|Paris 17e,2,368,False,False,,4660,477,10
20260802T110238,A2,v3.4-search-json,2026-08-03T09:00,2026-08-03T20:00,1879658,https://fr.getaround.com/location-voiture/paris/peugeot-2008-1879658,Peugeot 2008 (2026),2026,Getaround Connect,SUV_COMPACT,SEGMENT_RULES,THERMIQUE,True,96.0,,5.0,4,Paris 17e,Paris,Paris 17e,1,368,False,False,,4480,714,10
20260802T110238,A2,v3.4-search-json,2026-08-03T09:00,2026-08-03T20:00,1851732,https://fr.getaround.com/location-voiture/la-celle-saint-cloud/fiat-600e-1851732,Fiat 600e (2024),2024,Sur rendez-vous,CITADINE,SEGMENT_RULES,THERMIQUE,False,61.0,,5.0,1,Puteaux,La Celle Saint Cloud,Puteaux,1,369,False,False,,7710,477,10
20260802T110238,A2,v3.4-search-json,2026-08-03T09:00,2026-08-03T20:00,1933549,https://fr.getaround.com/location-voiture/argenteuil/citroen-c3-1933549,Citroen C3 (2018),2018,Sur rendez-vous,CITADINE,SEGMENT_RULES,THERMIQUE,False,70.0,,,,Puteaux,Argenteuil,Puteaux|Paris 17e,2,370,False,False,,6710,477,10
20260802T110238,A2,v3.4-search-json,2026-08-03T09:00,2026-08-03T20:00,1944772,https://fr.getaround.com/location-voiture/houilles/peugeot-208-1944772,Peugeot 208 (2021),2021,Sur rendez-vous,CITADINE,SEGMENT_RULES,THERMIQUE,False,68.0,,,,Puteaux,Houilles,Puteaux,1,371,False,False,,6150,477,10
20260802T110238,A2,v3.4-search-json,2026-08-03T09:00,2026-08-03T20:00,1935150,https://fr.getaround.com/location-voiture/bezons/renault-clio-1935150,Renault Clio (2012),2012,Sur rendez-vous,CITADINE,SEGMENT_RULES,THERMIQUE,False,56.0,,5.0,1,Puteaux,Bezons,Puteaux|Paris 17e,2,372,False,False,,4580,477,10
20260802T110238,A2,v3.4-search-json,2026-08-03T09:00,2026-08-03T20:00,939058,https://fr.getaround.com/location-voiture/paris/renault-clio-939058,Renault Clio (2019),2019,Getaround Connect,CITADINE,SEGMENT_RULES,THERMIQUE,True,72.0,,4.79,126,Paris 17e,Paris,Paris 17e,1,372,False,False,,5590,714,10
20260802T110238,A2,v3.4-search-json,2026-08-03T09:00,2026-08-03T20:00,1816320,https://fr.getaround.com/location-voiture/saint-cloud/hyundai-inster-1816320,Hyundai Inster (2025),2025,Sur rendez-vous,COMPACTE,SEGMENT_RULES,THERMIQUE,False,78.0,,5.0,1,Puteaux,Saint Cloud,Puteaux,1,373,False,False,,5510,477,10
20260802T110238,A2,v3.4-search-json,2026-08-03T09:00,2026-08-03T20:00,1864476,https://fr.getaround.com/location-voiture/sartrouville/peugeot-2008-1864476,Peugeot 2008 (2018),2018,Sur rendez-vous,SUV_COMPACT,SEGMENT_RULES,THERMIQUE,False,87.0,,5.0,4,Puteaux,Sartrouville,Puteaux,1,374,False,False,,8390,477,10
20260802T110238,A2,v3.4-search-json,2026-08-03T09:00,2026-08-03T20:00,1681623,https://fr.getaround.com/location-voiture/paris/peugeot-208-1681623,Peugeot 208 (2022),2022,Getaround Connect,CITADINE,SEGMENT_RULES,THERMIQUE,True,52.0,,3.79,29,Paris 17e,Paris,Paris 17e,1,374,False,False,,7830,714,10
20260802T110238,A2,v3.4-search-json,2026-08-03T09:00,2026-08-03T20:00,1117375,https://fr.getaround.com/location-voiture/boulogne-billancourt/peugeot-308-sw-1117375,Peugeot 308 SW (2018),2018,Sur rendez-vous,BREAK,SEGMENT_RULES,THERMIQUE,False,106.0,,4.77,24,Puteaux,Boulogne Billancourt,Puteaux|Paris 17e,2,375,False,False,,4440,477,10
20260802T110238,A2,v3.4-search-json,2026-08-03T09:00,2026-08-03T20:00,1067334,https://fr.getaround.com/location-voiture/nanterre/citroen-c5-cross-tourer-1067334,Citroen C5 Cross Tourer (2022),2022,Sur rendez-vous,BREAK,SEGMENT_RULES,THERMIQUE,False,123.0,,,,Puteaux,Nanterre,Puteaux|Paris 17e,2,377,False,False,,3140,477,10
20260802T110238,A2,v3.4-search-json,2026-08-03T09:00,2026-08-03T20:00,1849526,https://fr.getaround.com/location-voiture/boulogne-billancourt/ds-3-1849526,DS 3 (2019),2019,Sur rendez-vous,CITADINE,SEGMENT_RULES,THERMIQUE,False,93.0,,5.0,1,Puteaux,Boulogne Billancourt,Puteaux|Paris 17e,2,378,False,False,,5810,477,10
20260802T110238,A2,v3.4-search-json,2026-08-03T09:00,2026-08-03T20:00,1894337,https://fr.getaround.com/location-voiture/paris/smart-fortwo-prime-1894337,Smart Fortwo Prime (2016),2016,Getaround Connect,MICRO_CITADINE,SEGMENT_RULES,THERMIQUE,True,73.0,,,,Paris 17e,Paris,Paris 17e,1,378,False,False,,7160,714,10
20260802T110238,A2,v3.4-search-json,2026-08-03T09:00,2026-08-03T20:00,1749372,https://fr.getaround.com/location-voiture/bezons/dacia-spring-1749372,Dacia Spring (2025),2025,Sur rendez-vous,COMPACTE,SEGMENT_RULES,THERMIQUE,False,57.0,,5.0,6,Puteaux,Bezons,Puteaux,1,379,False,False,,5500,477,10
20260802T110238,A2,v3.4-search-json,2026-08-03T09:00,2026-08-03T20:00,1253205,https://fr.getaround.com/location-voiture/paris/peugeot-208-1253205,Peugeot 208 (2023),2023,Getaround Connect,CITADINE,SEGMENT_RULES,THERMIQUE,True,70.0,,4.07,38,Paris 17e,Paris,Paris 17e,1,379,False,False,,7800,714,10
20260802T110238,A2,v3.4-search-json,2026-08-03T09:00,2026-08-03T20:00,1828643,https://fr.getaround.com/location-voiture/paris/smart-fortwo-cabriolet-1828643,Smart Fortwo Cabriolet (2012),2012,Sur rendez-vous,CABRIOLET,SEGMENT_RULES,THERMIQUE,False,81.0,,,,Puteaux,Paris,Puteaux|Paris 17e,2,380,False,False,,3620,477,10
20260802T110238,A2,v3.4-search-json,2026-08-03T09:00,2026-08-03T20:00,1650430,https://fr.getaround.com/location-voiture/paris/volkswagen-t-cross-1650430,Volkswagen T-Cross (2024),2024,Getaround Connect,SUV_COMPACT,SEGMENT_RULES,THERMIQUE,True,80.0,,4.82,38,Paris 17e,Paris,Paris 17e,1,380,False,False,,7870,714,10
20260802T110238,A2,v3.4-search-json,2026-08-03T09:00,2026-08-03T20:00,1790256,https://fr.getaround.com/location-voiture/paris/peugeot-208-1790256,Peugeot 208 (2016),2016,Getaround Connect,CITADINE,SEGMENT_RULES,THERMIQUE,True,49.0,,3.71,7,Paris 17e,Paris,Paris 17e,1,381,False,False,,5270,714,10
20260802T110238,A2,v3.4-search-json,2026-08-03T09:00,2026-08-03T20:00,1940728,https://fr.getaround.com/location-voiture/paris/audi-q4-sportback-35-e-tron-1940728,Audi Q4 Sportback 35 e-tron (2022),2022,Sur rendez-vous,SUV_FAMILIAL,SEGMENT_RULES,THERMIQUE,False,165.0,,,,Puteaux,Paris,Puteaux|Paris 17e,2,383,False,False,,4430,477,10
20260802T110238,A2,v3.4-search-json,2026-08-03T09:00,2026-08-03T20:00,1880595,https://fr.getaround.com/location-voiture/paris/peugeot-2008-1880595,Peugeot 2008 (2026),2026,Getaround Connect,SUV_COMPACT,SEGMENT_RULES,THERMIQUE,True,93.0,,4.5,2,Paris 17e,Paris,Paris 17e,1,383,False,False,,4490,714,10
20260802T110238,A2,v3.4-search-json,2026-08-03T09:00,2026-08-03T20:00,1867943,https://fr.getaround.com/location-voiture/suresnes/skoda-kamiq-1867943,Skoda Kamiq (2025),2025,Sur rendez-vous,SUV_COMPACT,SEGMENT_RULES,THERMIQUE,False,111.0,,,,Puteaux,Suresnes,Puteaux,1,384,False,False,,3200,477,10
20260802T110238,A2,v3.4-search-json,2026-08-03T09:00,2026-08-03T20:00,1744387,https://fr.getaround.com/location-voiture/saint-denis/renault-clio-1744387,Renault Clio (2025),2025,Getaround Connect,CITADINE,SEGMENT_RULES,THERMIQUE,True,77.0,,4.98,44,Paris 17e,Saint Denis,Paris 17e,1,385,False,False,,8280,714,10
20260802T110238,A2,v3.4-search-json,2026-08-03T09:00,2026-08-03T20:00,1614145,https://fr.getaround.com/location-voiture/courbevoie/peugeot-208-1614145,Peugeot 208 (2024),2024,Sur rendez-vous,CITADINE,SEGMENT_RULES,THERMIQUE,False,157.0,,,,Puteaux,Courbevoie,Puteaux|Paris 17e,2,386,False,False,,1830,477,10
20260802T110238,A2,v3.4-search-json,2026-08-03T09:00,2026-08-03T20:00,1351763,https://fr.getaround.com/location-voiture/paris/peugeot-2008-1351763,Peugeot 2008 (2023),2023,Getaround Connect,SUV_COMPACT,SEGMENT_RULES,THERMIQUE,True,69.0,,4.04,36,Paris 17e,Paris,Paris 17e,1,386,False,False,,5910,714,10
20260802T110238,A2,v3.4-search-json,2026-08-03T09:00,2026-08-03T20:00,1541850,https://fr.getaround.com/location-voiture/garches/renault-clio-1541850,Renault Clio (2016),2016,Sur rendez-vous,CITADINE,SEGMENT_RULES,THERMIQUE,False,67.0,,5.0,2,Puteaux,Garches,Puteaux,1,387,False,False,,5400,477,10
20260802T110238,A2,v3.4-search-json,2026-08-03T09:00,2026-08-03T20:00,1818510,https://fr.getaround.com/location-voiture/sevres/ford-fiesta-1818510,Ford Fiesta (2020),2020,Sur rendez-vous,CITADINE,SEGMENT_RULES,THERMIQUE,False,72.0,,5.0,1,Puteaux,Sevres,Puteaux,1,388,False,False,,7170,477,10
20260802T110238,A2,v3.4-search-json,2026-08-03T09:00,2026-08-03T20:00,1829731,https://fr.getaround.com/location-voiture/paris/fiat-500-c-1829731,Fiat 500 C (2018),2018,Getaround Connect,CABRIOLET,SEGMENT_RULES,THERMIQUE,True,70.0,,5.0,26,Paris 17e,Paris,Paris 17e,1,388,False,False,,7270,714,10
20260802T110238,A2,v3.4-search-json,2026-08-03T09:00,2026-08-03T20:00,1939019,https://fr.getaround.com/location-voiture/issy-les-moulineaux/chevrolet-aveo-1939019,Chevrolet Aveo (2012),2012,Sur rendez-vous,CITADINE,SEGMENT_RULES,THERMIQUE,False,63.0,,,,Puteaux,Issy Les Moulineaux,Puteaux|Paris 17e,2,389,False,False,,7160,477,10
20260802T110238,A2,v3.4-search-json,2026-08-03T09:00,2026-08-03T20:00,1139784,https://fr.getaround.com/location-voiture/courbevoie/peugeot-208-1139784,Peugeot 208 (2015),2015,Sur rendez-vous,CITADINE,SEGMENT_RULES,THERMIQUE,False,96.0,,,,Puteaux,Courbevoie,Puteaux|Paris 17e,2,390,False,False,,1640,477,10
20260802T110238,A2,v3.4-search-json,2026-08-03T09:00,2026-08-03T20:00,1665565,https://fr.getaround.com/location-voiture/nanterre/land-rover-range-rover-evoque-1665565,Land-Rover Range Rover Evoque (2013),2013,Sur rendez-vous,SUV_FAMILIAL,SEGMENT_RULES,THERMIQUE,False,137.0,,,,Puteaux,Nanterre,Puteaux,1,391,False,False,,2810,477,10
20260802T110238,A2,v3.4-search-json,2026-08-03T09:00,2026-08-03T20:00,1731967,https://fr.getaround.com/location-voiture/houilles/bmw-ix1-1731967,BMW iX1 (2021),2021,Sur rendez-vous,SUV_FAMILIAL,SEGMENT_RULES,THERMIQUE,False,141.0,,,,Puteaux,Houilles,Puteaux,1,392,False,False,,6240,477,10
20260802T110238,A2,v3.4-search-json,2026-08-03T09:00,2026-08-03T20:00,1218015,https://fr.getaround.com/location-voiture/paris/opel-corsa-1218015,Opel Corsa (2012),2012,Getaround Connect,CITADINE,SEGMENT_RULES,THERMIQUE,True,53.0,,3.53,15,Paris 17e,Paris,Paris 17e,1,392,False,False,,4370,714,10
20260802T110238,A2,v3.4-search-json,2026-08-03T09:00,2026-08-03T20:00,1503075,https://fr.getaround.com/location-voiture/carrieres-sur-seine/renault-zoe-1503075,Renault ZOE (2021),2021,Sur rendez-vous,CITADINE,SEGMENT_RULES,ELECTRIQUE,False,62.0,,5.0,7,Puteaux,Carrieres Sur Seine,Puteaux,1,393,False,False,,5460,477,10
20260802T110238,A2,v3.4-search-json,2026-08-03T09:00,2026-08-03T20:00,1550955,https://fr.getaround.com/location-voiture/paris/toyota-yaris-1550955,Toyota Yaris (2016),2016,Getaround Connect,CITADINE,SEGMENT_RULES,THERMIQUE,True,74.0,,4.92,26,Paris 17e,Paris,Paris 17e,1,393,False,False,,6740,714,10
20260802T110238,A2,v3.4-search-json,2026-08-03T09:00,2026-08-03T20:00,1683217,https://fr.getaround.com/location-voiture/paris/renault-twingo-ii-1683217,Renault Twingo II (2012),2012,Sur rendez-vous,CITADINE,SEGMENT_RULES,THERMIQUE,False,64.0,,4.97,31,Paris 17e,Paris,Paris 17e,1,394,False,False,,7250,714,10
20260802T110238,A2,v3.4-search-json,2026-08-03T09:00,2026-08-03T20:00,1807347,https://fr.getaround.com/location-voiture/asnieres-sur-seine/peugeot-308-sw-1807347,Peugeot 308 SW (2019),2019,Sur rendez-vous,BREAK,SEGMENT_RULES,THERMIQUE,False,83.0,,5.0,1,Puteaux,Asnieres Sur Seine,Puteaux|Paris 17e,2,395,False,False,,6370,477,10
20260802T110238,A2,v3.4-search-json,2026-08-03T09:00,2026-08-03T20:00,1556512,https://fr.getaround.com/location-voiture/paris/toyota-yaris-hybride-1556512,Toyota Yaris Hybride (2022),2022,Getaround Connect,CITADINE,SEGMENT_RULES,HYBRIDE,True,81.0,,4.53,43,Paris 17e,Paris,Paris 17e,1,395,False,False,,6080,714,10
20260802T110238,A2,v3.4-search-json,2026-08-03T09:00,2026-08-03T20:00,1617403,https://fr.getaround.com/location-voiture/paris/smart-fortwo-coupe-1617403,Smart Fortwo Coupé (2019),2019,Getaround Connect,MICRO_CITADINE,SEGMENT_RULES,THERMIQUE,True,79.0,,,,Puteaux,Paris,Puteaux|Paris 17e,2,396,False,False,,9040,477,10
20260802T110238,A2,v3.4-search-json,2026-08-03T09:00,2026-08-03T20:00,1904625,https://fr.getaround.com/location-voiture/asnieres-sur-seine/hyundai-tucson-hybride-limited-1904625,Hyundai Tucson Hybride Limited (2021),2021,Sur rendez-vous,SUV_FAMILIAL,SEGMENT_RULES,HYBRIDE,False,76.0,,,,Puteaux,Asnieres Sur Seine,Puteaux|Paris 17e,2,397,False,False,,6660,477,10
20260802T110238,A2,v3.4-search-json,2026-08-03T09:00,2026-08-03T20:00,1917406,https://fr.getaround.com/location-voiture/paris/peugeot-208-1917406,Peugeot 208 (2026),2026,Getaround Connect,CITADINE,SEGMENT_RULES,THERMIQUE,True,78.0,,,,Paris 17e,Paris,Paris 17e,1,397,False,False,,4490,714,10
20260802T110238,A2,v3.4-search-json,2026-08-03T09:00,2026-08-03T20:00,1640739,https://fr.getaround.com/location-voiture/boulogne-billancourt/lancia-voyager-1640739,Lancia Voyager (2014),2014,Sur rendez-vous,MONOSPACE,SEGMENT_RULES,THERMIQUE,False,172.0,,,,Puteaux,Boulogne Billancourt,Puteaux|Paris 17e,2,398,False,False,,4420,477,10
20260802T110238,A2,v3.4-search-json,2026-08-03T09:00,2026-08-03T20:00,1272657,https://fr.getaround.com/location-voiture/paris/toyota-yaris-hybride-1272657,Toyota Yaris Hybride (2020),2020,Getaround Connect,CITADINE,SEGMENT_RULES,HYBRIDE,True,81.0,,4.84,73,Paris 17e,Paris,Paris 17e,1,398,False,False,,6280,714,10
20260802T110238,A2,v3.4-search-json,2026-08-03T09:00,2026-08-03T20:00,1531978,https://fr.getaround.com/location-voiture/boulogne-billancourt/jeep-renegade-limited-1531978,Jeep Renegade Limited (2019),2019,Sur rendez-vous,SUV_FAMILIAL,SEGMENT_RULES,THERMIQUE,False,264.0,,5.0,5,Puteaux,Boulogne Billancourt,Puteaux|Paris 17e,2,399,False,False,,6090,477,10
20260802T110238,A2,v3.4-search-json,2026-08-03T09:00,2026-08-03T20:00,1894631,https://fr.getaround.com/location-voiture/paris/tesla-model-y-performance-1894631,Tesla Model Y Performance (2023),2023,Sur rendez-vous,SUV_FAMILIAL,SEGMENT_RULES,ELECTRIQUE,False,197.0,,,,Paris 17e,Paris,Paris 17e,1,399,False,False,,3210,714,10
20260802T110238,A2,v3.4-search-json,2026-08-03T09:00,2026-08-03T20:00,1906993,https://fr.getaround.com/location-voiture/villeneuve-la-garenne/ford-mondeo-hybride-1906993,Ford Mondeo Hybride (2018),2018,Sur rendez-vous,BERLINE,SEGMENT_RULES,HYBRIDE,False,90.0,,,,Puteaux,Villeneuve La Garenne,Puteaux|Paris 17e,2,400,False,False,,9130,477,10
20260802T110238,A2,v3.4-search-json,2026-08-03T09:00,2026-08-03T20:00,1841262,https://fr.getaround.com/location-voiture/nanterre/ford-puma-1841262,Ford Puma (2021),2021,Sur rendez-vous,SUV_COMPACT,SEGMENT_RULES,THERMIQUE,False,166.0,,,,Puteaux,Nanterre,Puteaux,1,401,False,False,,3030,477,11
20260802T110238,A2,v3.4-search-json,2026-08-03T09:00,2026-08-03T20:00,1224586,https://fr.getaround.com/location-voiture/paris/peugeot-208-1224586,Peugeot 208 (2023),2023,Getaround Connect,CITADINE,SEGMENT_RULES,THERMIQUE,True,57.0,,3.57,74,Paris 17e,Paris,Paris 17e,1,401,False,False,,6480,714,11
20260802T110238,A2,v3.4-search-json,2026-08-03T09:00,2026-08-03T20:00,1927747,https://fr.getaround.com/location-voiture/villeneuve-la-garenne/peugeot-208-1927747,Peugeot 208 (2017),2017,Sur rendez-vous,CITADINE,SEGMENT_RULES,THERMIQUE,False,69.0,,,,Puteaux,Villeneuve La Garenne,Puteaux|Paris 17e,2,402,False,False,,8470,477,11
20260802T110238,A2,v3.4-search-json,2026-08-03T09:00,2026-08-03T20:00,1935040,https://fr.getaround.com/location-voiture/sartrouville/fiat-panda-1935040,Fiat Panda (2014),2014,Sur rendez-vous,MICRO_CITADINE,SEGMENT_RULES,THERMIQUE,False,64.0,,,,Puteaux,Sartrouville,Puteaux,1,403,False,False,,7560,477,11
20260802T110238,A2,v3.4-search-json,2026-08-03T09:00,2026-08-03T20:00,1306893,https://fr.getaround.com/location-voiture/paris/peugeot-208-1306893,Peugeot 208 (2023),2023,Getaround Connect,CITADINE,SEGMENT_RULES,THERMIQUE,True,85.0,,4.47,46,Paris 17e,Paris,Paris 17e,1,403,False,False,,4930,714,11
20260802T110238,A2,v3.4-search-json,2026-08-03T09:00,2026-08-03T20:00,1199921,https://fr.getaround.com/location-voiture/argenteuil/mg-mg4-1199921,Mg MG4 (2022),2022,Sur rendez-vous,COMPACTE,SEGMENT_RULES,THERMIQUE,False,90.0,,,,Puteaux,Argenteuil,Puteaux|Paris 17e,2,405,False,False,,6710,477,11
20260802T110238,A2,v3.4-search-json,2026-08-03T09:00,2026-08-03T20:00,941924,https://fr.getaround.com/location-voiture/paris/volkswagen-up-941924,Volkswagen Up! (2012),2012,Getaround Connect,MICRO_CITADINE,SEGMENT_RULES,THERMIQUE,True,64.0,,4.8,60,Paris 17e,Paris,Paris 17e,1,405,False,False,,6760,714,11
20260802T110238,A2,v3.4-search-json,2026-08-03T09:00,2026-08-03T20:00,1586588,https://fr.getaround.com/location-voiture/boulogne-billancourt/peugeot-308-1586588,Peugeot 308 (2022),2022,Sur rendez-vous,COMPACTE,SEGMENT_RULES,THERMIQUE,False,80.0,,,,Puteaux,Boulogne Billancourt,Puteaux|Paris 17e,2,406,False,False,,5680,477,11
20260802T110238,A2,v3.4-search-json,2026-08-03T09:00,2026-08-03T20:00,1918802,https://fr.getaround.com/location-voiture/l-ile-saint-denis/volkswagen-polo-1918802,Volkswagen Polo (2023),2023,Sur rendez-vous,CITADINE,SEGMENT_RULES,THERMIQUE,False,82.0,,,,Puteaux,L Ile Saint Denis,Puteaux|Paris 17e,2,407,False,False,,8290,477,11
20260802T110238,A2,v3.4-search-json,2026-08-03T09:00,2026-08-03T20:00,1736314,https://fr.getaround.com/location-voiture/boulogne-billancourt/smart-fortwo-passion-1736314,Smart Fortwo Passion (2015),2015,Sur rendez-vous,MICRO_CITADINE,SEGMENT_RULES,THERMIQUE,False,71.0,,5.0,2,Puteaux,Boulogne Billancourt,Puteaux|Paris 17e,2,408,False,False,,4920,477,11
20260802T110238,A2,v3.4-search-json,2026-08-03T09:00,2026-08-03T20:00,1804181,https://fr.getaround.com/location-voiture/asnieres-sur-seine/skoda-fabia-1804181,Skoda Fabia (2016),2016,Sur rendez-vous,CITADINE,SEGMENT_RULES,THERMIQUE,False,65.0,,4.0,1,Puteaux,Asnieres Sur Seine,Puteaux|Paris 17e,2,409,False,False,,4870,477,11
20260802T110238,A2,v3.4-search-json,2026-08-03T09:00,2026-08-03T20:00,1947309,https://fr.getaround.com/location-voiture/chatou/fiat-500-x-1947309,Fiat 500 X (2021),2021,Sur rendez-vous,CITADINE,SEGMENT_RULES,THERMIQUE,False,74.0,,,,Puteaux,Chatou,Puteaux,1,410,False,False,,6610,477,11
20260802T110238,A2,v3.4-search-json,2026-08-03T09:00,2026-08-03T20:00,660000,https://fr.getaround.com/location-voiture/paris/opel-agila-660000,Opel Agila (2011),2011,Getaround Connect,CITADINE,SEGMENT_RULES,THERMIQUE,True,49.0,,3.77,65,Paris 17e,Paris,Paris 17e,1,410,False,False,,4370,714,11
20260802T110238,A2,v3.4-search-json,2026-08-03T09:00,2026-08-03T20:00,1944570,https://fr.getaround.com/location-voiture/paris/audi-q5-quattro-s-line-prem-plus-45-tfsi-1944570,Audi Q5 Quattro S Line Prem Plus 45 TFSI (2012),2012,Sur rendez-vous,SUV_FAMILIAL,SEGMENT_RULES,THERMIQUE,False,95.0,,,,Puteaux,Paris,Puteaux|Paris 17e,2,411,False,False,,6220,477,11
20260802T110238,A2,v3.4-search-json,2026-08-03T09:00,2026-08-03T20:00,1846783,https://fr.getaround.com/location-voiture/rueil-malmaison/hyundai-i20-1846783,Hyundai i20 (2020),2020,Sur rendez-vous,CITADINE,SEGMENT_RULES,THERMIQUE,False,97.0,,,,Puteaux,Rueil Malmaison,Puteaux,1,412,False,False,,3750,477,11
20260802T110238,A2,v3.4-search-json,2026-08-03T09:00,2026-08-03T20:00,1143282,https://fr.getaround.com/location-voiture/paris/smart-fortwo-coupe-1143282,Smart Fortwo Coupé (2017),2017,Getaround Connect,MICRO_CITADINE,SEGMENT_RULES,THERMIQUE,True,55.0,,4.31,36,Paris 17e,Paris,Paris 17e,1,412,False,False,,4860,714,11
20260802T110238,A2,v3.4-search-json,2026-08-03T09:00,2026-08-03T20:00,1894949,https://fr.getaround.com/location-voiture/asnieres-sur-seine/citroen-c1-ii-1894949,Citroen C1 II (2017),2017,Sur rendez-vous,MICRO_CITADINE,SEGMENT_RULES,THERMIQUE,False,73.0,,5.0,1,Puteaux,Asnieres Sur Seine,Puteaux|Paris 17e,2,413,False,False,,6360,477,11
20260802T110238,A2,v3.4-search-json,2026-08-03T09:00,2026-08-03T20:00,1881847,https://fr.getaround.com/location-voiture/paris/peugeot-2008-1881847,Peugeot 2008 (2026),2026,Getaround Connect,SUV_COMPACT,SEGMENT_RULES,THERMIQUE,True,93.0,,,,Paris 17e,Paris,Paris 17e,1,414,False,False,,4490,714,11
20260802T110238,A2,v3.4-search-json,2026-08-03T09:00,2026-08-03T20:00,1682359,https://fr.getaround.com/location-voiture/gennevilliers/citroen-c4-picasso-1682359,Citroen C4 Picasso (2017),2017,Getaround Connect,MONOSPACE,SEGMENT_RULES,THERMIQUE,True,70.0,,3.67,3,Puteaux,Gennevilliers,Puteaux|Paris 17e,2,415,False,False,,7370,477,11
20260802T110238,A2,v3.4-search-json,2026-08-03T09:00,2026-08-03T20:00,1732861,https://fr.getaround.com/location-voiture/paris/citroen-c3-picasso-1732861,Citroen C3 Picasso (2017),2017,Getaround Connect,MONOSPACE,SEGMENT_RULES,THERMIQUE,True,79.0,,4.93,15,Paris 17e,Paris,Paris 17e,1,415,False,False,,4500,714,11
20260802T110238,A2,v3.4-search-json,2026-08-03T09:00,2026-08-03T20:00,1597078,https://fr.getaround.com/location-voiture/houilles/toyota-yaris-1597078,Toyota Yaris (2013),2013,Sur rendez-vous,CITADINE,SEGMENT_RULES,THERMIQUE,False,70.0,,,,Puteaux,Houilles,Puteaux,1,416,False,False,,5520,477,11
20260802T110238,A2,v3.4-search-json,2026-08-03T09:00,2026-08-03T20:00,665319,https://fr.getaround.com/location-voiture/paris/fiat-500-665319,Fiat 500 (2017),2017,Getaround Connect,CITADINE,SEGMENT_RULES,THERMIQUE,True,67.0,,4.89,136,Paris 17e,Paris,Paris 17e,1,416,False,False,,7480,714,11
20260802T110238,A2,v3.4-search-json,2026-08-03T09:00,2026-08-03T20:00,1261374,https://fr.getaround.com/location-voiture/bezons/renault-zoe-1261374,Renault ZOE (2017),2017,Sur rendez-vous,CITADINE,SEGMENT_RULES,ELECTRIQUE,False,74.0,,,,Puteaux,Bezons,Puteaux|Paris 17e,2,417,False,False,,5300,477,11
20260802T110238,A2,v3.4-search-json,2026-08-03T09:00,2026-08-03T20:00,1532374,https://fr.getaround.com/location-voiture/paris/toyota-corolla-hybride-1532374,Toyota Corolla Hybride (2020),2020,Getaround Connect,COMPACTE,SEGMENT_RULES,HYBRIDE,True,96.0,,4.82,55,Paris 17e,Paris,Paris 17e,1,417,False,False,,7530,714,11
20260802T110238,A2,v3.4-search-json,2026-08-03T09:00,2026-08-03T20:00,852766,https://fr.getaround.com/location-voiture/paris/citroen-2cv-852766,Citroen 2CV (1982),1982,Sur rendez-vous,CABRIOLET,SEGMENT_RULES,THERMIQUE,False,143.0,,4.68,11,Puteaux,Paris,Puteaux|Paris 17e,2,418,False,False,,7440,477,11
20260802T110238,A2,v3.4-search-json,2026-08-03T09:00,2026-08-03T20:00,1910566,https://fr.getaround.com/location-voiture/colombes/nissan-nv200-1910566,Nissan NV200 (2016),2016,Sur rendez-vous,UTILITAIRE,SEGMENT_RULES,THERMIQUE,False,139.0,,,,Puteaux,Colombes,Puteaux|Paris 17e,2,419,False,False,,4600,477,11
20260802T110238,A2,v3.4-search-json,2026-08-03T09:00,2026-08-03T20:00,1638461,https://fr.getaround.com/location-voiture/paris/toyota-yaris-cross-hybrid-1638461,Toyota Yaris Cross Hybrid (2025),2025,Getaround Connect,SUV_COMPACT,SEGMENT_RULES,HYBRIDE,True,92.0,,4.88,69,Paris 17e,Paris,Paris 17e,1,419,False,False,,5610,714,11
20260802T110238,A2,v3.4-search-json,2026-08-03T09:00,2026-08-03T20:00,1570773,https://fr.getaround.com/location-voiture/bezons/audi-q3-1570773,Audi Q3 (2015),2015,Sur rendez-vous,SUV_COMPACT,SEGMENT_RULES,THERMIQUE,False,115.0,,5.0,3,Puteaux,Bezons,Puteaux|Paris 17e,2,420,False,False,,5070,477,11
20260802T110238,A2,v3.4-search-json,2026-08-03T09:00,2026-08-03T20:00,1878897,https://fr.getaround.com/location-voiture/paris/peugeot-308-1878897,Peugeot 308 (2019),2019,Getaround Connect,COMPACTE,SEGMENT_RULES,THERMIQUE,True,81.0,,5.0,14,Paris 17e,Paris,Paris 17e,1,420,False,False,,7870,714,11
20260802T110238,A2,v3.4-search-json,2026-08-03T09:00,2026-08-03T20:00,1920362,https://fr.getaround.com/location-voiture/asnieres-sur-seine/ford-fiesta-1920362,Ford Fiesta (2015),2015,Sur rendez-vous,CITADINE,SEGMENT_RULES,THERMIQUE,False,69.0,,,,Puteaux,Asnieres Sur Seine,Puteaux|Paris 17e,2,421,False,False,,6360,477,11
20260802T110238,A2,v3.4-search-json,2026-08-03T09:00,2026-08-03T20:00,1881950,https://fr.getaround.com/location-voiture/paris/peugeot-2008-1881950,Peugeot 2008 (2026),2026,Getaround Connect,SUV_COMPACT,SEGMENT_RULES,THERMIQUE,True,103.0,,5.0,3,Paris 17e,Paris,Paris 17e,1,421,False,False,,4930,714,11
20260802T110238,A2,v3.4-search-json,2026-08-03T09:00,2026-08-03T20:00,1888564,https://fr.getaround.com/location-voiture/bezons/renault-scenic-1888564,Renault Scenic (2017),2017,Sur rendez-vous,MONOSPACE,SEGMENT_RULES,THERMIQUE,False,87.0,,5.0,1,Puteaux,Bezons,Puteaux,1,422,False,False,,6230,477,11
20260802T110238,A2,v3.4-search-json,2026-08-03T09:00,2026-08-03T20:00,836035,https://fr.getaround.com/location-voiture/paris/toyota-yaris-hybride-836035,Toyota Yaris Hybride (2021),2021,Getaround Connect,CITADINE,SEGMENT_RULES,HYBRIDE,True,67.0,,3.95,87,Paris 17e,Paris,Paris 17e,1,422,False,False,,6740,714,11
20260802T110238,A2,v3.4-search-json,2026-08-03T09:00,2026-08-03T20:00,1872496,https://fr.getaround.com/location-voiture/issy-les-moulineaux/renault-kangoo-1872496,Renault Kangoo (2016),2016,Sur rendez-vous,UTILITAIRE,SEGMENT_RULES,THERMIQUE,False,79.0,,5.0,1,Puteaux,Issy Les Moulineaux,Puteaux|Paris 17e,2,423,False,False,,7040,477,11
20260802T110238,A2,v3.4-search-json,2026-08-03T09:00,2026-08-03T20:00,1848146,https://fr.getaround.com/location-voiture/rueil-malmaison/mercedes-benz-gla-250-4matic-1848146,Mercedes-Benz GLA 250 4MATIC (2021),2021,Sur rendez-vous,SUV_COMPACT,SEGMENT_RULES,THERMIQUE,False,108.0,,,,Puteaux,Rueil Malmaison,Puteaux,1,424,False,False,,5040,477,11
20260802T110238,A2,v3.4-search-json,2026-08-03T09:00,2026-08-03T20:00,1883063,https://fr.getaround.com/location-voiture/rueil-malmaison/bmw-x1-sdrive18i-1883063,BMW X1 sDrive18i (2019),2019,Sur rendez-vous,SUV_FAMILIAL,SEGMENT_RULES,THERMIQUE,False,163.0,,,,Puteaux,Rueil Malmaison,Puteaux,1,425,False,False,,3450,477,11
20260802T110238,A2,v3.4-search-json,2026-08-03T09:00,2026-08-03T20:00,653396,https://fr.getaround.com/location-voiture/paris/renault-clio-653396,Renault Clio (2017),2017,Getaround Connect,CITADINE,SEGMENT_RULES,THERMIQUE,True,67.0,,4.73,112,Paris 17e,Paris,Paris 17e,1,425,False,False,,7480,714,11
20260802T110238,A2,v3.4-search-json,2026-08-03T09:00,2026-08-03T20:00,1784194,https://fr.getaround.com/location-voiture/gennevilliers/tesla-model-y-performance-1784194,Tesla Model Y Performance (2023),2023,Sur rendez-vous,SUV_FAMILIAL,SEGMENT_RULES,ELECTRIQUE,False,171.0,,,,Puteaux,Gennevilliers,Puteaux|Paris 17e,2,426,False,False,,5490,477,11
20260802T110238,A2,v3.4-search-json,2026-08-03T09:00,2026-08-03T20:00,1633612,https://fr.getaround.com/location-voiture/paris/renault-kangoo-1633612,Renault Kangoo (2019),2019,Getaround Connect,UTILITAIRE,SEGMENT_RULES,THERMIQUE,True,76.0,,5.0,13,Paris 17e,Paris,Paris 17e,1,426,False,False,,7280,714,11
20260802T110238,A2,v3.4-search-json,2026-08-03T09:00,2026-08-03T20:00,765741,https://fr.getaround.com/location-voiture/maisons-laffitte/toyota-aygo-ii-765741,Toyota Aygo II (2019),2019,Getaround Connect,MICRO_CITADINE,SEGMENT_RULES,THERMIQUE,True,76.0,,4.66,116,Puteaux,Maisons Laffitte,Puteaux,1,427,False,False,,9450,477,11
20260802T110238,A2,v3.4-search-json,2026-08-03T09:00,2026-08-03T20:00,1370314,https://fr.getaround.com/location-voiture/paris/citroen-c3-1370314,Citroen C3 (2020),2020,Getaround Connect,CITADINE,SEGMENT_RULES,THERMIQUE,True,72.0,,4.55,50,Paris 17e,Paris,Paris 17e,1,427,False,False,,5450,714,11
20260802T110238,A2,v3.4-search-json,2026-08-03T09:00,2026-08-03T20:00,1882814,https://fr.getaround.com/location-voiture/sartrouville/citroen-c3-1882814,Citroen C3 (2015),2015,Sur rendez-vous,CITADINE,SEGMENT_RULES,THERMIQUE,False,69.0,,,,Puteaux,Sartrouville,Puteaux,1,428,False,False,,7990,477,11
20260802T110238,A2,v3.4-search-json,2026-08-03T09:00,2026-08-03T20:00,1751139,https://fr.getaround.com/location-voiture/gennevilliers/toyota-c-hr-hybrid-1751139,Toyota C-HR Hybrid (2017),2017,Sur rendez-vous,SUV_COMPACT,SEGMENT_RULES,HYBRIDE,False,84.0,,,,Puteaux,Gennevilliers,Puteaux|Paris 17e,2,429,False,False,,7360,477,11
20260802T110238,A2,v3.4-search-json,2026-08-03T09:00,2026-08-03T20:00,1342226,https://fr.getaround.com/location-voiture/paris/renault-clio-1342226,Renault Clio (2014),2014,Getaround Connect,CITADINE,SEGMENT_RULES,THERMIQUE,True,58.0,,3.62,29,Paris 17e,Paris,Paris 17e,1,429,False,False,,4380,714,11
20260802T110238,A2,v3.4-search-json,2026-08-03T09:00,2026-08-03T20:00,1705445,https://fr.getaround.com/location-voiture/sartrouville/peugeot-208-1705445,Peugeot 208 (2015),2015,Sur rendez-vous,CITADINE,SEGMENT_RULES,THERMIQUE,False,71.0,,5.0,4,Puteaux,Sartrouville,Puteaux,1,430,False,False,,8390,477,11
20260802T110238,A2,v3.4-search-json,2026-08-03T09:00,2026-08-03T20:00,1616323,https://fr.getaround.com/location-voiture/paris/tesla-model-3-long-range-1616323,Tesla Model 3 Long Range (2019),2019,Sur rendez-vous,BERLINE,SEGMENT_RULES,ELECTRIQUE,False,196.0,,5.0,2,Puteaux,Paris,Puteaux|Paris 17e,2,431,False,False,,6980,477,11
20260802T110238,A2,v3.4-search-json,2026-08-03T09:00,2026-08-03T20:00,1530499,https://fr.getaround.com/location-voiture/nanterre/renault-clio-1530499,Renault Clio (2020),2020,Sur rendez-vous,CITADINE,SEGMENT_RULES,THERMIQUE,False,92.0,,,,Puteaux,Nanterre,Puteaux|Paris 17e,2,432,False,False,,3160,477,11
20260802T110238,A2,v3.4-search-json,2026-08-03T09:00,2026-08-03T20:00,1934713,https://fr.getaround.com/location-voiture/paris/peugeot-508-1934713,Peugeot 508 (2014),2014,Getaround Connect,BERLINE,SEGMENT_RULES,THERMIQUE,True,96.0,,,,Paris 17e,Paris,Paris 17e,1,432,False,False,,7320,714,11
20260802T110238,A2,v3.4-search-json,2026-08-03T09:00,2026-08-03T20:00,1916635,https://fr.getaround.com/location-voiture/paris/tesla-model-y-1916635,Tesla Model Y (2022),2022,Sur rendez-vous,SUV_FAMILIAL,SEGMENT_RULES,ELECTRIQUE,False,148.0,,,,Puteaux,Paris,Puteaux|Paris 17e,2,433,False,False,,6390,477,11
20260802T110238,A2,v3.4-search-json,2026-08-03T09:00,2026-08-03T20:00,653356,https://fr.getaround.com/location-voiture/paris/renault-clio-653356,Renault Clio (2017),2017,Getaround Connect,CITADINE,SEGMENT_RULES,THERMIQUE,True,67.0,,4.74,160,Paris 17e,Paris,Paris 17e,1,433,False,False,,7480,714,11
20260802T110238,A2,v3.4-search-json,2026-08-03T09:00,2026-08-03T20:00,1461054,https://fr.getaround.com/location-voiture/boulogne-billancourt/toyota-aygo-1461054,Toyota Aygo (2011),2011,Sur rendez-vous,MICRO_CITADINE,SEGMENT_RULES,THERMIQUE,False,115.0,,4.93,14,Puteaux,Boulogne Billancourt,Puteaux|Paris 17e,2,434,False,False,,6000,477,11
20260802T110238,A2,v3.4-search-json,2026-08-03T09:00,2026-08-03T20:00,766571,https://fr.getaround.com/location-voiture/maisons-laffitte/renault-clio-766571,Renault Clio (2018),2018,Sur rendez-vous,CITADINE,SEGMENT_RULES,THERMIQUE,False,72.0,,4.85,72,Puteaux,Maisons Laffitte,Puteaux,1,435,False,False,,9450,477,11
20260802T110238,A2,v3.4-search-json,2026-08-03T09:00,2026-08-03T20:00,1442842,https://fr.getaround.com/location-voiture/paris/citroen-c3-1442842,Citroen C3 (2023),2023,Getaround Connect,CITADINE,SEGMENT_RULES,THERMIQUE,True,77.0,,4.67,44,Paris 17e,Paris,Paris 17e,1,435,False,False,,5350,714,11
20260802T110238,A2,v3.4-search-json,2026-08-03T09:00,2026-08-03T20:00,948339,https://fr.getaround.com/location-voiture/paris/nissan-qashqai-948339,Nissan Qashqai (2016),2016,Sur rendez-vous,SUV_COMPACT,SEGMENT_RULES,THERMIQUE,False,85.0,,5.0,3,Puteaux,Paris,Puteaux|Paris 17e,2,436,False,False,,8109,477,11
20260802T110238,A2,v3.4-search-json,2026-08-03T09:00,2026-08-03T20:00,1322999,https://fr.getaround.com/location-voiture/paris/toyota-yaris-hybride-1322999,Toyota Yaris Hybride (2021),2021,Getaround Connect,CITADINE,SEGMENT_RULES,HYBRIDE,True,81.0,,4.66,44,Paris 17e,Paris,Paris 17e,1,436,False,False,,6720,714,11
20260802T110238,A2,v3.4-search-json,2026-08-03T09:00,2026-08-03T20:00,1156569,https://fr.getaround.com/location-voiture/colombes/mercedes-classe-a-1156569,Mercedes Classe A (2013),2013,Sur rendez-vous,COMPACTE,SEGMENT_RULES,THERMIQUE,False,172.0,,,,Puteaux,Colombes,Puteaux|Paris 17e,2,437,False,False,,2960,477,11
20260802T110238,A2,v3.4-search-json,2026-08-03T09:00,2026-08-03T20:00,1851245,https://fr.getaround.com/location-voiture/paris/renault-clio-1851245,Renault Clio (2018),2018,Getaround Connect,CITADINE,SEGMENT_RULES,THERMIQUE,True,64.0,,3.86,7,Paris 17e,Paris,Paris 17e,1,437,False,False,,6030,714,11
20260802T110238,A2,v3.4-search-json,2026-08-03T09:00,2026-08-03T20:00,495420,https://fr.getaround.com/location-voiture/clichy/citroen-c4-495420,Citroen C4 (2011),2011,Sur rendez-vous,COMPACTE,SEGMENT_RULES,THERMIQUE,False,78.0,,,,Puteaux,Clichy,Puteaux|Paris 17e,2,438,False,False,,4440,477,11
20260802T110238,A2,v3.4-search-json,2026-08-03T09:00,2026-08-03T20:00,1670801,https://fr.getaround.com/location-voiture/paris/peugeot-208-1670801,Peugeot 208 (2025),2025,Getaround Connect,CITADINE,SEGMENT_RULES,THERMIQUE,True,81.0,,4.17,18,Paris 17e,Paris,Paris 17e,1,438,False,False,,6630,714,11
20260802T110238,A2,v3.4-search-json,2026-08-03T09:00,2026-08-03T20:00,1457837,https://fr.getaround.com/location-voiture/boulogne-billancourt/smart-fortwo-cabriolet-1457837,Smart Fortwo Cabriolet (2017),2017,Sur rendez-vous,CABRIOLET,SEGMENT_RULES,THERMIQUE,False,86.0,,5.0,2,Puteaux,Boulogne Billancourt,Puteaux|Paris 17e,2,439,False,False,,5280,477,11
20260802T110238,A2,v3.4-search-json,2026-08-03T09:00,2026-08-03T20:00,1834784,https://fr.getaround.com/location-voiture/argenteuil/renault-clio-1834784,Renault Clio (2021),2021,Sur rendez-vous,CITADINE,SEGMENT_RULES,THERMIQUE,False,73.0,,,,Puteaux,Argenteuil,Puteaux,1,440,False,False,,6890,477,11
20260802T110238,A2,v3.4-search-json,2026-08-03T09:00,2026-08-03T20:00,1720938,https://fr.getaround.com/location-voiture/levallois-perret/renault-clio-1720938,Renault Clio (2013),2013,Sur rendez-vous,CITADINE,SEGMENT_RULES,THERMIQUE,False,71.0,,,,Puteaux,Levallois Perret,Puteaux|Paris 17e,2,441,False,False,,4280,477,12
20260802T110238,A2,v3.4-search-json,2026-08-03T09:00,2026-08-03T20:00,1463106,https://fr.getaround.com/location-voiture/clichy/bmw-x2-1463106,BMW X2 (2018),2018,Sur rendez-vous,SUV_FAMILIAL,SEGMENT_RULES,THERMIQUE,False,202.0,,,,Puteaux,Clichy,Puteaux|Paris 17e,2,442,False,False,,6090,477,12
20260802T110238,A2,v3.4-search-json,2026-08-03T09:00,2026-08-03T20:00,612510,https://fr.getaround.com/location-voiture/neuilly-sur-seine/bmw-serie-1-612510,BMW Série 1 (2018),2018,Sur rendez-vous,COMPACTE,SEGMENT_RULES,THERMIQUE,False,142.0,,5.0,1,Puteaux,Neuilly Sur Seine,Puteaux|Paris 17e,2,443,False,False,,2640,477,12
20260802T110238,A2,v3.4-search-json,2026-08-03T09:00,2026-08-03T20:00,1895433,https://fr.getaround.com/location-voiture/paris/peugeot-208-1895433,Peugeot 208 (2025),2025,Getaround Connect,CITADINE,SEGMENT_RULES,THERMIQUE,True,77.0,,5.0,2,Paris 17e,Paris,Paris 17e,1,443,False,False,,6230,714,12
20260802T110238,A2,v3.4-search-json,2026-08-03T09:00,2026-08-03T20:00,1773988,https://fr.getaround.com/location-voiture/colombes/volkswagen-polo-r-line-1773988,Volkswagen Polo R-Line (2022),2022,Sur rendez-vous,CITADINE,SEGMENT_RULES,THERMIQUE,False,125.0,,,,Puteaux,Colombes,Puteaux|Paris 17e,2,444,False,False,,3700,477,12
20260802T110238,A2,v3.4-search-json,2026-08-03T09:00,2026-08-03T20:00,1533284,https://fr.getaround.com/location-voiture/chatou/renault-clio-1533284,Renault Clio (2021),2021,Sur rendez-vous,CITADINE,SEGMENT_RULES,THERMIQUE,False,91.0,,,,Puteaux,Chatou,Puteaux,1,445,False,False,,5700,477,12
20260802T110238,A2,v3.4-search-json,2026-08-03T09:00,2026-08-03T20:00,1815342,https://fr.getaround.com/location-voiture/paris/dacia-logan-1815342,Dacia Logan (2015),2015,Getaround Connect,CITADINE,SEGMENT_RULES,THERMIQUE,True,66.0,,4.29,7,Paris 17e,Paris,Paris 17e,1,445,False,False,,6240,714,12
20260802T110238,A2,v3.4-search-json,2026-08-03T09:00,2026-08-03T20:00,767156,https://fr.getaround.com/location-voiture/maisons-laffitte/renault-clio-767156,Renault Clio (2019),2019,Sur rendez-vous,CITADINE,SEGMENT_RULES,THERMIQUE,False,69.0,,4.44,106,Puteaux,Maisons Laffitte,Puteaux,1,446,False,False,,9450,477,12
20260802T110238,A2,v3.4-search-json,2026-08-03T09:00,2026-08-03T20:00,1712452,https://fr.getaround.com/location-voiture/paris/renault-clio-1712452,Renault Clio (2018),2018,Getaround Connect,CITADINE,SEGMENT_RULES,THERMIQUE,True,67.0,,4.64,44,Paris 17e,Paris,Paris 17e,1,446,False,False,,7480,714,12
20260802T110238,A2,v3.4-search-json,2026-08-03T09:00,2026-08-03T20:00,1639801,https://fr.getaround.com/location-voiture/houilles/peugeot-308-1639801,Peugeot 308 (2012),2012,Sur rendez-vous,COMPACTE,SEGMENT_RULES,THERMIQUE,False,74.0,,,,Puteaux,Houilles,Puteaux,1,447,False,False,,5700,477,12
20260802T110238,A2,v3.4-search-json,2026-08-03T09:00,2026-08-03T20:00,1556530,https://fr.getaround.com/location-voiture/paris/toyota-corolla-hybride-1556530,Toyota Corolla Hybride (2020),2020,Getaround Connect,COMPACTE,SEGMENT_RULES,HYBRIDE,True,107.0,,4.76,48,Paris 17e,Paris,Paris 17e,1,447,False,False,,6160,714,12
20260802T110238,A2,v3.4-search-json,2026-08-03T09:00,2026-08-03T20:00,1437323,https://fr.getaround.com/location-voiture/houilles/peugeot-3008-1437323,Peugeot 3008 (2013),2013,Sur rendez-vous,SUV_FAMILIAL,SEGMENT_RULES,THERMIQUE,False,121.0,,,,Puteaux,Houilles,Puteaux,1,448,False,False,,5430,477,12
20260802T110238,A2,v3.4-search-json,2026-08-03T09:00,2026-08-03T20:00,1524455,https://fr.getaround.com/location-voiture/villeneuve-la-garenne/skoda-kamiq-1524455,Skoda Kamiq (2024),2024,Sur rendez-vous,SUV_COMPACT,SEGMENT_RULES,THERMIQUE,False,103.0,,4.67,3,Puteaux,Villeneuve La Garenne,Puteaux|Paris 17e,2,449,False,False,,8060,477,12
20260802T110238,A2,v3.4-search-json,2026-08-03T09:00,2026-08-03T20:00,1847744,https://fr.getaround.com/location-voiture/paris/renault-clio-1847744,Renault Clio (2025),2025,Getaround Connect,CITADINE,SEGMENT_RULES,THERMIQUE,True,81.0,,4.83,6,Paris 17e,Paris,Paris 17e,1,449,False,False,,6300,714,12
20260802T110238,A2,v3.4-search-json,2026-08-03T09:00,2026-08-03T20:00,1428328,https://fr.getaround.com/location-voiture/bezons/toyota-c-hr-1428328,Toyota C-HR (2018),2018,Sur rendez-vous,SUV_COMPACT,SEGMENT_RULES,THERMIQUE,False,86.0,,4.0,3,Puteaux,Bezons,Puteaux,1,450,False,False,,5540,477,12
20260802T110238,A2,v3.4-search-json,2026-08-03T09:00,2026-08-03T20:00,1811673,https://fr.getaround.com/location-voiture/paris/peugeot-e-2008-1811673,Peugeot e-2008 (2023),2023,Getaround Connect,SUV_COMPACT,SEGMENT_RULES,THERMIQUE,True,104.0,,5.0,5,Paris 17e,Paris,Paris 17e,1,450,False,False,,6850,714,12
20260802T110238,A2,v3.4-search-json,2026-08-03T09:00,2026-08-03T20:00,1932888,https://fr.getaround.com/location-voiture/paris/renault-kangoo-1932888,Renault Kangoo (2012),2012,Sur rendez-vous,UTILITAIRE,SEGMENT_RULES,THERMIQUE,False,75.0,,,,Puteaux,Paris,Puteaux|Paris 17e,2,451,False,False,,7430,477,12
20260802T110238,A2,v3.4-search-json,2026-08-03T09:00,2026-08-03T20:00,1679927,https://fr.getaround.com/location-voiture/bezons/nissan-micra-1679927,Nissan Micra (2017),2017,Sur rendez-vous,CITADINE,SEGMENT_RULES,THERMIQUE,False,79.0,,,,Puteaux,Bezons,Puteaux|Paris 17e,2,453,False,False,,5750,477,12
20260802T110238,A2,v3.4-search-json,2026-08-03T09:00,2026-08-03T20:00,552262,https://fr.getaround.com/location-voiture/la-celle-saint-cloud/fiat-500-552262,Fiat 500 (2018),2018,Sur rendez-vous,CITADINE,SEGMENT_RULES,THERMIQUE,False,103.0,,4.67,20,Puteaux,La Celle Saint Cloud,Puteaux,1,454,False,False,,7090,477,12
20260802T110238,A2,v3.4-search-json,2026-08-03T09:00,2026-08-03T20:00,559425,https://fr.getaround.com/location-voiture/la-celle-saint-cloud/fiat-500-559425,Fiat 500 (2018),2018,Sur rendez-vous,CITADINE,SEGMENT_RULES,THERMIQUE,False,103.0,,4.94,18,Puteaux,La Celle Saint Cloud,Puteaux,1,455,False,False,,7090,477,12
20260802T110238,A2,v3.4-search-json,2026-08-03T09:00,2026-08-03T20:00,1864308,https://fr.getaround.com/location-voiture/colombes/renault-clio-1864308,Renault Clio (2021),2021,Sur rendez-vous,CITADINE,SEGMENT_RULES,THERMIQUE,False,104.0,,5.0,1,Puteaux,Colombes,Puteaux|Paris 17e,2,456,False,False,,5190,477,12
20260802T110238,A2,v3.4-search-json,2026-08-03T09:00,2026-08-03T20:00,653354,https://fr.getaround.com/location-voiture/paris/fiat-500-653354,Fiat 500 (2016),2016,Getaround Connect,CITADINE,SEGMENT_RULES,THERMIQUE,True,68.0,,4.73,118,Paris 17e,Paris,Paris 17e,1,456,False,False,,7480,714,12
20260802T110238,A2,v3.4-search-json,2026-08-03T09:00,2026-08-03T20:00,1739099,https://fr.getaround.com/location-voiture/rueil-malmaison/renault-megane-1739099,Renault Mégane (2016),2016,Sur rendez-vous,COMPACTE,SEGMENT_RULES,THERMIQUE,False,108.0,,,,Puteaux,Rueil Malmaison,Puteaux,1,457,False,False,,4120,477,12
20260802T110238,A2,v3.4-search-json,2026-08-03T09:00,2026-08-03T20:00,1894570,https://fr.getaround.com/location-voiture/paris/toyota-yaris-hybride-1894570,Toyota Yaris Hybride (2021),2021,Getaround Connect,CITADINE,SEGMENT_RULES,HYBRIDE,True,81.0,,5.0,7,Paris 17e,Paris,Paris 17e,1,457,False,False,,7910,714,12
20260802T110238,A2,v3.4-search-json,2026-08-03T09:00,2026-08-03T20:00,454116,https://fr.getaround.com/location-voiture/paris/volkswagen-coccinelle-454116,Volkswagen Coccinelle (1971),1971,Sur rendez-vous,COLLECTION,SEGMENT_RULES,THERMIQUE,False,208.0,,5.0,11,Puteaux,Paris,Puteaux|Paris 17e,2,458,False,False,,8160,477,12
20260802T110238,A2,v3.4-search-json,2026-08-03T09:00,2026-08-03T20:00,100528,https://fr.getaround.com/location-voiture/maisons-laffitte/mg-b-cabriolet-100528,Mg B Cabriolet (1978),1978,Sur rendez-vous,CABRIOLET,SEGMENT_RULES,THERMIQUE,False,296.0,,4.94,18,Puteaux,Maisons Laffitte,Puteaux,1,459,False,False,,9720,477,12
20260802T110238,A2,v3.4-search-json,2026-08-03T09:00,2026-08-03T20:00,1563979,https://fr.getaround.com/location-voiture/paris/peugeot-208-1563979,Peugeot 208 (2020),2020,Getaround Connect,CITADINE,SEGMENT_RULES,THERMIQUE,True,76.0,,4.76,46,Paris 17e,Paris,Paris 17e,1,459,False,False,,6660,714,12
20260802T110238,A2,v3.4-search-json,2026-08-03T09:00,2026-08-03T20:00,1379338,https://fr.getaround.com/location-voiture/asnieres-sur-seine/ford-fiesta-1379338,Ford Fiesta (2015),2015,Sur rendez-vous,CITADINE,SEGMENT_RULES,THERMIQUE,False,90.0,,5.0,1,Puteaux,Asnieres Sur Seine,Puteaux|Paris 17e,2,460,False,False,,6490,477,12
20260802T110238,A2,v3.4-search-json,2026-08-03T09:00,2026-08-03T20:00,1139054,https://fr.getaround.com/location-voiture/paris/peugeot-2008-1139054,Peugeot 2008 (2021),2021,Getaround Connect,SUV_COMPACT,SEGMENT_RULES,THERMIQUE,True,70.0,,3.69,72,Paris 17e,Paris,Paris 17e,1,460,False,False,,6450,714,12
20260802T110238,A2,v3.4-search-json,2026-08-03T09:00,2026-08-03T20:00,1280421,https://fr.getaround.com/location-voiture/gennevilliers/smart-fortwo-cabriolet-1280421,Smart Fortwo Cabriolet (2014),2014,Sur rendez-vous,CABRIOLET,SEGMENT_RULES,THERMIQUE,False,76.0,,,,Puteaux,Gennevilliers,Puteaux|Paris 17e,2,461,False,False,,6270,477,12
20260802T110238,A2,v3.4-search-json,2026-08-03T09:00,2026-08-03T20:00,1097657,https://fr.getaround.com/location-voiture/paris/smart-fortwo-coupe-1097657,Smart Fortwo Coupé (2013),2013,Getaround Connect,MICRO_CITADINE,SEGMENT_RULES,THERMIQUE,True,58.0,,5.0,2,Paris 17e,Paris,Paris 17e,1,461,False,False,,7160,714,12
20260802T110238,A2,v3.4-search-json,2026-08-03T09:00,2026-08-03T20:00,1644598,https://fr.getaround.com/location-voiture/argenteuil/audi-a1-sportback-1644598,Audi A1 Sportback (2024),2024,Sur rendez-vous,CITADINE,SEGMENT_RULES,THERMIQUE,False,123.0,,,,Puteaux,Argenteuil,Puteaux,1,462,False,False,,7040,477,12
20260802T110238,A2,v3.4-search-json,2026-08-03T09:00,2026-08-03T20:00,1902921,https://fr.getaround.com/location-voiture/paris/skoda-fabia-combi-1902921,Skoda Fabia Combi (2015),2015,Getaround Connect,CITADINE,SEGMENT_RULES,THERMIQUE,True,86.0,,5.0,10,Paris 17e,Paris,Paris 17e,1,462,False,False,,4860,714,12
20260802T110238,A2,v3.4-search-json,2026-08-03T09:00,2026-08-03T20:00,1670820,https://fr.getaround.com/location-voiture/paris/peugeot-208-1670820,Peugeot 208 (2025),2025,Getaround Connect,CITADINE,SEGMENT_RULES,THERMIQUE,True,77.0,,3.16,32,Puteaux,Paris,Puteaux|Paris 17e,2,463,False,False,,8600,477,12
20260802T110238,A2,v3.4-search-json,2026-08-03T09:00,2026-08-03T20:00,1469522,https://fr.getaround.com/location-voiture/paris/fiat-500-x-1469522,Fiat 500 X (2017),2017,Getaround Connect,CITADINE,SEGMENT_RULES,THERMIQUE,True,76.0,,4.8,51,Paris 17e,Paris,Paris 17e,1,463,False,False,,7480,714,12
20260802T110238,A2,v3.4-search-json,2026-08-03T09:00,2026-08-03T20:00,1879181,https://fr.getaround.com/location-voiture/paris/land-rover-range-rover-evoque-1879181,Land-Rover Range Rover Evoque (2020),2020,Sur rendez-vous,SUV_FAMILIAL,SEGMENT_RULES,THERMIQUE,False,300.0,,5.0,1,Puteaux,Paris,Puteaux|Paris 17e,2,464,False,False,,3890,477,12
20260802T110238,A2,v3.4-search-json,2026-08-03T09:00,2026-08-03T20:00,1947429,https://fr.getaround.com/location-voiture/paris/citroen-c3-1947429,Citroen C3 (2016),2016,Sur rendez-vous,CITADINE,SEGMENT_RULES,THERMIQUE,False,36.0,,,,Paris 17e,Paris,Paris 17e,1,464,False,False,,3500,714,12
20260802T110238,A2,v3.4-search-json,2026-08-03T09:00,2026-08-03T20:00,1643102,https://fr.getaround.com/location-voiture/saint-ouen-sur-seine/peugeot-5008-1643102,Peugeot 5008 (2015),2015,Sur rendez-vous,MONOSPACE,SEGMENT_RULES,THERMIQUE,False,114.0,,3.0,1,Puteaux,Saint Ouen Sur Seine,Puteaux|Paris 17e,2,465,False,False,,7610,477,12
20260802T110238,A2,v3.4-search-json,2026-08-03T09:00,2026-08-03T20:00,1630749,https://fr.getaround.com/location-voiture/paris/renault-zoe-1630749,Renault ZOE (2018),2018,Getaround Connect,CITADINE,SEGMENT_RULES,ELECTRIQUE,True,67.0,,4.92,48,Paris 17e,Paris,Paris 17e,1,465,False,False,,7230,714,12
20260802T110238,A2,v3.4-search-json,2026-08-03T09:00,2026-08-03T20:00,1668556,https://fr.getaround.com/location-voiture/paris/citroen-c1-ii-1668556,Citroen C1 II (2018),2018,Sur rendez-vous,MICRO_CITADINE,SEGMENT_RULES,THERMIQUE,False,82.0,,,,Puteaux,Paris,Puteaux|Paris 17e,2,466,False,False,,6420,477,12
20260802T110238,A2,v3.4-search-json,2026-08-03T09:00,2026-08-03T20:00,1349897,https://fr.getaround.com/location-voiture/paris/toyota-yaris-hybride-1349897,Toyota Yaris Hybride (2020),2020,Getaround Connect,CITADINE,SEGMENT_RULES,HYBRIDE,True,81.0,,4.84,53,Paris 17e,Paris,Paris 17e,1,466,False,False,,6710,714,12
20260802T110238,A2,v3.4-search-json,2026-08-03T09:00,2026-08-03T20:00,763159,https://fr.getaround.com/location-voiture/maisons-laffitte/citroen-c3-763159,Citroen C3 (2019),2019,Sur rendez-vous,CITADINE,SEGMENT_RULES,THERMIQUE,False,134.0,,4.77,79,Puteaux,Maisons Laffitte,Puteaux,1,467,False,False,,9450,477,12
20260802T110238,A2,v3.4-search-json,2026-08-03T09:00,2026-08-03T20:00,1745559,https://fr.getaround.com/location-voiture/argenteuil/peugeot-308-1745559,Peugeot 308 (2023),2023,Sur rendez-vous,COMPACTE,SEGMENT_RULES,THERMIQUE,False,139.0,,,,Puteaux,Argenteuil,Puteaux|Paris 17e,2,468,False,False,,5730,477,12
20260802T110238,A2,v3.4-search-json,2026-08-03T09:00,2026-08-03T20:00,1638372,https://fr.getaround.com/location-voiture/paris/peugeot-308-sw-1638372,Peugeot 308 SW (2019),2019,Sur rendez-vous,BREAK,SEGMENT_RULES,THERMIQUE,False,197.0,,,,Puteaux,Paris,Puteaux|Paris 17e,2,469,False,False,,7530,477,12
20260802T110238,A2,v3.4-search-json,2026-08-03T09:00,2026-08-03T20:00,1349883,https://fr.getaround.com/location-voiture/paris/toyota-yaris-hybride-1349883,Toyota Yaris Hybride (2022),2022,Getaround Connect,CITADINE,SEGMENT_RULES,HYBRIDE,True,81.0,,4.89,53,Paris 17e,Paris,Paris 17e,1,469,False,False,,7320,714,12
20260802T110238,A2,v3.4-search-json,2026-08-03T09:00,2026-08-03T20:00,1308958,https://fr.getaround.com/location-voiture/clichy/smart-fortwo-cabriolet-1308958,Smart Fortwo Cabriolet (2016),2016,Sur rendez-vous,CABRIOLET,SEGMENT_RULES,THERMIQUE,False,140.0,,,,Puteaux,Clichy,Puteaux|Paris 17e,2,470,False,False,,5360,477,12
20260802T110238,A2,v3.4-search-json,2026-08-03T09:00,2026-08-03T20:00,1881883,https://fr.getaround.com/location-voiture/paris/peugeot-2008-1881883,Peugeot 2008 (2026),2026,Getaround Connect,SUV_COMPACT,SEGMENT_RULES,THERMIQUE,True,107.0,,4.6,5,Paris 17e,Paris,Paris 17e,1,470,False,False,,4380,714,12
20260802T110238,A2,v3.4-search-json,2026-08-03T09:00,2026-08-03T20:00,1481047,https://fr.getaround.com/location-voiture/sartrouville/bmw-x1-1481047,BMW X1 (2017),2017,Sur rendez-vous,SUV_FAMILIAL,SEGMENT_RULES,THERMIQUE,False,211.0,,,,Puteaux,Sartrouville,Puteaux,1,471,False,False,,7220,477,12
20260802T110238,A2,v3.4-search-json,2026-08-03T09:00,2026-08-03T20:00,1803883,https://fr.getaround.com/location-voiture/houilles/peugeot-2008-1803883,Peugeot 2008 (2024),2024,Sur rendez-vous,SUV_COMPACT,SEGMENT_RULES,THERMIQUE,False,93.0,,1.0,1,Puteaux,Houilles,Puteaux,1,472,False,False,,5860,477,12
20260802T110238,A2,v3.4-search-json,2026-08-03T09:00,2026-08-03T20:00,152547,https://fr.getaround.com/location-voiture/paris/citroen-ds20-152547,Citroen DS20 (1973),1973,Sur rendez-vous,COLLECTION,SEGMENT_RULES,THERMIQUE,False,415.0,,5.0,1,Puteaux,Paris,Puteaux|Paris 17e,2,473,False,False,,7450,477,12
20260802T110238,A2,v3.4-search-json,2026-08-03T09:00,2026-08-03T20:00,1698708,https://fr.getaround.com/location-voiture/paris/renault-zoe-1698708,Renault ZOE (2019),2019,Getaround Connect,CITADINE,SEGMENT_RULES,ELECTRIQUE,True,68.0,,4.0,5,Puteaux,Paris,Puteaux|Paris 17e,2,474,False,False,,5870,477,12
20260802T110238,A2,v3.4-search-json,2026-08-03T09:00,2026-08-03T20:00,1904439,https://fr.getaround.com/location-voiture/paris/renault-zoe-1904439,Renault ZOE (2020),2020,Getaround Connect,CITADINE,SEGMENT_RULES,ELECTRIQUE,True,72.0,,5.0,2,Paris 17e,Paris,Paris 17e,1,474,False,False,,5590,714,12
20260802T110238,A2,v3.4-search-json,2026-08-03T09:00,2026-08-03T20:00,1671722,https://fr.getaround.com/location-voiture/paris/renault-zoe-1671722,Renault ZOE (2019),2019,Getaround Connect,CITADINE,SEGMENT_RULES,ELECTRIQUE,True,67.0,,2.25,4,Puteaux,Paris,Puteaux|Paris 17e,2,475,False,False,,6020,477,12
20260802T110238,A2,v3.4-search-json,2026-08-03T09:00,2026-08-03T20:00,1807321,https://fr.getaround.com/location-voiture/paris/citroen-c3-1807321,Citroen C3 (2018),2018,Getaround Connect,CITADINE,SEGMENT_RULES,THERMIQUE,True,69.0,,5.0,4,Paris 17e,Paris,Paris 17e,1,475,False,False,,6730,714,12
20260802T110238,A2,v3.4-search-json,2026-08-03T09:00,2026-08-03T20:00,1682168,https://fr.getaround.com/location-voiture/paris/bmw-serie-1-1682168,BMW Série 1 (2025),2025,Sur rendez-vous,COMPACTE,SEGMENT_RULES,THERMIQUE,False,165.0,,1.0,1,Puteaux,Paris,Puteaux|Paris 17e,2,476,False,False,,7550,477,12
20260802T110238,A2,v3.4-search-json,2026-08-03T09:00,2026-08-03T20:00,1501900,https://fr.getaround.com/location-voiture/paris/peugeot-5008-1501900,Peugeot 5008 (2020),2020,Sur rendez-vous,MONOSPACE,SEGMENT_RULES,THERMIQUE,False,323.0,,1.0,1,Puteaux,Paris,Puteaux|Paris 17e,2,477,False,False,,5540,477,12
20260802T110238,A2,v3.4-search-json,2026-08-03T09:00,2026-08-03T20:00,1776890,https://fr.getaround.com/location-voiture/charenton-le-pont/dacia-sandero-1776890,Dacia Sandero (2015),2015,Getaround Connect,CITADINE,SEGMENT_RULES,THERMIQUE,True,54.0,,5.0,6,Paris 17e,Charenton Le Pont,Paris 17e,1,477,False,False,,9010,714,12
20260802T110238,A2,v3.4-search-json,2026-08-03T09:00,2026-08-03T20:00,1929064,https://fr.getaround.com/location-voiture/paris/renault-captur-1929064,Renault Captur (2017),2017,Sur rendez-vous,SUV_COMPACT,SEGMENT_RULES,THERMIQUE,False,57.0,,5.0,3,Paris 17e,Paris,Paris 17e,1,479,False,False,,5640,714,12
20260802T110238,A2,v3.4-search-json,2026-08-03T09:00,2026-08-03T20:00,1932183,https://fr.getaround.com/location-voiture/saint-denis/renault-espace-1932183,Renault Espace (2016),2016,Sur rendez-vous,MONOSPACE,SEGMENT_RULES,THERMIQUE,False,137.0,,5.0,1,Paris 17e,Saint Denis,Paris 17e,1,482,False,False,,6170,714,13
20260802T110238,A2,v3.4-search-json,2026-08-03T09:00,2026-08-03T20:00,1259582,https://fr.getaround.com/location-voiture/paris/peugeot-2008-1259582,Peugeot 2008 (2023),2023,Getaround Connect,SUV_COMPACT,SEGMENT_RULES,THERMIQUE,True,85.0,,4.6,57,Paris 17e,Paris,Paris 17e,1,484,False,False,,6420,714,13
20260802T110238,A2,v3.4-search-json,2026-08-03T09:00,2026-08-03T20:00,1873155,https://fr.getaround.com/location-voiture/paris/peugeot-208-1873155,Peugeot 208 (2022),2022,Getaround Connect,CITADINE,SEGMENT_RULES,THERMIQUE,True,86.0,,4.64,11,Paris 17e,Paris,Paris 17e,1,486,False,False,,6380,714,13
20260802T110238,A2,v3.4-search-json,2026-08-03T09:00,2026-08-03T20:00,742356,https://fr.getaround.com/location-voiture/paris/renault-modus-742356,Renault Modus (2012),2012,Getaround Connect,MONOSPACE,SEGMENT_RULES,THERMIQUE,True,58.0,,4.33,67,Paris 17e,Paris,Paris 17e,1,491,False,False,,4370,714,13
20260802T110238,A2,v3.4-search-json,2026-08-03T09:00,2026-08-03T20:00,1753195,https://fr.getaround.com/location-voiture/paris/renault-clio-1753195,Renault Clio (2018),2018,Getaround Connect,CITADINE,SEGMENT_RULES,THERMIQUE,True,83.0,,5.0,25,Paris 17e,Paris,Paris 17e,1,492,False,False,,5810,714,13
20260802T110238,A2,v3.4-search-json,2026-08-03T09:00,2026-08-03T20:00,1937269,https://fr.getaround.com/location-voiture/paris/renault-talisman-1937269,Renault Talisman (2018),2018,Sur rendez-vous,BERLINE,SEGMENT_RULES,THERMIQUE,False,89.0,,,,Paris 17e,Paris,Paris 17e,1,494,False,False,,6330,714,13
20260802T110238,A2,v3.4-search-json,2026-08-03T09:00,2026-08-03T20:00,1589881,https://fr.getaround.com/location-voiture/paris/peugeot-2008-1589881,Peugeot 2008 (2023),2023,Getaround Connect,SUV_COMPACT,SEGMENT_RULES,THERMIQUE,True,75.0,,4.14,33,Paris 17e,Paris,Paris 17e,1,495,False,False,,6870,714,13
20260802T110238,A2,v3.4-search-json,2026-08-03T09:00,2026-08-03T20:00,1427143,https://fr.getaround.com/location-voiture/paris/toyota-yaris-hybride-1427143,Toyota Yaris Hybride (2021),2021,Getaround Connect,CITADINE,SEGMENT_RULES,HYBRIDE,True,81.0,,4.57,65,Paris 17e,Paris,Paris 17e,1,496,False,False,,7810,714,13
20260802T110238,A2,v3.4-search-json,2026-08-03T09:00,2026-08-03T20:00,1895708,https://fr.getaround.com/location-voiture/paris/renault-arkana-e-tech-1895708,Renault Arkana E-Tech (2021),2021,Sur rendez-vous,COMPACTE,SEGMENT_RULES,ELECTRIQUE,False,105.0,,,,Paris 17e,Paris,Paris 17e,1,497,False,False,,7520,714,13
20260802T110238,A2,v3.4-search-json,2026-08-03T09:00,2026-08-03T20:00,1782079,https://fr.getaround.com/location-voiture/paris/mini-countryman-1782079,Mini Countryman (2012),2012,Sur rendez-vous,SUV_FAMILIAL,SEGMENT_RULES,THERMIQUE,False,86.0,,5.0,4,Paris 17e,Paris,Paris 17e,1,500,False,False,,6470,714,13
20260802T110238,A2,v3.4-search-json,2026-08-03T09:00,2026-08-03T20:00,1542070,https://fr.getaround.com/location-voiture/paris/toyota-yaris-hybride-1542070,Toyota Yaris Hybride (2022),2022,Getaround Connect,CITADINE,SEGMENT_RULES,HYBRIDE,True,91.0,,4.69,59,Paris 17e,Paris,Paris 17e,1,502,False,False,,5830,714,13
20260802T110238,A2,v3.4-search-json,2026-08-03T09:00,2026-08-03T20:00,1427176,https://fr.getaround.com/location-voiture/paris/toyota-yaris-hybride-1427176,Toyota Yaris Hybride (2022),2022,Getaround Connect,CITADINE,SEGMENT_RULES,HYBRIDE,True,81.0,,4.75,63,Paris 17e,Paris,Paris 17e,1,506,False,False,,7320,714,13
20260802T110238,A2,v3.4-search-json,2026-08-03T09:00,2026-08-03T20:00,1755605,https://fr.getaround.com/location-voiture/paris/renault-captur-1755605,Renault Captur (2024),2024,Getaround Connect,SUV_COMPACT,SEGMENT_RULES,THERMIQUE,True,81.0,,4.13,15,Paris 17e,Paris,Paris 17e,1,507,False,False,,5270,714,13
20260802T110238,A2,v3.4-search-json,2026-08-03T09:00,2026-08-03T20:00,1631660,https://fr.getaround.com/location-voiture/paris/opel-corsa-1631660,Opel Corsa (2024),2024,Getaround Connect,CITADINE,SEGMENT_RULES,THERMIQUE,True,81.0,,4.72,32,Paris 17e,Paris,Paris 17e,1,508,False,False,,5580,714,13
20260802T110238,A2,v3.4-search-json,2026-08-03T09:00,2026-08-03T20:00,1695114,https://fr.getaround.com/location-voiture/paris/citroen-c3-1695114,Citroen C3 (2023),2023,Getaround Connect,CITADINE,SEGMENT_RULES,THERMIQUE,True,50.0,,4.15,13,Paris 17e,Paris,Paris 17e,1,509,False,False,,7890,714,13
20260802T110238,A2,v3.4-search-json,2026-08-03T09:00,2026-08-03T20:00,1780188,https://fr.getaround.com/location-voiture/paris/citroen-c3-1780188,Citroen C3 (2020),2020,Getaround Connect,CITADINE,SEGMENT_RULES,THERMIQUE,True,52.0,,3.93,14,Paris 17e,Paris,Paris 17e,1,510,False,False,,8650,714,13
20260802T110238,A2,v3.4-search-json,2026-08-03T09:00,2026-08-03T20:00,1871547,https://fr.getaround.com/location-voiture/paris/renault-clio-1871547,Renault Clio (2021),2021,Getaround Connect,CITADINE,SEGMENT_RULES,THERMIQUE,True,80.0,,4.83,12,Paris 17e,Paris,Paris 17e,1,511,False,False,,6380,714,13
20260802T110238,A2,v3.4-search-json,2026-08-03T09:00,2026-08-03T20:00,1933027,https://fr.getaround.com/location-voiture/paris/peugeot-5008-1933027,Peugeot 5008 (2014),2014,Sur rendez-vous,MONOSPACE,SEGMENT_RULES,THERMIQUE,False,121.0,,,,Paris 17e,Paris,Paris 17e,1,512,False,False,,6500,714,13
20260802T110238,A2,v3.4-search-json,2026-08-03T09:00,2026-08-03T20:00,1139897,https://fr.getaround.com/location-voiture/paris/renault-scenic-1139897,Renault Scenic (2016),2016,Getaround Connect,MONOSPACE,SEGMENT_RULES,THERMIQUE,True,78.0,,4.54,34,Paris 17e,Paris,Paris 17e,1,515,False,False,,5450,714,13
20260802T110238,A2,v3.4-search-json,2026-08-03T09:00,2026-08-03T20:00,1796631,https://fr.getaround.com/location-voiture/paris/mg-hs-phev-1796631,MG HS PHEV (2025),2025,Sur rendez-vous,SUV_FAMILIAL,SEGMENT_RULES,THERMIQUE,False,117.0,,,,Paris 17e,Paris,Paris 17e,1,516,False,False,,4340,714,13
20260802T110238,A2,v3.4-search-json,2026-08-03T09:00,2026-08-03T20:00,1556496,https://fr.getaround.com/location-voiture/paris/toyota-yaris-hybride-1556496,Toyota Yaris Hybride (2022),2022,Getaround Connect,CITADINE,SEGMENT_RULES,HYBRIDE,True,81.0,,4.54,46,Paris 17e,Paris,Paris 17e,1,518,False,False,,7810,714,13
20260802T110238,A2,v3.4-search-json,2026-08-03T09:00,2026-08-03T20:00,1634367,https://fr.getaround.com/location-voiture/paris/opel-corsa-1634367,Opel Corsa (2024),2024,Getaround Connect,CITADINE,SEGMENT_RULES,THERMIQUE,True,81.0,,4.71,34,Paris 17e,Paris,Paris 17e,1,520,False,False,,5580,714,13
20260802T110238,A2,v3.4-search-json,2026-08-03T09:00,2026-08-03T20:00,1870094,https://fr.getaround.com/location-voiture/paris/dacia-sandero-stepway-1870094,Dacia Sandero Stepway (2017),2017,Getaround Connect,CITADINE,SEGMENT_RULES,THERMIQUE,True,60.0,,4.33,6,Paris 17e,Paris,Paris 17e,1,524,False,False,,8360,714,14
20260802T110238,A2,v3.4-search-json,2026-08-03T09:00,2026-08-03T20:00,1606446,https://fr.getaround.com/location-voiture/paris/toyota-corolla-hybride-1606446,Toyota Corolla Hybride (2019),2019,Getaround Connect,COMPACTE,SEGMENT_RULES,HYBRIDE,True,85.0,,4.69,8,Paris 17e,Paris,Paris 17e,1,525,False,False,,7680,714,14
20260802T110238,A2,v3.4-search-json,2026-08-03T09:00,2026-08-03T20:00,1703257,https://fr.getaround.com/location-voiture/paris/citroen-c4-cactus-1703257,Citroen C4 Cactus (2013),2013,Sur rendez-vous,COMPACTE,SEGMENT_RULES,THERMIQUE,False,40.0,,5.0,3,Paris 17e,Paris,Paris 17e,1,527,False,False,,6230,714,14
20260802T110238,A2,v3.4-search-json,2026-08-03T09:00,2026-08-03T20:00,1629798,https://fr.getaround.com/location-voiture/paris/renault-clio-1629798,Renault Clio (2024),2024,Getaround Connect,CITADINE,SEGMENT_RULES,THERMIQUE,True,77.0,,4.77,31,Paris 17e,Paris,Paris 17e,1,529,False,False,,6770,714,14
20260802T110238,A2,v3.4-search-json,2026-08-03T09:00,2026-08-03T20:00,1326257,https://fr.getaround.com/location-voiture/saint-denis/renault-clio-1326257,Renault Clio (2012),2012,Getaround Connect,CITADINE,SEGMENT_RULES,THERMIQUE,True,64.0,,4.88,17,Paris 17e,Saint Denis,Paris 17e,1,531,False,False,,8610,714,14
20260802T110238,A2,v3.4-search-json,2026-08-03T09:00,2026-08-03T20:00,1671367,https://fr.getaround.com/location-voiture/paris/peugeot-308-1671367,Peugeot 308 (2020),2020,Getaround Connect,COMPACTE,SEGMENT_RULES,THERMIQUE,True,58.0,,3.45,20,Paris 17e,Paris,Paris 17e,1,532,False,False,,6250,714,14
20260802T110238,A2,v3.4-search-json,2026-08-03T09:00,2026-08-03T20:00,1756738,https://fr.getaround.com/location-voiture/paris/renault-clio-1756738,Renault Clio (2024),2024,Getaround Connect,CITADINE,SEGMENT_RULES,THERMIQUE,True,70.0,,3.86,14,Paris 17e,Paris,Paris 17e,1,533,False,False,,7580,714,14
20260802T110238,A2,v3.4-search-json,2026-08-03T09:00,2026-08-03T20:00,689358,https://fr.getaround.com/location-voiture/paris/renault-clio-estate-689358,Renault Clio Estate (2018),2018,Getaround Connect,BREAK,SEGMENT_RULES,THERMIQUE,True,59.0,,3.9,157,Paris 17e,Paris,Paris 17e,1,535,False,False,,6750,714,14
20260802T110238,A2,v3.4-search-json,2026-08-03T09:00,2026-08-03T20:00,1291666,https://fr.getaround.com/location-voiture/paris/toyota-yaris-hybride-1291666,Toyota Yaris Hybride (2022),2022,Getaround Connect,CITADINE,SEGMENT_RULES,HYBRIDE,True,81.0,,4.6,52,Paris 17e,Paris,Paris 17e,1,536,False,False,,8070,714,14
20260802T110238,A2,v3.4-search-json,2026-08-03T09:00,2026-08-03T20:00,1631645,https://fr.getaround.com/location-voiture/paris/opel-corsa-1631645,Opel Corsa (2024),2024,Getaround Connect,CITADINE,SEGMENT_RULES,THERMIQUE,True,75.0,,4.55,29,Paris 17e,Paris,Paris 17e,1,537,False,False,,6580,714,14
20260802T110238,A2,v3.4-search-json,2026-08-03T09:00,2026-08-03T20:00,1540612,https://fr.getaround.com/location-voiture/paris/mercedes-benz-classe-c-coupe-1540612,Mercedes-Benz Classe C Coupé (2013),2013,Sur rendez-vous,BERLINE,SEGMENT_RULES,THERMIQUE,False,115.0,,5.0,2,Paris 17e,Paris,Paris 17e,1,539,False,False,,5730,714,14
20260802T110238,A2,v3.4-search-json,2026-08-03T09:00,2026-08-03T20:00,1363193,https://fr.getaround.com/location-voiture/paris/renault-clio-e-tech-1363193,Renault Clio E-tech (2020),2020,Getaround Connect,CITADINE,SEGMENT_RULES,ELECTRIQUE,True,76.0,,4.22,32,Paris 17e,Paris,Paris 17e,1,540,False,False,,7190,714,14
20260802T110238,A2,v3.4-search-json,2026-08-03T09:00,2026-08-03T20:00,1203959,https://fr.getaround.com/location-voiture/paris/smart-fortwo-coupe-1203959,Smart Fortwo Coupé (2013),2013,Sur rendez-vous,MICRO_CITADINE,SEGMENT_RULES,THERMIQUE,True,65.0,,4.81,18,Paris 17e,Paris,Paris 17e,1,542,False,False,,7160,714,14
20260802T110238,A2,v3.4-search-json,2026-08-03T09:00,2026-08-03T20:00,1400060,https://fr.getaround.com/location-voiture/paris/ford-fiesta-1400060,Ford Fiesta (2024),2024,Getaround Connect,CITADINE,SEGMENT_RULES,THERMIQUE,True,70.0,,4.47,17,Paris 17e,Paris,Paris 17e,1,543,False,False,,8090,714,14
20260802T110238,A2,v3.4-search-json,2026-08-03T09:00,2026-08-03T20:00,1839966,https://fr.getaround.com/location-voiture/paris/lexus-ux-250h-1839966,Lexus UX 250h (2019),2019,Sur rendez-vous,SUV_COMPACT,SEGMENT_RULES,THERMIQUE,False,132.0,,,,Paris 17e,Paris,Paris 17e,1,544,False,False,,4310,714,14
20260802T110238,A2,v3.4-search-json,2026-08-03T09:00,2026-08-03T20:00,1491312,https://fr.getaround.com/location-voiture/paris/renault-clio-e-tech-1491312,Renault Clio E-tech (2021),2021,Getaround Connect,CITADINE,SEGMENT_RULES,ELECTRIQUE,True,76.0,,4.5,27,Paris 17e,Paris,Paris 17e,1,545,False,False,,7720,714,14
20260802T110238,A2,v3.4-search-json,2026-08-03T09:00,2026-08-03T20:00,1211690,https://fr.getaround.com/location-voiture/saint-denis/renault-espace-1211690,Renault Espace (2015),2015,Sur rendez-vous,MONOSPACE,SEGMENT_RULES,THERMIQUE,False,116.0,,4.93,22,Paris 17e,Saint Denis,Paris 17e,1,546,False,False,,6300,714,14
20260802T110238,A2,v3.4-search-json,2026-08-03T09:00,2026-08-03T20:00,1632671,https://fr.getaround.com/location-voiture/paris/renault-twingo-iii-1632671,Renault Twingo III (2018),2018,Getaround Connect,CITADINE,SEGMENT_RULES,THERMIQUE,True,70.0,,4.93,28,Paris 17e,Paris,Paris 17e,1,548,False,False,,7590,714,14
20260802T110238,A2,v3.4-search-json,2026-08-03T09:00,2026-08-03T20:00,1699336,https://fr.getaround.com/location-voiture/paris/opel-crossland-1699336,Opel Crossland (2023),2023,Getaround Connect,SUV_COMPACT,SEGMENT_RULES,THERMIQUE,True,50.0,,1.8,10,Paris 17e,Paris,Paris 17e,1,549,False,False,,2830,714,14
20260802T110238,A2,v3.4-search-json,2026-08-03T09:00,2026-08-03T20:00,1644581,https://fr.getaround.com/location-voiture/paris/renault-clio-1644581,Renault Clio (2015),2015,Getaround Connect,CITADINE,SEGMENT_RULES,THERMIQUE,True,73.0,,4.46,13,Paris 17e,Paris,Paris 17e,1,550,False,False,,6760,714,14
20260802T110238,A2,v3.4-search-json,2026-08-03T09:00,2026-08-03T20:00,1795427,https://fr.getaround.com/location-voiture/paris/renault-clio-1795427,Renault Clio (2019),2019,Getaround Connect,CITADINE,SEGMENT_RULES,THERMIQUE,True,72.0,,4.81,21,Paris 17e,Paris,Paris 17e,1,551,False,False,,7480,714,14
20260802T110238,A2,v3.4-search-json,2026-08-03T09:00,2026-08-03T20:00,1709215,https://fr.getaround.com/location-voiture/paris/citroen-c4-grand-picasso-1709215,Citroen C4 Grand Picasso (2016),2016,Getaround Connect,COMPACTE,SEGMENT_RULES,THERMIQUE,True,99.0,,4.5,16,Paris 17e,Paris,Paris 17e,1,552,False,False,,7190,714,14
20260802T110238,A2,v3.4-search-json,2026-08-03T09:00,2026-08-03T20:00,1929307,https://fr.getaround.com/location-voiture/pantin/volkswagen-polo-1929307,Volkswagen Polo (2012),2012,Sur rendez-vous,CITADINE,SEGMENT_RULES,THERMIQUE,False,69.0,,5.0,1,Paris 17e,Pantin,Paris 17e,1,553,False,False,,6880,714,14
20260802T110238,A2,v3.4-search-json,2026-08-03T09:00,2026-08-03T20:00,1820372,https://fr.getaround.com/location-voiture/saint-denis/hyundai-i20-1820372,Hyundai i20 (2012),2012,Sur rendez-vous,CITADINE,SEGMENT_RULES,THERMIQUE,False,63.0,,4.6,5,Paris 17e,Saint Denis,Paris 17e,1,554,False,False,,5060,714,14
20260802T110238,A2,v3.4-search-json,2026-08-03T09:00,2026-08-03T20:00,1237239,https://fr.getaround.com/location-voiture/paris/peugeot-2008-1237239,Peugeot 2008 (2023),2023,Getaround Connect,SUV_COMPACT,SEGMENT_RULES,THERMIQUE,True,82.0,,4.58,37,Paris 17e,Paris,Paris 17e,1,555,False,False,,7520,714,14
20260802T110238,A2,v3.4-search-json,2026-08-03T09:00,2026-08-03T20:00,1414996,https://fr.getaround.com/location-voiture/charenton-le-pont/citroen-c4-grand-picasso-1414996,Citroen C4 Grand Picasso (2014),2014,Getaround Connect,COMPACTE,SEGMENT_RULES,THERMIQUE,True,95.0,,4.72,41,Paris 17e,Charenton Le Pont,Paris 17e,1,556,False,False,,8920,714,14
20260802T110238,A2,v3.4-search-json,2026-08-03T09:00,2026-08-03T20:00,1816171,https://fr.getaround.com/location-voiture/paris/renault-zoe-1816171,Renault ZOE (2019),2019,Getaround Connect,CITADINE,SEGMENT_RULES,ELECTRIQUE,True,67.0,,5.0,6,Paris 17e,Paris,Paris 17e,1,562,False,False,,7320,714,15
20260802T110238,A2,v3.4-search-json,2026-08-03T09:00,2026-08-03T20:00,1926987,https://fr.getaround.com/location-voiture/paris/kia-e-niro-1926987,Kia e-Niro (2020),2020,Sur rendez-vous,SUV_COMPACT,SEGMENT_RULES,HYBRIDE,False,105.0,,,,Paris 17e,Paris,Paris 17e,1,563,False,False,,7250,714,15
20260802T110238,A2,v3.4-search-json,2026-08-03T09:00,2026-08-03T20:00,1231863,https://fr.getaround.com/location-voiture/paris/peugeot-2008-1231863,Peugeot 2008 (2023),2023,Getaround Connect,SUV_COMPACT,SEGMENT_RULES,THERMIQUE,True,86.0,,4.73,47,Paris 17e,Paris,Paris 17e,1,565,False,False,,7580,714,15
20260802T110238,A2,v3.4-search-json,2026-08-03T09:00,2026-08-03T20:00,1832293,https://fr.getaround.com/location-voiture/malakoff/citroen-c3-1832293,Citroen C3 (2021),2021,Getaround Connect,CITADINE,SEGMENT_RULES,THERMIQUE,True,74.0,,4.13,15,Paris 17e,Malakoff,Paris 17e,1,566,False,False,,6900,714,15
20260802T110238,A2,v3.4-search-json,2026-08-03T09:00,2026-08-03T20:00,1631658,https://fr.getaround.com/location-voiture/paris/opel-corsa-1631658,Opel Corsa (2024),2024,Getaround Connect,CITADINE,SEGMENT_RULES,THERMIQUE,True,81.0,,4.76,34,Paris 17e,Paris,Paris 17e,1,570,False,False,,6930,714,15
20260802T110238,A2,v3.4-search-json,2026-08-03T09:00,2026-08-03T20:00,1343756,https://fr.getaround.com/location-voiture/paris/skoda-citigo-1343756,Skoda Citigo (2013),2013,Getaround Connect,CITADINE,SEGMENT_RULES,THERMIQUE,True,68.0,,4.5,30,Paris 17e,Paris,Paris 17e,1,571,False,False,,6760,714,15
20260802T110238,A2,v3.4-search-json,2026-08-03T09:00,2026-08-03T20:00,1903503,https://fr.getaround.com/location-voiture/paris/ford-kuga-1903503,Ford Kuga (2024),2024,Sur rendez-vous,SUV_FAMILIAL,SEGMENT_RULES,THERMIQUE,False,140.0,,,,Paris 17e,Paris,Paris 17e,1,574,False,False,,2970,714,15
20260802T110238,A2,v3.4-search-json,2026-08-03T09:00,2026-08-03T20:00,1920131,https://fr.getaround.com/location-voiture/aubervilliers/peugeot-208-1920131,Peugeot 208 (2024),2024,Sur rendez-vous,CITADINE,SEGMENT_RULES,THERMIQUE,False,73.0,,5.0,3,Paris 17e,Aubervilliers,Paris 17e,1,577,False,False,,6390,714,15
20260802T110238,A2,v3.4-search-json,2026-08-03T09:00,2026-08-03T20:00,1221537,https://fr.getaround.com/location-voiture/paris/citroen-c4-spacetourer-1221537,Citroen C4 Spacetourer (2019),2019,Sur rendez-vous,COMPACTE,SEGMENT_RULES,THERMIQUE,False,98.0,,4.44,16,Paris 17e,Paris,Paris 17e,1,578,False,False,,3140,714,15
20260802T110238,A2,v3.4-search-json,2026-08-03T09:00,2026-08-03T20:00,1818315,https://fr.getaround.com/location-voiture/paris/opel-corsa-f-1818315,Opel Corsa F (2019),2019,Getaround Connect,CITADINE,SEGMENT_RULES,THERMIQUE,True,86.0,,5.0,8,Paris 17e,Paris,Paris 17e,1,581,False,False,,5680,714,15
20260802T110238,A2,v3.4-search-json,2026-08-03T09:00,2026-08-03T20:00,1709213,https://fr.getaround.com/location-voiture/paris/citroen-c4-grand-picasso-1709213,Citroen C4 Grand Picasso (2017),2017,Getaround Connect,COMPACTE,SEGMENT_RULES,THERMIQUE,True,101.0,,4.69,16,Paris 17e,Paris,Paris 17e,1,582,False,False,,7190,714,15
20260802T110238,A2,v3.4-search-json,2026-08-03T09:00,2026-08-03T20:00,1590110,https://fr.getaround.com/location-voiture/paris/renault-twingo-iii-1590110,Renault Twingo III (2016),2016,Getaround Connect,CITADINE,SEGMENT_RULES,THERMIQUE,True,58.0,,3.2,5,Paris 17e,Paris,Paris 17e,1,583,False,False,,4220,714,15
20260802T110238,A2,v3.4-search-json,2026-08-03T09:00,2026-08-03T20:00,1857107,https://fr.getaround.com/location-voiture/paris/renault-grand-scenic-1857107,Renault Grand Scenic (2015),2015,Getaround Connect,MONOSPACE,SEGMENT_RULES,THERMIQUE,True,104.0,,5.0,6,Paris 17e,Paris,Paris 17e,1,584,False,False,,6440,714,15
20260802T110238,A2,v3.4-search-json,2026-08-03T09:00,2026-08-03T20:00,1682097,https://fr.getaround.com/location-voiture/paris/peugeot-308-1682097,Peugeot 308 (2020),2020,Getaround Connect,COMPACTE,SEGMENT_RULES,THERMIQUE,True,58.0,,3.87,31,Paris 17e,Paris,Paris 17e,1,588,False,False,,8660,714,15
20260802T110238,A2,v3.4-search-json,2026-08-03T09:00,2026-08-03T20:00,1840999,https://fr.getaround.com/location-voiture/paris/renault-clio-1840999,Renault Clio (2015),2015,Sur rendez-vous,CITADINE,SEGMENT_RULES,THERMIQUE,False,65.0,,5.0,3,Paris 17e,Paris,Paris 17e,1,590,False,False,,6530,714,15
20260802T110238,A2,v3.4-search-json,2026-08-03T09:00,2026-08-03T20:00,1769340,https://fr.getaround.com/location-voiture/paris/smart-fortwo-passion-1769340,Smart Fortwo Passion (2019),2019,Getaround Connect,MICRO_CITADINE,SEGMENT_RULES,THERMIQUE,True,53.0,,4.72,18,Paris 17e,Paris,Paris 17e,1,591,False,False,,7360,714,15
20260802T110238,A2,v3.4-search-json,2026-08-03T09:00,2026-08-03T20:00,940738,https://fr.getaround.com/location-voiture/paris/dacia-spring-940738,Dacia Spring (2020),2020,Getaround Connect,COMPACTE,SEGMENT_RULES,THERMIQUE,True,45.0,,3.61,129,Paris 17e,Paris,Paris 17e,1,593,False,False,,6050,714,15
20260802T110238,A2,v3.4-search-json,2026-08-03T09:00,2026-08-03T20:00,1902088,https://fr.getaround.com/location-voiture/paris/lancia-voyager-1902088,Lancia Voyager (2014),2014,Sur rendez-vous,MONOSPACE,SEGMENT_RULES,THERMIQUE,False,142.0,,,,Paris 17e,Paris,Paris 17e,1,594,False,False,,6610,714,15
20260802T110238,A2,v3.4-search-json,2026-08-03T09:00,2026-08-03T20:00,1943322,https://fr.getaround.com/location-voiture/la-courneuve/toyota-aygo-1943322,Toyota Aygo (2014),2014,Sur rendez-vous,MICRO_CITADINE,SEGMENT_RULES,THERMIQUE,True,37.0,,,,Paris 17e,La Courneuve,Paris 17e,1,596,False,False,,7960,714,15
20260802T110238,A2,v3.4-search-json,2026-08-03T09:00,2026-08-03T20:00,1896580,https://fr.getaround.com/location-voiture/la-courneuve/mercedes-benz-gla-250-4matic-1896580,Mercedes-Benz GLA 250 4MATIC (2016),2016,Sur rendez-vous,SUV_COMPACT,SEGMENT_RULES,THERMIQUE,False,136.0,,,,Paris 17e,La Courneuve,Paris 17e,1,598,False,False,,6990,714,15
20260802T110238,A2,v3.4-search-json,2026-08-03T09:00,2026-08-03T20:00,1827934,https://fr.getaround.com/location-voiture/malakoff/citroen-c3-1827934,Citroen C3 (2021),2021,Getaround Connect,CITADINE,SEGMENT_RULES,THERMIQUE,True,80.0,,4.85,13,Paris 17e,Malakoff,Paris 17e,1,601,False,False,,6900,714,16
20260802T110238,A2,v3.4-search-json,2026-08-03T09:00,2026-08-03T20:00,1357745,https://fr.getaround.com/location-voiture/paris/peugeot-2008-1357745,Peugeot 2008 (2023),2023,Getaround Connect,SUV_COMPACT,SEGMENT_RULES,THERMIQUE,True,86.0,,4.3,55,Paris 17e,Paris,Paris 17e,1,603,False,False,,7220,714,16
20260802T110238,A2,v3.4-search-json,2026-08-03T09:00,2026-08-03T20:00,1225467,https://fr.getaround.com/location-voiture/aubervilliers/audi-a3-sportback-e-tron-1225467,Audi A3 Sportback e-tron (2015),2015,Sur rendez-vous,COMPACTE,SEGMENT_RULES,THERMIQUE,False,135.0,,5.0,3,Paris 17e,Aubervilliers,Paris 17e,1,604,False,False,,6430,714,16
20260802T110238,A2,v3.4-search-json,2026-08-03T09:00,2026-08-03T20:00,1226250,https://fr.getaround.com/location-voiture/saint-denis/peugeot-2008-1226250,Peugeot 2008 (2019),2019,Sur rendez-vous,SUV_COMPACT,SEGMENT_RULES,THERMIQUE,False,86.0,,5.0,12,Paris 17e,Saint Denis,Paris 17e,1,606,False,False,,6300,714,16
20260802T110238,A2,v3.4-search-json,2026-08-03T09:00,2026-08-03T20:00,1848820,https://fr.getaround.com/location-voiture/paris/citroen-c3-1848820,Citroen C3 (2018),2018,Sur rendez-vous,CITADINE,SEGMENT_RULES,THERMIQUE,False,67.0,,,,Paris 17e,Paris,Paris 17e,1,607,False,False,,4550,714,16
20260802T110238,A2,v3.4-search-json,2026-08-03T09:00,2026-08-03T20:00,1437783,https://fr.getaround.com/location-voiture/paris/ds-3-1437783,DS 3 (2019),2019,Sur rendez-vous,CITADINE,SEGMENT_RULES,THERMIQUE,False,92.0,,,,Paris 17e,Paris,Paris 17e,1,617,False,False,,5700,714,16
20260802T110238,A2,v3.4-search-json,2026-08-03T09:00,2026-08-03T20:00,1072809,https://fr.getaround.com/location-voiture/paris/volkswagen-up-1072809,Volkswagen Up! (2015),2015,Sur rendez-vous,MICRO_CITADINE,SEGMENT_RULES,THERMIQUE,False,59.0,,,,Paris 17e,Paris,Paris 17e,1,620,False,False,,4180,714,16
20260802T110238,A2,v3.4-search-json,2026-08-03T09:00,2026-08-03T20:00,1647563,https://fr.getaround.com/location-voiture/vanves/fiat-500-1647563,Fiat 500 (2019),2019,Sur rendez-vous,CITADINE,SEGMENT_RULES,THERMIQUE,False,73.0,,4.78,9,Paris 17e,Vanves,Paris 17e,1,623,False,False,,7120,714,16
20260802T110238,A2,v3.4-search-json,2026-08-03T09:00,2026-08-03T20:00,1923372,https://fr.getaround.com/location-voiture/la-courneuve/audi-a1-sportback-tfsi-150-s-tronic-1923372,Audi A1 Sportback TFSI 150 S Tronic (2024),2024,Sur rendez-vous,CITADINE,SEGMENT_RULES,THERMIQUE,False,109.0,,5.0,2,Paris 17e,La Courneuve,Paris 17e,1,624,False,False,,8470,714,16
20260802T110238,A2,v3.4-search-json,2026-08-03T09:00,2026-08-03T20:00,1460694,https://fr.getaround.com/location-voiture/paris/audi-a3-sportback-1460694,Audi A3 Sportback (2020),2020,Sur rendez-vous,COMPACTE,SEGMENT_RULES,THERMIQUE,False,88.0,,4.68,19,Paris 17e,Paris,Paris 17e,1,625,False,False,,6800,714,16
20260802T110238,A2,v3.4-search-json,2026-08-03T09:00,2026-08-03T20:00,940731,https://fr.getaround.com/location-voiture/paris/dacia-spring-940731,Dacia Spring (2020),2020,Getaround Connect,COMPACTE,SEGMENT_RULES,THERMIQUE,True,45.0,,3.33,100,Paris 17e,Paris,Paris 17e,1,626,False,False,,6260,714,16
20260802T110238,A2,v3.4-search-json,2026-08-03T09:00,2026-08-03T20:00,1461269,https://fr.getaround.com/location-voiture/paris/mercedes-benz-classe-a-1461269,Mercedes-Benz Classe A (2017),2017,Sur rendez-vous,COMPACTE,SEGMENT_RULES,THERMIQUE,False,143.0,,5.0,7,Paris 17e,Paris,Paris 17e,1,628,False,False,,6480,714,16
20260802T110238,A2,v3.4-search-json,2026-08-03T09:00,2026-08-03T20:00,1769921,https://fr.getaround.com/location-voiture/paris/peugeot-3008-1769921,Peugeot 3008 (2025),2025,Sur rendez-vous,SUV_FAMILIAL,SEGMENT_RULES,THERMIQUE,False,122.0,,4.0,5,Paris 17e,Paris,Paris 17e,1,634,False,False,,5720,714,16
20260802T110238,A2,v3.4-search-json,2026-08-03T09:00,2026-08-03T20:00,1365608,https://fr.getaround.com/location-voiture/paris/renault-austral-e-tech-full-hybrid-1365608,Renault Austral E-Tech full hybrid (2023),2023,Sur rendez-vous,SUV_FAMILIAL,SEGMENT_RULES,ELECTRIQUE,False,233.0,,,,Paris 17e,Paris,Paris 17e,1,635,False,False,,3770,714,16
20260802T110238,A2,v3.4-search-json,2026-08-03T09:00,2026-08-03T20:00,1862779,https://fr.getaround.com/location-voiture/paris/renault-clio-1862779,Renault Clio (2019),2019,Sur rendez-vous,CITADINE,SEGMENT_RULES,THERMIQUE,False,66.0,,5.0,3,Paris 17e,Paris,Paris 17e,1,637,False,False,,8029,714,16
20260802T110238,A2,v3.4-search-json,2026-08-03T09:00,2026-08-03T20:00,1764767,https://fr.getaround.com/location-voiture/la-courneuve/nissan-micra-1764767,Nissan Micra (2017),2017,Getaround Connect,CITADINE,SEGMENT_RULES,THERMIQUE,True,65.0,,3.67,3,Paris 17e,La Courneuve,Paris 17e,1,639,False,False,,8130,714,16
20260802T110238,A2,v3.4-search-json,2026-08-03T09:00,2026-08-03T20:00,1945007,https://fr.getaround.com/location-voiture/paris/peugeot-308-1945007,Peugeot 308 (2015),2015,Sur rendez-vous,COMPACTE,SEGMENT_RULES,THERMIQUE,False,73.0,,,,Paris 17e,Paris,Paris 17e,1,641,False,False,,7110,714,17
20260802T110238,A2,v3.4-search-json,2026-08-03T09:00,2026-08-03T20:00,1768760,https://fr.getaround.com/location-voiture/paris/tesla-model-y-1768760,Tesla Model Y (2022),2022,Sur rendez-vous,SUV_FAMILIAL,SEGMENT_RULES,ELECTRIQUE,False,167.0,,,,Paris 17e,Paris,Paris 17e,1,642,False,False,,2780,714,17
20260802T110238,A2,v3.4-search-json,2026-08-03T09:00,2026-08-03T20:00,1825775,https://fr.getaround.com/location-voiture/paris/opel-astra-1825775,Opel Astra (2016),2016,Sur rendez-vous,COMPACTE,SEGMENT_RULES,THERMIQUE,False,73.0,,5.0,4,Paris 17e,Paris,Paris 17e,1,649,False,False,,8510,714,17
20260802T110238,A2,v3.4-search-json,2026-08-03T09:00,2026-08-03T20:00,1938725,https://fr.getaround.com/location-voiture/paris/renault-megane-1938725,Renault Mégane (2018),2018,Sur rendez-vous,COMPACTE,SEGMENT_RULES,THERMIQUE,False,73.0,,,,Paris 17e,Paris,Paris 17e,1,656,False,False,,6490,714,17
20260802T110238,A2,v3.4-search-json,2026-08-03T09:00,2026-08-03T20:00,1264822,https://fr.getaround.com/location-voiture/paris/audi-a1-1264822,Audi A1 (2022),2022,Sur rendez-vous,CITADINE,SEGMENT_RULES,THERMIQUE,False,81.0,,,,Paris 17e,Paris,Paris 17e,1,657,False,False,,6800,714,17
20260802T110238,A2,v3.4-search-json,2026-08-03T09:00,2026-08-03T20:00,1434993,https://fr.getaround.com/location-voiture/paris/renault-clio-1434993,Renault Clio (2018),2018,Sur rendez-vous,CITADINE,SEGMENT_RULES,THERMIQUE,False,104.0,,5.0,2,Paris 17e,Paris,Paris 17e,1,659,False,False,,4740,714,17
20260802T110238,A2,v3.4-search-json,2026-08-03T09:00,2026-08-03T20:00,1760761,https://fr.getaround.com/location-voiture/paris/toyota-corolla-1760761,Toyota Corolla (2019),2019,Sur rendez-vous,COMPACTE,SEGMENT_RULES,THERMIQUE,False,88.0,,5.0,1,Paris 17e,Paris,Paris 17e,1,661,False,False,,8000,714,17
20260802T110238,A2,v3.4-search-json,2026-08-03T09:00,2026-08-03T20:00,1823081,https://fr.getaround.com/location-voiture/la-courneuve/audi-a1-sportback-1823081,Audi A1 Sportback (2012),2012,Sur rendez-vous,CITADINE,SEGMENT_RULES,THERMIQUE,False,114.0,,,,Paris 17e,La Courneuve,Paris 17e,1,671,False,False,,6960,714,17
20260802T110238,A2,v3.4-search-json,2026-08-03T09:00,2026-08-03T20:00,1882472,https://fr.getaround.com/location-voiture/paris/audi-a3-sportback-tfsi-e-1882472,Audi A3 Sportback TFSI e (2026),2026,Sur rendez-vous,COMPACTE,SEGMENT_RULES,THERMIQUE,False,149.0,,,,Paris 17e,Paris,Paris 17e,1,673,False,False,,5370,714,17
20260802T110238,A2,v3.4-search-json,2026-08-03T09:00,2026-08-03T20:00,1887161,https://fr.getaround.com/location-voiture/aubervilliers/renault-clio-1887161,Renault Clio (2017),2017,Sur rendez-vous,CITADINE,SEGMENT_RULES,THERMIQUE,False,67.0,,3.0,1,Paris 17e,Aubervilliers,Paris 17e,1,674,False,False,,6130,714,17
20260802T110238,A2,v3.4-search-json,2026-08-03T09:00,2026-08-03T20:00,1769851,https://fr.getaround.com/location-voiture/pantin/peugeot-308-gt-1769851,Peugeot 308 GT (2014),2014,Sur rendez-vous,COMPACTE,SEGMENT_RULES,THERMIQUE,False,98.0,,,,Paris 17e,Pantin,Paris 17e,1,680,False,False,,6480,714,17
20260802T110238,A2,v3.4-search-json,2026-08-03T09:00,2026-08-03T20:00,1760005,https://fr.getaround.com/location-voiture/paris/lexus-ct-200h-1760005,Lexus CT 200h (2018),2018,Sur rendez-vous,SUV_COMPACT,SEGMENT_RULES,THERMIQUE,False,150.0,,,,Paris 17e,Paris,Paris 17e,1,681,False,False,,6600,714,18
20260802T110238,A2,v3.4-search-json,2026-08-03T09:00,2026-08-03T20:00,1188348,https://fr.getaround.com/location-voiture/saint-denis/volkswagen-golf-1188348,Volkswagen Golf (2018),2018,Sur rendez-vous,COMPACTE,SEGMENT_RULES,THERMIQUE,False,112.0,,,,Paris 17e,Saint Denis,Paris 17e,1,685,False,False,,6560,714,18
20260802T110238,A2,v3.4-search-json,2026-08-03T09:00,2026-08-03T20:00,1794421,https://fr.getaround.com/location-voiture/paris/volkswagen-golf-1794421,Volkswagen Golf (2025),2025,Sur rendez-vous,COMPACTE,SEGMENT_RULES,THERMIQUE,False,229.0,,,,Paris 17e,Paris,Paris 17e,1,686,False,False,,4870,714,18
20260802T110238,A2,v3.4-search-json,2026-08-03T09:00,2026-08-03T20:00,1328441,https://fr.getaround.com/location-voiture/paris/toyota-auris-1328441,Toyota Auris (2019),2019,Sur rendez-vous,COMPACTE,SEGMENT_RULES,THERMIQUE,False,321.0,,,,Paris 17e,Paris,Paris 17e,1,687,False,False,,2940,714,18
20260802T110238,A2,v3.4-search-json,2026-08-03T09:00,2026-08-03T20:00,1945688,https://fr.getaround.com/location-voiture/paris/renault-clio-1945688,Renault Clio (2014),2014,Sur rendez-vous,CITADINE,SEGMENT_RULES,THERMIQUE,False,62.0,,,,Paris 17e,Paris,Paris 17e,1,689,False,False,,7760,714,18
20260802T110238,A2,v3.4-search-json,2026-08-03T09:00,2026-08-03T20:00,1802379,https://fr.getaround.com/location-voiture/paris/audi-a1-1802379,Audi A1 (2012),2012,Sur rendez-vous,CITADINE,SEGMENT_RULES,THERMIQUE,False,171.0,,,,Paris 17e,Paris,Paris 17e,1,692,False,False,,6830,714,18
20260802T110238,A2,v3.4-search-json,2026-08-03T09:00,2026-08-03T20:00,1476521,https://fr.getaround.com/location-voiture/paris/toyota-c-hr-1476521,Toyota C-HR (2017),2017,Sur rendez-vous,SUV_COMPACT,SEGMENT_RULES,THERMIQUE,False,125.0,,,,Paris 17e,Paris,Paris 17e,1,696,False,False,,6880,714,18
20260802T110238,A2,v3.4-search-json,2026-08-03T09:00,2026-08-03T20:00,1712339,https://fr.getaround.com/location-voiture/saint-denis/peugeot-308-1712339,Peugeot 308 (2024),2024,Sur rendez-vous,COMPACTE,SEGMENT_RULES,THERMIQUE,False,109.0,,,,Paris 17e,Saint Denis,Paris 17e,1,699,False,False,,8390,714,18
20260802T110238,A2,v3.4-search-json,2026-08-03T09:00,2026-08-03T20:00,1513176,https://fr.getaround.com/location-voiture/saint-denis/bmw-serie-1-1513176,BMW Série 1 (2019),2019,Sur rendez-vous,COMPACTE,SEGMENT_RULES,THERMIQUE,False,131.0,,,,Paris 17e,Saint Denis,Paris 17e,1,702,False,False,,6580,714,18
20260802T110238,A2,v3.4-search-json,2026-08-03T09:00,2026-08-03T20:00,1367171,https://fr.getaround.com/location-voiture/paris/hyundai-ix20-1367171,Hyundai iX20 (2011),2011,Sur rendez-vous,MONOSPACE,SEGMENT_RULES,THERMIQUE,False,119.0,,,,Paris 17e,Paris,Paris 17e,1,705,False,False,,6340,714,18
20260802T110238,A2,v3.4-search-json,2026-08-03T09:00,2026-08-03T20:00,1770100,https://fr.getaround.com/location-voiture/paris/smart-fortwo-passion-1770100,Smart Fortwo Passion (2015),2015,Sur rendez-vous,MICRO_CITADINE,SEGMENT_RULES,THERMIQUE,False,121.0,,,,Paris 17e,Paris,Paris 17e,1,706,False,False,,6360,714,18
20260802T110238,A2,v3.4-search-json,2026-08-03T09:00,2026-08-03T20:00,1008581,https://fr.getaround.com/location-voiture/paris/audi-a3-1008581,Audi A3 (2021),2021,Sur rendez-vous,COMPACTE,SEGMENT_RULES,THERMIQUE,False,233.0,,,,Paris 17e,Paris,Paris 17e,1,707,False,False,,7520,714,18
20260802T110238,A2,v3.4-search-json,2026-08-03T09:00,2026-08-03T20:00,1936273,https://fr.getaround.com/location-voiture/paris/toyota-aygo-1936273,Toyota Aygo (2018),2018,Sur rendez-vous,MICRO_CITADINE,SEGMENT_RULES,THERMIQUE,False,61.0,,,,Paris 17e,Paris,Paris 17e,1,708,False,False,,6120,714,18
20260802T110238,A2,v3.4-search-json,2026-08-03T09:00,2026-08-03T20:00,1417012,https://fr.getaround.com/location-voiture/paris/peugeot-208-1417012,Peugeot 208 (2023),2023,Getaround Connect,CITADINE,SEGMENT_RULES,THERMIQUE,True,57.0,,2.75,32,Paris 17e,Paris,Paris 17e,1,712,False,False,,6300,714,18
20260802T110238,A2,v3.4-search-json,2026-08-03T09:00,2026-08-03T20:00,1805648,https://fr.getaround.com/location-voiture/paris/peugeot-208-1805648,Peugeot 208 (2024),2024,Sur rendez-vous,CITADINE,SEGMENT_RULES,THERMIQUE,False,87.0,,1.0,2,Paris 17e,Paris,Paris 17e,1,714,False,False,,7270,714,18
