snapshot_id,pipeline,version_collecte,fenetre_debut,fenetre_fin,annonce_id,url,modele,annee,type_connexion,segment,source_taxonomie,energie,reservation_instantanee,prix_jour,prix_heure,note,nb_avis,commune_recherche,commune_annonce,communes_recherche,nb_communes_matchees,rang_resultat,livraison_disponible,mon_vehicule,compte_proprietaire,distance_recherche,nb_resultats_total,nb_clics_pagination
20260801T150607,A2,v3.3-search-gps,2026-08-02T09:00,2026-08-02T20:00,1832158,https://fr.getaround.com/location-voiture/puteaux/renault-clio-1832158,Renault Clio (2015),2015,Getaround Connect,CITADINE,SEGMENT_RULES,THERMIQUE,False,92.0,,3.5,2,Puteaux,Puteaux,Puteaux|Asnières-sur-Seine|Paris 17e,3,1,False,True,C3,400,529,13
20260801T150607,A2,v3.3-search-gps,2026-08-02T09:00,2026-08-02T20:00,1078506,https://fr.getaround.com/location-voiture/puteaux/renault-clio-1078506,Renault Clio (2011),2011,Sur rendez-vous,CITADINE,SEGMENT_RULES,THERMIQUE,False,88.0,,4.79,21,Puteaux,Puteaux,Puteaux|Asnières-sur-Seine|Paris 17e,3,4,False,True,C1,480,529,13
20260801T150607,A2,v3.3-search-gps,2026-08-02T09:00,2026-08-02T20:00,1881481,https://fr.getaround.com/location-voiture/puteaux/citroen-c1-1881481,Citroen C1 (2016),2016,Getaround Connect,MICRO_CITADINE,SEGMENT_RULES,THERMIQUE,False,92.0,,5.0,2,Puteaux,Puteaux,Puteaux|Asnières-sur-Seine,2,5,False,True,C2,480,529,13
20260801T150607,A2,v3.3-search-gps,2026-08-02T09:00,2026-08-02T20:00,1881624,https://fr.getaround.com/location-voiture/puteaux/renault-twingo-iii-1881624,Renault Twingo III (2015),2015,Getaround Connect,CITADINE,SEGMENT_RULES,THERMIQUE,False,92.0,,5.0,1,Puteaux,Puteaux,Puteaux|Asnières-sur-Seine,2,7,False,True,C2,480,529,13
20260801T150607,A2,v3.3-search-gps,2026-08-02T09:00,2026-08-02T20:00,1913338,https://fr.getaround.com/location-voiture/puteaux/ford-c-max-1913338,Ford C-Max (2019),2019,Getaround Connect,MONOSPACE,SEGMENT_RULES,THERMIQUE,False,111.0,,,,Puteaux,Puteaux,Puteaux|Asnières-sur-Seine,2,9,False,True,C3,480,529,13
20260801T150607,A2,v3.3-search-gps,2026-08-02T09:00,2026-08-02T20:00,1832153,https://fr.getaround.com/location-voiture/puteaux/volkswagen-tiguan-1832153,Volkswagen Tiguan (2015),2015,Getaround Connect,SUV_FAMILIAL,SEGMENT_RULES,THERMIQUE,False,125.0,,1.0,1,Puteaux,Puteaux,Puteaux|Asnières-sur-Seine,2,11,False,True,C3,400,529,13
20260801T150607,A2,v3.3-search-gps,2026-08-02T09:00,2026-08-02T20:00,716035,https://fr.getaround.com/location-voiture/puteaux/citroen-c3-716035,Citroen C3 (2016),2016,Sur rendez-vous,CITADINE,SEGMENT_RULES,THERMIQUE,False,81.0,,4.54,35,Puteaux,Puteaux,Puteaux|Asnières-sur-Seine,2,12,False,True,C1,480,529,13
20260801T150607,A2,v3.3-search-gps,2026-08-02T09:00,2026-08-02T20:00,1881645,https://fr.getaround.com/location-voiture/puteaux/renault-clio-1881645,Renault Clio (2015),2015,Getaround Connect,CITADINE,SEGMENT_RULES,THERMIQUE,False,86.0,,4.0,1,Puteaux,Puteaux,Puteaux|Asnières-sur-Seine,2,14,False,True,C2,480,529,13
20260801T150607,A2,v3.3-search-gps,2026-08-02T09:00,2026-08-02T20:00,1881636,https://fr.getaround.com/location-voiture/puteaux/peugeot-108-1881636,Peugeot 108 (2019),2019,Getaround Connect,MICRO_CITADINE,SEGMENT_RULES,THERMIQUE,False,95.0,,3.5,4,Puteaux,Puteaux,Puteaux|Asnières-sur-Seine,2,17,False,True,C2,480,529,13
20260801T150607,A2,v3.3-search-gps,2026-08-02T09:00,2026-08-02T20:00,1881118,https://fr.getaround.com/location-voiture/puteaux/peugeot-208-1881118,Peugeot 208 (2019),2019,Getaround Connect,CITADINE,SEGMENT_RULES,THERMIQUE,False,106.0,,3.5,2,Puteaux,Puteaux,Puteaux|Asnières-sur-Seine,2,19,False,True,C2,480,529,13
20260801T150607,A2,v3.3-search-gps,2026-08-02T09:00,2026-08-02T20:00,1881691,https://fr.getaround.com/location-voiture/puteaux/opel-corsa-1881691,Opel Corsa (2017),2017,Getaround Connect,CITADINE,SEGMENT_RULES,THERMIQUE,False,106.0,,4.5,2,Puteaux,Puteaux,Puteaux|Asnières-sur-Seine,2,20,False,True,C2,480,529,13
20260801T150607,A2,v3.3-search-gps,2026-08-02T09:00,2026-08-02T20:00,1718469,https://fr.getaround.com/location-voiture/puteaux/peugeot-5008-1718469,Peugeot 5008 (2014),2014,Sur rendez-vous,MONOSPACE,SEGMENT_RULES,THERMIQUE,False,158.0,,3.5,2,Puteaux,Puteaux,Puteaux|Asnières-sur-Seine,2,21,False,True,C3,400,529,13
20260801T150607,A2,v3.3-search-gps,2026-08-02T09:00,2026-08-02T20:00,1859070,https://fr.getaround.com/location-voiture/puteaux/audi-a1-1859070,Audi A1 (2011),2011,Sur rendez-vous,CITADINE,SEGMENT_RULES,THERMIQUE,False,105.0,,,,Puteaux,Puteaux,Puteaux|Asnières-sur-Seine,2,34,False,True,C3,480,529,13
20260801T150607,A2,v3.3-search-gps,2026-08-02T09:00,2026-08-02T20:00,1825239,https://fr.getaround.com/location-voiture/asnieres-sur-seine/renault-twingo-iii-1825239,Renault Twingo III (2017),2017,Getaround Connect,CITADINE,SEGMENT_RULES,THERMIQUE,False,100.0,,5.0,7,Puteaux,Asnieres Sur Seine,Puteaux|Asnières-sur-Seine|Paris 17e,3,36,False,True,C3,6580,529,13
20260801T150607,A2,v3.3-search-gps,2026-08-02T09:00,2026-08-02T20:00,1628653,https://fr.getaround.com/location-voiture/asnieres-sur-seine/fiat-500-lounge-1628653,Fiat 500 Lounge (2018),2018,Getaround Connect,CITADINE,SEGMENT_RULES,THERMIQUE,False,106.0,,4.92,65,Puteaux,Asnieres Sur Seine,Puteaux|Asnières-sur-Seine|Paris 17e,3,1,False,False,,5030,529,13
20260801T150607,A2,v3.3-search-gps,2026-08-02T09:00,2026-08-02T20:00,1241184,https://fr.getaround.com/location-voiture/paris/peugeot-208-1241184,Peugeot 208 (2023),2023,Getaround Connect,CITADINE,SEGMENT_RULES,THERMIQUE,False,110.0,,4.55,62,Puteaux,Paris,Puteaux|Asnières-sur-Seine|Paris 17e,3,1,False,False,,5420,529,13
20260801T150607,A2,v3.3-search-gps,2026-08-02T09:00,2026-08-02T20:00,1093031,https://fr.getaround.com/location-voiture/nanterre/peugeot-208-1093031,Peugeot 208 (2018),2018,Getaround Connect,CITADINE,SEGMENT_RULES,THERMIQUE,False,70.0,,4.75,57,Puteaux,Nanterre,Puteaux|Asnières-sur-Seine|Paris 17e,3,2,False,False,,1670,529,13
20260801T150607,A2,v3.3-search-gps,2026-08-02T09:00,2026-08-02T20:00,816897,https://fr.getaround.com/location-voiture/asnieres-sur-seine/opel-agila-816897,Opel Agila (2011),2011,Getaround Connect,CITADINE,SEGMENT_RULES,THERMIQUE,False,68.0,,4.72,206,Puteaux,Asnieres Sur Seine,Puteaux|Asnières-sur-Seine|Paris 17e,3,2,False,False,,5520,529,13
20260801T150607,A2,v3.3-search-gps,2026-08-02T09:00,2026-08-02T20:00,1442853,https://fr.getaround.com/location-voiture/paris/citroen-c3-1442853,Citroen C3 (2023),2023,Getaround Connect,CITADINE,SEGMENT_RULES,THERMIQUE,False,110.0,,4.19,45,Puteaux,Paris,Puteaux|Asnières-sur-Seine|Paris 17e,3,2,False,False,,4900,529,13
20260801T150607,A2,v3.3-search-gps,2026-08-02T09:00,2026-08-02T20:00,1251338,https://fr.getaround.com/location-voiture/courbevoie/toyota-yaris-1251338,Toyota Yaris (2020),2020,Getaround Connect,CITADINE,SEGMENT_RULES,THERMIQUE,False,88.0,,4.74,69,Puteaux,Courbevoie,Puteaux|Asnières-sur-Seine|Paris 17e,3,3,False,False,,1450,529,13
20260801T150607,A2,v3.3-search-gps,2026-08-02T09:00,2026-08-02T20:00,1253191,https://fr.getaround.com/location-voiture/paris/peugeot-208-1253191,Peugeot 208 (2023),2023,Getaround Connect,CITADINE,SEGMENT_RULES,THERMIQUE,False,105.0,,3.78,46,Puteaux,Paris,Puteaux|Asnières-sur-Seine|Paris 17e,3,3,False,False,,4430,529,13
20260801T150607,A2,v3.3-search-gps,2026-08-02T09:00,2026-08-02T20:00,1553938,https://fr.getaround.com/location-voiture/asnieres-sur-seine/fiat-500-lounge-1553938,Fiat 500 Lounge (2013),2013,Sur rendez-vous,CITADINE,SEGMENT_RULES,THERMIQUE,False,88.0,,5.0,3,Puteaux,Asnieres Sur Seine,Puteaux|Asnières-sur-Seine|Paris 17e,3,3,False,False,,4830,529,13
20260801T150607,A2,v3.3-search-gps,2026-08-02T09:00,2026-08-02T20:00,1582295,https://fr.getaround.com/location-voiture/asnieres-sur-seine/citroen-c3-1582295,Citroen C3 (2021),2021,Getaround Connect,CITADINE,SEGMENT_RULES,THERMIQUE,False,111.0,,4.76,25,Puteaux,Asnieres Sur Seine,Puteaux|Asnières-sur-Seine|Paris 17e,3,4,False,False,,4240,529,13
20260801T150607,A2,v3.3-search-gps,2026-08-02T09:00,2026-08-02T20:00,1745781,https://fr.getaround.com/location-voiture/paris/fiat-500-hybride-1745781,Fiat 500 Hybride (2021),2021,Getaround Connect,CITADINE,SEGMENT_RULES,HYBRIDE,False,101.0,,4.74,27,Puteaux,Paris,Puteaux|Asnières-sur-Seine|Paris 17e,3,4,False,False,,5810,529,13
20260801T150607,A2,v3.3-search-gps,2026-08-02T09:00,2026-08-02T20:00,1314568,https://fr.getaround.com/location-voiture/asnieres-sur-seine/peugeot-208-1314568,Peugeot 208 (2016),2016,Getaround Connect,CITADINE,SEGMENT_RULES,THERMIQUE,False,104.0,,4.77,65,Puteaux,Asnieres Sur Seine,Puteaux|Asnières-sur-Seine|Paris 17e,3,5,False,False,,4710,529,13
20260801T150607,A2,v3.3-search-gps,2026-08-02T09:00,2026-08-02T20:00,1583938,https://fr.getaround.com/location-voiture/paris/peugeot-208-1583938,Peugeot 208 (2020),2020,Getaround Connect,CITADINE,SEGMENT_RULES,THERMIQUE,False,76.0,,3.22,29,Puteaux,Paris,Puteaux|Asnières-sur-Seine|Paris 17e,3,5,False,False,,5610,529,13
20260801T150607,A2,v3.3-search-gps,2026-08-02T09:00,2026-08-02T20:00,1722701,https://fr.getaround.com/location-voiture/courbevoie/peugeot-208-1722701,Peugeot 208 (2023),2023,Getaround Connect,CITADINE,SEGMENT_RULES,THERMIQUE,False,81.0,,3.89,9,Puteaux,Courbevoie,Puteaux|Asnières-sur-Seine|Paris 17e,3,6,False,False,,1160,529,13
20260801T150607,A2,v3.3-search-gps,2026-08-02T09:00,2026-08-02T20:00,1590444,https://fr.getaround.com/location-voiture/paris/peugeot-2008-1590444,Peugeot 2008 (2023),2023,Getaround Connect,SUV_COMPACT,SEGMENT_RULES,THERMIQUE,False,119.0,,4.14,33,Puteaux,Paris,Puteaux|Asnières-sur-Seine|Paris 17e,3,6,False,False,,4870,529,13
20260801T150607,A2,v3.3-search-gps,2026-08-02T09:00,2026-08-02T20:00,1906513,https://fr.getaround.com/location-voiture/gennevilliers/fiat-500-c-1906513,Fiat 500 C (2017),2017,Getaround Connect,CABRIOLET,SEGMENT_RULES,THERMIQUE,False,116.0,,5.0,7,Puteaux,Gennevilliers,Puteaux|Asnières-sur-Seine|Paris 17e,3,6,False,False,,5920,529,13
20260801T150607,A2,v3.3-search-gps,2026-08-02T09:00,2026-08-02T20:00,1090537,https://fr.getaround.com/location-voiture/asnieres-sur-seine/smart-fortwo-coupe-1090537,Smart Fortwo Coupé (2012),2012,Getaround Connect,MICRO_CITADINE,SEGMENT_RULES,THERMIQUE,False,92.0,,4.89,35,Puteaux,Asnieres Sur Seine,Puteaux|Asnières-sur-Seine|Paris 17e,3,7,False,False,,4670,529,13
20260801T150607,A2,v3.3-search-gps,2026-08-02T09:00,2026-08-02T20:00,1569930,https://fr.getaround.com/location-voiture/paris/renault-twingo-1569930,Renault Twingo (2019),2019,Sur rendez-vous,CITADINE,SEGMENT_RULES,THERMIQUE,False,86.0,,5.0,4,Puteaux,Paris,Puteaux|Asnières-sur-Seine|Paris 17e,3,7,False,False,,4920,529,13
20260801T150607,A2,v3.3-search-gps,2026-08-02T09:00,2026-08-02T20:00,1355472,https://fr.getaround.com/location-voiture/suresnes/peugeot-208-1355472,Peugeot 208 (2017),2017,Getaround Connect,CITADINE,SEGMENT_RULES,THERMIQUE,False,106.0,,4.96,73,Puteaux,Suresnes,Puteaux|Asnières-sur-Seine|Paris 17e,3,8,False,False,,1160,529,13
20260801T150607,A2,v3.3-search-gps,2026-08-02T09:00,2026-08-02T20:00,1070571,https://fr.getaround.com/location-voiture/courbevoie/volkswagen-up-1070571,Volkswagen Up! (2012),2012,Getaround Connect,MICRO_CITADINE,SEGMENT_RULES,THERMIQUE,False,80.0,,4.94,203,Puteaux,Courbevoie,Puteaux|Asnières-sur-Seine|Paris 17e,3,8,False,False,,3370,529,13
20260801T150607,A2,v3.3-search-gps,2026-08-02T09:00,2026-08-02T20:00,1931434,https://fr.getaround.com/location-voiture/paris/fiat-500-c-1931434,Fiat 500 C (2019),2019,Getaround Connect,CABRIOLET,SEGMENT_RULES,THERMIQUE,False,111.0,,,,Puteaux,Paris,Puteaux|Asnières-sur-Seine|Paris 17e,3,8,False,False,,5020,529,13
20260801T150607,A2,v3.3-search-gps,2026-08-02T09:00,2026-08-02T20:00,1686558,https://fr.getaround.com/location-voiture/paris/renault-clio-e-tech-1686558,Renault Clio E-tech (2021),2021,Getaround Connect,CITADINE,SEGMENT_RULES,ELECTRIQUE,False,101.0,,4.72,36,Puteaux,Paris,Puteaux|Asnières-sur-Seine|Paris 17e,3,9,False,False,,6390,529,13
20260801T150607,A2,v3.3-search-gps,2026-08-02T09:00,2026-08-02T20:00,1831570,https://fr.getaround.com/location-voiture/asnieres-sur-seine/citroen-c4-1831570,Citroen C4 (2016),2016,Getaround Connect,COMPACTE,SEGMENT_RULES,THERMIQUE,False,91.0,,4.83,6,Puteaux,Asnieres Sur Seine,Puteaux|Asnières-sur-Seine|Paris 17e,3,9,False,False,,6410,529,13
20260801T150607,A2,v3.3-search-gps,2026-08-02T09:00,2026-08-02T20:00,1910845,https://fr.getaround.com/location-voiture/suresnes/renault-clio-1910845,Renault Clio (2016),2016,Getaround Connect,CITADINE,SEGMENT_RULES,THERMIQUE,False,85.0,,,,Puteaux,Suresnes,Puteaux|Asnières-sur-Seine|Paris 17e,3,10,False,False,,1160,529,13
20260801T150607,A2,v3.3-search-gps,2026-08-02T09:00,2026-08-02T20:00,1589804,https://fr.getaround.com/location-voiture/clichy/citroen-c3-societe-1589804,Citroen C3 Société (2018),2018,Getaround Connect,CITADINE,SEGMENT_RULES,THERMIQUE,False,74.0,,4.64,44,Puteaux,Clichy,Puteaux|Asnières-sur-Seine|Paris 17e,3,10,False,False,,5400,529,13
20260801T150607,A2,v3.3-search-gps,2026-08-02T09:00,2026-08-02T20:00,1792383,https://fr.getaround.com/location-voiture/bois-colombes/renault-clio-1792383,Renault Clio (2021),2021,Getaround Connect,CITADINE,SEGMENT_RULES,THERMIQUE,False,125.0,,5.0,14,Puteaux,Bois Colombes,Puteaux|Asnières-sur-Seine|Paris 17e,3,10,False,False,,4030,529,13
20260801T150607,A2,v3.3-search-gps,2026-08-02T09:00,2026-08-02T20:00,1486160,https://fr.getaround.com/location-voiture/saint-ouen-sur-seine/fiat-500-1486160,Fiat 500 (2015),2015,Getaround Connect,CITADINE,SEGMENT_RULES,THERMIQUE,False,68.0,,4.98,59,Puteaux,Saint Ouen Sur Seine,Puteaux|Asnières-sur-Seine|Paris 17e,3,11,False,False,,7120,529,13
20260801T150607,A2,v3.3-search-gps,2026-08-02T09:00,2026-08-02T20:00,1442857,https://fr.getaround.com/location-voiture/paris/citroen-c3-1442857,Citroen C3 (2023),2023,Getaround Connect,CITADINE,SEGMENT_RULES,THERMIQUE,False,81.0,,3.86,21,Puteaux,Paris,Puteaux|Asnières-sur-Seine|Paris 17e,3,11,False,False,,5130,529,13
20260801T150607,A2,v3.3-search-gps,2026-08-02T09:00,2026-08-02T20:00,760134,https://fr.getaround.com/location-voiture/paris/citroen-c3-760134,Citroen C3 (2019),2019,Getaround Connect,CITADINE,SEGMENT_RULES,THERMIQUE,False,101.0,,4.76,173,Puteaux,Paris,Puteaux|Asnières-sur-Seine|Paris 17e,3,12,False,False,,6390,529,13
20260801T150607,A2,v3.3-search-gps,2026-08-02T09:00,2026-08-02T20:00,1842768,https://fr.getaround.com/location-voiture/colombes/fiat-500-1842768,Fiat 500 (2021),2021,Getaround Connect,CITADINE,SEGMENT_RULES,THERMIQUE,False,70.0,,5.0,16,Puteaux,Colombes,Puteaux|Asnières-sur-Seine|Paris 17e,3,13,False,False,,2810,529,13
20260801T150607,A2,v3.3-search-gps,2026-08-02T09:00,2026-08-02T20:00,1479656,https://fr.getaround.com/location-voiture/clichy/renault-clio-1479656,Renault Clio (2023),2023,Getaround Connect,CITADINE,SEGMENT_RULES,THERMIQUE,False,105.0,,4.78,56,Puteaux,Clichy,Puteaux|Asnières-sur-Seine|Paris 17e,3,13,False,False,,5200,529,13
20260801T150607,A2,v3.3-search-gps,2026-08-02T09:00,2026-08-02T20:00,1815534,https://fr.getaround.com/location-voiture/epinay-sur-seine/volkswagen-up-1815534,Volkswagen Up! (2017),2017,Getaround Connect,MICRO_CITADINE,SEGMENT_RULES,THERMIQUE,False,50.0,,5.0,21,Asnières-sur-Seine,Epinay Sur Seine,Asnières-sur-Seine,1,13,False,False,,4840,955,23
20260801T150607,A2,v3.3-search-gps,2026-08-02T09:00,2026-08-02T20:00,946809,https://fr.getaround.com/location-voiture/levallois-perret/renault-twingo-946809,Renault Twingo (2014),2014,Getaround Connect,CITADINE,SEGMENT_RULES,THERMIQUE,False,87.0,,4.81,136,Puteaux,Levallois Perret,Puteaux|Asnières-sur-Seine|Paris 17e,3,14,False,False,,3150,529,13
20260801T150607,A2,v3.3-search-gps,2026-08-02T09:00,2026-08-02T20:00,1650527,https://fr.getaround.com/location-voiture/levallois-perret/volkswagen-t-cross-1650527,Volkswagen T-Cross (2024),2024,Getaround Connect,SUV_COMPACT,SEGMENT_RULES,THERMIQUE,False,123.0,,4.79,47,Puteaux,Levallois Perret,Puteaux|Asnières-sur-Seine|Paris 17e,3,14,False,False,,4530,529,13
20260801T150607,A2,v3.3-search-gps,2026-08-02T09:00,2026-08-02T20:00,399972,https://fr.getaround.com/location-voiture/nanterre/renault-clio-399972,Renault Clio (2015),2015,Getaround Connect,CITADINE,SEGMENT_RULES,THERMIQUE,False,97.0,,4.71,188,Puteaux,Nanterre,Puteaux|Asnières-sur-Seine,2,15,False,False,,1650,529,13
20260801T150607,A2,v3.3-search-gps,2026-08-02T09:00,2026-08-02T20:00,894064,https://fr.getaround.com/location-voiture/asnieres-sur-seine/renault-clio-894064,Renault Clio (2017),2017,Getaround Connect,CITADINE,SEGMENT_RULES,THERMIQUE,False,106.0,,4.58,92,Puteaux,Asnieres Sur Seine,Puteaux|Asnières-sur-Seine|Paris 17e,3,15,False,False,,6490,529,13
20260801T150607,A2,v3.3-search-gps,2026-08-02T09:00,2026-08-02T20:00,1787785,https://fr.getaround.com/location-voiture/paris/peugeot-208-1787785,Peugeot 208 (2025),2025,Getaround Connect,CITADINE,SEGMENT_RULES,THERMIQUE,False,121.0,,4.57,21,Puteaux,Paris,Puteaux|Asnières-sur-Seine|Paris 17e,3,15,False,False,,6430,529,13
20260801T150607,A2,v3.3-search-gps,2026-08-02T09:00,2026-08-02T20:00,1852491,https://fr.getaround.com/location-voiture/courbevoie/renault-twingo-iii-1852491,Renault Twingo III (2014),2014,Sur rendez-vous,CITADINE,SEGMENT_RULES,THERMIQUE,False,65.0,,5.0,11,Puteaux,Courbevoie,Puteaux|Asnières-sur-Seine|Paris 17e,3,16,False,False,,1410,529,13
20260801T150607,A2,v3.3-search-gps,2026-08-02T09:00,2026-08-02T20:00,1666438,https://fr.getaround.com/location-voiture/paris/peugeot-208-1666438,Peugeot 208 (2025),2025,Getaround Connect,CITADINE,SEGMENT_RULES,THERMIQUE,False,121.0,,4.5,32,Puteaux,Paris,Puteaux|Asnières-sur-Seine|Paris 17e,3,16,False,False,,6280,529,13
20260801T150607,A2,v3.3-search-gps,2026-08-02T09:00,2026-08-02T20:00,1326860,https://fr.getaround.com/location-voiture/neuilly-sur-seine/renault-megane-1326860,Renault Mégane (2020),2020,Getaround Connect,COMPACTE,SEGMENT_RULES,THERMIQUE,False,111.0,,4.82,47,Puteaux,Neuilly Sur Seine,Puteaux|Asnières-sur-Seine|Paris 17e,3,17,False,False,,3100,529,13
20260801T150607,A2,v3.3-search-gps,2026-08-02T09:00,2026-08-02T20:00,1658823,https://fr.getaround.com/location-voiture/suresnes/toyota-auris-1658823,Toyota Auris (2019),2019,Getaround Connect,COMPACTE,SEGMENT_RULES,THERMIQUE,False,116.0,,4.7,27,Puteaux,Suresnes,Puteaux|Asnières-sur-Seine,2,18,False,False,,1150,529,13
20260801T150607,A2,v3.3-search-gps,2026-08-02T09:00,2026-08-02T20:00,1636942,https://fr.getaround.com/location-voiture/asnieres-sur-seine/renault-clio-1636942,Renault Clio (2019),2019,Getaround Connect,CITADINE,SEGMENT_RULES,THERMIQUE,False,106.0,,4.35,36,Puteaux,Asnieres Sur Seine,Puteaux|Asnières-sur-Seine|Paris 17e,3,18,False,False,,3760,529,13
20260801T150607,A2,v3.3-search-gps,2026-08-02T09:00,2026-08-02T20:00,941338,https://fr.getaround.com/location-voiture/levallois-perret/renault-twingo-941338,Renault Twingo (2011),2011,Getaround Connect,CITADINE,SEGMENT_RULES,THERMIQUE,False,85.0,,4.56,68,Puteaux,Levallois Perret,Puteaux|Asnières-sur-Seine|Paris 17e,3,19,False,False,,4280,529,13
20260801T150607,A2,v3.3-search-gps,2026-08-02T09:00,2026-08-02T20:00,1637584,https://fr.getaround.com/location-voiture/clichy/renault-twingo-iii-1637584,Renault Twingo III (2016),2016,Getaround Connect,CITADINE,SEGMENT_RULES,THERMIQUE,False,97.0,,4.97,38,Puteaux,Clichy,Puteaux|Asnières-sur-Seine|Paris 17e,3,19,False,False,,4940,529,13
20260801T150607,A2,v3.3-search-gps,2026-08-02T09:00,2026-08-02T20:00,1010342,https://fr.getaround.com/location-voiture/asnieres-sur-seine/ford-fiesta-1010342,Ford Fiesta (2017),2017,Getaround Connect,CITADINE,SEGMENT_RULES,THERMIQUE,False,100.0,,4.41,40,Puteaux,Asnieres Sur Seine,Puteaux|Asnières-sur-Seine|Paris 17e,3,20,False,False,,6680,529,13
20260801T150607,A2,v3.3-search-gps,2026-08-02T09:00,2026-08-02T20:00,1907868,https://fr.getaround.com/location-voiture/neuilly-sur-seine/renault-arkana-evolution-1907868,Renault Arkana Evolution (2022),2022,Getaround Connect,COMPACTE,SEGMENT_RULES,THERMIQUE,False,116.0,,,,Puteaux,Neuilly Sur Seine,Puteaux|Asnières-sur-Seine|Paris 17e,3,21,False,False,,3170,529,13
20260801T150607,A2,v3.3-search-gps,2026-08-02T09:00,2026-08-02T20:00,958966,https://fr.getaround.com/location-voiture/levallois-perret/renault-twingo-958966,Renault Twingo (2013),2013,Getaround Connect,CITADINE,SEGMENT_RULES,THERMIQUE,False,85.0,,4.57,98,Puteaux,Levallois Perret,Puteaux|Asnières-sur-Seine|Paris 17e,3,21,False,False,,4200,529,13
20260801T150607,A2,v3.3-search-gps,2026-08-02T09:00,2026-08-02T20:00,1879290,https://fr.getaround.com/location-voiture/puteaux/mercedes-benz-classe-a-1879290,Mercedes-Benz Classe A (2016),2016,Sur rendez-vous,COMPACTE,SEGMENT_RULES,THERMIQUE,False,110.0,,5.0,6,Puteaux,Puteaux,Puteaux|Asnières-sur-Seine,2,22,False,False,,440,529,13
20260801T150607,A2,v3.3-search-gps,2026-08-02T09:00,2026-08-02T20:00,1274902,https://fr.getaround.com/location-voiture/paris/renault-clio-1274902,Renault Clio (2023),2023,Getaround Connect,CITADINE,SEGMENT_RULES,THERMIQUE,False,105.0,,4.02,26,Puteaux,Paris,Puteaux|Asnières-sur-Seine|Paris 17e,3,22,False,False,,5130,529,13
20260801T150607,A2,v3.3-search-gps,2026-08-02T09:00,2026-08-02T20:00,1822032,https://fr.getaround.com/location-voiture/gennevilliers/renault-clio-1822032,Renault Clio (2016),2016,Getaround Connect,CITADINE,SEGMENT_RULES,THERMIQUE,False,104.0,,4.8,5,Puteaux,Gennevilliers,Puteaux|Asnières-sur-Seine|Paris 17e,3,22,False,False,,7400,529,13
20260801T150607,A2,v3.3-search-gps,2026-08-02T09:00,2026-08-02T20:00,1784089,https://fr.getaround.com/location-voiture/courbevoie/renault-austral-e-tech-full-hybrid-1784089,Renault Austral E-Tech full hybrid (2024),2024,Sur rendez-vous,SUV_FAMILIAL,SEGMENT_RULES,ELECTRIQUE,False,173.0,,5.0,1,Puteaux,Courbevoie,Puteaux|Asnières-sur-Seine|Paris 17e,3,23,False,False,,880,529,13
20260801T150607,A2,v3.3-search-gps,2026-08-02T09:00,2026-08-02T20:00,1891280,https://fr.getaround.com/location-voiture/suresnes/fiat-500-1891280,Fiat 500 (2012),2012,Sur rendez-vous,CITADINE,SEGMENT_RULES,THERMIQUE,False,79.0,,5.0,1,Puteaux,Suresnes,Puteaux|Asnières-sur-Seine|Paris 17e,3,24,False,False,,2470,529,13
20260801T150607,A2,v3.3-search-gps,2026-08-02T09:00,2026-08-02T20:00,1159197,https://fr.getaround.com/location-voiture/paris/citroen-c3-1159197,Citroen C3 (2020),2020,Getaround Connect,CITADINE,SEGMENT_RULES,THERMIQUE,False,70.0,,3.49,67,Puteaux,Paris,Puteaux|Asnières-sur-Seine|Paris 17e,3,24,False,False,,5580,529,13
20260801T150607,A2,v3.3-search-gps,2026-08-02T09:00,2026-08-02T20:00,1841752,https://fr.getaround.com/location-voiture/suresnes/citroen-c1-ii-1841752,Citroen C1 II (2020),2020,Getaround Connect,MICRO_CITADINE,SEGMENT_RULES,THERMIQUE,False,79.0,,4.95,22,Puteaux,Suresnes,Puteaux|Asnières-sur-Seine|Paris 17e,3,25,False,False,,2940,529,13
20260801T150607,A2,v3.3-search-gps,2026-08-02T09:00,2026-08-02T20:00,1774108,https://fr.getaround.com/location-voiture/levallois-perret/renault-clio-e-tech-1774108,Renault Clio E-tech (2021),2021,Getaround Connect,CITADINE,SEGMENT_RULES,ELECTRIQUE,False,111.0,,4.7,10,Puteaux,Levallois Perret,Puteaux|Asnières-sur-Seine|Paris 17e,3,25,False,False,,3680,529,13
20260801T150607,A2,v3.3-search-gps,2026-08-02T09:00,2026-08-02T20:00,1804181,https://fr.getaround.com/location-voiture/asnieres-sur-seine/skoda-fabia-1804181,Skoda Fabia (2016),2016,Sur rendez-vous,CITADINE,SEGMENT_RULES,THERMIQUE,False,88.0,,4.0,1,Puteaux,Asnieres Sur Seine,Puteaux|Asnières-sur-Seine,2,25,False,False,,4870,529,13
20260801T150607,A2,v3.3-search-gps,2026-08-02T09:00,2026-08-02T20:00,1660563,https://fr.getaround.com/location-voiture/suresnes/peugeot-208-1660563,Peugeot 208 (2018),2018,Getaround Connect,CITADINE,SEGMENT_RULES,THERMIQUE,False,106.0,,4.83,36,Puteaux,Suresnes,Puteaux|Asnières-sur-Seine,2,26,False,False,,2190,529,13
20260801T150607,A2,v3.3-search-gps,2026-08-02T09:00,2026-08-02T20:00,1145798,https://fr.getaround.com/location-voiture/asnieres-sur-seine/citroen-c4-cactus-1145798,Citroen C4 Cactus (2019),2019,Sur rendez-vous,COMPACTE,SEGMENT_RULES,THERMIQUE,False,125.0,,5.0,8,Puteaux,Asnieres Sur Seine,Puteaux|Asnières-sur-Seine,2,26,False,False,,5490,529,13
20260801T150607,A2,v3.3-search-gps,2026-08-02T09:00,2026-08-02T20:00,1619882,https://fr.getaround.com/location-voiture/la-garenne-colombes/fiat-500-1619882,Fiat 500 (2014),2014,Getaround Connect,CITADINE,SEGMENT_RULES,THERMIQUE,False,92.0,,4.89,66,Puteaux,La Garenne Colombes,Puteaux|Asnières-sur-Seine|Paris 17e,3,27,False,False,,2870,529,13
20260801T150607,A2,v3.3-search-gps,2026-08-02T09:00,2026-08-02T20:00,1772268,https://fr.getaround.com/location-voiture/paris/peugeot-e-208-gt-1772268,Peugeot e-208 GT (2023),2023,Getaround Connect,CITADINE,SEGMENT_RULES,THERMIQUE,False,104.0,,5.0,9,Puteaux,Paris,Puteaux|Asnières-sur-Seine|Paris 17e,3,27,False,False,,6900,529,13
20260801T150607,A2,v3.3-search-gps,2026-08-02T09:00,2026-08-02T20:00,1619485,https://fr.getaround.com/location-voiture/la-garenne-colombes/peugeot-208-1619485,Peugeot 208 (2014),2014,Getaround Connect,CITADINE,SEGMENT_RULES,THERMIQUE,False,97.0,,4.52,41,Puteaux,La Garenne Colombes,Puteaux|Asnières-sur-Seine|Paris 17e,3,28,False,False,,2620,529,13
20260801T150607,A2,v3.3-search-gps,2026-08-02T09:00,2026-08-02T20:00,1787693,https://fr.getaround.com/location-voiture/paris/peugeot-208-1787693,Peugeot 208 (2025),2025,Getaround Connect,CITADINE,SEGMENT_RULES,THERMIQUE,False,81.0,,3.4,5,Puteaux,Paris,Puteaux|Asnières-sur-Seine|Paris 17e,3,28,False,False,,4980,529,13
20260801T150607,A2,v3.3-search-gps,2026-08-02T09:00,2026-08-02T20:00,1894949,https://fr.getaround.com/location-voiture/asnieres-sur-seine/citroen-c1-ii-1894949,Citroen C1 II (2017),2017,Sur rendez-vous,MICRO_CITADINE,SEGMENT_RULES,THERMIQUE,False,81.0,,5.0,1,Puteaux,Asnieres Sur Seine,Puteaux|Asnières-sur-Seine|Paris 17e,3,28,False,False,,6360,529,13
20260801T150607,A2,v3.3-search-gps,2026-08-02T09:00,2026-08-02T20:00,1438820,https://fr.getaround.com/location-voiture/courbevoie/fiat-500-sport-1438820,Fiat 500 Sport (2014),2014,Sur rendez-vous,CITADINE,SEGMENT_RULES,THERMIQUE,False,88.0,,5.0,3,Puteaux,Courbevoie,Puteaux|Asnières-sur-Seine,2,29,False,False,,1360,529,13
20260801T150607,A2,v3.3-search-gps,2026-08-02T09:00,2026-08-02T20:00,1631080,https://fr.getaround.com/location-voiture/levallois-perret/renault-twingo-iii-1631080,Renault Twingo III (2017),2017,Getaround Connect,CITADINE,SEGMENT_RULES,THERMIQUE,False,100.0,,4.97,30,Puteaux,Levallois Perret,Puteaux|Asnières-sur-Seine|Paris 17e,3,29,False,False,,3150,529,13
20260801T150607,A2,v3.3-search-gps,2026-08-02T09:00,2026-08-02T20:00,1231308,https://fr.getaround.com/location-voiture/paris/peugeot-208-1231308,Peugeot 208 (2023),2023,Getaround Connect,CITADINE,SEGMENT_RULES,THERMIQUE,False,116.0,,3.93,78,Puteaux,Paris,Puteaux|Asnières-sur-Seine|Paris 17e,3,29,False,False,,3480,529,13
20260801T150607,A2,v3.3-search-gps,2026-08-02T09:00,2026-08-02T20:00,1219231,https://fr.getaround.com/location-voiture/paris/peugeot-208-1219231,Peugeot 208 (2023),2023,Getaround Connect,CITADINE,SEGMENT_RULES,THERMIQUE,False,110.0,,3.82,42,Puteaux,Paris,Puteaux|Asnières-sur-Seine|Paris 17e,3,30,False,False,,3860,529,13
20260801T150607,A2,v3.3-search-gps,2026-08-02T09:00,2026-08-02T20:00,1888150,https://fr.getaround.com/location-voiture/clichy/renault-arkana-evolution-1888150,Renault Arkana Evolution (2022),2022,Getaround Connect,COMPACTE,SEGMENT_RULES,THERMIQUE,False,125.0,,5.0,2,Puteaux,Clichy,Puteaux|Asnières-sur-Seine|Paris 17e,3,31,False,False,,6060,529,13
20260801T150607,A2,v3.3-search-gps,2026-08-02T09:00,2026-08-02T20:00,1216607,https://fr.getaround.com/location-voiture/paris/peugeot-208-1216607,Peugeot 208 (2023),2023,Getaround Connect,CITADINE,SEGMENT_RULES,THERMIQUE,False,110.0,,4.58,32,Puteaux,Paris,Puteaux|Asnières-sur-Seine|Paris 17e,3,31,False,False,,6930,529,13
20260801T150607,A2,v3.3-search-gps,2026-08-02T09:00,2026-08-02T20:00,1819126,https://fr.getaround.com/location-voiture/puteaux/citroen-c3-1819126,Citroen C3 (2021),2021,Sur rendez-vous,CITADINE,SEGMENT_RULES,THERMIQUE,False,94.0,,,,Puteaux,Puteaux,Puteaux|Asnières-sur-Seine,2,32,False,False,,260,529,13
20260801T150607,A2,v3.3-search-gps,2026-08-02T09:00,2026-08-02T20:00,1325437,https://fr.getaround.com/location-voiture/carrieres-sur-seine/peugeot-208-1325437,Peugeot 208 (2023),2023,Getaround Connect,CITADINE,SEGMENT_RULES,THERMIQUE,False,76.0,,4.59,49,Puteaux,Carrieres Sur Seine,Puteaux|Asnières-sur-Seine,2,33,False,False,,5150,529,13
20260801T150607,A2,v3.3-search-gps,2026-08-02T09:00,2026-08-02T20:00,960847,https://fr.getaround.com/location-voiture/levallois-perret/renault-clio-960847,Renault Clio (2014),2014,Getaround Connect,CITADINE,SEGMENT_RULES,THERMIQUE,False,115.0,,4.85,115,Puteaux,Levallois Perret,Puteaux|Asnières-sur-Seine|Paris 17e,3,33,False,False,,3470,529,13
20260801T150607,A2,v3.3-search-gps,2026-08-02T09:00,2026-08-02T20:00,1691386,https://fr.getaround.com/location-voiture/paris/peugeot-208-1691386,Peugeot 208 (2025),2025,Getaround Connect,CITADINE,SEGMENT_RULES,THERMIQUE,False,116.0,,3.14,7,Puteaux,Paris,Puteaux|Asnières-sur-Seine|Paris 17e,3,34,False,False,,3480,529,13
20260801T150607,A2,v3.3-search-gps,2026-08-02T09:00,2026-08-02T20:00,1708040,https://fr.getaround.com/location-voiture/neuilly-sur-seine/renault-captur-1708040,Renault Captur (2019),2019,Getaround Connect,SUV_COMPACT,SEGMENT_RULES,THERMIQUE,False,114.0,,4.91,23,Puteaux,Neuilly Sur Seine,Puteaux|Asnières-sur-Seine|Paris 17e,3,35,False,False,,2640,529,13
20260801T150607,A2,v3.3-search-gps,2026-08-02T09:00,2026-08-02T20:00,1926929,https://fr.getaround.com/location-voiture/la-garenne-colombes/citroen-berlingo-multispace-1926929,Citroen Berlingo Multispace (2018),2018,Getaround Connect,MONOSPACE,SEGMENT_RULES,THERMIQUE,False,111.0,,5.0,1,Puteaux,La Garenne Colombes,Puteaux|Asnières-sur-Seine|Paris 17e,3,35,False,False,,2990,529,13
20260801T150607,A2,v3.3-search-gps,2026-08-02T09:00,2026-08-02T20:00,828093,https://fr.getaround.com/location-voiture/paris/toyota-yaris-hybride-828093,Toyota Yaris Hybride (2021),2021,Getaround Connect,CITADINE,SEGMENT_RULES,HYBRIDE,False,104.0,,4.21,170,Asnières-sur-Seine,Paris,Asnières-sur-Seine|Paris 17e,2,37,False,False,,5990,955,23
20260801T150607,A2,v3.3-search-gps,2026-08-02T09:00,2026-08-02T20:00,558456,https://fr.getaround.com/location-voiture/nanterre/citroen-c3-558456,Citroen C3 (2015),2015,Sur rendez-vous,CITADINE,SEGMENT_RULES,THERMIQUE,False,75.0,,4.72,100,Puteaux,Nanterre,Puteaux|Asnières-sur-Seine,2,38,False,False,,2100,529,13
20260801T150607,A2,v3.3-search-gps,2026-08-02T09:00,2026-08-02T20:00,1931910,https://fr.getaround.com/location-voiture/la-garenne-colombes/volkswagen-tiguan-1931910,Volkswagen Tiguan (2024),2024,Sur rendez-vous,SUV_FAMILIAL,SEGMENT_RULES,THERMIQUE,False,160.0,,5.0,1,Puteaux,La Garenne Colombes,Puteaux|Asnières-sur-Seine|Paris 17e,3,38,False,False,,3100,529,13
20260801T150607,A2,v3.3-search-gps,2026-08-02T09:00,2026-08-02T20:00,1650452,https://fr.getaround.com/location-voiture/paris/volkswagen-t-cross-1650452,Volkswagen T-Cross (2024),2024,Getaround Connect,SUV_COMPACT,SEGMENT_RULES,THERMIQUE,False,117.0,,3.3,23,Puteaux,Paris,Puteaux|Asnières-sur-Seine|Paris 17e,3,38,False,False,,5720,529,13
20260801T150607,A2,v3.3-search-gps,2026-08-02T09:00,2026-08-02T20:00,1056821,https://fr.getaround.com/location-voiture/la-garenne-colombes/fiat-500-c-1056821,Fiat 500 C (2016),2016,Getaround Connect,CABRIOLET,SEGMENT_RULES,THERMIQUE,False,113.0,,4.89,82,Puteaux,La Garenne Colombes,Puteaux|Asnières-sur-Seine|Paris 17e,3,39,False,False,,2730,529,13
20260801T150607,A2,v3.3-search-gps,2026-08-02T09:00,2026-08-02T20:00,1204492,https://fr.getaround.com/location-voiture/la-garenne-colombes/dacia-spring-1204492,Dacia Spring (2021),2021,Getaround Connect,COMPACTE,SEGMENT_RULES,THERMIQUE,False,90.0,,4.44,77,Puteaux,La Garenne Colombes,Puteaux|Asnières-sur-Seine,2,40,False,False,,2730,529,13
20260801T150607,A2,v3.3-search-gps,2026-08-02T09:00,2026-08-02T20:00,1450226,https://fr.getaround.com/location-voiture/levallois-perret/citroen-c3-picasso-1450226,Citroen C3 Picasso (2013),2013,Sur rendez-vous,MONOSPACE,SEGMENT_RULES,THERMIQUE,False,90.0,,5.0,9,Puteaux,Levallois Perret,Puteaux|Asnières-sur-Seine|Paris 17e,3,40,False,False,,4240,529,13
20260801T150607,A2,v3.3-search-gps,2026-08-02T09:00,2026-08-02T20:00,730131,https://fr.getaround.com/location-voiture/boulogne-billancourt/renault-clio-730131,Renault Clio (2018),2018,Getaround Connect,CITADINE,SEGMENT_RULES,THERMIQUE,False,76.0,,4.12,176,Puteaux,Boulogne Billancourt,Puteaux|Asnières-sur-Seine|Paris 17e,3,41,False,False,,4530,529,13
20260801T150607,A2,v3.3-search-gps,2026-08-02T09:00,2026-08-02T20:00,1915381,https://fr.getaround.com/location-voiture/deuil-la-barre/renault-clio-1915381,Renault Clio (2015),2015,Getaround Connect,CITADINE,SEGMENT_RULES,THERMIQUE,False,69.0,,,,Asnières-sur-Seine,Deuil La Barre,Asnières-sur-Seine,1,41,False,False,,7450,955,23
20260801T150607,A2,v3.3-search-gps,2026-08-02T09:00,2026-08-02T20:00,478983,https://fr.getaround.com/location-voiture/paris/renault-clio-478983,Renault Clio (2019),2019,Getaround Connect,CITADINE,SEGMENT_RULES,THERMIQUE,False,101.0,,4.41,206,Asnières-sur-Seine,Paris,Asnières-sur-Seine|Paris 17e,2,41,False,False,,6400,955,23
20260801T150607,A2,v3.3-search-gps,2026-08-02T09:00,2026-08-02T20:00,1453736,https://fr.getaround.com/location-voiture/puteaux/mercedes-benz-classe-c-1453736,Mercedes-Benz Classe C (2010),2010,Sur rendez-vous,BERLINE,SEGMENT_RULES,THERMIQUE,False,158.0,,4.7,5,Puteaux,Puteaux,Puteaux|Asnières-sur-Seine,2,43,False,False,,700,529,13
20260801T150607,A2,v3.3-search-gps,2026-08-02T09:00,2026-08-02T20:00,1711649,https://fr.getaround.com/location-voiture/deuil-la-barre/citroen-c4-1711649,Citroen C4 (2016),2016,Getaround Connect,COMPACTE,SEGMENT_RULES,THERMIQUE,False,84.0,,4.8,15,Asnières-sur-Seine,Deuil La Barre,Asnières-sur-Seine,1,43,False,False,,6310,955,23
20260801T150607,A2,v3.3-search-gps,2026-08-02T09:00,2026-08-02T20:00,711416,https://fr.getaround.com/location-voiture/paris/peugeot-2008-711416,Peugeot 2008 (2019),2019,Getaround Connect,SUV_COMPACT,SEGMENT_RULES,THERMIQUE,False,104.0,,4.0,45,Asnières-sur-Seine,Paris,Asnières-sur-Seine|Paris 17e,2,43,False,False,,5990,955,23
20260801T150607,A2,v3.3-search-gps,2026-08-02T09:00,2026-08-02T20:00,1816173,https://fr.getaround.com/location-voiture/puteaux/suzuki-ignis-1816173,Suzuki Ignis (2018),2018,Sur rendez-vous,MICRO_CITADINE,SEGMENT_RULES,THERMIQUE,False,98.0,,,,Puteaux,Puteaux,Puteaux|Asnières-sur-Seine,2,44,False,False,,550,529,13
20260801T150607,A2,v3.3-search-gps,2026-08-02T09:00,2026-08-02T20:00,1650443,https://fr.getaround.com/location-voiture/paris/volkswagen-t-cross-1650443,Volkswagen T-Cross (2024),2024,Getaround Connect,SUV_COMPACT,SEGMENT_RULES,THERMIQUE,False,117.0,,4.57,35,Puteaux,Paris,Puteaux|Asnières-sur-Seine|Paris 17e,3,44,False,False,,3930,529,13
20260801T150607,A2,v3.3-search-gps,2026-08-02T09:00,2026-08-02T20:00,1893886,https://fr.getaround.com/location-voiture/puteaux/volkswagen-passat-1893886,Volkswagen Passat (2013),2013,Sur rendez-vous,BERLINE,SEGMENT_RULES,THERMIQUE,False,111.0,,,,Puteaux,Puteaux,Puteaux|Asnières-sur-Seine,2,45,False,False,,360,529,13
20260801T150607,A2,v3.3-search-gps,2026-08-02T09:00,2026-08-02T20:00,1689702,https://fr.getaround.com/location-voiture/colombes/chevrolet-spark-1689702,Chevrolet Spark (2013),2013,Sur rendez-vous,COMPACTE,SEGMENT_RULES,THERMIQUE,False,49.0,,5.0,11,Puteaux,Colombes,Puteaux|Asnières-sur-Seine|Paris 17e,3,45,False,False,,3480,529,13
20260801T150607,A2,v3.3-search-gps,2026-08-02T09:00,2026-08-02T20:00,1881892,https://fr.getaround.com/location-voiture/paris/peugeot-2008-1881892,Peugeot 2008 (2026),2026,Getaround Connect,SUV_COMPACT,SEGMENT_RULES,THERMIQUE,False,138.0,,5.0,3,Puteaux,Paris,Puteaux|Asnières-sur-Seine|Paris 17e,3,45,False,False,,6630,529,13
20260801T150607,A2,v3.3-search-gps,2026-08-02T09:00,2026-08-02T20:00,1934966,https://fr.getaround.com/location-voiture/courbevoie/renault-arkana-business-1934966,Renault Arkana Business (2021),2021,Sur rendez-vous,COMPACTE,SEGMENT_RULES,THERMIQUE,False,127.0,,5.0,1,Puteaux,Courbevoie,Puteaux|Asnières-sur-Seine|Paris 17e,3,48,False,False,,1910,529,13
20260801T150607,A2,v3.3-search-gps,2026-08-02T09:00,2026-08-02T20:00,1901768,https://fr.getaround.com/location-voiture/paris/toyota-corolla-break-hybride-1901768,Toyota Corolla Break Hybride (2022),2022,Getaround Connect,BREAK,SEGMENT_RULES,HYBRIDE,False,120.0,,,,Asnières-sur-Seine,Paris,Asnières-sur-Seine|Paris 17e,2,48,False,False,,6040,955,23
20260801T150607,A2,v3.3-search-gps,2026-08-02T09:00,2026-08-02T20:00,1338627,https://fr.getaround.com/location-voiture/puteaux/toyota-auris-touring-sports-1338627,Toyota Auris Touring Sports (2018),2018,Sur rendez-vous,BREAK,SEGMENT_RULES,THERMIQUE,False,125.0,,,,Puteaux,Puteaux,Puteaux|Asnières-sur-Seine,2,49,False,False,,660,529,13
20260801T150607,A2,v3.3-search-gps,2026-08-02T09:00,2026-08-02T20:00,733239,https://fr.getaround.com/location-voiture/sartrouville/fiat-500-733239,Fiat 500 (2016),2016,Getaround Connect,CITADINE,SEGMENT_RULES,THERMIQUE,False,73.0,,4.86,60,Puteaux,Sartrouville,Puteaux|Asnières-sur-Seine,2,49,False,False,,8020,529,13
20260801T150607,A2,v3.3-search-gps,2026-08-02T09:00,2026-08-02T20:00,1195460,https://fr.getaround.com/location-voiture/paris/renault-grand-scenic-1195460,Renault Grand Scenic (2018),2018,Getaround Connect,MONOSPACE,SEGMENT_RULES,THERMIQUE,False,161.0,,4.59,48,Puteaux,Paris,Puteaux|Asnières-sur-Seine|Paris 17e,3,49,False,False,,5220,529,13
20260801T150607,A2,v3.3-search-gps,2026-08-02T09:00,2026-08-02T20:00,1921213,https://fr.getaround.com/location-voiture/paris/peugeot-208-1921213,Peugeot 208 (2026),2026,Getaround Connect,CITADINE,SEGMENT_RULES,THERMIQUE,False,105.0,,,,Puteaux,Paris,Puteaux|Asnières-sur-Seine|Paris 17e,3,50,False,False,,7210,529,13
20260801T150607,A2,v3.3-search-gps,2026-08-02T09:00,2026-08-02T20:00,1274910,https://fr.getaround.com/location-voiture/chatou/renault-clio-1274910,Renault Clio (2023),2023,Getaround Connect,CITADINE,SEGMENT_RULES,THERMIQUE,False,76.0,,4.75,40,Puteaux,Chatou,Puteaux|Asnières-sur-Seine,2,51,False,False,,6160,529,13
20260801T150607,A2,v3.3-search-gps,2026-08-02T09:00,2026-08-02T20:00,1608631,https://fr.getaround.com/location-voiture/cormeilles-en-parisis/peugeot-208-1608631,Peugeot 208 (2019),2019,Getaround Connect,CITADINE,SEGMENT_RULES,THERMIQUE,False,70.0,,4.95,21,Asnières-sur-Seine,Cormeilles En Parisis,Asnières-sur-Seine,1,51,False,False,,8610,955,23
20260801T150607,A2,v3.3-search-gps,2026-08-02T09:00,2026-08-02T20:00,835612,https://fr.getaround.com/location-voiture/paris/renault-clio-835612,Renault Clio (2018),2018,Getaround Connect,CITADINE,SEGMENT_RULES,THERMIQUE,False,70.0,,4.12,157,Asnières-sur-Seine,Paris,Asnières-sur-Seine|Paris 17e,2,51,False,False,,9990,955,23
20260801T150607,A2,v3.3-search-gps,2026-08-02T09:00,2026-08-02T20:00,1718489,https://fr.getaround.com/location-voiture/suresnes/citroen-c3-1718489,Citroen C3 (2017),2017,Getaround Connect,CITADINE,SEGMENT_RULES,THERMIQUE,False,106.0,,4.64,22,Puteaux,Suresnes,Puteaux|Asnières-sur-Seine,2,52,False,False,,2680,529,13
20260801T150607,A2,v3.3-search-gps,2026-08-02T09:00,2026-08-02T20:00,1285003,https://fr.getaround.com/location-voiture/neuilly-sur-seine/renault-grand-scenic-1285003,Renault Grand Scenic (2018),2018,Getaround Connect,MONOSPACE,SEGMENT_RULES,THERMIQUE,False,157.0,,4.92,59,Puteaux,Neuilly Sur Seine,Puteaux|Asnières-sur-Seine|Paris 17e,3,52,False,False,,3050,529,13
20260801T150607,A2,v3.3-search-gps,2026-08-02T09:00,2026-08-02T20:00,1650471,https://fr.getaround.com/location-voiture/paris/volkswagen-t-cross-1650471,Volkswagen T-Cross (2024),2024,Getaround Connect,SUV_COMPACT,SEGMENT_RULES,THERMIQUE,False,123.0,,4.76,33,Puteaux,Paris,Puteaux|Asnières-sur-Seine|Paris 17e,3,53,False,False,,5190,529,13
20260801T150607,A2,v3.3-search-gps,2026-08-02T09:00,2026-08-02T20:00,1409654,https://fr.getaround.com/location-voiture/levallois-perret/citroen-c4-1409654,Citroen C4 (2015),2015,Getaround Connect,COMPACTE,SEGMENT_RULES,THERMIQUE,False,109.0,,4.33,52,Puteaux,Levallois Perret,Puteaux|Asnières-sur-Seine|Paris 17e,3,54,False,False,,3150,529,13
20260801T150607,A2,v3.3-search-gps,2026-08-02T09:00,2026-08-02T20:00,1257542,https://fr.getaround.com/location-voiture/paris/peugeot-208-1257542,Peugeot 208 (2023),2023,Getaround Connect,CITADINE,SEGMENT_RULES,THERMIQUE,False,110.0,,4.43,61,Asnières-sur-Seine,Paris,Asnières-sur-Seine|Paris 17e,2,54,False,False,,5640,955,23
20260801T150607,A2,v3.3-search-gps,2026-08-02T09:00,2026-08-02T20:00,1573156,https://fr.getaround.com/location-voiture/nanterre/ford-fiesta-1573156,Ford Fiesta (2014),2014,Getaround Connect,CITADINE,SEGMENT_RULES,THERMIQUE,False,104.0,,4.86,77,Puteaux,Nanterre,Puteaux|Asnières-sur-Seine|Paris 17e,3,55,False,False,,4040,529,13
20260801T150607,A2,v3.3-search-gps,2026-08-02T09:00,2026-08-02T20:00,1788413,https://fr.getaround.com/location-voiture/sannois/renault-twingo-iii-1788413,Renault Twingo III (2017),2017,Getaround Connect,CITADINE,SEGMENT_RULES,THERMIQUE,False,71.0,,5.0,14,Asnières-sur-Seine,Sannois,Asnières-sur-Seine,1,55,False,False,,7700,955,23
20260801T150607,A2,v3.3-search-gps,2026-08-02T09:00,2026-08-02T20:00,1495582,https://fr.getaround.com/location-voiture/paris/renault-clio-1495582,Renault Clio (2014),2014,Getaround Connect,CITADINE,SEGMENT_RULES,THERMIQUE,False,74.0,,4.89,57,Asnières-sur-Seine,Paris,Asnières-sur-Seine|Paris 17e,2,55,False,False,,8020,955,23
20260801T150607,A2,v3.3-search-gps,2026-08-02T09:00,2026-08-02T20:00,1665189,https://fr.getaround.com/location-voiture/paris/peugeot-208-1665189,Peugeot 208 (2019),2019,Getaround Connect,CITADINE,SEGMENT_RULES,THERMIQUE,False,76.0,,4.05,43,Asnières-sur-Seine,Paris,Asnières-sur-Seine|Paris 17e,2,56,False,False,,7160,955,23
20260801T150607,A2,v3.3-search-gps,2026-08-02T09:00,2026-08-02T20:00,275988,https://fr.getaround.com/location-voiture/courbevoie/toyota-prius-275988,Toyota Prius (2012),2012,Sur rendez-vous,COMPACTE,SEGMENT_RULES,HYBRIDE,False,114.0,,4.83,12,Puteaux,Courbevoie,Puteaux|Asnières-sur-Seine,2,57,False,False,,1080,529,13
20260801T150607,A2,v3.3-search-gps,2026-08-02T09:00,2026-08-02T20:00,1272663,https://fr.getaround.com/location-voiture/paris/toyota-corolla-hybride-1272663,Toyota Corolla Hybride (2022),2022,Getaround Connect,COMPACTE,SEGMENT_RULES,HYBRIDE,False,120.0,,4.55,57,Asnières-sur-Seine,Paris,Asnières-sur-Seine|Paris 17e,2,57,False,False,,6340,955,23
20260801T150607,A2,v3.3-search-gps,2026-08-02T09:00,2026-08-02T20:00,1442843,https://fr.getaround.com/location-voiture/paris/citroen-c3-1442843,Citroen C3 (2023),2023,Getaround Connect,CITADINE,SEGMENT_RULES,THERMIQUE,False,110.0,,4.78,40,Puteaux,Paris,Puteaux|Asnières-sur-Seine|Paris 17e,3,58,False,False,,4059,529,13
20260801T150607,A2,v3.3-search-gps,2026-08-02T09:00,2026-08-02T20:00,1920362,https://fr.getaround.com/location-voiture/asnieres-sur-seine/ford-fiesta-1920362,Ford Fiesta (2015),2015,Sur rendez-vous,CITADINE,SEGMENT_RULES,THERMIQUE,False,88.0,,,,Puteaux,Asnieres Sur Seine,Puteaux|Asnières-sur-Seine,2,58,False,False,,6360,529,13
20260801T150607,A2,v3.3-search-gps,2026-08-02T09:00,2026-08-02T20:00,958409,https://fr.getaround.com/location-voiture/gennevilliers/renault-twingo-958409,Renault Twingo (2021),2021,Sur rendez-vous,CITADINE,SEGMENT_RULES,THERMIQUE,False,66.0,,,,Puteaux,Gennevilliers,Puteaux|Asnières-sur-Seine,2,59,False,False,,6040,529,13
20260801T150607,A2,v3.3-search-gps,2026-08-02T09:00,2026-08-02T20:00,560887,https://fr.getaround.com/location-voiture/asnieres-sur-seine/audi-a3-sportback-560887,Audi A3 Sportback (2010),2010,Sur rendez-vous,COMPACTE,SEGMENT_RULES,THERMIQUE,False,120.0,,5.0,5,Puteaux,Asnieres Sur Seine,Puteaux|Asnières-sur-Seine,2,61,False,False,,4240,529,13
20260801T150607,A2,v3.3-search-gps,2026-08-02T09:00,2026-08-02T20:00,1649267,https://fr.getaround.com/location-voiture/paris/citroen-c3-picasso-1649267,Citroen C3 Picasso (2016),2016,Getaround Connect,MONOSPACE,SEGMENT_RULES,THERMIQUE,False,89.0,,4.69,16,Asnières-sur-Seine,Paris,Asnières-sur-Seine|Paris 17e,2,61,False,False,,7590,955,23
20260801T150607,A2,v3.3-search-gps,2026-08-02T09:00,2026-08-02T20:00,1684302,https://fr.getaround.com/location-voiture/courbevoie/peugeot-208-1684302,Peugeot 208 (2013),2013,Sur rendez-vous,CITADINE,SEGMENT_RULES,THERMIQUE,False,90.0,,5.0,8,Puteaux,Courbevoie,Puteaux|Asnières-sur-Seine,2,62,False,False,,2140,529,13
20260801T150607,A2,v3.3-search-gps,2026-08-02T09:00,2026-08-02T20:00,1680745,https://fr.getaround.com/location-voiture/paris/citroen-c3-1680745,Citroen C3 (2024),2024,Sur rendez-vous,CITADINE,SEGMENT_RULES,THERMIQUE,False,102.0,,5.0,1,Puteaux,Paris,Puteaux|Asnières-sur-Seine|Paris 17e,3,62,False,False,,4530,529,13
20260801T150607,A2,v3.3-search-gps,2026-08-02T09:00,2026-08-02T20:00,1804473,https://fr.getaround.com/location-voiture/colombes/ford-fiesta-1804473,Ford Fiesta (2019),2019,Sur rendez-vous,CITADINE,SEGMENT_RULES,THERMIQUE,False,66.0,,4.0,4,Puteaux,Colombes,Puteaux|Asnières-sur-Seine,2,62,False,False,,5360,529,13
20260801T150607,A2,v3.3-search-gps,2026-08-02T09:00,2026-08-02T20:00,508096,https://fr.getaround.com/location-voiture/saint-ouen-sur-seine/nissan-micra-508096,Nissan Micra (2019),2019,Getaround Connect,CITADINE,SEGMENT_RULES,THERMIQUE,False,107.0,,4.94,171,Puteaux,Saint Ouen Sur Seine,Puteaux|Asnières-sur-Seine|Paris 17e,3,63,False,False,,7050,529,13
20260801T150607,A2,v3.3-search-gps,2026-08-02T09:00,2026-08-02T20:00,1553158,https://fr.getaround.com/location-voiture/colombes/citroen-c3-1553158,Citroen C3 (2019),2019,Getaround Connect,CITADINE,SEGMENT_RULES,THERMIQUE,False,111.0,,5.0,34,Puteaux,Colombes,Puteaux|Asnières-sur-Seine,2,64,False,False,,3620,529,13
20260801T150607,A2,v3.3-search-gps,2026-08-02T09:00,2026-08-02T20:00,509497,https://fr.getaround.com/location-voiture/saint-ouen-sur-seine/nissan-micra-509497,Nissan Micra (2019),2019,Getaround Connect,CITADINE,SEGMENT_RULES,THERMIQUE,False,107.0,,4.94,144,Asnières-sur-Seine,Saint Ouen Sur Seine,Asnières-sur-Seine|Paris 17e,2,64,False,False,,3700,955,23
20260801T150607,A2,v3.3-search-gps,2026-08-02T09:00,2026-08-02T20:00,1211982,https://fr.getaround.com/location-voiture/paris/peugeot-208-1211982,Peugeot 208 (2017),2017,Sur rendez-vous,CITADINE,SEGMENT_RULES,THERMIQUE,False,98.0,,5.0,39,Asnières-sur-Seine,Paris,Asnières-sur-Seine|Paris 17e,2,64,False,False,,4700,955,23
20260801T150607,A2,v3.3-search-gps,2026-08-02T09:00,2026-08-02T20:00,1911653,https://fr.getaround.com/location-voiture/asnieres-sur-seine/fiat-500-x-1911653,Fiat 500 X (2018),2018,Sur rendez-vous,CITADINE,SEGMENT_RULES,THERMIQUE,False,107.0,,,,Puteaux,Asnieres Sur Seine,Puteaux|Asnières-sur-Seine,2,65,False,False,,6050,529,13
20260801T150607,A2,v3.3-search-gps,2026-08-02T09:00,2026-08-02T20:00,845066,https://fr.getaround.com/location-voiture/paris/renault-clio-845066,Renault Clio (2018),2018,Getaround Connect,CITADINE,SEGMENT_RULES,THERMIQUE,False,70.0,,4.06,140,Asnières-sur-Seine,Paris,Asnières-sur-Seine|Paris 17e,2,65,False,False,,10220,955,23
20260801T150607,A2,v3.3-search-gps,2026-08-02T09:00,2026-08-02T20:00,1638396,https://fr.getaround.com/location-voiture/puteaux/volkswagen-t-cross-1638396,Volkswagen T-Cross (2024),2024,Sur rendez-vous,SUV_COMPACT,SEGMENT_RULES,THERMIQUE,False,134.0,,,,Puteaux,Puteaux,Puteaux|Asnières-sur-Seine,2,66,False,False,,680,529,13
20260801T150607,A2,v3.3-search-gps,2026-08-02T09:00,2026-08-02T20:00,1881888,https://fr.getaround.com/location-voiture/paris/peugeot-2008-1881888,Peugeot 2008 (2026),2026,Getaround Connect,SUV_COMPACT,SEGMENT_RULES,THERMIQUE,False,145.0,,3.0,2,Puteaux,Paris,Puteaux|Asnières-sur-Seine|Paris 17e,3,66,False,False,,6800,529,13
20260801T150607,A2,v3.3-search-gps,2026-08-02T09:00,2026-08-02T20:00,1474093,https://fr.getaround.com/location-voiture/la-celle-saint-cloud/toyota-yaris-1474093,Toyota Yaris (2017),2017,Getaround Connect,CITADINE,SEGMENT_RULES,THERMIQUE,False,83.0,,4.71,73,Puteaux,La Celle Saint Cloud,Puteaux|Asnières-sur-Seine,2,67,False,False,,7380,529,13
20260801T150607,A2,v3.3-search-gps,2026-08-02T09:00,2026-08-02T20:00,1944362,https://fr.getaround.com/location-voiture/colombes/renault-clio-1944362,Renault Clio (2011),2011,Sur rendez-vous,CITADINE,SEGMENT_RULES,THERMIQUE,False,84.0,,,,Puteaux,Colombes,Puteaux|Asnières-sur-Seine,2,68,False,False,,5820,529,13
20260801T150607,A2,v3.3-search-gps,2026-08-02T09:00,2026-08-02T20:00,940735,https://fr.getaround.com/location-voiture/paris/dacia-spring-940735,Dacia Spring (2020),2020,Getaround Connect,COMPACTE,SEGMENT_RULES,THERMIQUE,False,70.0,,3.71,130,Asnières-sur-Seine,Paris,Asnières-sur-Seine|Paris 17e,2,68,False,False,,5910,955,23
20260801T150607,A2,v3.3-search-gps,2026-08-02T09:00,2026-08-02T20:00,1927762,https://fr.getaround.com/location-voiture/puteaux/smart-fortwo-electric-drive-1927762,Smart Fortwo Electric Drive (2020),2020,Sur rendez-vous,MICRO_CITADINE,SEGMENT_RULES,ELECTRIQUE,False,81.0,,,,Puteaux,Puteaux,Puteaux|Asnières-sur-Seine,2,69,False,False,,670,529,13
20260801T150607,A2,v3.3-search-gps,2026-08-02T09:00,2026-08-02T20:00,1030151,https://fr.getaround.com/location-voiture/paris/peugeot-2008-1030151,Peugeot 2008 (2016),2016,Getaround Connect,SUV_COMPACT,SEGMENT_RULES,THERMIQUE,False,109.0,,3.84,104,Asnières-sur-Seine,Paris,Asnières-sur-Seine|Paris 17e,2,69,False,False,,5990,955,23
20260801T150607,A2,v3.3-search-gps,2026-08-02T09:00,2026-08-02T20:00,1823084,https://fr.getaround.com/location-voiture/rueil-malmaison/peugeot-208-1823084,Peugeot 208 (2016),2016,Getaround Connect,CITADINE,SEGMENT_RULES,THERMIQUE,False,103.0,,5.0,15,Puteaux,Rueil Malmaison,Puteaux|Asnières-sur-Seine,2,70,False,False,,4200,529,13
20260801T150607,A2,v3.3-search-gps,2026-08-02T09:00,2026-08-02T20:00,1650499,https://fr.getaround.com/location-voiture/paris/volkswagen-t-cross-1650499,Volkswagen T-Cross (2024),2024,Getaround Connect,SUV_COMPACT,SEGMENT_RULES,THERMIQUE,False,123.0,,4.89,37,Asnières-sur-Seine,Paris,Asnières-sur-Seine|Paris 17e,2,70,False,False,,8029,955,23
20260801T150607,A2,v3.3-search-gps,2026-08-02T09:00,2026-08-02T20:00,1855162,https://fr.getaround.com/location-voiture/nanterre/peugeot-208-1855162,Peugeot 208 (2014),2014,Sur rendez-vous,CITADINE,SEGMENT_RULES,THERMIQUE,False,88.0,,5.0,1,Puteaux,Nanterre,Puteaux|Asnières-sur-Seine,2,71,False,False,,2350,529,13
20260801T150607,A2,v3.3-search-gps,2026-08-02T09:00,2026-08-02T20:00,1589883,https://fr.getaround.com/location-voiture/neuilly-sur-seine/peugeot-2008-1589883,Peugeot 2008 (2023),2023,Getaround Connect,SUV_COMPACT,SEGMENT_RULES,THERMIQUE,False,106.0,,3.83,44,Puteaux,Neuilly Sur Seine,Puteaux|Asnières-sur-Seine|Paris 17e,3,71,False,False,,2920,529,13
20260801T150607,A2,v3.3-search-gps,2026-08-02T09:00,2026-08-02T20:00,1401206,https://fr.getaround.com/location-voiture/paris/dacia-sandero-expression-1401206,Dacia Sandero Expression (2023),2023,Getaround Connect,CITADINE,SEGMENT_RULES,THERMIQUE,False,105.0,,5.0,42,Puteaux,Paris,Puteaux|Asnières-sur-Seine|Paris 17e,3,71,False,False,,5330,529,13
20260801T150607,A2,v3.3-search-gps,2026-08-02T09:00,2026-08-02T20:00,1622122,https://fr.getaround.com/location-voiture/nanterre/peugeot-208-1622122,Peugeot 208 (2014),2014,Sur rendez-vous,CITADINE,SEGMENT_RULES,THERMIQUE,False,90.0,,5.0,6,Puteaux,Nanterre,Puteaux|Asnières-sur-Seine,2,72,False,False,,2350,529,13
20260801T150607,A2,v3.3-search-gps,2026-08-02T09:00,2026-08-02T20:00,1323004,https://fr.getaround.com/location-voiture/paris/toyota-corolla-hybride-1323004,Toyota Corolla Hybride (2020),2020,Getaround Connect,COMPACTE,SEGMENT_RULES,HYBRIDE,False,120.0,,4.22,39,Asnières-sur-Seine,Paris,Asnières-sur-Seine|Paris 17e,2,72,False,False,,6780,955,23
20260801T150607,A2,v3.3-search-gps,2026-08-02T09:00,2026-08-02T20:00,1540709,https://fr.getaround.com/location-voiture/paris/kia-niro-hybride-1540709,Kia Niro Hybride (2024),2024,Sur rendez-vous,SUV_COMPACT,SEGMENT_RULES,HYBRIDE,False,143.0,,5.0,5,Puteaux,Paris,Puteaux|Asnières-sur-Seine|Paris 17e,3,73,False,False,,6930,529,13
20260801T150607,A2,v3.3-search-gps,2026-08-02T09:00,2026-08-02T20:00,213631,https://fr.getaround.com/location-voiture/clichy/audi-a1-213631,Audi A1 (2011),2011,Sur rendez-vous,CITADINE,SEGMENT_RULES,THERMIQUE,False,84.0,,4.75,10,Puteaux,Clichy,Puteaux|Asnières-sur-Seine|Paris 17e,3,73,False,False,,4860,529,13
20260801T150607,A2,v3.3-search-gps,2026-08-02T09:00,2026-08-02T20:00,1902942,https://fr.getaround.com/location-voiture/rueil-malmaison/peugeot-208-1902942,Peugeot 208 (2015),2015,Getaround Connect,CITADINE,SEGMENT_RULES,THERMIQUE,False,103.0,,5.0,2,Puteaux,Rueil Malmaison,Puteaux|Asnières-sur-Seine,2,74,False,False,,4200,529,13
20260801T150607,A2,v3.3-search-gps,2026-08-02T09:00,2026-08-02T20:00,1715609,https://fr.getaround.com/location-voiture/paris/peugeot-208-1715609,Peugeot 208 (2020),2020,Getaround Connect,CITADINE,SEGMENT_RULES,THERMIQUE,False,70.0,,4.33,21,Asnières-sur-Seine,Paris,Asnières-sur-Seine|Paris 17e,2,74,False,False,,10660,955,23
20260801T150607,A2,v3.3-search-gps,2026-08-02T09:00,2026-08-02T20:00,1764530,https://fr.getaround.com/location-voiture/bois-colombes/renault-clio-1764530,Renault Clio (2016),2016,Sur rendez-vous,CITADINE,SEGMENT_RULES,THERMIQUE,False,87.0,,,,Puteaux,Bois Colombes,Puteaux|Asnières-sur-Seine,2,75,False,False,,5110,529,13
20260801T150607,A2,v3.3-search-gps,2026-08-02T09:00,2026-08-02T20:00,1694498,https://fr.getaround.com/location-voiture/paris/peugeot-308-sw-1694498,Peugeot 308 SW (2021),2021,Getaround Connect,BREAK,SEGMENT_RULES,THERMIQUE,False,89.0,,3.76,17,Asnières-sur-Seine,Paris,Asnières-sur-Seine|Paris 17e,2,75,False,False,,5560,955,23
20260801T150607,A2,v3.3-search-gps,2026-08-02T09:00,2026-08-02T20:00,1650472,https://fr.getaround.com/location-voiture/paris/volkswagen-t-cross-1650472,Volkswagen T-Cross (2024),2024,Getaround Connect,SUV_COMPACT,SEGMENT_RULES,THERMIQUE,False,117.0,,4.73,22,Puteaux,Paris,Puteaux|Asnières-sur-Seine|Paris 17e,3,76,False,False,,5420,529,13
20260801T150607,A2,v3.3-search-gps,2026-08-02T09:00,2026-08-02T20:00,1378087,https://fr.getaround.com/location-voiture/sarcelles/nissan-juke-1378087,Nissan Juke (2013),2013,Getaround Connect,SUV_COMPACT,SEGMENT_RULES,THERMIQUE,False,72.0,,4.61,14,Asnières-sur-Seine,Sarcelles,Asnières-sur-Seine,1,76,False,False,,9030,955,23
20260801T150607,A2,v3.3-search-gps,2026-08-02T09:00,2026-08-02T20:00,1560572,https://fr.getaround.com/location-voiture/nanterre/fiat-500-c-1560572,Fiat 500 C (2016),2016,Sur rendez-vous,CABRIOLET,SEGMENT_RULES,THERMIQUE,False,106.0,,4.93,30,Puteaux,Nanterre,Puteaux|Asnières-sur-Seine,2,77,False,False,,3420,529,13
20260801T150607,A2,v3.3-search-gps,2026-08-02T09:00,2026-08-02T20:00,1438248,https://fr.getaround.com/location-voiture/paris/toyota-yaris-hybride-1438248,Toyota Yaris Hybride (2021),2021,Getaround Connect,CITADINE,SEGMENT_RULES,HYBRIDE,False,107.0,,4.57,82,Asnières-sur-Seine,Paris,Asnières-sur-Seine|Paris 17e,2,77,False,False,,6860,955,23
20260801T150607,A2,v3.3-search-gps,2026-08-02T09:00,2026-08-02T20:00,1820987,https://fr.getaround.com/location-voiture/boulogne-billancourt/peugeot-208-1820987,Peugeot 208 (2015),2015,Getaround Connect,CITADINE,SEGMENT_RULES,THERMIQUE,False,74.0,,4.47,17,Puteaux,Boulogne Billancourt,Puteaux|Asnières-sur-Seine|Paris 17e,3,78,False,False,,5930,529,13
20260801T150607,A2,v3.3-search-gps,2026-08-02T09:00,2026-08-02T20:00,1441604,https://fr.getaround.com/location-voiture/paris/peugeot-208-1441604,Peugeot 208 (2020),2020,Getaround Connect,CITADINE,SEGMENT_RULES,THERMIQUE,False,101.0,,4.27,50,Asnières-sur-Seine,Paris,Asnières-sur-Seine|Paris 17e,2,78,False,False,,7610,955,23
20260801T150607,A2,v3.3-search-gps,2026-08-02T09:00,2026-08-02T20:00,653885,https://fr.getaround.com/location-voiture/asnieres-sur-seine/toyota-c-hr-653885,Toyota C-HR (2018),2018,Sur rendez-vous,SUV_COMPACT,SEGMENT_RULES,THERMIQUE,False,98.0,,,,Puteaux,Asnieres Sur Seine,Puteaux|Asnières-sur-Seine,2,79,False,False,,4740,529,13
20260801T150607,A2,v3.3-search-gps,2026-08-02T09:00,2026-08-02T20:00,1555760,https://fr.getaround.com/location-voiture/issy-les-moulineaux/toyota-corolla-hybride-1555760,Toyota Corolla Hybride (2021),2021,Getaround Connect,COMPACTE,SEGMENT_RULES,HYBRIDE,False,101.0,,4.68,74,Puteaux,Issy Les Moulineaux,Puteaux|Paris 17e,2,80,False,False,,6840,529,13
20260801T150607,A2,v3.3-search-gps,2026-08-02T09:00,2026-08-02T20:00,1902907,https://fr.getaround.com/location-voiture/colombes/peugeot-108-1902907,Peugeot 108 (2016),2016,Sur rendez-vous,MICRO_CITADINE,SEGMENT_RULES,THERMIQUE,False,83.0,,,,Puteaux,Colombes,Puteaux|Asnières-sur-Seine,2,80,False,False,,4330,529,13
20260801T150607,A2,v3.3-search-gps,2026-08-02T09:00,2026-08-02T20:00,842534,https://fr.getaround.com/location-voiture/paris/renault-clio-842534,Renault Clio (2019),2019,Getaround Connect,CITADINE,SEGMENT_RULES,THERMIQUE,False,76.0,,3.97,119,Asnières-sur-Seine,Paris,Asnières-sur-Seine|Paris 17e,2,80,False,False,,9420,955,23
20260801T150607,A2,v3.3-search-gps,2026-08-02T09:00,2026-08-02T20:00,1858112,https://fr.getaround.com/location-voiture/asnieres-sur-seine/chevrolet-captiva-1858112,Chevrolet Captiva (2013),2013,Sur rendez-vous,NON_CLASSE,SEGMENT_RULES,THERMIQUE,False,137.0,,,,Puteaux,Asnieres Sur Seine,Puteaux|Asnières-sur-Seine,2,81,False,False,,5790,529,13
20260801T150607,A2,v3.3-search-gps,2026-08-02T09:00,2026-08-02T20:00,1541399,https://fr.getaround.com/location-voiture/paris/toyota-yaris-cross-hybrid-1541399,Toyota Yaris Cross Hybrid (2021),2021,Getaround Connect,SUV_COMPACT,SEGMENT_RULES,HYBRIDE,False,95.0,,4.39,42,Asnières-sur-Seine,Paris,Asnières-sur-Seine|Paris 17e,2,81,False,False,,10390,955,23
20260801T150607,A2,v3.3-search-gps,2026-08-02T09:00,2026-08-02T20:00,1841451,https://fr.getaround.com/location-voiture/paris/renault-clio-e-tech-1841451,Renault Clio E-tech (2021),2021,Getaround Connect,CITADINE,SEGMENT_RULES,ELECTRIQUE,False,101.0,,4.5,2,Puteaux,Paris,Puteaux|Asnières-sur-Seine|Paris 17e,3,82,False,False,,7860,529,13
20260801T150607,A2,v3.3-search-gps,2026-08-02T09:00,2026-08-02T20:00,671162,https://fr.getaround.com/location-voiture/paris/renault-clio-671162,Renault Clio (2018),2018,Getaround Connect,CITADINE,SEGMENT_RULES,THERMIQUE,False,79.0,,4.83,135,Paris 17e,Paris,Paris 17e,1,83,False,False,,7480,723,50
20260801T150607,A2,v3.3-search-gps,2026-08-02T09:00,2026-08-02T20:00,1675050,https://fr.getaround.com/location-voiture/argenteuil/toyota-aygo-x-1675050,Toyota Aygo X (2025),2025,Getaround Connect,MICRO_CITADINE,SEGMENT_RULES,THERMIQUE,False,110.0,,5.0,1,Asnières-sur-Seine,Argenteuil,Asnières-sur-Seine,1,84,False,False,,4380,955,23
20260801T150607,A2,v3.3-search-gps,2026-08-02T09:00,2026-08-02T20:00,1190533,https://fr.getaround.com/location-voiture/paris/toyota-yaris-hybride-1190533,Toyota Yaris Hybride (2020),2020,Getaround Connect,CITADINE,SEGMENT_RULES,HYBRIDE,False,116.0,,4.48,68,Asnières-sur-Seine,Paris,Asnières-sur-Seine|Paris 17e,2,84,False,False,,6110,955,23
20260801T150607,A2,v3.3-search-gps,2026-08-02T09:00,2026-08-02T20:00,1681647,https://fr.getaround.com/location-voiture/paris/peugeot-3008-1681647,Peugeot 3008 (2020),2020,Getaround Connect,SUV_FAMILIAL,SEGMENT_RULES,THERMIQUE,False,110.0,,3.86,21,Puteaux,Paris,Puteaux|Asnières-sur-Seine|Paris 17e,3,85,False,False,,5420,529,13
20260801T150607,A2,v3.3-search-gps,2026-08-02T09:00,2026-08-02T20:00,1572123,https://fr.getaround.com/location-voiture/clichy/mini-clubman-cooper-1572123,Mini Clubman Cooper (2019),2019,Sur rendez-vous,BREAK,SEGMENT_RULES,THERMIQUE,False,120.0,,4.77,31,Puteaux,Clichy,Puteaux|Asnières-sur-Seine|Paris 17e,3,85,False,False,,5230,529,13
20260801T150607,A2,v3.3-search-gps,2026-08-02T09:00,2026-08-02T20:00,1829772,https://fr.getaround.com/location-voiture/nanterre/citroen-c4-cactus-1829772,Citroen C4 Cactus (2016),2016,Sur rendez-vous,COMPACTE,SEGMENT_RULES,THERMIQUE,False,78.0,,5.0,7,Puteaux,Nanterre,Puteaux|Asnières-sur-Seine,2,86,False,False,,2640,529,13
20260801T150607,A2,v3.3-search-gps,2026-08-02T09:00,2026-08-02T20:00,985205,https://fr.getaround.com/location-voiture/paris/renault-clio-985205,Renault Clio (2021),2021,Getaround Connect,CITADINE,SEGMENT_RULES,THERMIQUE,False,76.0,,4.03,102,Asnières-sur-Seine,Paris,Asnières-sur-Seine|Paris 17e,2,86,False,False,,10220,955,23
20260801T150607,A2,v3.3-search-gps,2026-08-02T09:00,2026-08-02T20:00,1631669,https://fr.getaround.com/location-voiture/boulogne-billancourt/opel-corsa-1631669,Opel Corsa (2024),2024,Getaround Connect,CITADINE,SEGMENT_RULES,THERMIQUE,False,94.0,,4.92,64,Puteaux,Boulogne Billancourt,Puteaux|Asnières-sur-Seine|Paris 17e,3,87,False,False,,6320,529,13
20260801T150607,A2,v3.3-search-gps,2026-08-02T09:00,2026-08-02T20:00,653362,https://fr.getaround.com/location-voiture/paris/renault-clio-653362,Renault Clio (2017),2017,Getaround Connect,CITADINE,SEGMENT_RULES,THERMIQUE,False,76.0,,4.82,203,Paris 17e,Paris,Paris 17e,1,87,False,False,,7480,723,50
20260801T150607,A2,v3.3-search-gps,2026-08-02T09:00,2026-08-02T20:00,1728863,https://fr.getaround.com/location-voiture/paris/citroen-c4-1728863,Citroen C4 (2015),2015,Getaround Connect,COMPACTE,SEGMENT_RULES,THERMIQUE,False,109.0,,4.83,30,Puteaux,Paris,Puteaux|Asnières-sur-Seine|Paris 17e,3,88,False,False,,4190,529,13
20260801T150607,A2,v3.3-search-gps,2026-08-02T09:00,2026-08-02T20:00,1421288,https://fr.getaround.com/location-voiture/rueil-malmaison/dacia-sandero-1421288,Dacia Sandero (2018),2018,Getaround Connect,CITADINE,SEGMENT_RULES,THERMIQUE,False,85.0,,4.74,42,Puteaux,Rueil Malmaison,Puteaux|Asnières-sur-Seine,2,89,False,False,,5340,529,13
20260801T150607,A2,v3.3-search-gps,2026-08-02T09:00,2026-08-02T20:00,1814789,https://fr.getaround.com/location-voiture/paris/citroen-c3-1814789,Citroen C3 (2022),2022,Sur rendez-vous,CITADINE,SEGMENT_RULES,THERMIQUE,False,135.0,,5.0,3,Puteaux,Paris,Puteaux|Asnières-sur-Seine|Paris 17e,3,89,False,False,,5880,529,13
20260801T150607,A2,v3.3-search-gps,2026-08-02T09:00,2026-08-02T20:00,1853405,https://fr.getaround.com/location-voiture/vaucresson/toyota-corolla-break-hybride-1853405,Toyota Corolla Break Hybride (2024),2024,Getaround Connect,BREAK,SEGMENT_RULES,HYBRIDE,False,92.0,,4.0,2,Puteaux,Vaucresson,Puteaux|Asnières-sur-Seine,2,90,False,False,,7700,529,13
20260801T150607,A2,v3.3-search-gps,2026-08-02T09:00,2026-08-02T20:00,1670807,https://fr.getaround.com/location-voiture/paris/peugeot-208-1670807,Peugeot 208 (2025),2025,Getaround Connect,CITADINE,SEGMENT_RULES,THERMIQUE,False,116.0,,3.82,17,Puteaux,Paris,Puteaux|Asnières-sur-Seine|Paris 17e,3,90,False,False,,4980,529,13
20260801T150607,A2,v3.3-search-gps,2026-08-02T09:00,2026-08-02T20:00,1573548,https://fr.getaround.com/location-voiture/levallois-perret/renault-captur-1573548,Renault Captur (2014),2014,Sur rendez-vous,SUV_COMPACT,SEGMENT_RULES,THERMIQUE,False,100.0,,5.0,2,Puteaux,Levallois Perret,Puteaux|Asnières-sur-Seine,2,91,False,False,,3310,529,13
20260801T150607,A2,v3.3-search-gps,2026-08-02T09:00,2026-08-02T20:00,1121806,https://fr.getaround.com/location-voiture/saint-ouen-sur-seine/renault-clio-1121806,Renault Clio (2019),2019,Getaround Connect,CITADINE,SEGMENT_RULES,THERMIQUE,False,106.0,,4.22,71,Asnières-sur-Seine,Saint Ouen Sur Seine,Asnières-sur-Seine|Paris 17e,2,91,False,False,,4210,955,23
20260801T150607,A2,v3.3-search-gps,2026-08-02T09:00,2026-08-02T20:00,729153,https://fr.getaround.com/location-voiture/ville-d-avray/renault-laguna-729153,Renault Laguna (2013),2013,Getaround Connect,BERLINE,SEGMENT_RULES,THERMIQUE,False,79.0,,4.77,85,Puteaux,Ville D Avray,Puteaux,1,92,False,False,,7170,529,13
20260801T150607,A2,v3.3-search-gps,2026-08-02T09:00,2026-08-02T20:00,1349900,https://fr.getaround.com/location-voiture/paris/toyota-corolla-hybride-1349900,Toyota Corolla Hybride (2021),2021,Getaround Connect,COMPACTE,SEGMENT_RULES,HYBRIDE,False,146.0,,4.84,40,Asnières-sur-Seine,Paris,Asnières-sur-Seine|Paris 17e,2,92,False,False,,4790,955,23
20260801T150607,A2,v3.3-search-gps,2026-08-02T09:00,2026-08-02T20:00,1533270,https://fr.getaround.com/location-voiture/colombes/renault-clio-1533270,Renault Clio (2014),2014,Sur rendez-vous,CITADINE,SEGMENT_RULES,THERMIQUE,False,74.0,,4.57,7,Puteaux,Colombes,Puteaux|Asnières-sur-Seine,2,93,False,False,,5800,529,13
20260801T150607,A2,v3.3-search-gps,2026-08-02T09:00,2026-08-02T20:00,1464351,https://fr.getaround.com/location-voiture/paris/peugeot-208-1464351,Peugeot 208 (2020),2020,Getaround Connect,CITADINE,SEGMENT_RULES,THERMIQUE,False,101.0,,4.43,57,Asnières-sur-Seine,Paris,Asnières-sur-Seine|Paris 17e,2,93,False,False,,7330,955,23
20260801T150607,A2,v3.3-search-gps,2026-08-02T09:00,2026-08-02T20:00,666328,https://fr.getaround.com/location-voiture/rueil-malmaison/fiat-500-666328,Fiat 500 (2012),2012,Getaround Connect,CITADINE,SEGMENT_RULES,THERMIQUE,False,110.0,,4.66,208,Puteaux,Rueil Malmaison,Puteaux|Asnières-sur-Seine,2,94,False,False,,3910,529,13
20260801T150607,A2,v3.3-search-gps,2026-08-02T09:00,2026-08-02T20:00,1787695,https://fr.getaround.com/location-voiture/paris/peugeot-208-1787695,Peugeot 208 (2025),2025,Getaround Connect,CITADINE,SEGMENT_RULES,THERMIQUE,False,116.0,,3.5,14,Puteaux,Paris,Puteaux|Asnières-sur-Seine|Paris 17e,3,94,False,False,,5330,529,13
20260801T150607,A2,v3.3-search-gps,2026-08-02T09:00,2026-08-02T20:00,1295964,https://fr.getaround.com/location-voiture/pierrefitte-sur-seine/peugeot-2008-1295964,Peugeot 2008 (2023),2023,Getaround Connect,SUV_COMPACT,SEGMENT_RULES,THERMIQUE,False,100.0,,4.69,36,Asnières-sur-Seine,Pierrefitte Sur Seine,Asnières-sur-Seine,1,94,False,False,,8039,955,23
20260801T150607,A2,v3.3-search-gps,2026-08-02T09:00,2026-08-02T20:00,1829324,https://fr.getaround.com/location-voiture/boulogne-billancourt/fiat-panda-1829324,Fiat Panda (2016),2016,Getaround Connect,MICRO_CITADINE,SEGMENT_RULES,THERMIQUE,False,97.0,,4.97,30,Puteaux,Boulogne Billancourt,Puteaux|Asnières-sur-Seine,2,95,False,False,,4720,529,13
20260801T150607,A2,v3.3-search-gps,2026-08-02T09:00,2026-08-02T20:00,1650442,https://fr.getaround.com/location-voiture/paris/volkswagen-t-cross-1650442,Volkswagen T-Cross (2024),2024,Getaround Connect,SUV_COMPACT,SEGMENT_RULES,THERMIQUE,False,117.0,,3.5,18,Asnières-sur-Seine,Paris,Asnières-sur-Seine|Paris 17e,2,95,False,False,,6900,955,23
20260801T150607,A2,v3.3-search-gps,2026-08-02T09:00,2026-08-02T20:00,1730226,https://fr.getaround.com/location-voiture/paris/renault-clio-1730226,Renault Clio (2017),2017,Getaround Connect,CITADINE,SEGMENT_RULES,THERMIQUE,False,79.0,,4.93,42,Paris 17e,Paris,Paris 17e,1,96,False,False,,7480,723,50
20260801T150607,A2,v3.3-search-gps,2026-08-02T09:00,2026-08-02T20:00,869742,https://fr.getaround.com/location-voiture/paris/audi-a3-869742,Audi A3 (2016),2016,Getaround Connect,COMPACTE,SEGMENT_RULES,THERMIQUE,False,104.0,,4.83,96,Asnières-sur-Seine,Paris,Asnières-sur-Seine|Paris 17e,2,97,False,False,,10710,955,23
20260801T150607,A2,v3.3-search-gps,2026-08-02T09:00,2026-08-02T20:00,1147374,https://fr.getaround.com/location-voiture/suresnes/peugeot-308-1147374,Peugeot 308 (2015),2015,Sur rendez-vous,COMPACTE,SEGMENT_RULES,THERMIQUE,False,96.0,,,,Puteaux,Suresnes,Puteaux|Asnières-sur-Seine,2,98,False,False,,1240,529,13
20260801T150607,A2,v3.3-search-gps,2026-08-02T09:00,2026-08-02T20:00,1570956,https://fr.getaround.com/location-voiture/bois-colombes/citroen-c4-1570956,Citroen C4 (2018),2018,Sur rendez-vous,COMPACTE,SEGMENT_RULES,THERMIQUE,False,103.0,,,,Puteaux,Bois Colombes,Puteaux|Asnières-sur-Seine,2,98,False,False,,4080,529,13
20260801T150607,A2,v3.3-search-gps,2026-08-02T09:00,2026-08-02T20:00,1752835,https://fr.getaround.com/location-voiture/paris/citroen-c3-1752835,Citroen C3 (2019),2019,Getaround Connect,CITADINE,SEGMENT_RULES,THERMIQUE,False,101.0,,4.16,19,Asnières-sur-Seine,Paris,Asnières-sur-Seine|Paris 17e,2,99,False,False,,7330,955,23
20260801T150607,A2,v3.3-search-gps,2026-08-02T09:00,2026-08-02T20:00,1007379,https://fr.getaround.com/location-voiture/paris/citroen-c3-1007379,Citroen C3 (2022),2022,Getaround Connect,CITADINE,SEGMENT_RULES,THERMIQUE,False,70.0,,4.38,129,Asnières-sur-Seine,Paris,Asnières-sur-Seine|Paris 17e,2,100,False,False,,9990,955,23
20260801T150607,A2,v3.3-search-gps,2026-08-02T09:00,2026-08-02T20:00,1542682,https://fr.getaround.com/location-voiture/paris/toyota-corolla-hybride-1542682,Toyota Corolla Hybride (2020),2020,Getaround Connect,COMPACTE,SEGMENT_RULES,HYBRIDE,False,95.0,,4.55,39,Asnières-sur-Seine,Paris,Asnières-sur-Seine|Paris 17e,2,101,False,False,,10660,955,23
20260801T150607,A2,v3.3-search-gps,2026-08-02T09:00,2026-08-02T20:00,685736,https://fr.getaround.com/location-voiture/saint-cloud/nissan-qashqai-2-685736,Nissan Qashqai+2 (2014),2014,Sur rendez-vous,SUV_COMPACT,SEGMENT_RULES,THERMIQUE,False,72.0,,4.99,111,Puteaux,Saint Cloud,Puteaux|Asnières-sur-Seine,2,102,False,False,,4390,529,13
20260801T150607,A2,v3.3-search-gps,2026-08-02T09:00,2026-08-02T20:00,1591649,https://fr.getaround.com/location-voiture/gennevilliers/renault-clio-1591649,Renault Clio (2020),2020,Sur rendez-vous,CITADINE,SEGMENT_RULES,THERMIQUE,False,92.0,,,,Puteaux,Gennevilliers,Puteaux|Asnières-sur-Seine,2,102,False,False,,5580,529,13
20260801T150607,A2,v3.3-search-gps,2026-08-02T09:00,2026-08-02T20:00,1370312,https://fr.getaround.com/location-voiture/saint-ouen-sur-seine/citroen-c3-1370312,Citroen C3 (2020),2020,Getaround Connect,CITADINE,SEGMENT_RULES,THERMIQUE,False,106.0,,4.66,41,Asnières-sur-Seine,Saint Ouen Sur Seine,Asnières-sur-Seine|Paris 17e,2,102,False,False,,4170,955,23
20260801T150607,A2,v3.3-search-gps,2026-08-02T09:00,2026-08-02T20:00,1732778,https://fr.getaround.com/location-voiture/paris/mercedes-benz-classe-a-180-1732778,Mercedes-Benz Classe A 180 (2012),2012,Sur rendez-vous,COMPACTE,SEGMENT_RULES,THERMIQUE,False,70.0,,5.0,3,Puteaux,Paris,Puteaux|Asnières-sur-Seine|Paris 17e,3,103,False,False,,4260,529,13
20260801T150607,A2,v3.3-search-gps,2026-08-02T09:00,2026-08-02T20:00,1807347,https://fr.getaround.com/location-voiture/asnieres-sur-seine/peugeot-308-sw-1807347,Peugeot 308 SW (2019),2019,Sur rendez-vous,BREAK,SEGMENT_RULES,THERMIQUE,False,111.0,,5.0,1,Puteaux,Asnieres Sur Seine,Puteaux|Asnières-sur-Seine,2,103,False,False,,6370,529,13
20260801T150607,A2,v3.3-search-gps,2026-08-02T09:00,2026-08-02T20:00,1896824,https://fr.getaround.com/location-voiture/paris/peugeot-208-1896824,Peugeot 208 (2019),2019,Getaround Connect,CITADINE,SEGMENT_RULES,THERMIQUE,False,111.0,,4.71,7,Asnières-sur-Seine,Paris,Asnières-sur-Seine|Paris 17e,2,103,False,False,,6570,955,23
20260801T150607,A2,v3.3-search-gps,2026-08-02T09:00,2026-08-02T20:00,1795000,https://fr.getaround.com/location-voiture/paris/renault-clio-e-tech-1795000,Renault Clio E-tech (2021),2021,Getaround Connect,CITADINE,SEGMENT_RULES,ELECTRIQUE,False,101.0,,4.47,17,Asnières-sur-Seine,Paris,Asnières-sur-Seine|Paris 17e,2,104,False,False,,10000,955,23
20260801T150607,A2,v3.3-search-gps,2026-08-02T09:00,2026-08-02T20:00,1568695,https://fr.getaround.com/location-voiture/paris/renault-clio-1568695,Renault Clio (2019),2019,Getaround Connect,CITADINE,SEGMENT_RULES,THERMIQUE,False,79.0,,4.87,59,Paris 17e,Paris,Paris 17e,1,105,False,False,,7480,723,50
20260801T150607,A2,v3.3-search-gps,2026-08-02T09:00,2026-08-02T20:00,1632887,https://fr.getaround.com/location-voiture/boulogne-billancourt/toyota-corolla-break-hybride-1632887,Toyota Corolla Break Hybride (2021),2021,Getaround Connect,BREAK,SEGMENT_RULES,HYBRIDE,False,129.0,,5.0,22,Puteaux,Boulogne Billancourt,Puteaux|Asnières-sur-Seine,2,106,False,False,,5470,529,13
20260801T150607,A2,v3.3-search-gps,2026-08-02T09:00,2026-08-02T20:00,851259,https://fr.getaround.com/location-voiture/paris/skoda-fabia-851259,Skoda Fabia (2021),2021,Getaround Connect,CITADINE,SEGMENT_RULES,THERMIQUE,False,101.0,,4.9,104,Asnières-sur-Seine,Paris,Asnières-sur-Seine|Paris 17e,2,106,False,False,,6150,955,23
20260801T150607,A2,v3.3-search-gps,2026-08-02T09:00,2026-08-02T20:00,1846026,https://fr.getaround.com/location-voiture/boulogne-billancourt/nissan-micra-1846026,Nissan Micra (2014),2014,Getaround Connect,CITADINE,SEGMENT_RULES,THERMIQUE,False,97.0,,5.0,9,Puteaux,Boulogne Billancourt,Puteaux|Asnières-sur-Seine,2,107,False,False,,5080,529,13
20260801T150607,A2,v3.3-search-gps,2026-08-02T09:00,2026-08-02T20:00,1502428,https://fr.getaround.com/location-voiture/bois-colombes/citroen-c3-1502428,Citroen C3 (2021),2021,Sur rendez-vous,CITADINE,SEGMENT_RULES,THERMIQUE,False,71.0,,,,Puteaux,Bois Colombes,Puteaux|Asnières-sur-Seine,2,107,False,False,,4090,529,13
20260801T150607,A2,v3.3-search-gps,2026-08-02T09:00,2026-08-02T20:00,653396,https://fr.getaround.com/location-voiture/paris/renault-clio-653396,Renault Clio (2017),2017,Getaround Connect,CITADINE,SEGMENT_RULES,THERMIQUE,False,79.0,,4.73,112,Paris 17e,Paris,Paris 17e,1,107,False,False,,7480,723,50
20260801T150607,A2,v3.3-search-gps,2026-08-02T09:00,2026-08-02T20:00,1130093,https://fr.getaround.com/location-voiture/paris/renault-clio-1130093,Renault Clio (2021),2021,Getaround Connect,CITADINE,SEGMENT_RULES,THERMIQUE,False,101.0,,4.75,97,Asnières-sur-Seine,Paris,Asnières-sur-Seine|Paris 17e,2,108,False,False,,9420,955,23
20260801T150607,A2,v3.3-search-gps,2026-08-02T09:00,2026-08-02T20:00,1945584,https://fr.getaround.com/location-voiture/paris/renault-zoe-1945584,Renault ZOE (2015),2015,Sur rendez-vous,CITADINE,SEGMENT_RULES,ELECTRIQUE,False,90.0,,,,Puteaux,Paris,Puteaux|Asnières-sur-Seine|Paris 17e,3,109,False,False,,4760,529,13
20260801T150607,A2,v3.3-search-gps,2026-08-02T09:00,2026-08-02T20:00,1784194,https://fr.getaround.com/location-voiture/gennevilliers/tesla-model-y-performance-1784194,Tesla Model Y Performance (2023),2023,Sur rendez-vous,SUV_FAMILIAL,SEGMENT_RULES,ELECTRIQUE,False,289.0,,,,Puteaux,Gennevilliers,Puteaux|Asnières-sur-Seine,2,110,False,False,,5490,529,13
20260801T150607,A2,v3.3-search-gps,2026-08-02T09:00,2026-08-02T20:00,641035,https://fr.getaround.com/location-voiture/paris/fiat-500-641035,Fiat 500 (2016),2016,Getaround Connect,CITADINE,SEGMENT_RULES,THERMIQUE,False,68.0,,4.82,129,Paris 17e,Paris,Paris 17e,1,110,False,False,,7480,723,50
20260801T150607,A2,v3.3-search-gps,2026-08-02T09:00,2026-08-02T20:00,1697007,https://fr.getaround.com/location-voiture/nanterre/volkswagen-golf-1697007,Volkswagen Golf (2014),2014,Sur rendez-vous,COMPACTE,SEGMENT_RULES,THERMIQUE,False,90.0,,5.0,1,Puteaux,Nanterre,Puteaux|Asnières-sur-Seine,2,111,False,False,,2380,529,13
20260801T150607,A2,v3.3-search-gps,2026-08-02T09:00,2026-08-02T20:00,1759940,https://fr.getaround.com/location-voiture/rueil-malmaison/fiat-500-1759940,Fiat 500 (2011),2011,Sur rendez-vous,CITADINE,SEGMENT_RULES,THERMIQUE,False,83.0,,5.0,6,Puteaux,Rueil Malmaison,Puteaux|Asnières-sur-Seine,2,112,False,False,,3750,529,13
20260801T150607,A2,v3.3-search-gps,2026-08-02T09:00,2026-08-02T20:00,1532395,https://fr.getaround.com/location-voiture/paris/toyota-yaris-hybride-1532395,Toyota Yaris Hybride (2020),2020,Getaround Connect,CITADINE,SEGMENT_RULES,HYBRIDE,False,89.0,,4.68,63,Asnières-sur-Seine,Paris,Asnières-sur-Seine|Paris 17e,2,112,False,False,,8260,955,23
20260801T150607,A2,v3.3-search-gps,2026-08-02T09:00,2026-08-02T20:00,1296795,https://fr.getaround.com/location-voiture/nanterre/suzuki-baleno-1296795,Suzuki Baleno (2017),2017,Sur rendez-vous,COMPACTE,SEGMENT_RULES,THERMIQUE,False,111.0,,,,Puteaux,Nanterre,Puteaux|Asnières-sur-Seine,2,113,False,False,,1420,529,13
20260801T150607,A2,v3.3-search-gps,2026-08-02T09:00,2026-08-02T20:00,1895432,https://fr.getaround.com/location-voiture/paris/peugeot-208-1895432,Peugeot 208 (2025),2025,Getaround Connect,CITADINE,SEGMENT_RULES,THERMIQUE,False,116.0,,5.0,1,Asnières-sur-Seine,Paris,Asnières-sur-Seine|Paris 17e,2,113,False,False,,5040,955,23
20260801T150607,A2,v3.3-search-gps,2026-08-02T09:00,2026-08-02T20:00,828175,https://fr.getaround.com/location-voiture/boulogne-billancourt/toyota-corolla-828175,Toyota Corolla (2021),2021,Getaround Connect,COMPACTE,SEGMENT_RULES,THERMIQUE,False,102.0,,4.33,122,Puteaux,Boulogne Billancourt,Puteaux|Asnières-sur-Seine,2,114,False,False,,6050,529,13
20260801T150607,A2,v3.3-search-gps,2026-08-02T09:00,2026-08-02T20:00,1931412,https://fr.getaround.com/location-voiture/suresnes/toyota-yaris-5-door-l-1931412,Toyota Yaris 5-Door L (2019),2019,Sur rendez-vous,CITADINE,SEGMENT_RULES,THERMIQUE,False,94.0,,,,Puteaux,Suresnes,Puteaux|Asnières-sur-Seine,2,115,False,False,,2240,529,13
20260801T150607,A2,v3.3-search-gps,2026-08-02T09:00,2026-08-02T20:00,1814059,https://fr.getaround.com/location-voiture/colombes/mazda-cx-3-1814059,Mazda CX-3 (2016),2016,Sur rendez-vous,SUV_COMPACT,SEGMENT_RULES,THERMIQUE,False,94.0,,5.0,2,Puteaux,Colombes,Puteaux|Asnières-sur-Seine,2,115,False,False,,5450,529,13
20260801T150607,A2,v3.3-search-gps,2026-08-02T09:00,2026-08-02T20:00,1681640,https://fr.getaround.com/location-voiture/paris/peugeot-308-sw-1681640,Peugeot 308 SW (2019),2019,Getaround Connect,BREAK,SEGMENT_RULES,THERMIQUE,False,89.0,,3.71,24,Asnières-sur-Seine,Paris,Asnières-sur-Seine|Paris 17e,2,115,False,False,,8010,955,23
20260801T150607,A2,v3.3-search-gps,2026-08-02T09:00,2026-08-02T20:00,1442840,https://fr.getaround.com/location-voiture/paris/citroen-c3-1442840,Citroen C3 (2023),2023,Getaround Connect,CITADINE,SEGMENT_RULES,THERMIQUE,False,110.0,,4.62,53,Puteaux,Paris,Puteaux|Asnières-sur-Seine,2,116,False,False,,4880,529,13
20260801T150607,A2,v3.3-search-gps,2026-08-02T09:00,2026-08-02T20:00,1745226,https://fr.getaround.com/location-voiture/paris/peugeot-3008-1745226,Peugeot 3008 (2019),2019,Getaround Connect,SUV_FAMILIAL,SEGMENT_RULES,THERMIQUE,False,104.0,,3.75,8,Puteaux,Paris,Puteaux|Asnières-sur-Seine|Paris 17e,3,116,False,False,,7370,529,13
20260801T150607,A2,v3.3-search-gps,2026-08-02T09:00,2026-08-02T20:00,1751232,https://fr.getaround.com/location-voiture/argenteuil/peugeot-208-1751232,Peugeot 208 (2013),2013,Sur rendez-vous,CITADINE,SEGMENT_RULES,THERMIQUE,False,93.0,,5.0,13,Puteaux,Argenteuil,Puteaux|Asnières-sur-Seine,2,117,False,False,,7070,529,13
20260801T150607,A2,v3.3-search-gps,2026-08-02T09:00,2026-08-02T20:00,1856599,https://fr.getaround.com/location-voiture/paris/fiat-500-1856599,Fiat 500 (2021),2021,Getaround Connect,CITADINE,SEGMENT_RULES,THERMIQUE,False,89.0,,4.94,18,Asnières-sur-Seine,Paris,Asnières-sur-Seine|Paris 17e,2,117,False,False,,10220,955,23
20260801T150607,A2,v3.3-search-gps,2026-08-02T09:00,2026-08-02T20:00,787198,https://fr.getaround.com/location-voiture/paris/renault-clio-787198,Renault Clio (2020),2020,Getaround Connect,CITADINE,SEGMENT_RULES,THERMIQUE,False,101.0,,4.19,161,Puteaux,Paris,Puteaux|Asnières-sur-Seine|Paris 17e,3,118,False,False,,5190,529,13
20260801T150607,A2,v3.3-search-gps,2026-08-02T09:00,2026-08-02T20:00,1695612,https://fr.getaround.com/location-voiture/nanterre/renault-twingo-iii-1695612,Renault Twingo III (2020),2020,Sur rendez-vous,CITADINE,SEGMENT_RULES,THERMIQUE,False,80.0,,,,Puteaux,Nanterre,Puteaux|Asnières-sur-Seine,2,119,False,False,,2220,529,13
20260801T150607,A2,v3.3-search-gps,2026-08-02T09:00,2026-08-02T20:00,1778631,https://fr.getaround.com/location-voiture/bois-colombes/peugeot-5008-1778631,Peugeot 5008 (2020),2020,Sur rendez-vous,MONOSPACE,SEGMENT_RULES,THERMIQUE,False,171.0,,5.0,1,Puteaux,Bois Colombes,Puteaux|Asnières-sur-Seine,2,119,False,False,,4059,529,13
20260801T150607,A2,v3.3-search-gps,2026-08-02T09:00,2026-08-02T20:00,1326913,https://fr.getaround.com/location-voiture/paris/bmw-serie-1-1326913,BMW Série 1 (2023),2023,Getaround Connect,COMPACTE,SEGMENT_RULES,THERMIQUE,False,141.0,,4.78,18,Asnières-sur-Seine,Paris,Asnières-sur-Seine|Paris 17e,2,119,False,False,,6440,955,23
20260801T150607,A2,v3.3-search-gps,2026-08-02T09:00,2026-08-02T20:00,1780182,https://fr.getaround.com/location-voiture/paris/citroen-c4-grand-spacetourer-1780182,Citroen C4 Grand Spacetourer (2020),2020,Getaround Connect,COMPACTE,SEGMENT_RULES,THERMIQUE,False,123.0,,4.71,17,Puteaux,Paris,Puteaux|Asnières-sur-Seine|Paris 17e,3,120,False,False,,7370,529,13
20260801T150607,A2,v3.3-search-gps,2026-08-02T09:00,2026-08-02T20:00,1003975,https://fr.getaround.com/location-voiture/courbevoie/volkswagen-golf-1003975,Volkswagen Golf (2012),2012,Sur rendez-vous,COMPACTE,SEGMENT_RULES,THERMIQUE,False,76.0,,,,Puteaux,Courbevoie,Puteaux|Asnières-sur-Seine,2,121,False,False,,1290,529,13
20260801T150607,A2,v3.3-search-gps,2026-08-02T09:00,2026-08-02T20:00,659414,https://fr.getaround.com/location-voiture/paris/renault-clio-659414,Renault Clio (2018),2018,Getaround Connect,CITADINE,SEGMENT_RULES,THERMIQUE,False,79.0,,4.66,140,Paris 17e,Paris,Paris 17e,1,121,False,False,,7480,723,50
20260801T150607,A2,v3.3-search-gps,2026-08-02T09:00,2026-08-02T20:00,1650460,https://fr.getaround.com/location-voiture/paris/volkswagen-t-cross-1650460,Volkswagen T-Cross (2024),2024,Getaround Connect,SUV_COMPACT,SEGMENT_RULES,THERMIQUE,False,117.0,,3.28,18,Asnières-sur-Seine,Paris,Asnières-sur-Seine|Paris 17e,2,122,False,False,,5540,955,23
20260801T150607,A2,v3.3-search-gps,2026-08-02T09:00,2026-08-02T20:00,1787205,https://fr.getaround.com/location-voiture/paris/smart-fortwo-passion-1787205,Smart Fortwo Passion (2016),2016,Sur rendez-vous,MICRO_CITADINE,SEGMENT_RULES,THERMIQUE,False,100.0,,5.0,4,Puteaux,Paris,Puteaux|Asnières-sur-Seine|Paris 17e,3,123,False,False,,4200,529,13
20260801T150607,A2,v3.3-search-gps,2026-08-02T09:00,2026-08-02T20:00,1863331,https://fr.getaround.com/location-voiture/gennevilliers/mercedes-benz-classe-a-250-e-1863331,Mercedes-Benz Classe A 250 e (2020),2020,Sur rendez-vous,COMPACTE,SEGMENT_RULES,THERMIQUE,False,115.0,,,,Puteaux,Gennevilliers,Puteaux|Asnières-sur-Seine,2,124,False,False,,5920,529,13
20260801T150607,A2,v3.3-search-gps,2026-08-02T09:00,2026-08-02T20:00,1253205,https://fr.getaround.com/location-voiture/paris/peugeot-208-1253205,Peugeot 208 (2023),2023,Getaround Connect,CITADINE,SEGMENT_RULES,THERMIQUE,False,81.0,,4.07,38,Paris 17e,Paris,Paris 17e,1,125,False,False,,7800,723,50
20260801T150607,A2,v3.3-search-gps,2026-08-02T09:00,2026-08-02T20:00,1544514,https://fr.getaround.com/location-voiture/paris/dacia-sandero-1544514,Dacia Sandero (2020),2020,Sur rendez-vous,CITADINE,SEGMENT_RULES,THERMIQUE,False,86.0,,,,Puteaux,Paris,Puteaux|Asnières-sur-Seine|Paris 17e,3,127,False,False,,4220,529,13
20260801T150607,A2,v3.3-search-gps,2026-08-02T09:00,2026-08-02T20:00,1855714,https://fr.getaround.com/location-voiture/eaubonne/ford-fiesta-1855714,Ford Fiesta (2016),2016,Sur rendez-vous,CITADINE,SEGMENT_RULES,THERMIQUE,False,66.0,,5.0,2,Asnières-sur-Seine,Eaubonne,Asnières-sur-Seine,1,127,False,False,,8690,955,23
20260801T150607,A2,v3.3-search-gps,2026-08-02T09:00,2026-08-02T20:00,366247,https://fr.getaround.com/location-voiture/boulogne-billancourt/peugeot-2008-366247,Peugeot 2008 (2018),2018,Getaround Connect,SUV_COMPACT,SEGMENT_RULES,THERMIQUE,False,91.0,,4.45,243,Puteaux,Boulogne Billancourt,Puteaux|Asnières-sur-Seine,2,128,False,False,,6050,529,13
20260801T150607,A2,v3.3-search-gps,2026-08-02T09:00,2026-08-02T20:00,1815342,https://fr.getaround.com/location-voiture/paris/dacia-logan-1815342,Dacia Logan (2015),2015,Getaround Connect,CITADINE,SEGMENT_RULES,THERMIQUE,False,70.0,,4.29,7,Asnières-sur-Seine,Paris,Asnières-sur-Seine|Paris 17e,2,128,False,False,,10310,955,23
20260801T150607,A2,v3.3-search-gps,2026-08-02T09:00,2026-08-02T20:00,1634381,https://fr.getaround.com/location-voiture/boulogne-billancourt/opel-corsa-1634381,Opel Corsa (2024),2024,Getaround Connect,CITADINE,SEGMENT_RULES,THERMIQUE,False,106.0,,4.82,42,Puteaux,Boulogne Billancourt,Puteaux|Asnières-sur-Seine,2,131,False,False,,6320,529,13
20260801T150607,A2,v3.3-search-gps,2026-08-02T09:00,2026-08-02T20:00,677035,https://fr.getaround.com/location-voiture/paris/fiat-500-677035,Fiat 500 (2018),2018,Getaround Connect,CITADINE,SEGMENT_RULES,THERMIQUE,False,70.0,,4.8,147,Paris 17e,Paris,Paris 17e,1,131,False,False,,7480,723,50
20260801T150607,A2,v3.3-search-gps,2026-08-02T09:00,2026-08-02T20:00,1418046,https://fr.getaround.com/location-voiture/bois-colombes/volkswagen-polo-1418046,Volkswagen Polo (2013),2013,Sur rendez-vous,CITADINE,SEGMENT_RULES,THERMIQUE,False,83.0,,,,Puteaux,Bois Colombes,Puteaux|Asnières-sur-Seine,2,132,False,False,,4090,529,13
20260801T150607,A2,v3.3-search-gps,2026-08-02T09:00,2026-08-02T20:00,1681926,https://fr.getaround.com/location-voiture/clichy/toyota-verso-1681926,Toyota Verso (2014),2014,Sur rendez-vous,MONOSPACE,SEGMENT_RULES,THERMIQUE,False,105.0,,,,Puteaux,Clichy,Puteaux|Asnières-sur-Seine,2,133,False,False,,5800,529,13
20260801T150607,A2,v3.3-search-gps,2026-08-02T09:00,2026-08-02T20:00,1250163,https://fr.getaround.com/location-voiture/paris/peugeot-208-1250163,Peugeot 208 (2023),2023,Getaround Connect,CITADINE,SEGMENT_RULES,THERMIQUE,False,81.0,,4.57,45,Asnières-sur-Seine,Paris,Asnières-sur-Seine|Paris 17e,2,133,False,False,,10660,955,23
20260801T150607,A2,v3.3-search-gps,2026-08-02T09:00,2026-08-02T20:00,1533049,https://fr.getaround.com/location-voiture/nanterre/volkswagen-t-cross-1533049,Volkswagen T-Cross (2019),2019,Sur rendez-vous,SUV_COMPACT,SEGMENT_RULES,THERMIQUE,False,117.0,,,,Puteaux,Nanterre,Puteaux|Asnières-sur-Seine,2,134,False,False,,1530,529,13
20260801T150607,A2,v3.3-search-gps,2026-08-02T09:00,2026-08-02T20:00,321846,https://fr.getaround.com/location-voiture/bois-colombes/peugeot-208-321846,Peugeot 208 (2017),2017,Sur rendez-vous,CITADINE,SEGMENT_RULES,THERMIQUE,False,77.0,,5.0,7,Puteaux,Bois Colombes,Puteaux|Asnières-sur-Seine,2,134,False,False,,2980,529,13
20260801T150607,A2,v3.3-search-gps,2026-08-02T09:00,2026-08-02T20:00,1658302,https://fr.getaround.com/location-voiture/paris/bmw-serie-1-1658302,BMW Série 1 (2025),2025,Getaround Connect,COMPACTE,SEGMENT_RULES,THERMIQUE,False,155.0,,4.71,24,Asnières-sur-Seine,Paris,Asnières-sur-Seine|Paris 17e,2,134,False,False,,7330,955,23
20260801T150607,A2,v3.3-search-gps,2026-08-02T09:00,2026-08-02T20:00,1236915,https://fr.getaround.com/location-voiture/asnieres-sur-seine/toyota-c-hr-1236915,Toyota C-HR (2018),2018,Sur rendez-vous,SUV_COMPACT,SEGMENT_RULES,THERMIQUE,False,137.0,,,,Puteaux,Asnieres Sur Seine,Puteaux|Asnières-sur-Seine,2,135,False,False,,5400,529,13
20260801T150607,A2,v3.3-search-gps,2026-08-02T09:00,2026-08-02T20:00,671581,https://fr.getaround.com/location-voiture/paris/fiat-500-671581,Fiat 500 (2017),2017,Getaround Connect,CITADINE,SEGMENT_RULES,THERMIQUE,False,70.0,,4.89,114,Paris 17e,Paris,Paris 17e,1,135,False,False,,7480,723,50
20260801T150607,A2,v3.3-search-gps,2026-08-02T09:00,2026-08-02T20:00,1041838,https://fr.getaround.com/location-voiture/paris/fiat-panda-1041838,Fiat Panda (2017),2017,Getaround Connect,MICRO_CITADINE,SEGMENT_RULES,THERMIQUE,False,89.0,,4.62,20,Puteaux,Paris,Puteaux|Asnières-sur-Seine|Paris 17e,3,137,False,False,,5190,529,13
20260801T150607,A2,v3.3-search-gps,2026-08-02T09:00,2026-08-02T20:00,1682359,https://fr.getaround.com/location-voiture/gennevilliers/citroen-c4-picasso-1682359,Citroen C4 Picasso (2017),2017,Getaround Connect,MONOSPACE,SEGMENT_RULES,THERMIQUE,False,107.0,,3.67,3,Puteaux,Gennevilliers,Puteaux|Asnières-sur-Seine,2,137,False,False,,7370,529,13
20260801T150607,A2,v3.3-search-gps,2026-08-02T09:00,2026-08-02T20:00,704187,https://fr.getaround.com/location-voiture/paris/bmw-serie-2-gran-tourer-704187,BMW Série 2 Gran Tourer (2017),2017,Getaround Connect,COMPACTE,SEGMENT_RULES,THERMIQUE,False,126.0,,3.87,170,Asnières-sur-Seine,Paris,Asnières-sur-Seine|Paris 17e,2,137,False,False,,6400,955,23
20260801T150607,A2,v3.3-search-gps,2026-08-02T09:00,2026-08-02T20:00,1218010,https://fr.getaround.com/location-voiture/nanterre/renault-clio-1218010,Renault Clio (2016),2016,Sur rendez-vous,CITADINE,SEGMENT_RULES,THERMIQUE,False,66.0,,,,Puteaux,Nanterre,Puteaux|Asnières-sur-Seine,2,138,False,False,,2240,529,13
20260801T150607,A2,v3.3-search-gps,2026-08-02T09:00,2026-08-02T20:00,1712452,https://fr.getaround.com/location-voiture/paris/renault-clio-1712452,Renault Clio (2018),2018,Getaround Connect,CITADINE,SEGMENT_RULES,THERMIQUE,False,79.0,,4.64,44,Paris 17e,Paris,Paris 17e,1,138,False,False,,7480,723,50
20260801T150607,A2,v3.3-search-gps,2026-08-02T09:00,2026-08-02T20:00,484151,https://fr.getaround.com/location-voiture/rueil-malmaison/smart-fortwo-coupe-484151,Smart Fortwo Coupé (2016),2016,Getaround Connect,MICRO_CITADINE,SEGMENT_RULES,THERMIQUE,False,104.0,,4.72,171,Puteaux,Rueil Malmaison,Puteaux|Asnières-sur-Seine,2,139,False,False,,3900,529,13
20260801T150607,A2,v3.3-search-gps,2026-08-02T09:00,2026-08-02T20:00,1546540,https://fr.getaround.com/location-voiture/bois-colombes/renault-kangoo-1546540,Renault Kangoo (2018),2018,Sur rendez-vous,UTILITAIRE,SEGMENT_RULES,THERMIQUE,False,85.0,,,,Puteaux,Bois Colombes,Puteaux|Asnières-sur-Seine,2,139,False,False,,4890,529,13
20260801T150607,A2,v3.3-search-gps,2026-08-02T09:00,2026-08-02T20:00,1787478,https://fr.getaround.com/location-voiture/paris/peugeot-208-1787478,Peugeot 208 (2025),2025,Getaround Connect,CITADINE,SEGMENT_RULES,THERMIQUE,False,121.0,,4.55,11,Puteaux,Paris,Puteaux|Asnières-sur-Seine,2,140,False,False,,4880,529,13
20260801T150607,A2,v3.3-search-gps,2026-08-02T09:00,2026-08-02T20:00,1400423,https://fr.getaround.com/location-voiture/argenteuil/peugeot-208-1400423,Peugeot 208 (2020),2020,Getaround Connect,CITADINE,SEGMENT_RULES,THERMIQUE,False,111.0,,4.59,37,Puteaux,Argenteuil,Puteaux|Asnières-sur-Seine,2,140,False,False,,7270,529,13
20260801T150607,A2,v3.3-search-gps,2026-08-02T09:00,2026-08-02T20:00,1196070,https://fr.getaround.com/location-voiture/courbevoie/honda-cr-v-1196070,Honda CR-V (2015),2015,Sur rendez-vous,SUV_FAMILIAL,SEGMENT_RULES,THERMIQUE,False,168.0,,,,Puteaux,Courbevoie,Puteaux|Asnières-sur-Seine,2,141,False,False,,1330,529,13
20260801T150607,A2,v3.3-search-gps,2026-08-02T09:00,2026-08-02T20:00,1671475,https://fr.getaround.com/location-voiture/paris/peugeot-3008-1671475,Peugeot 3008 (2020),2020,Getaround Connect,SUV_FAMILIAL,SEGMENT_RULES,THERMIQUE,False,110.0,,4.52,33,Puteaux,Paris,Puteaux|Asnières-sur-Seine|Paris 17e,3,141,False,False,,7370,529,13
20260801T150607,A2,v3.3-search-gps,2026-08-02T09:00,2026-08-02T20:00,1866628,https://fr.getaround.com/location-voiture/paris/renault-arkana-e-tech-1866628,Renault Arkana E-Tech (2024),2024,Sur rendez-vous,COMPACTE,SEGMENT_RULES,ELECTRIQUE,False,136.0,,5.0,1,Puteaux,Paris,Puteaux|Asnières-sur-Seine|Paris 17e,3,142,False,False,,5790,529,13
20260801T150607,A2,v3.3-search-gps,2026-08-02T09:00,2026-08-02T20:00,1708050,https://fr.getaround.com/location-voiture/boulogne-billancourt/toyota-yaris-1708050,Toyota Yaris (2019),2019,Getaround Connect,CITADINE,SEGMENT_RULES,THERMIQUE,False,111.0,,4.9,20,Puteaux,Boulogne Billancourt,Puteaux|Asnières-sur-Seine,2,143,False,False,,5320,529,13
20260801T150607,A2,v3.3-search-gps,2026-08-02T09:00,2026-08-02T20:00,1540409,https://fr.getaround.com/location-voiture/suresnes/renault-laguna-estate-1540409,Renault Laguna Estate (2015),2015,Sur rendez-vous,BREAK,SEGMENT_RULES,THERMIQUE,False,59.0,,,,Puteaux,Suresnes,Puteaux|Asnières-sur-Seine,2,144,False,False,,1670,529,13
20260801T150607,A2,v3.3-search-gps,2026-08-02T09:00,2026-08-02T20:00,1428066,https://fr.getaround.com/location-voiture/nanterre/peugeot-208-1428066,Peugeot 208 (2016),2016,Sur rendez-vous,CITADINE,SEGMENT_RULES,THERMIQUE,False,84.0,,,,Puteaux,Nanterre,Puteaux|Asnières-sur-Seine,2,145,False,False,,1960,529,13
20260801T150607,A2,v3.3-search-gps,2026-08-02T09:00,2026-08-02T20:00,1600714,https://fr.getaround.com/location-voiture/boulogne-billancourt/peugeot-2008-1600714,Peugeot 2008 (2023),2023,Getaround Connect,SUV_COMPACT,SEGMENT_RULES,THERMIQUE,False,106.0,,4.27,37,Puteaux,Boulogne Billancourt,Puteaux|Asnières-sur-Seine,2,146,False,False,,5480,529,13
20260801T150607,A2,v3.3-search-gps,2026-08-02T09:00,2026-08-02T20:00,1832293,https://fr.getaround.com/location-voiture/malakoff/citroen-c3-1832293,Citroen C3 (2021),2021,Getaround Connect,CITADINE,SEGMENT_RULES,THERMIQUE,False,76.0,,4.13,15,Paris 17e,Malakoff,Paris 17e,1,146,False,False,,6900,723,50
20260801T150607,A2,v3.3-search-gps,2026-08-02T09:00,2026-08-02T20:00,1780899,https://fr.getaround.com/location-voiture/nanterre/mercedes-benz-classe-a-180-1780899,Mercedes-Benz Classe A 180 (2020),2020,Sur rendez-vous,COMPACTE,SEGMENT_RULES,THERMIQUE,False,135.0,,,,Puteaux,Nanterre,Puteaux|Asnières-sur-Seine,2,147,False,False,,1660,529,13
20260801T150607,A2,v3.3-search-gps,2026-08-02T09:00,2026-08-02T20:00,1468905,https://fr.getaround.com/location-voiture/asnieres-sur-seine/peugeot-3008-1468905,Peugeot 3008 (2015),2015,Sur rendez-vous,SUV_FAMILIAL,SEGMENT_RULES,THERMIQUE,False,129.0,,,,Puteaux,Asnieres Sur Seine,Puteaux|Asnières-sur-Seine,2,147,False,False,,5820,529,13
20260801T150607,A2,v3.3-search-gps,2026-08-02T09:00,2026-08-02T20:00,1701429,https://fr.getaround.com/location-voiture/neuilly-sur-seine/nissan-juke-1701429,Nissan Juke (2014),2014,Sur rendez-vous,SUV_COMPACT,SEGMENT_RULES,THERMIQUE,False,109.0,,5.0,5,Puteaux,Neuilly Sur Seine,Puteaux|Asnières-sur-Seine|Paris 17e,3,148,False,False,,2950,529,13
20260801T150607,A2,v3.3-search-gps,2026-08-02T09:00,2026-08-02T20:00,1701804,https://fr.getaround.com/location-voiture/aubervilliers/fiat-500-lounge-1701804,Fiat 500 Lounge (2014),2014,Getaround Connect,CITADINE,SEGMENT_RULES,THERMIQUE,False,97.0,,4.89,9,Asnières-sur-Seine,Aubervilliers,Asnières-sur-Seine|Paris 17e,2,148,False,False,,7690,955,23
20260801T150607,A2,v3.3-search-gps,2026-08-02T09:00,2026-08-02T20:00,1722662,https://fr.getaround.com/location-voiture/paris/peugeot-2008-1722662,Peugeot 2008 (2022),2022,Getaround Connect,SUV_COMPACT,SEGMENT_RULES,THERMIQUE,False,95.0,,4.31,29,Asnières-sur-Seine,Paris,Asnières-sur-Seine|Paris 17e,2,148,False,False,,8730,955,23
20260801T150607,A2,v3.3-search-gps,2026-08-02T09:00,2026-08-02T20:00,1244578,https://fr.getaround.com/location-voiture/neuilly-sur-seine/bmw-serie-4-cabriolet-1244578,BMW Série 4 Cabriolet (2014),2014,Sur rendez-vous,CABRIOLET,SEGMENT_RULES,THERMIQUE,False,199.0,,5.0,32,Puteaux,Neuilly Sur Seine,Puteaux|Asnières-sur-Seine|Paris 17e,3,150,False,False,,2850,529,13
20260801T150607,A2,v3.3-search-gps,2026-08-02T09:00,2026-08-02T20:00,1686961,https://fr.getaround.com/location-voiture/asnieres-sur-seine/renault-clio-1686961,Renault Clio (2013),2013,Sur rendez-vous,CITADINE,SEGMENT_RULES,THERMIQUE,False,88.0,,,,Puteaux,Asnieres Sur Seine,Puteaux|Asnières-sur-Seine,2,150,False,False,,5940,529,13
20260801T150607,A2,v3.3-search-gps,2026-08-02T09:00,2026-08-02T20:00,1007414,https://fr.getaround.com/location-voiture/paris/citroen-c3-1007414,Citroen C3 (2022),2022,Getaround Connect,CITADINE,SEGMENT_RULES,THERMIQUE,False,70.0,,4.34,131,Asnières-sur-Seine,Paris,Asnières-sur-Seine|Paris 17e,2,150,False,False,,10000,955,23
20260801T150607,A2,v3.3-search-gps,2026-08-02T09:00,2026-08-02T20:00,813514,https://fr.getaround.com/location-voiture/paris/renault-clio-813514,Renault Clio (2013),2013,Getaround Connect,CITADINE,SEGMENT_RULES,THERMIQUE,False,87.0,,4.3,72,Asnières-sur-Seine,Paris,Asnières-sur-Seine|Paris 17e,2,151,False,False,,7040,955,23
20260801T150607,A2,v3.3-search-gps,2026-08-02T09:00,2026-08-02T20:00,359982,https://fr.getaround.com/location-voiture/boulogne-billancourt/peugeot-2008-359982,Peugeot 2008 (2018),2018,Getaround Connect,SUV_COMPACT,SEGMENT_RULES,THERMIQUE,False,101.0,,4.34,230,Puteaux,Boulogne Billancourt,Puteaux|Asnières-sur-Seine,2,152,False,False,,5880,529,13
20260801T150607,A2,v3.3-search-gps,2026-08-02T09:00,2026-08-02T20:00,1806891,https://fr.getaround.com/location-voiture/paris/peugeot-e-2008-1806891,Peugeot e-2008 (2025),2025,Sur rendez-vous,SUV_COMPACT,SEGMENT_RULES,THERMIQUE,False,122.0,,5.0,1,Puteaux,Paris,Puteaux|Asnières-sur-Seine|Paris 17e,3,152,False,False,,3420,529,13
20260801T150607,A2,v3.3-search-gps,2026-08-02T09:00,2026-08-02T20:00,1873408,https://fr.getaround.com/location-voiture/paris/toyota-yaris-hybride-1873408,Toyota Yaris Hybride (2015),2015,Getaround Connect,CITADINE,SEGMENT_RULES,HYBRIDE,False,109.0,,4.89,9,Asnières-sur-Seine,Paris,Asnières-sur-Seine|Paris 17e,2,153,False,False,,7340,955,23
20260801T150607,A2,v3.3-search-gps,2026-08-02T09:00,2026-08-02T20:00,1829992,https://fr.getaround.com/location-voiture/paris/renault-clio-1829992,Renault Clio (2025),2025,Getaround Connect,CITADINE,SEGMENT_RULES,THERMIQUE,False,95.0,,4.97,31,Asnières-sur-Seine,Paris,Asnières-sur-Seine|Paris 17e,2,153,False,False,,10180,955,23
20260801T150607,A2,v3.3-search-gps,2026-08-02T09:00,2026-08-02T20:00,1786831,https://fr.getaround.com/location-voiture/rueil-malmaison/renault-clio-1786831,Renault Clio (2023),2023,Getaround Connect,CITADINE,SEGMENT_RULES,THERMIQUE,False,129.0,,4.82,17,Puteaux,Rueil Malmaison,Puteaux|Asnières-sur-Seine,2,154,False,False,,3900,529,13
20260801T150607,A2,v3.3-search-gps,2026-08-02T09:00,2026-08-02T20:00,1230139,https://fr.getaround.com/location-voiture/paris/peugeot-108-cabriolet-1230139,Peugeot 108 Cabriolet (2014),2014,Sur rendez-vous,CABRIOLET,SEGMENT_RULES,THERMIQUE,False,109.0,,5.0,5,Puteaux,Paris,Puteaux|Asnières-sur-Seine|Paris 17e,3,154,False,False,,3610,529,13
20260801T150607,A2,v3.3-search-gps,2026-08-02T09:00,2026-08-02T20:00,1834680,https://fr.getaround.com/location-voiture/boulogne-billancourt/peugeot-208-1834680,Peugeot 208 (2016),2016,Sur rendez-vous,CITADINE,SEGMENT_RULES,THERMIQUE,False,93.0,,5.0,8,Puteaux,Boulogne Billancourt,Puteaux|Asnières-sur-Seine,2,157,False,False,,4990,529,13
20260801T150607,A2,v3.3-search-gps,2026-08-02T09:00,2026-08-02T20:00,1753195,https://fr.getaround.com/location-voiture/paris/renault-clio-1753195,Renault Clio (2018),2018,Getaround Connect,CITADINE,SEGMENT_RULES,THERMIQUE,False,95.0,,5.0,25,Asnières-sur-Seine,Paris,Asnières-sur-Seine|Paris 17e,2,157,False,False,,8430,955,23
20260801T150607,A2,v3.3-search-gps,2026-08-02T09:00,2026-08-02T20:00,1477551,https://fr.getaround.com/location-voiture/issy-les-moulineaux/toyota-yaris-1477551,Toyota Yaris (2018),2018,Sur rendez-vous,CITADINE,SEGMENT_RULES,THERMIQUE,False,107.0,,5.0,32,Puteaux,Issy Les Moulineaux,Puteaux,1,158,False,False,,7100,529,13
20260801T150607,A2,v3.3-search-gps,2026-08-02T09:00,2026-08-02T20:00,1557780,https://fr.getaround.com/location-voiture/paris/renault-clio-campus-1557780,Renault Clio Campus (2011),2011,Sur rendez-vous,CITADINE,SEGMENT_RULES,THERMIQUE,False,78.0,,5.0,10,Puteaux,Paris,Puteaux|Asnières-sur-Seine,2,159,False,False,,5480,529,13
20260801T150607,A2,v3.3-search-gps,2026-08-02T09:00,2026-08-02T20:00,623886,https://fr.getaround.com/location-voiture/paris/renault-twingo-623886,Renault Twingo (2011),2011,Getaround Connect,CITADINE,SEGMENT_RULES,THERMIQUE,False,85.0,,4.14,86,Asnières-sur-Seine,Paris,Asnières-sur-Seine|Paris 17e,2,159,False,False,,7040,955,23
20260801T150607,A2,v3.3-search-gps,2026-08-02T09:00,2026-08-02T20:00,1881944,https://fr.getaround.com/location-voiture/paris/peugeot-2008-1881944,Peugeot 2008 (2026),2026,Getaround Connect,SUV_COMPACT,SEGMENT_RULES,THERMIQUE,False,138.0,,5.0,4,Asnières-sur-Seine,Paris,Asnières-sur-Seine|Paris 17e,2,160,False,False,,7090,955,23
20260801T150607,A2,v3.3-search-gps,2026-08-02T09:00,2026-08-02T20:00,1666618,https://fr.getaround.com/location-voiture/paris/fiat-500-1666618,Fiat 500 (2016),2016,Getaround Connect,CITADINE,SEGMENT_RULES,THERMIQUE,False,97.0,,4.96,55,Asnières-sur-Seine,Paris,Asnières-sur-Seine|Paris 17e,2,161,False,False,,8010,955,23
20260801T150607,A2,v3.3-search-gps,2026-08-02T09:00,2026-08-02T20:00,1608621,https://fr.getaround.com/location-voiture/paris/toyota-yaris-hybride-1608621,Toyota Yaris Hybride (2024),2024,Getaround Connect,CITADINE,SEGMENT_RULES,HYBRIDE,False,117.0,,4.3,23,Puteaux,Paris,Puteaux|Asnières-sur-Seine|Paris 17e,3,162,False,False,,4390,529,13
20260801T150607,A2,v3.3-search-gps,2026-08-02T09:00,2026-08-02T20:00,1007447,https://fr.getaround.com/location-voiture/paris/fiat-500-1007447,Fiat 500 (2012),2012,Getaround Connect,CITADINE,SEGMENT_RULES,THERMIQUE,False,85.0,,3.87,56,Asnières-sur-Seine,Paris,Asnières-sur-Seine|Paris 17e,2,162,False,False,,7040,955,23
20260801T150607,A2,v3.3-search-gps,2026-08-02T09:00,2026-08-02T20:00,1216198,https://fr.getaround.com/location-voiture/boulogne-billancourt/renault-clio-1216198,Renault Clio (2019),2019,Getaround Connect,CITADINE,SEGMENT_RULES,THERMIQUE,False,106.0,,4.67,66,Puteaux,Boulogne Billancourt,Puteaux|Asnières-sur-Seine,2,163,False,False,,6320,529,13
20260801T150607,A2,v3.3-search-gps,2026-08-02T09:00,2026-08-02T20:00,1734726,https://fr.getaround.com/location-voiture/houilles/renault-clio-1734726,Renault Clio (2012),2012,Sur rendez-vous,CITADINE,SEGMENT_RULES,THERMIQUE,False,88.0,,5.0,13,Puteaux,Houilles,Puteaux|Asnières-sur-Seine,2,166,False,False,,5520,529,13
20260801T150607,A2,v3.3-search-gps,2026-08-02T09:00,2026-08-02T20:00,1349897,https://fr.getaround.com/location-voiture/paris/toyota-yaris-hybride-1349897,Toyota Yaris Hybride (2020),2020,Getaround Connect,CITADINE,SEGMENT_RULES,HYBRIDE,False,99.0,,4.84,53,Asnières-sur-Seine,Paris,Asnières-sur-Seine|Paris 17e,2,166,False,False,,10220,955,23
20260801T150607,A2,v3.3-search-gps,2026-08-02T09:00,2026-08-02T20:00,1303570,https://fr.getaround.com/location-voiture/courbevoie/chevrolet-cruze-1303570,Chevrolet Cruze (2014),2014,Sur rendez-vous,BERLINE,SEGMENT_RULES,THERMIQUE,False,102.0,,,,Puteaux,Courbevoie,Puteaux|Asnières-sur-Seine,2,167,False,False,,1480,529,13
20260801T150607,A2,v3.3-search-gps,2026-08-02T09:00,2026-08-02T20:00,1691285,https://fr.getaround.com/location-voiture/paris/ford-ecosport-business-1691285,Ford EcoSport Business (2016),2016,Sur rendez-vous,NON_CLASSE,SEGMENT_RULES,THERMIQUE,False,100.0,,5.0,11,Asnières-sur-Seine,Paris,Asnières-sur-Seine|Paris 17e,2,167,False,False,,6440,955,23
20260801T150607,A2,v3.3-search-gps,2026-08-02T09:00,2026-08-02T20:00,1862886,https://fr.getaround.com/location-voiture/paris/hyundai-i10-1862886,Hyundai i10 (2018),2018,Getaround Connect,CITADINE,SEGMENT_RULES,THERMIQUE,False,88.0,,,,Asnières-sur-Seine,Paris,Asnières-sur-Seine|Paris 17e,2,168,False,False,,10660,955,23
20260801T150607,A2,v3.3-search-gps,2026-08-02T09:00,2026-08-02T20:00,1421679,https://fr.getaround.com/location-voiture/paris/toyota-c-hr-hybrid-1421679,Toyota C-HR Hybrid (2022),2022,Getaround Connect,SUV_COMPACT,SEGMENT_RULES,HYBRIDE,False,160.0,,4.91,27,Puteaux,Paris,Puteaux|Asnières-sur-Seine,2,169,False,False,,5390,529,13
20260801T150607,A2,v3.3-search-gps,2026-08-02T09:00,2026-08-02T20:00,1879734,https://fr.getaround.com/location-voiture/paris/renault-captur-1879734,Renault Captur (2021),2021,Sur rendez-vous,SUV_COMPACT,SEGMENT_RULES,THERMIQUE,False,110.0,,,,Puteaux,Paris,Puteaux|Asnières-sur-Seine|Paris 17e,3,169,False,False,,4910,529,13
20260801T150607,A2,v3.3-search-gps,2026-08-02T09:00,2026-08-02T20:00,1531263,https://fr.getaround.com/location-voiture/suresnes/peugeot-107-1531263,Peugeot 107 (2012),2012,Sur rendez-vous,MICRO_CITADINE,SEGMENT_RULES,THERMIQUE,False,75.0,,,,Puteaux,Suresnes,Puteaux|Asnières-sur-Seine,2,170,False,False,,2420,529,13
20260801T150607,A2,v3.3-search-gps,2026-08-02T09:00,2026-08-02T20:00,1608624,https://fr.getaround.com/location-voiture/paris/toyota-yaris-hybride-1608624,Toyota Yaris Hybride (2024),2024,Getaround Connect,CITADINE,SEGMENT_RULES,HYBRIDE,False,119.0,,4.42,26,Puteaux,Paris,Puteaux|Asnières-sur-Seine|Paris 17e,3,170,False,False,,7170,529,13
20260801T150607,A2,v3.3-search-gps,2026-08-02T09:00,2026-08-02T20:00,1800176,https://fr.getaround.com/location-voiture/rueil-malmaison/renault-captur-1800176,Renault Captur (2024),2024,Getaround Connect,SUV_COMPACT,SEGMENT_RULES,THERMIQUE,False,114.0,,4.71,14,Puteaux,Rueil Malmaison,Puteaux|Asnières-sur-Seine,2,171,False,False,,5080,529,13
20260801T150607,A2,v3.3-search-gps,2026-08-02T09:00,2026-08-02T20:00,1658540,https://fr.getaround.com/location-voiture/courbevoie/citroen-c3-1658540,Citroen C3 (2015),2015,Sur rendez-vous,CITADINE,SEGMENT_RULES,THERMIQUE,False,85.0,,,,Puteaux,Courbevoie,Puteaux|Asnières-sur-Seine,2,171,False,False,,2770,529,13
20260801T150607,A2,v3.3-search-gps,2026-08-02T09:00,2026-08-02T20:00,1790256,https://fr.getaround.com/location-voiture/paris/peugeot-208-1790256,Peugeot 208 (2016),2016,Getaround Connect,CITADINE,SEGMENT_RULES,THERMIQUE,False,68.0,,3.71,7,Asnières-sur-Seine,Paris,Asnières-sur-Seine|Paris 17e,2,171,False,False,,7690,955,23
20260801T150607,A2,v3.3-search-gps,2026-08-02T09:00,2026-08-02T20:00,1522508,https://fr.getaround.com/location-voiture/puteaux/tesla-model-3-standard-range-1522508,Tesla Model 3 Standard Range (2020),2020,Sur rendez-vous,BERLINE,SEGMENT_RULES,ELECTRIQUE,False,139.0,,,,Puteaux,Puteaux,Puteaux|Asnières-sur-Seine,2,172,False,False,,910,529,13
20260801T150607,A2,v3.3-search-gps,2026-08-02T09:00,2026-08-02T20:00,1476507,https://fr.getaround.com/location-voiture/paris/peugeot-208-1476507,Peugeot 208 (2021),2021,Getaround Connect,CITADINE,SEGMENT_RULES,THERMIQUE,False,89.0,,4.07,48,Asnières-sur-Seine,Paris,Asnières-sur-Seine|Paris 17e,2,172,False,False,,10550,955,23
20260801T150607,A2,v3.3-search-gps,2026-08-02T09:00,2026-08-02T20:00,1904339,https://fr.getaround.com/location-voiture/paris/renault-clio-1904339,Renault Clio (2019),2019,Getaround Connect,CITADINE,SEGMENT_RULES,THERMIQUE,False,100.0,,,,Puteaux,Paris,Puteaux|Asnières-sur-Seine|Paris 17e,3,173,False,False,,7780,529,13
20260801T150607,A2,v3.3-search-gps,2026-08-02T09:00,2026-08-02T20:00,1946223,https://fr.getaround.com/location-voiture/villetaneuse/renault-clio-1946223,Renault Clio (2016),2016,Sur rendez-vous,CITADINE,SEGMENT_RULES,THERMIQUE,False,57.0,,,,Asnières-sur-Seine,Villetaneuse,Asnières-sur-Seine,1,173,False,False,,5460,955,23
20260801T150607,A2,v3.3-search-gps,2026-08-02T09:00,2026-08-02T20:00,1936723,https://fr.getaround.com/location-voiture/colombes/peugeot-2008-1936723,Peugeot 2008 (2021),2021,Sur rendez-vous,SUV_COMPACT,SEGMENT_RULES,THERMIQUE,False,115.0,,,,Puteaux,Colombes,Puteaux|Asnières-sur-Seine,2,174,False,False,,3290,529,13
20260801T150607,A2,v3.3-search-gps,2026-08-02T09:00,2026-08-02T20:00,830960,https://fr.getaround.com/location-voiture/paris/renault-twingo-830960,Renault Twingo (2011),2011,Getaround Connect,CITADINE,SEGMENT_RULES,THERMIQUE,False,85.0,,4.19,95,Asnières-sur-Seine,Paris,Asnières-sur-Seine|Paris 17e,2,174,False,False,,7040,955,23
20260801T150607,A2,v3.3-search-gps,2026-08-02T09:00,2026-08-02T20:00,1889838,https://fr.getaround.com/location-voiture/sevres/renault-twingo-iii-1889838,Renault Twingo III (2020),2020,Getaround Connect,CITADINE,SEGMENT_RULES,THERMIQUE,False,94.0,,5.0,8,Puteaux,Sevres,Puteaux|Asnières-sur-Seine,2,175,False,False,,6790,529,13
20260801T150607,A2,v3.3-search-gps,2026-08-02T09:00,2026-08-02T20:00,1916405,https://fr.getaround.com/location-voiture/paris/peugeot-208-1916405,Peugeot 208 (2026),2026,Getaround Connect,CITADINE,SEGMENT_RULES,THERMIQUE,False,116.0,,5.0,1,Asnières-sur-Seine,Paris,Asnières-sur-Seine|Paris 17e,2,175,False,False,,9420,955,23
20260801T150607,A2,v3.3-search-gps,2026-08-02T09:00,2026-08-02T20:00,1945778,https://fr.getaround.com/location-voiture/nanterre/volkswagen-golf-gte-1945778,Volkswagen Golf GTE (2015),2015,Sur rendez-vous,COMPACTE,SEGMENT_RULES,THERMIQUE,False,131.0,,,,Puteaux,Nanterre,Puteaux|Asnières-sur-Seine,2,176,False,False,,3520,529,13
20260801T150607,A2,v3.3-search-gps,2026-08-02T09:00,2026-08-02T20:00,1691396,https://fr.getaround.com/location-voiture/paris/peugeot-208-1691396,Peugeot 208 (2025),2025,Getaround Connect,CITADINE,SEGMENT_RULES,THERMIQUE,False,136.0,,4.79,34,Asnières-sur-Seine,Paris,Asnières-sur-Seine|Paris 17e,2,176,False,False,,7220,955,23
20260801T150607,A2,v3.3-search-gps,2026-08-02T09:00,2026-08-02T20:00,1637857,https://fr.getaround.com/location-voiture/argenteuil/peugeot-208-1637857,Peugeot 208 (2019),2019,Getaround Connect,CITADINE,SEGMENT_RULES,THERMIQUE,False,111.0,,5.0,15,Puteaux,Argenteuil,Puteaux|Asnières-sur-Seine,2,177,False,False,,7270,529,13
20260801T150607,A2,v3.3-search-gps,2026-08-02T09:00,2026-08-02T20:00,1220297,https://fr.getaround.com/location-voiture/paris/fiat-500-1220297,Fiat 500 (2012),2012,Getaround Connect,CITADINE,SEGMENT_RULES,THERMIQUE,False,85.0,,3.76,38,Asnières-sur-Seine,Paris,Asnières-sur-Seine|Paris 17e,2,177,False,False,,7040,955,23
20260801T150607,A2,v3.3-search-gps,2026-08-02T09:00,2026-08-02T20:00,1498661,https://fr.getaround.com/location-voiture/paris/renault-clio-1498661,Renault Clio (2022),2022,Getaround Connect,CITADINE,SEGMENT_RULES,THERMIQUE,False,110.0,,4.92,51,Puteaux,Paris,Puteaux|Asnières-sur-Seine|Paris 17e,3,178,False,False,,8000,529,13
20260801T150607,A2,v3.3-search-gps,2026-08-02T09:00,2026-08-02T20:00,1841274,https://fr.getaround.com/location-voiture/herblay-sur-seine/volkswagen-golf-1841274,Volkswagen Golf (2012),2012,Sur rendez-vous,COMPACTE,SEGMENT_RULES,THERMIQUE,False,98.0,,5.0,6,Asnières-sur-Seine,Herblay Sur Seine,Asnières-sur-Seine,1,178,False,False,,11520,955,23
20260801T150607,A2,v3.3-search-gps,2026-08-02T09:00,2026-08-02T20:00,1644100,https://fr.getaround.com/location-voiture/paris/peugeot-308-1644100,Peugeot 308 (2019),2019,Getaround Connect,COMPACTE,SEGMENT_RULES,THERMIQUE,False,83.0,,4.3,20,Puteaux,Paris,Puteaux|Asnières-sur-Seine|Paris 17e,3,179,False,False,,7940,529,13
20260801T150607,A2,v3.3-search-gps,2026-08-02T09:00,2026-08-02T20:00,1864980,https://fr.getaround.com/location-voiture/la-garenne-colombes/nissan-leaf-1864980,Nissan Leaf (2022),2022,Sur rendez-vous,CITADINE,SEGMENT_RULES,THERMIQUE,False,106.0,,,,Puteaux,La Garenne Colombes,Puteaux|Asnières-sur-Seine,2,180,False,False,,2300,529,13
20260801T150607,A2,v3.3-search-gps,2026-08-02T09:00,2026-08-02T20:00,1289755,https://fr.getaround.com/location-voiture/paris/seat-ateca-1289755,Seat Ateca (2017),2017,Sur rendez-vous,NON_CLASSE,SEGMENT_RULES,THERMIQUE,False,115.0,,4.43,7,Puteaux,Paris,Puteaux|Asnières-sur-Seine|Paris 17e,3,180,False,False,,4630,529,13
20260801T150607,A2,v3.3-search-gps,2026-08-02T09:00,2026-08-02T20:00,1893660,https://fr.getaround.com/location-voiture/herblay-sur-seine/nissan-pulsar-1893660,Nissan Pulsar (2014),2014,Getaround Connect,SUV_COMPACT,SEGMENT_RULES,THERMIQUE,False,72.0,,,,Asnières-sur-Seine,Herblay Sur Seine,Asnières-sur-Seine,1,180,False,False,,11430,955,23
20260801T150607,A2,v3.3-search-gps,2026-08-02T09:00,2026-08-02T20:00,1826672,https://fr.getaround.com/location-voiture/argenteuil/renault-clio-1826672,Renault Clio (2022),2022,Getaround Connect,CITADINE,SEGMENT_RULES,THERMIQUE,False,116.0,,4.67,9,Puteaux,Argenteuil,Puteaux|Asnières-sur-Seine,2,181,False,False,,7250,529,13
20260801T150607,A2,v3.3-search-gps,2026-08-02T09:00,2026-08-02T20:00,1078159,https://fr.getaround.com/location-voiture/paris/renault-twingo-1078159,Renault Twingo (2015),2015,Getaround Connect,CITADINE,SEGMENT_RULES,THERMIQUE,False,85.0,,4.07,38,Asnières-sur-Seine,Paris,Asnières-sur-Seine|Paris 17e,2,181,False,False,,7040,955,23
20260801T150607,A2,v3.3-search-gps,2026-08-02T09:00,2026-08-02T20:00,1852946,https://fr.getaround.com/location-voiture/asnieres-sur-seine/bmw-x1-sdrive18d-1852946,BMW X1 sDrive18d (2018),2018,Sur rendez-vous,SUV_FAMILIAL,SEGMENT_RULES,THERMIQUE,False,140.0,,,,Puteaux,Asnieres Sur Seine,Puteaux|Asnières-sur-Seine,2,182,False,False,,6040,529,13
20260801T150607,A2,v3.3-search-gps,2026-08-02T09:00,2026-08-02T20:00,1052264,https://fr.getaround.com/location-voiture/paris/chevrolet-aveo-1052264,Chevrolet Aveo (2012),2012,Sur rendez-vous,CITADINE,SEGMENT_RULES,THERMIQUE,False,71.0,,4.98,32,Asnières-sur-Seine,Paris,Asnières-sur-Seine|Paris 17e,2,182,False,False,,6280,955,23
20260801T150607,A2,v3.3-search-gps,2026-08-02T09:00,2026-08-02T20:00,1629806,https://fr.getaround.com/location-voiture/paris/renault-clio-1629806,Renault Clio (2024),2024,Getaround Connect,CITADINE,SEGMENT_RULES,THERMIQUE,False,110.0,,4.75,40,Puteaux,Paris,Puteaux|Asnières-sur-Seine|Paris 17e,3,183,False,False,,7100,529,13
20260801T150607,A2,v3.3-search-gps,2026-08-02T09:00,2026-08-02T20:00,1890607,https://fr.getaround.com/location-voiture/sartrouville/fiat-doblo-1890607,Fiat Doblo (2022),2022,Getaround Connect,UTILITAIRE,SEGMENT_RULES,THERMIQUE,False,89.0,,5.0,1,Asnières-sur-Seine,Sartrouville,Asnières-sur-Seine,1,184,False,False,,8710,955,23
20260801T150607,A2,v3.3-search-gps,2026-08-02T09:00,2026-08-02T20:00,1589894,https://fr.getaround.com/location-voiture/paris/peugeot-2008-1589894,Peugeot 2008 (2023),2023,Getaround Connect,SUV_COMPACT,SEGMENT_RULES,THERMIQUE,False,106.0,,3.89,33,Asnières-sur-Seine,Paris,Asnières-sur-Seine|Paris 17e,2,184,False,False,,7920,955,23
20260801T150607,A2,v3.3-search-gps,2026-08-02T09:00,2026-08-02T20:00,1777318,https://fr.getaround.com/location-voiture/paris/peugeot-308-1777318,Peugeot 308 (2019),2019,Getaround Connect,COMPACTE,SEGMENT_RULES,THERMIQUE,False,83.0,,4.14,14,Asnières-sur-Seine,Paris,Asnières-sur-Seine|Paris 17e,2,185,False,False,,8830,955,23
20260801T150607,A2,v3.3-search-gps,2026-08-02T09:00,2026-08-02T20:00,1749918,https://fr.getaround.com/location-voiture/clichy/volkswagen-polo-1749918,Volkswagen Polo (2012),2012,Sur rendez-vous,CITADINE,SEGMENT_RULES,THERMIQUE,False,78.0,,,,Puteaux,Clichy,Puteaux|Asnières-sur-Seine,2,186,False,False,,5770,529,13
20260801T150607,A2,v3.3-search-gps,2026-08-02T09:00,2026-08-02T20:00,1707222,https://fr.getaround.com/location-voiture/paris/peugeot-208-1707222,Peugeot 208 (2025),2025,Getaround Connect,CITADINE,SEGMENT_RULES,THERMIQUE,False,136.0,,4.26,23,Puteaux,Paris,Puteaux|Asnières-sur-Seine,2,188,False,False,,5390,529,13
20260801T150607,A2,v3.3-search-gps,2026-08-02T09:00,2026-08-02T20:00,1326909,https://fr.getaround.com/location-voiture/paris/bmw-serie-1-1326909,BMW Série 1 (2023),2023,Getaround Connect,COMPACTE,SEGMENT_RULES,THERMIQUE,False,137.0,,4.83,20,Puteaux,Paris,Puteaux|Asnières-sur-Seine|Paris 17e,3,189,False,False,,7460,529,13
20260801T150607,A2,v3.3-search-gps,2026-08-02T09:00,2026-08-02T20:00,1752452,https://fr.getaround.com/location-voiture/asnieres-sur-seine/toyota-c-hr-hybrid-1752452,Toyota C-HR Hybrid (2018),2018,Sur rendez-vous,SUV_COMPACT,SEGMENT_RULES,HYBRIDE,False,112.0,,,,Puteaux,Asnieres Sur Seine,Puteaux|Asnières-sur-Seine,2,189,False,False,,5520,529,13
20260801T150607,A2,v3.3-search-gps,2026-08-02T09:00,2026-08-02T20:00,1631645,https://fr.getaround.com/location-voiture/paris/opel-corsa-1631645,Opel Corsa (2024),2024,Getaround Connect,CITADINE,SEGMENT_RULES,THERMIQUE,False,94.0,,4.55,29,Asnières-sur-Seine,Paris,Asnières-sur-Seine|Paris 17e,2,189,False,False,,10200,955,23
20260801T150607,A2,v3.3-search-gps,2026-08-02T09:00,2026-08-02T20:00,765741,https://fr.getaround.com/location-voiture/maisons-laffitte/toyota-aygo-ii-765741,Toyota Aygo II (2019),2019,Getaround Connect,MICRO_CITADINE,SEGMENT_RULES,THERMIQUE,False,76.0,,4.66,116,Puteaux,Maisons Laffitte,Puteaux,1,190,False,False,,9450,529,13
20260801T150607,A2,v3.3-search-gps,2026-08-02T09:00,2026-08-02T20:00,1280421,https://fr.getaround.com/location-voiture/gennevilliers/smart-fortwo-cabriolet-1280421,Smart Fortwo Cabriolet (2014),2014,Sur rendez-vous,CABRIOLET,SEGMENT_RULES,THERMIQUE,False,88.0,,,,Puteaux,Gennevilliers,Puteaux|Asnières-sur-Seine,2,190,False,False,,6270,529,13
20260801T150607,A2,v3.3-search-gps,2026-08-02T09:00,2026-08-02T20:00,1888038,https://fr.getaround.com/location-voiture/colombes/peugeot-5008-1888038,Peugeot 5008 (2013),2013,Sur rendez-vous,MONOSPACE,SEGMENT_RULES,THERMIQUE,False,160.0,,,,Puteaux,Colombes,Puteaux|Asnières-sur-Seine,2,191,False,False,,3480,529,13
20260801T150607,A2,v3.3-search-gps,2026-08-02T09:00,2026-08-02T20:00,1226214,https://fr.getaround.com/location-voiture/argenteuil/renault-twingo-ii-1226214,Renault Twingo II (2013),2013,Sur rendez-vous,CITADINE,SEGMENT_RULES,THERMIQUE,False,84.0,,5.0,7,Asnières-sur-Seine,Argenteuil,Asnières-sur-Seine,1,191,False,False,,4400,955,23
20260801T150607,A2,v3.3-search-gps,2026-08-02T09:00,2026-08-02T20:00,653236,https://fr.getaround.com/location-voiture/paris/volkswagen-up-653236,Volkswagen Up! (2012),2012,Sur rendez-vous,MICRO_CITADINE,SEGMENT_RULES,THERMIQUE,False,81.0,,4.76,41,Asnières-sur-Seine,Paris,Asnières-sur-Seine|Paris 17e,2,191,False,False,,6980,955,23
20260801T150607,A2,v3.3-search-gps,2026-08-02T09:00,2026-08-02T20:00,1608526,https://fr.getaround.com/location-voiture/paris/citroen-c3-1608526,Citroen C3 (2024),2024,Getaround Connect,CITADINE,SEGMENT_RULES,THERMIQUE,False,110.0,,4.55,57,Asnières-sur-Seine,Paris,Asnières-sur-Seine|Paris 17e,2,192,False,False,,8900,955,23
20260801T150607,A2,v3.3-search-gps,2026-08-02T09:00,2026-08-02T20:00,1820985,https://fr.getaround.com/location-voiture/issy-les-moulineaux/peugeot-208-1820985,Peugeot 208 (2017),2017,Getaround Connect,CITADINE,SEGMENT_RULES,THERMIQUE,False,95.0,,4.73,30,Puteaux,Issy Les Moulineaux,Puteaux,1,193,False,False,,6760,529,13
20260801T150607,A2,v3.3-search-gps,2026-08-02T09:00,2026-08-02T20:00,1788487,https://fr.getaround.com/location-voiture/asnieres-sur-seine/tesla-model-y-standard-range-1788487,Tesla Model Y Standard Range (2023),2023,Sur rendez-vous,SUV_FAMILIAL,SEGMENT_RULES,ELECTRIQUE,False,162.0,,,,Puteaux,Asnieres Sur Seine,Puteaux|Asnières-sur-Seine,2,193,False,False,,4130,529,13
20260801T150607,A2,v3.3-search-gps,2026-08-02T09:00,2026-08-02T20:00,1675484,https://fr.getaround.com/location-voiture/paris/peugeot-208-1675484,Peugeot 208 (2025),2025,Getaround Connect,CITADINE,SEGMENT_RULES,THERMIQUE,False,121.0,,3.57,14,Asnières-sur-Seine,Paris,Asnières-sur-Seine|Paris 17e,2,193,False,False,,7090,955,23
20260801T150607,A2,v3.3-search-gps,2026-08-02T09:00,2026-08-02T20:00,1833543,https://fr.getaround.com/location-voiture/argenteuil/citroen-c3-1833543,Citroen C3 (2019),2019,Getaround Connect,CITADINE,SEGMENT_RULES,THERMIQUE,False,100.0,,5.0,2,Puteaux,Argenteuil,Puteaux|Asnières-sur-Seine,2,195,False,False,,7250,529,13
20260801T150607,A2,v3.3-search-gps,2026-08-02T09:00,2026-08-02T20:00,1821363,https://fr.getaround.com/location-voiture/nanterre/ford-fiesta-1821363,Ford Fiesta (2015),2015,Getaround Connect,CITADINE,SEGMENT_RULES,THERMIQUE,False,97.0,,4.0,2,Puteaux,Nanterre,Puteaux|Asnières-sur-Seine,2,196,False,False,,4010,529,13
20260801T150607,A2,v3.3-search-gps,2026-08-02T09:00,2026-08-02T20:00,714807,https://fr.getaround.com/location-voiture/paris/renault-clio-714807,Renault Clio (2020),2020,Getaround Connect,CITADINE,SEGMENT_RULES,THERMIQUE,False,109.0,,4.25,179,Puteaux,Paris,Puteaux|Asnières-sur-Seine|Paris 17e,3,196,False,False,,7370,529,13
20260801T150607,A2,v3.3-search-gps,2026-08-02T09:00,2026-08-02T20:00,1938839,https://fr.getaround.com/location-voiture/cormeilles-en-parisis/peugeot-208-1938839,Peugeot 208 (2018),2018,Getaround Connect,CITADINE,SEGMENT_RULES,THERMIQUE,False,95.0,,,,Asnières-sur-Seine,Cormeilles En Parisis,Asnières-sur-Seine,1,196,False,False,,7940,955,23
20260801T150607,A2,v3.3-search-gps,2026-08-02T09:00,2026-08-02T20:00,495420,https://fr.getaround.com/location-voiture/clichy/citroen-c4-495420,Citroen C4 (2011),2011,Sur rendez-vous,COMPACTE,SEGMENT_RULES,THERMIQUE,False,84.0,,,,Puteaux,Clichy,Puteaux|Asnières-sur-Seine,2,197,False,False,,4440,529,13
20260801T150607,A2,v3.3-search-gps,2026-08-02T09:00,2026-08-02T20:00,1743764,https://fr.getaround.com/location-voiture/paris/peugeot-208-1743764,Peugeot 208 (2015),2015,Getaround Connect,CITADINE,SEGMENT_RULES,THERMIQUE,False,104.0,,4.71,17,Asnières-sur-Seine,Paris,Asnières-sur-Seine|Paris 17e,2,197,False,False,,8039,955,23
20260801T150607,A2,v3.3-search-gps,2026-08-02T09:00,2026-08-02T20:00,1620622,https://fr.getaround.com/location-voiture/paris/mercedes-benz-classe-gla-1620622,Mercedes-Benz Classe GLA (2022),2022,Sur rendez-vous,SUV_COMPACT,SEGMENT_RULES,THERMIQUE,False,172.0,,5.0,11,Puteaux,Paris,Puteaux|Asnières-sur-Seine,2,198,False,False,,6960,529,13
20260801T150607,A2,v3.3-search-gps,2026-08-02T09:00,2026-08-02T20:00,705443,https://fr.getaround.com/location-voiture/paris/peugeot-208-705443,Peugeot 208 (2020),2020,Getaround Connect,CITADINE,SEGMENT_RULES,THERMIQUE,False,109.0,,4.32,210,Puteaux,Paris,Puteaux|Asnières-sur-Seine|Paris 17e,3,199,False,False,,6860,529,13
20260801T150607,A2,v3.3-search-gps,2026-08-02T09:00,2026-08-02T20:00,839114,https://fr.getaround.com/location-voiture/paris/dacia-sandero-839114,Dacia Sandero (2014),2014,Getaround Connect,CITADINE,SEGMENT_RULES,THERMIQUE,False,85.0,,3.92,91,Asnières-sur-Seine,Paris,Asnières-sur-Seine|Paris 17e,2,200,False,False,,7040,955,23
20260801T150607,A2,v3.3-search-gps,2026-08-02T09:00,2026-08-02T20:00,1635201,https://fr.getaround.com/location-voiture/rueil-malmaison/skoda-citigo-1635201,Skoda Citigo (2014),2014,Sur rendez-vous,CITADINE,SEGMENT_RULES,THERMIQUE,False,78.0,,5.0,3,Puteaux,Rueil Malmaison,Puteaux|Asnières-sur-Seine,2,203,False,False,,4460,529,13
20260801T150607,A2,v3.3-search-gps,2026-08-02T09:00,2026-08-02T20:00,1772303,https://fr.getaround.com/location-voiture/bobigny/renault-clio-estate-1772303,Renault Clio Estate (2015),2015,Getaround Connect,BREAK,SEGMENT_RULES,THERMIQUE,False,91.0,,5.0,3,Asnières-sur-Seine,Bobigny,Asnières-sur-Seine,1,203,False,False,,9300,955,23
20260801T150607,A2,v3.3-search-gps,2026-08-02T09:00,2026-08-02T20:00,890107,https://fr.getaround.com/location-voiture/paris/fiat-500-890107,Fiat 500 (2013),2013,Getaround Connect,CITADINE,SEGMENT_RULES,THERMIQUE,False,85.0,,3.67,78,Asnières-sur-Seine,Paris,Asnières-sur-Seine|Paris 17e,2,203,False,False,,7040,955,23
20260801T150607,A2,v3.3-search-gps,2026-08-02T09:00,2026-08-02T20:00,1738351,https://fr.getaround.com/location-voiture/chatou/toyota-corolla-1738351,Toyota Corolla (2020),2020,Sur rendez-vous,COMPACTE,SEGMENT_RULES,THERMIQUE,False,100.0,,5.0,8,Puteaux,Chatou,Puteaux|Asnières-sur-Seine,2,204,False,False,,6520,529,13
20260801T150607,A2,v3.3-search-gps,2026-08-02T09:00,2026-08-02T20:00,1275063,https://fr.getaround.com/location-voiture/paris/renault-twingo-iii-1275063,Renault Twingo III (2016),2016,Getaround Connect,CITADINE,SEGMENT_RULES,THERMIQUE,False,87.0,,4.45,28,Asnières-sur-Seine,Paris,Asnières-sur-Seine|Paris 17e,2,204,False,False,,7040,955,23
20260801T150607,A2,v3.3-search-gps,2026-08-02T09:00,2026-08-02T20:00,1449984,https://fr.getaround.com/location-voiture/houilles/peugeot-308-1449984,Peugeot 308 (2015),2015,Sur rendez-vous,COMPACTE,SEGMENT_RULES,THERMIQUE,False,102.0,,5.0,26,Puteaux,Houilles,Puteaux|Asnières-sur-Seine,2,205,False,False,,5550,529,13
20260801T150607,A2,v3.3-search-gps,2026-08-02T09:00,2026-08-02T20:00,1912348,https://fr.getaround.com/location-voiture/la-courneuve/renault-clio-1912348,Renault Clio (2019),2019,Getaround Connect,CITADINE,SEGMENT_RULES,THERMIQUE,False,105.0,,5.0,1,Asnières-sur-Seine,La Courneuve,Asnières-sur-Seine,1,205,False,False,,7900,955,23
20260801T150607,A2,v3.3-search-gps,2026-08-02T09:00,2026-08-02T20:00,1077086,https://fr.getaround.com/location-voiture/paris/opel-corsa-1077086,Opel Corsa (2013),2013,Getaround Connect,CITADINE,SEGMENT_RULES,THERMIQUE,False,87.0,,4.31,40,Asnières-sur-Seine,Paris,Asnières-sur-Seine|Paris 17e,2,205,False,False,,7040,955,23
20260801T150607,A2,v3.3-search-gps,2026-08-02T09:00,2026-08-02T20:00,1731998,https://fr.getaround.com/location-voiture/paris/lexus-ux-hybride-1731998,Lexus UX Hybride (2024),2024,Sur rendez-vous,SUV_COMPACT,SEGMENT_RULES,HYBRIDE,False,171.0,,5.0,4,Puteaux,Paris,Puteaux,1,206,False,False,,8140,529,13
20260801T150607,A2,v3.3-search-gps,2026-08-02T09:00,2026-08-02T20:00,1681055,https://fr.getaround.com/location-voiture/paris/peugeot-208-1681055,Peugeot 208 (2023),2023,Getaround Connect,CITADINE,SEGMENT_RULES,THERMIQUE,False,116.0,,4.28,25,Asnières-sur-Seine,Paris,Asnières-sur-Seine|Paris 17e,2,207,False,False,,9720,955,23
20260801T150607,A2,v3.3-search-gps,2026-08-02T09:00,2026-08-02T20:00,1617403,https://fr.getaround.com/location-voiture/paris/smart-fortwo-coupe-1617403,Smart Fortwo Coupé (2019),2019,Getaround Connect,MICRO_CITADINE,SEGMENT_RULES,THERMIQUE,False,90.0,,,,Puteaux,Paris,Puteaux,1,209,False,False,,9040,529,13
20260801T150607,A2,v3.3-search-gps,2026-08-02T09:00,2026-08-02T20:00,1935150,https://fr.getaround.com/location-voiture/bezons/renault-clio-1935150,Renault Clio (2012),2012,Sur rendez-vous,CITADINE,SEGMENT_RULES,THERMIQUE,False,67.0,,,,Puteaux,Bezons,Puteaux|Asnières-sur-Seine,2,210,False,False,,4580,529,13
20260801T150607,A2,v3.3-search-gps,2026-08-02T09:00,2026-08-02T20:00,1379338,https://fr.getaround.com/location-voiture/asnieres-sur-seine/ford-fiesta-1379338,Ford Fiesta (2015),2015,Sur rendez-vous,CITADINE,SEGMENT_RULES,THERMIQUE,False,102.0,,5.0,1,Puteaux,Asnieres Sur Seine,Puteaux|Asnières-sur-Seine,2,210,False,False,,6490,529,13
20260801T150607,A2,v3.3-search-gps,2026-08-02T09:00,2026-08-02T20:00,1924276,https://fr.getaround.com/location-voiture/houilles/nissan-micra-1924276,Nissan Micra (2015),2015,Sur rendez-vous,CITADINE,SEGMENT_RULES,THERMIQUE,False,85.0,,,,Puteaux,Houilles,Puteaux|Asnières-sur-Seine,2,211,False,False,,4840,529,13
20260801T150607,A2,v3.3-search-gps,2026-08-02T09:00,2026-08-02T20:00,1849863,https://fr.getaround.com/location-voiture/clichy/mini-cooper-s-clubman-1849863,Mini Cooper S Clubman (2017),2017,Sur rendez-vous,BREAK,SEGMENT_RULES,THERMIQUE,False,130.0,,,,Puteaux,Clichy,Puteaux|Asnières-sur-Seine,2,211,False,False,,4950,529,13
20260801T150607,A2,v3.3-search-gps,2026-08-02T09:00,2026-08-02T20:00,1306892,https://fr.getaround.com/location-voiture/paris/peugeot-208-1306892,Peugeot 208 (2023),2023,Getaround Connect,CITADINE,SEGMENT_RULES,THERMIQUE,False,110.0,,4.52,46,Puteaux,Paris,Puteaux|Paris 17e,2,212,False,False,,9150,529,13
20260801T150607,A2,v3.3-search-gps,2026-08-02T09:00,2026-08-02T20:00,776791,https://fr.getaround.com/location-voiture/paris/dacia-sandero-776791,Dacia Sandero (2017),2017,Getaround Connect,CITADINE,SEGMENT_RULES,THERMIQUE,False,90.0,,4.09,71,Asnières-sur-Seine,Paris,Asnières-sur-Seine|Paris 17e,2,212,False,False,,7040,955,23
20260801T150607,A2,v3.3-search-gps,2026-08-02T09:00,2026-08-02T20:00,854615,https://fr.getaround.com/location-voiture/courbevoie/mg-zs-ev-854615,Mg ZS EV (2020),2020,Sur rendez-vous,SUV_COMPACT,SEGMENT_RULES,ELECTRIQUE,False,150.0,,5.0,8,Puteaux,Courbevoie,Puteaux|Asnières-sur-Seine,2,213,False,False,,1620,529,13
20260801T150607,A2,v3.3-search-gps,2026-08-02T09:00,2026-08-02T20:00,1683217,https://fr.getaround.com/location-voiture/paris/renault-twingo-ii-1683217,Renault Twingo II (2012),2012,Sur rendez-vous,CITADINE,SEGMENT_RULES,THERMIQUE,False,85.0,,4.97,31,Asnières-sur-Seine,Paris,Asnières-sur-Seine|Paris 17e,2,213,False,False,,10770,955,23
20260801T150607,A2,v3.3-search-gps,2026-08-02T09:00,2026-08-02T20:00,1192376,https://fr.getaround.com/location-voiture/gennevilliers/opel-mokka-1192376,Opel Mokka (2015),2015,Sur rendez-vous,SUV_COMPACT,SEGMENT_RULES,THERMIQUE,False,105.0,,,,Puteaux,Gennevilliers,Puteaux|Asnières-sur-Seine,2,214,False,False,,6320,529,13
20260801T150607,A2,v3.3-search-gps,2026-08-02T09:00,2026-08-02T20:00,1556512,https://fr.getaround.com/location-voiture/paris/toyota-yaris-hybride-1556512,Toyota Yaris Hybride (2022),2022,Getaround Connect,CITADINE,SEGMENT_RULES,HYBRIDE,False,116.0,,4.53,43,Asnières-sur-Seine,Paris,Asnières-sur-Seine|Paris 17e,2,214,False,False,,10200,955,23
20260801T150607,A2,v3.3-search-gps,2026-08-02T09:00,2026-08-02T20:00,1650440,https://fr.getaround.com/location-voiture/issy-les-moulineaux/volkswagen-t-cross-1650440,Volkswagen T-Cross (2024),2024,Getaround Connect,SUV_COMPACT,SEGMENT_RULES,THERMIQUE,False,117.0,,3.35,17,Puteaux,Issy Les Moulineaux,Puteaux,1,216,False,False,,7150,529,13
20260801T150607,A2,v3.3-search-gps,2026-08-02T09:00,2026-08-02T20:00,1155983,https://fr.getaround.com/location-voiture/paris/peugeot-108-1155983,Peugeot 108 (2018),2018,Getaround Connect,MICRO_CITADINE,SEGMENT_RULES,THERMIQUE,False,95.0,,4.58,46,Asnières-sur-Seine,Paris,Asnières-sur-Seine|Paris 17e,2,216,False,False,,7590,955,23
20260801T150607,A2,v3.3-search-gps,2026-08-02T09:00,2026-08-02T20:00,1720938,https://fr.getaround.com/location-voiture/levallois-perret/renault-clio-1720938,Renault Clio (2013),2013,Sur rendez-vous,CITADINE,SEGMENT_RULES,THERMIQUE,False,78.0,,,,Puteaux,Levallois Perret,Puteaux|Asnières-sur-Seine|Paris 17e,3,217,False,False,,4280,529,13
20260801T150607,A2,v3.3-search-gps,2026-08-02T09:00,2026-08-02T20:00,1892221,https://fr.getaround.com/location-voiture/paris/toyota-corolla-hybride-1892221,Toyota Corolla Hybride (2020),2020,Getaround Connect,COMPACTE,SEGMENT_RULES,HYBRIDE,False,141.0,,5.0,3,Puteaux,Paris,Puteaux|Asnières-sur-Seine,2,218,False,False,,7510,529,13
20260801T150607,A2,v3.3-search-gps,2026-08-02T09:00,2026-08-02T20:00,1344646,https://fr.getaround.com/location-voiture/paris/peugeot-208-1344646,Peugeot 208 (2020),2020,Getaround Connect,CITADINE,SEGMENT_RULES,THERMIQUE,False,101.0,,4.61,110,Asnières-sur-Seine,Paris,Asnières-sur-Seine|Paris 17e,2,218,False,False,,9590,955,23
20260801T150607,A2,v3.3-search-gps,2026-08-02T09:00,2026-08-02T20:00,1286312,https://fr.getaround.com/location-voiture/houilles/peugeot-508-1286312,Peugeot 508 (2011),2011,Sur rendez-vous,BERLINE,SEGMENT_RULES,THERMIQUE,False,124.0,,5.0,11,Puteaux,Houilles,Puteaux|Asnières-sur-Seine,2,219,False,False,,6280,529,13
20260801T150607,A2,v3.3-search-gps,2026-08-02T09:00,2026-08-02T20:00,973946,https://fr.getaround.com/location-voiture/boulogne-billancourt/fiat-500-973946,Fiat 500 (2019),2019,Sur rendez-vous,CITADINE,SEGMENT_RULES,THERMIQUE,False,88.0,,5.0,33,Puteaux,Boulogne Billancourt,Puteaux|Asnières-sur-Seine,2,220,False,False,,5780,529,13
20260801T150607,A2,v3.3-search-gps,2026-08-02T09:00,2026-08-02T20:00,1734589,https://fr.getaround.com/location-voiture/paris/byd-seal-u-design-1734589,BYD SEAL U Design (2024),2024,Sur rendez-vous,BERLINE,SEGMENT_RULES,THERMIQUE,False,149.0,,5.0,1,Puteaux,Paris,Puteaux|Asnières-sur-Seine|Paris 17e,3,220,False,False,,6980,529,13
20260801T150607,A2,v3.3-search-gps,2026-08-02T09:00,2026-08-02T20:00,1618557,https://fr.getaround.com/location-voiture/levallois-perret/tesla-model-y-1618557,Tesla Model Y (2024),2024,Sur rendez-vous,SUV_FAMILIAL,SEGMENT_RULES,ELECTRIQUE,False,175.0,,,,Puteaux,Levallois Perret,Puteaux|Asnières-sur-Seine,2,221,False,False,,3490,529,13
20260801T150607,A2,v3.3-search-gps,2026-08-02T09:00,2026-08-02T20:00,1491727,https://fr.getaround.com/location-voiture/courbevoie/audi-a3-sportback-1491727,Audi A3 Sportback (2023),2023,Sur rendez-vous,COMPACTE,SEGMENT_RULES,THERMIQUE,False,208.0,,,,Puteaux,Courbevoie,Puteaux|Asnières-sur-Seine,2,222,False,False,,700,529,13
20260801T150607,A2,v3.3-search-gps,2026-08-02T09:00,2026-08-02T20:00,1536962,https://fr.getaround.com/location-voiture/levallois-perret/toyota-yaris-hybride-1536962,Toyota Yaris Hybride (2013),2013,Sur rendez-vous,CITADINE,SEGMENT_RULES,HYBRIDE,False,88.0,,,,Puteaux,Levallois Perret,Puteaux|Asnières-sur-Seine,2,222,False,False,,3930,529,13
20260801T150607,A2,v3.3-search-gps,2026-08-02T09:00,2026-08-02T20:00,1506970,https://fr.getaround.com/location-voiture/levallois-perret/smart-forfour-1506970,Smart Forfour (2015),2015,Sur rendez-vous,MICRO_CITADINE,SEGMENT_RULES,THERMIQUE,False,71.0,,,,Puteaux,Levallois Perret,Puteaux|Asnières-sur-Seine|Paris 17e,3,222,False,False,,4390,529,13
20260801T150607,A2,v3.3-search-gps,2026-08-02T09:00,2026-08-02T20:00,1216442,https://fr.getaround.com/location-voiture/paris/peugeot-208-1216442,Peugeot 208 (2023),2023,Getaround Connect,CITADINE,SEGMENT_RULES,THERMIQUE,False,124.0,,4.7,77,Puteaux,Paris,Puteaux|Asnières-sur-Seine,2,223,False,False,,6740,529,13
20260801T150607,A2,v3.3-search-gps,2026-08-02T09:00,2026-08-02T20:00,820942,https://fr.getaround.com/location-voiture/paris/renault-clio-820942,Renault Clio (2017),2017,Getaround Connect,CITADINE,SEGMENT_RULES,THERMIQUE,False,120.0,,4.5,119,Asnières-sur-Seine,Paris,Asnières-sur-Seine|Paris 17e,2,223,False,False,,8760,955,23
20260801T150607,A2,v3.3-search-gps,2026-08-02T09:00,2026-08-02T20:00,1585640,https://fr.getaround.com/location-voiture/nanterre/citroen-ds5-1585640,Citroen DS5 (2012),2012,Sur rendez-vous,BERLINE,SEGMENT_RULES,THERMIQUE,False,114.0,,4.43,7,Puteaux,Nanterre,Puteaux|Asnières-sur-Seine,2,225,False,False,,2610,529,13
20260801T150607,A2,v3.3-search-gps,2026-08-02T09:00,2026-08-02T20:00,1225467,https://fr.getaround.com/location-voiture/aubervilliers/audi-a3-sportback-e-tron-1225467,Audi A3 Sportback e-tron (2015),2015,Sur rendez-vous,COMPACTE,SEGMENT_RULES,THERMIQUE,False,151.0,,5.0,3,Asnières-sur-Seine,Aubervilliers,Asnières-sur-Seine,1,225,False,False,,7330,955,23
20260801T150607,A2,v3.3-search-gps,2026-08-02T09:00,2026-08-02T20:00,1606446,https://fr.getaround.com/location-voiture/paris/toyota-corolla-hybride-1606446,Toyota Corolla Hybride (2019),2019,Getaround Connect,COMPACTE,SEGMENT_RULES,HYBRIDE,False,115.0,,4.69,8,Asnières-sur-Seine,Paris,Asnières-sur-Seine|Paris 17e,2,225,False,False,,11470,955,23
20260801T150607,A2,v3.3-search-gps,2026-08-02T09:00,2026-08-02T20:00,714802,https://fr.getaround.com/location-voiture/paris/fiat-500-x-714802,Fiat 500 X (2020),2020,Getaround Connect,CITADINE,SEGMENT_RULES,THERMIQUE,False,114.0,,3.75,101,Puteaux,Paris,Puteaux|Asnières-sur-Seine,2,226,False,False,,5190,529,13
20260801T150607,A2,v3.3-search-gps,2026-08-02T09:00,2026-08-02T20:00,1600725,https://fr.getaround.com/location-voiture/paris/peugeot-2008-1600725,Peugeot 2008 (2022),2022,Getaround Connect,SUV_COMPACT,SEGMENT_RULES,THERMIQUE,False,101.0,,3.67,27,Asnières-sur-Seine,Paris,Asnières-sur-Seine|Paris 17e,2,226,False,False,,9410,955,23
20260801T150607,A2,v3.3-search-gps,2026-08-02T09:00,2026-08-02T20:00,1863796,https://fr.getaround.com/location-voiture/paris/tesla-model-3-1863796,Tesla Model 3 (2023),2023,Sur rendez-vous,BERLINE,SEGMENT_RULES,ELECTRIQUE,False,134.0,,5.0,2,Puteaux,Paris,Puteaux|Asnières-sur-Seine|Paris 17e,3,227,False,False,,6360,529,13
20260801T150607,A2,v3.3-search-gps,2026-08-02T09:00,2026-08-02T20:00,1442859,https://fr.getaround.com/location-voiture/paris/citroen-c3-1442859,Citroen C3 (2023),2023,Getaround Connect,CITADINE,SEGMENT_RULES,THERMIQUE,False,110.0,,4.71,45,Puteaux,Paris,Puteaux|Asnières-sur-Seine,2,228,False,False,,7870,529,13
20260801T150607,A2,v3.3-search-gps,2026-08-02T09:00,2026-08-02T20:00,1813056,https://fr.getaround.com/location-voiture/paris/volkswagen-polo-1813056,Volkswagen Polo (2011),2011,Sur rendez-vous,CITADINE,SEGMENT_RULES,THERMIQUE,False,126.0,,4.9,10,Puteaux,Paris,Puteaux|Asnières-sur-Seine,2,229,False,False,,4440,529,13
20260801T150607,A2,v3.3-search-gps,2026-08-02T09:00,2026-08-02T20:00,1867943,https://fr.getaround.com/location-voiture/suresnes/skoda-kamiq-1867943,Skoda Kamiq (2025),2025,Sur rendez-vous,SUV_COMPACT,SEGMENT_RULES,THERMIQUE,False,111.0,,,,Puteaux,Suresnes,Puteaux|Asnières-sur-Seine,2,230,False,False,,3200,529,13
20260801T150607,A2,v3.3-search-gps,2026-08-02T09:00,2026-08-02T20:00,1198362,https://fr.getaround.com/location-voiture/paris/opel-corsa-1198362,Opel Corsa (2014),2014,Getaround Connect,CITADINE,SEGMENT_RULES,THERMIQUE,False,92.0,,4.67,36,Asnières-sur-Seine,Paris,Asnières-sur-Seine|Paris 17e,2,230,False,False,,7040,955,23
20260801T150607,A2,v3.3-search-gps,2026-08-02T09:00,2026-08-02T20:00,1666606,https://fr.getaround.com/location-voiture/soisy-sous-montmorency/hyundai-santa-fe-plug-in-hybride-1666606,Hyundai Santa Fe plug-in Hybride (2022),2022,Sur rendez-vous,SUV_FAMILIAL,SEGMENT_RULES,HYBRIDE,False,233.0,,5.0,2,Asnières-sur-Seine,Soisy Sous Montmorency,Asnières-sur-Seine,1,231,False,False,,7500,955,23
20260801T150607,A2,v3.3-search-gps,2026-08-02T09:00,2026-08-02T20:00,1224586,https://fr.getaround.com/location-voiture/paris/peugeot-208-1224586,Peugeot 208 (2023),2023,Getaround Connect,CITADINE,SEGMENT_RULES,THERMIQUE,False,81.0,,3.57,74,Asnières-sur-Seine,Paris,Asnières-sur-Seine|Paris 17e,2,231,False,False,,10590,955,23
20260801T150607,A2,v3.3-search-gps,2026-08-02T09:00,2026-08-02T20:00,1885347,https://fr.getaround.com/location-voiture/rueil-malmaison/renault-zoe-1885347,Renault ZOE (2020),2020,Sur rendez-vous,CITADINE,SEGMENT_RULES,ELECTRIQUE,False,97.0,,,,Puteaux,Rueil Malmaison,Puteaux|Asnières-sur-Seine,2,233,False,False,,2900,529,13
20260801T150607,A2,v3.3-search-gps,2026-08-02T09:00,2026-08-02T20:00,1804022,https://fr.getaround.com/location-voiture/paris/renault-scenic-e-tech-1804022,Renault Scenic E-tech (2025),2025,Sur rendez-vous,MONOSPACE,SEGMENT_RULES,ELECTRIQUE,False,134.0,,5.0,3,Puteaux,Paris,Puteaux|Asnières-sur-Seine,2,234,False,False,,6590,529,13
20260801T150607,A2,v3.3-search-gps,2026-08-02T09:00,2026-08-02T20:00,1505027,https://fr.getaround.com/location-voiture/cormeilles-en-parisis/renault-clio-1505027,Renault Clio (2020),2020,Getaround Connect,CITADINE,SEGMENT_RULES,THERMIQUE,False,111.0,,5.0,32,Asnières-sur-Seine,Cormeilles En Parisis,Asnières-sur-Seine,1,234,False,False,,8270,955,23
20260801T150607,A2,v3.3-search-gps,2026-08-02T09:00,2026-08-02T20:00,1753493,https://fr.getaround.com/location-voiture/paris/tesla-model-y-long-range-1753493,Tesla Model Y Long Range (2023),2023,Sur rendez-vous,SUV_FAMILIAL,SEGMENT_RULES,ELECTRIQUE,False,207.0,,,,Puteaux,Paris,Puteaux|Asnières-sur-Seine,2,235,False,False,,3440,529,13
20260801T150607,A2,v3.3-search-gps,2026-08-02T09:00,2026-08-02T20:00,1894337,https://fr.getaround.com/location-voiture/paris/smart-fortwo-prime-1894337,Smart Fortwo Prime (2016),2016,Getaround Connect,MICRO_CITADINE,SEGMENT_RULES,THERMIQUE,False,111.0,,,,Asnières-sur-Seine,Paris,Asnières-sur-Seine|Paris 17e,2,235,False,False,,11070,955,23
20260801T150607,A2,v3.3-search-gps,2026-08-02T09:00,2026-08-02T20:00,941077,https://fr.getaround.com/location-voiture/boulogne-billancourt/dacia-spring-941077,Dacia Spring (2021),2021,Getaround Connect,COMPACTE,SEGMENT_RULES,THERMIQUE,False,90.0,,3.74,29,Puteaux,Boulogne Billancourt,Puteaux|Asnières-sur-Seine,2,236,False,False,,5640,529,13
20260801T150607,A2,v3.3-search-gps,2026-08-02T09:00,2026-08-02T20:00,1900490,https://fr.getaround.com/location-voiture/eaubonne/ds-7-1900490,DS 7 (2019),2019,Sur rendez-vous,SUV_FAMILIAL,SEGMENT_RULES,THERMIQUE,False,147.0,,,,Asnières-sur-Seine,Eaubonne,Asnières-sur-Seine,1,236,False,False,,8230,955,23
20260801T150607,A2,v3.3-search-gps,2026-08-02T09:00,2026-08-02T20:00,1744314,https://fr.getaround.com/location-voiture/paris/renault-twingo-iii-1744314,Renault Twingo III (2021),2021,Getaround Connect,CITADINE,SEGMENT_RULES,THERMIQUE,False,95.0,,4.62,21,Asnières-sur-Seine,Paris,Asnières-sur-Seine|Paris 17e,2,236,False,False,,10660,955,23
20260801T150607,A2,v3.3-search-gps,2026-08-02T09:00,2026-08-02T20:00,1790449,https://fr.getaround.com/location-voiture/courbevoie/toyota-yaris-hybride-1790449,Toyota Yaris Hybride (2016),2016,Sur rendez-vous,CITADINE,SEGMENT_RULES,HYBRIDE,False,101.0,,,,Puteaux,Courbevoie,Puteaux|Asnières-sur-Seine,2,237,False,False,,2400,529,13
20260801T150607,A2,v3.3-search-gps,2026-08-02T09:00,2026-08-02T20:00,1728263,https://fr.getaround.com/location-voiture/levallois-perret/renault-arkana-rs-line-1728263,Renault Arkana RS Line (2022),2022,Sur rendez-vous,COMPACTE,SEGMENT_RULES,THERMIQUE,False,140.0,,,,Puteaux,Levallois Perret,Puteaux|Asnières-sur-Seine,2,237,False,False,,3950,529,13
20260801T150607,A2,v3.3-search-gps,2026-08-02T09:00,2026-08-02T20:00,1314301,https://fr.getaround.com/location-voiture/paris/fiat-500-1314301,Fiat 500 (2012),2012,Getaround Connect,CITADINE,SEGMENT_RULES,THERMIQUE,False,85.0,,3.63,31,Asnières-sur-Seine,Paris,Asnières-sur-Seine|Paris 17e,2,237,False,False,,7040,955,23
20260801T150607,A2,v3.3-search-gps,2026-08-02T09:00,2026-08-02T20:00,1370309,https://fr.getaround.com/location-voiture/issy-les-moulineaux/citroen-c3-1370309,Citroen C3 (2020),2020,Getaround Connect,CITADINE,SEGMENT_RULES,THERMIQUE,False,106.0,,4.23,66,Puteaux,Issy Les Moulineaux,Puteaux,1,239,False,False,,7050,529,13
20260801T150607,A2,v3.3-search-gps,2026-08-02T09:00,2026-08-02T20:00,1806943,https://fr.getaround.com/location-voiture/paris/fiat-500-hybride-1806943,Fiat 500 Hybride (2022),2022,Getaround Connect,CITADINE,SEGMENT_RULES,HYBRIDE,False,101.0,,4.42,12,Asnières-sur-Seine,Paris,Asnières-sur-Seine|Paris 17e,2,239,False,False,,8990,955,23
20260801T150607,A2,v3.3-search-gps,2026-08-02T09:00,2026-08-02T20:00,1610891,https://fr.getaround.com/location-voiture/issy-les-moulineaux/audi-a5-sportback-1610891,Audi A5 Sportback (2013),2013,Sur rendez-vous,BERLINE,SEGMENT_RULES,THERMIQUE,False,155.0,,5.0,4,Puteaux,Issy Les Moulineaux,Puteaux|Asnières-sur-Seine,2,240,False,False,,6280,529,13
20260801T150607,A2,v3.3-search-gps,2026-08-02T09:00,2026-08-02T20:00,1126927,https://fr.getaround.com/location-voiture/aubervilliers/renault-clio-estate-1126927,Renault Clio Estate (2018),2018,Getaround Connect,BREAK,SEGMENT_RULES,THERMIQUE,False,103.0,,4.52,72,Asnières-sur-Seine,Aubervilliers,Asnières-sur-Seine,1,240,False,False,,8470,955,23
20260801T150607,A2,v3.3-search-gps,2026-08-02T09:00,2026-08-02T20:00,1916417,https://fr.getaround.com/location-voiture/paris/peugeot-208-1916417,Peugeot 208 (2026),2026,Getaround Connect,CITADINE,SEGMENT_RULES,THERMIQUE,False,105.0,,,,Asnières-sur-Seine,Paris,Asnières-sur-Seine|Paris 17e,2,240,False,False,,11060,955,23
20260801T150607,A2,v3.3-search-gps,2026-08-02T09:00,2026-08-02T20:00,1944772,https://fr.getaround.com/location-voiture/houilles/peugeot-208-1944772,Peugeot 208 (2021),2021,Sur rendez-vous,CITADINE,SEGMENT_RULES,THERMIQUE,False,92.0,,,,Puteaux,Houilles,Puteaux|Asnières-sur-Seine,2,241,False,False,,6150,529,13
20260801T150607,A2,v3.3-search-gps,2026-08-02T09:00,2026-08-02T20:00,1528491,https://fr.getaround.com/location-voiture/paris/citroen-c3-1528491,Citroen C3 (2024),2024,Getaround Connect,CITADINE,SEGMENT_RULES,THERMIQUE,False,136.0,,4.84,31,Puteaux,Paris,Puteaux|Asnières-sur-Seine,2,242,False,False,,6000,529,13
20260801T150607,A2,v3.3-search-gps,2026-08-02T09:00,2026-08-02T20:00,763196,https://fr.getaround.com/location-voiture/paris/peugeot-108-763196,Peugeot 108 (2017),2017,Getaround Connect,MICRO_CITADINE,SEGMENT_RULES,THERMIQUE,False,95.0,,4.63,117,Puteaux,Paris,Puteaux,1,243,False,False,,8860,529,13
20260801T150607,A2,v3.3-search-gps,2026-08-02T09:00,2026-08-02T20:00,1718217,https://fr.getaround.com/location-voiture/suresnes/mercedes-benz-classe-e-e-300-1718217,Mercedes-Benz Classe E E 300 (2024),2024,Sur rendez-vous,BERLINE,SEGMENT_RULES,THERMIQUE,False,335.0,,,,Puteaux,Suresnes,Puteaux|Asnières-sur-Seine,2,244,False,False,,1410,529,13
20260801T150607,A2,v3.3-search-gps,2026-08-02T09:00,2026-08-02T20:00,711540,https://fr.getaround.com/location-voiture/nanterre/audi-a1-sportback-711540,Audi A1 Sportback (2012),2012,Sur rendez-vous,CITADINE,SEGMENT_RULES,THERMIQUE,False,83.0,,4.0,4,Puteaux,Nanterre,Puteaux|Asnières-sur-Seine,2,245,False,False,,2250,529,13
20260801T150607,A2,v3.3-search-gps,2026-08-02T09:00,2026-08-02T20:00,685145,https://fr.getaround.com/location-voiture/argenteuil/renault-clio-685145,Renault Clio (2018),2018,Sur rendez-vous,CITADINE,SEGMENT_RULES,THERMIQUE,False,67.0,,4.7,49,Asnières-sur-Seine,Argenteuil,Asnières-sur-Seine,1,245,False,False,,4220,955,23
20260801T150607,A2,v3.3-search-gps,2026-08-02T09:00,2026-08-02T20:00,483319,https://fr.getaround.com/location-voiture/colombes/peugeot-2008-483319,Peugeot 2008 (2017),2017,Sur rendez-vous,SUV_COMPACT,SEGMENT_RULES,THERMIQUE,False,111.0,,5.0,1,Puteaux,Colombes,Puteaux|Asnières-sur-Seine,2,246,False,False,,4210,529,13
20260801T150607,A2,v3.3-search-gps,2026-08-02T09:00,2026-08-02T20:00,1067334,https://fr.getaround.com/location-voiture/nanterre/citroen-c5-cross-tourer-1067334,Citroen C5 Cross Tourer (2022),2022,Sur rendez-vous,BREAK,SEGMENT_RULES,THERMIQUE,False,123.0,,,,Puteaux,Nanterre,Puteaux|Asnières-sur-Seine,2,247,False,False,,3140,529,13
20260801T150607,A2,v3.3-search-gps,2026-08-02T09:00,2026-08-02T20:00,1796070,https://fr.getaround.com/location-voiture/paris/bmw-x1-1796070,BMW X1 (2017),2017,Sur rendez-vous,SUV_FAMILIAL,SEGMENT_RULES,THERMIQUE,False,165.0,,5.0,1,Puteaux,Paris,Puteaux|Asnières-sur-Seine,2,248,False,False,,4800,529,13
20260801T150607,A2,v3.3-search-gps,2026-08-02T09:00,2026-08-02T20:00,1823854,https://fr.getaround.com/location-voiture/levallois-perret/mini-cooper-countryman-1823854,Mini Cooper Countryman (2017),2017,Sur rendez-vous,SUV_FAMILIAL,SEGMENT_RULES,THERMIQUE,False,148.0,,,,Puteaux,Levallois Perret,Puteaux|Asnières-sur-Seine,2,249,False,False,,3340,529,13
20260801T150607,A2,v3.3-search-gps,2026-08-02T09:00,2026-08-02T20:00,1357355,https://fr.getaround.com/location-voiture/paris/peugeot-2008-1357355,Peugeot 2008 (2023),2023,Getaround Connect,SUV_COMPACT,SEGMENT_RULES,THERMIQUE,False,111.0,,4.63,68,Puteaux,Paris,Puteaux|Asnières-sur-Seine,2,250,False,False,,7370,529,13
20260801T150607,A2,v3.3-search-gps,2026-08-02T09:00,2026-08-02T20:00,1300376,https://fr.getaround.com/location-voiture/nanterre/renault-clio-1300376,Renault Clio (2011),2011,Sur rendez-vous,CITADINE,SEGMENT_RULES,THERMIQUE,False,67.0,,,,Puteaux,Nanterre,Puteaux|Asnières-sur-Seine,2,252,False,False,,3290,529,13
20260801T150607,A2,v3.3-search-gps,2026-08-02T09:00,2026-08-02T20:00,1815369,https://fr.getaround.com/location-voiture/saint-cloud/audi-a4-2-0t-premium-plus-1815369,Audi  A4 2.0T Premium Plus (2014),2014,Sur rendez-vous,BERLINE,SEGMENT_RULES,THERMIQUE,False,150.0,,,,Puteaux,Saint Cloud,Puteaux|Asnières-sur-Seine,2,253,False,False,,4530,529,13
20260801T150607,A2,v3.3-search-gps,2026-08-02T09:00,2026-08-02T20:00,1818510,https://fr.getaround.com/location-voiture/sevres/ford-fiesta-1818510,Ford Fiesta (2020),2020,Sur rendez-vous,CITADINE,SEGMENT_RULES,THERMIQUE,False,91.0,,5.0,1,Puteaux,Sevres,Puteaux,1,254,False,False,,7170,529,13
20260801T150607,A2,v3.3-search-gps,2026-08-02T09:00,2026-08-02T20:00,1880355,https://fr.getaround.com/location-voiture/rueil-malmaison/audi-q2-1880355,Audi Q2 (2017),2017,Sur rendez-vous,SUV_COMPACT,SEGMENT_RULES,THERMIQUE,False,116.0,,,,Puteaux,Rueil Malmaison,Puteaux|Asnières-sur-Seine,2,255,False,False,,3670,529,13
20260801T150607,A2,v3.3-search-gps,2026-08-02T09:00,2026-08-02T20:00,808153,https://fr.getaround.com/location-voiture/les-lilas/peugeot-208-808153,Peugeot 208 (2015),2015,Getaround Connect,CITADINE,SEGMENT_RULES,THERMIQUE,False,92.0,,4.84,22,Asnières-sur-Seine,Les Lilas,Asnières-sur-Seine,1,256,False,False,,10540,955,23
20260801T150607,A2,v3.3-search-gps,2026-08-02T09:00,2026-08-02T20:00,1812855,https://fr.getaround.com/location-voiture/paris/volkswagen-polo-1812855,Volkswagen Polo (2011),2011,Sur rendez-vous,CITADINE,SEGMENT_RULES,THERMIQUE,False,117.0,,4.29,7,Puteaux,Paris,Puteaux|Asnières-sur-Seine,2,257,False,False,,4460,529,13
20260801T150607,A2,v3.3-search-gps,2026-08-02T09:00,2026-08-02T20:00,1946035,https://fr.getaround.com/location-voiture/garches/volkswagen-golf-1946035,Volkswagen Golf (2025),2025,Sur rendez-vous,COMPACTE,SEGMENT_RULES,THERMIQUE,False,119.0,,,,Puteaux,Garches,Puteaux|Asnières-sur-Seine,2,258,False,False,,5030,529,13
20260801T150607,A2,v3.3-search-gps,2026-08-02T09:00,2026-08-02T20:00,1767434,https://fr.getaround.com/location-voiture/villeneuve-la-garenne/audi-a3-cabriolet-1767434,Audi A3 Cabriolet (2015),2015,Sur rendez-vous,CABRIOLET,SEGMENT_RULES,THERMIQUE,False,159.0,,,,Puteaux,Villeneuve La Garenne,Puteaux|Asnières-sur-Seine,2,258,False,False,,9220,529,13
20260801T150607,A2,v3.3-search-gps,2026-08-02T09:00,2026-08-02T20:00,1927747,https://fr.getaround.com/location-voiture/villeneuve-la-garenne/peugeot-208-1927747,Peugeot 208 (2017),2017,Sur rendez-vous,CITADINE,SEGMENT_RULES,THERMIQUE,False,91.0,,,,Puteaux,Villeneuve La Garenne,Puteaux|Asnières-sur-Seine,2,259,False,False,,8470,529,13
20260801T150607,A2,v3.3-search-gps,2026-08-02T09:00,2026-08-02T20:00,1937431,https://fr.getaround.com/location-voiture/paris/smart-fortwo-coupe-1937431,Smart Fortwo Coupé (2013),2013,Sur rendez-vous,MICRO_CITADINE,SEGMENT_RULES,THERMIQUE,False,99.0,,,,Puteaux,Paris,Puteaux|Asnières-sur-Seine,2,260,False,False,,4660,529,13
20260801T150607,A2,v3.3-search-gps,2026-08-02T09:00,2026-08-02T20:00,1510316,https://fr.getaround.com/location-voiture/saint-cloud/renault-clio-estate-1510316,Renault Clio Estate (2016),2016,Sur rendez-vous,BREAK,SEGMENT_RULES,THERMIQUE,False,98.0,,5.0,6,Puteaux,Saint Cloud,Puteaux|Asnières-sur-Seine,2,261,False,False,,3800,529,13
20260801T150607,A2,v3.3-search-gps,2026-08-02T09:00,2026-08-02T20:00,1117375,https://fr.getaround.com/location-voiture/boulogne-billancourt/peugeot-308-sw-1117375,Peugeot 308 SW (2018),2018,Sur rendez-vous,BREAK,SEGMENT_RULES,THERMIQUE,False,120.0,,4.77,24,Puteaux,Boulogne Billancourt,Puteaux|Asnières-sur-Seine,2,262,False,False,,4440,529,13
20260801T150607,A2,v3.3-search-gps,2026-08-02T09:00,2026-08-02T20:00,1462968,https://fr.getaround.com/location-voiture/colombes/nissan-juke-1462968,Nissan Juke (2011),2011,Sur rendez-vous,SUV_COMPACT,SEGMENT_RULES,THERMIQUE,False,100.0,,,,Puteaux,Colombes,Puteaux|Asnières-sur-Seine,2,262,False,False,,5740,529,13
20260801T150607,A2,v3.3-search-gps,2026-08-02T09:00,2026-08-02T20:00,1666340,https://fr.getaround.com/location-voiture/issy-les-moulineaux/peugeot-308-1666340,Peugeot 308 (2011),2011,Sur rendez-vous,COMPACTE,SEGMENT_RULES,THERMIQUE,False,100.0,,4.95,20,Puteaux,Issy Les Moulineaux,Puteaux,1,263,False,False,,7160,529,13
20260801T150607,A2,v3.3-search-gps,2026-08-02T09:00,2026-08-02T20:00,949229,https://fr.getaround.com/location-voiture/argenteuil/renault-clio-949229,Renault Clio (2016),2016,Sur rendez-vous,CITADINE,SEGMENT_RULES,THERMIQUE,False,65.0,,5.0,4,Asnières-sur-Seine,Argenteuil,Asnières-sur-Seine,1,263,False,False,,5760,955,23
20260801T150607,A2,v3.3-search-gps,2026-08-02T09:00,2026-08-02T20:00,1712083,https://fr.getaround.com/location-voiture/sartrouville/mercedes-benz-classe-e-coupe-1712083,Mercedes-Benz Classe E Coupé (2014),2014,Sur rendez-vous,BERLINE,SEGMENT_RULES,THERMIQUE,False,220.0,,5.0,1,Puteaux,Sartrouville,Puteaux|Asnières-sur-Seine,2,264,False,False,,8610,529,13
20260801T150607,A2,v3.3-search-gps,2026-08-02T09:00,2026-08-02T20:00,1440918,https://fr.getaround.com/location-voiture/paris/renault-clio-1440918,Renault Clio (2023),2023,Getaround Connect,CITADINE,SEGMENT_RULES,THERMIQUE,False,81.0,,4.4,41,Asnières-sur-Seine,Paris,Asnières-sur-Seine,1,264,False,False,,11250,955,23
20260801T150607,A2,v3.3-search-gps,2026-08-02T09:00,2026-08-02T20:00,1846783,https://fr.getaround.com/location-voiture/rueil-malmaison/hyundai-i20-1846783,Hyundai i20 (2020),2020,Sur rendez-vous,CITADINE,SEGMENT_RULES,THERMIQUE,False,96.0,,,,Puteaux,Rueil Malmaison,Puteaux|Asnières-sur-Seine,2,265,False,False,,3750,529,13
20260801T150607,A2,v3.3-search-gps,2026-08-02T09:00,2026-08-02T20:00,1694521,https://fr.getaround.com/location-voiture/paris/peugeot-308-1694521,Peugeot 308 (2019),2019,Getaround Connect,COMPACTE,SEGMENT_RULES,THERMIQUE,False,89.0,,3.72,25,Puteaux,Paris,Puteaux|Asnières-sur-Seine,2,267,False,False,,8730,529,13
20260801T150607,A2,v3.3-search-gps,2026-08-02T09:00,2026-08-02T20:00,1671131,https://fr.getaround.com/location-voiture/paris/mitsubishi-space-star-1671131,Mitsubishi Space Star (2019),2019,Sur rendez-vous,CITADINE,SEGMENT_RULES,THERMIQUE,False,73.0,,5.0,13,Puteaux,Paris,Puteaux|Asnières-sur-Seine,2,268,False,False,,6720,529,13
20260801T150607,A2,v3.3-search-gps,2026-08-02T09:00,2026-08-02T20:00,1916387,https://fr.getaround.com/location-voiture/carrieres-sur-seine/citroen-c3-1916387,Citroen C3 (2014),2014,Sur rendez-vous,CITADINE,SEGMENT_RULES,THERMIQUE,False,86.0,,3.5,2,Puteaux,Carrieres Sur Seine,Puteaux|Asnières-sur-Seine,2,269,False,False,,5260,529,13
20260801T150607,A2,v3.3-search-gps,2026-08-02T09:00,2026-08-02T20:00,1083759,https://fr.getaround.com/location-voiture/rueil-malmaison/renault-zoe-1083759,Renault ZOE (2018),2018,Sur rendez-vous,CITADINE,SEGMENT_RULES,ELECTRIQUE,False,84.0,,,,Puteaux,Rueil Malmaison,Puteaux|Asnières-sur-Seine,2,270,False,False,,4410,529,13
20260801T150607,A2,v3.3-search-gps,2026-08-02T09:00,2026-08-02T20:00,1503075,https://fr.getaround.com/location-voiture/carrieres-sur-seine/renault-zoe-1503075,Renault ZOE (2021),2021,Sur rendez-vous,CITADINE,SEGMENT_RULES,ELECTRIQUE,False,85.0,,5.0,7,Puteaux,Carrieres Sur Seine,Puteaux|Asnières-sur-Seine,2,271,False,False,,5460,529,13
20260801T150607,A2,v3.3-search-gps,2026-08-02T09:00,2026-08-02T20:00,1312071,https://fr.getaround.com/location-voiture/cormeilles-en-parisis/kia-picanto-1312071,Kia Picanto (2017),2017,Sur rendez-vous,CITADINE,SEGMENT_RULES,THERMIQUE,False,81.0,,5.0,10,Asnières-sur-Seine,Cormeilles En Parisis,Asnières-sur-Seine,1,272,False,False,,8830,955,23
20260801T150607,A2,v3.3-search-gps,2026-08-02T09:00,2026-08-02T20:00,1139784,https://fr.getaround.com/location-voiture/courbevoie/peugeot-208-1139784,Peugeot 208 (2015),2015,Sur rendez-vous,CITADINE,SEGMENT_RULES,THERMIQUE,False,96.0,,,,Puteaux,Courbevoie,Puteaux|Asnières-sur-Seine,2,274,False,False,,1640,529,13
20260801T150607,A2,v3.3-search-gps,2026-08-02T09:00,2026-08-02T20:00,1820372,https://fr.getaround.com/location-voiture/saint-denis/hyundai-i20-1820372,Hyundai i20 (2012),2012,Sur rendez-vous,CITADINE,SEGMENT_RULES,THERMIQUE,False,84.0,,4.6,5,Asnières-sur-Seine,Saint Denis,Asnières-sur-Seine,1,274,False,False,,5010,955,23
20260801T150607,A2,v3.3-search-gps,2026-08-02T09:00,2026-08-02T20:00,766571,https://fr.getaround.com/location-voiture/maisons-laffitte/renault-clio-766571,Renault Clio (2018),2018,Sur rendez-vous,CITADINE,SEGMENT_RULES,THERMIQUE,False,92.0,,4.85,72,Puteaux,Maisons Laffitte,Puteaux,1,275,False,False,,9450,529,13
20260801T150607,A2,v3.3-search-gps,2026-08-02T09:00,2026-08-02T20:00,1584195,https://fr.getaround.com/location-voiture/bezons/lynk-co-01-1584195,Lynk & Co 01 (2021),2021,Sur rendez-vous,SUV_FAMILIAL,SEGMENT_RULES,THERMIQUE,False,151.0,,5.0,2,Puteaux,Bezons,Puteaux|Asnières-sur-Seine,2,276,False,False,,5260,529,13
20260801T150607,A2,v3.3-search-gps,2026-08-02T09:00,2026-08-02T20:00,1816320,https://fr.getaround.com/location-voiture/saint-cloud/hyundai-inster-1816320,Hyundai Inster (2025),2025,Sur rendez-vous,COMPACTE,SEGMENT_RULES,THERMIQUE,False,109.0,,5.0,1,Puteaux,Saint Cloud,Puteaux|Asnières-sur-Seine,2,277,False,False,,5510,529,13
20260801T150607,A2,v3.3-search-gps,2026-08-02T09:00,2026-08-02T20:00,1934713,https://fr.getaround.com/location-voiture/paris/peugeot-508-1934713,Peugeot 508 (2014),2014,Getaround Connect,BERLINE,SEGMENT_RULES,THERMIQUE,False,143.0,,,,Asnières-sur-Seine,Paris,Asnières-sur-Seine,1,277,False,False,,11170,955,23
20260801T150607,A2,v3.3-search-gps,2026-08-02T09:00,2026-08-02T20:00,1665565,https://fr.getaround.com/location-voiture/nanterre/land-rover-range-rover-evoque-1665565,Land-Rover Range Rover Evoque (2013),2013,Sur rendez-vous,SUV_FAMILIAL,SEGMENT_RULES,THERMIQUE,False,175.0,,,,Puteaux,Nanterre,Puteaux|Asnières-sur-Seine,2,278,False,False,,2810,529,13
20260801T150607,A2,v3.3-search-gps,2026-08-02T09:00,2026-08-02T20:00,1383663,https://fr.getaround.com/location-voiture/ville-d-avray/volkswagen-id-3-1383663,Volkswagen ID.3 (2022),2022,Sur rendez-vous,CITADINE,SEGMENT_RULES,THERMIQUE,False,111.0,,,,Puteaux,Ville D Avray,Puteaux,1,279,False,False,,7140,529,13
20260801T150607,A2,v3.3-search-gps,2026-08-02T09:00,2026-08-02T20:00,1900833,https://fr.getaround.com/location-voiture/soisy-sous-montmorency/peugeot-208-1900833,Peugeot 208 (2023),2023,Sur rendez-vous,CITADINE,SEGMENT_RULES,THERMIQUE,False,83.0,,,,Asnières-sur-Seine,Soisy Sous Montmorency,Asnières-sur-Seine,1,279,False,False,,7730,955,23
20260801T150607,A2,v3.3-search-gps,2026-08-02T09:00,2026-08-02T20:00,1545704,https://fr.getaround.com/location-voiture/boulogne-billancourt/land-rover-range-rover-evoque-1545704,Land-Rover Range Rover Evoque (2014),2014,Sur rendez-vous,SUV_FAMILIAL,SEGMENT_RULES,THERMIQUE,False,179.0,,4.88,4,Puteaux,Boulogne Billancourt,Puteaux|Asnières-sur-Seine,2,281,False,False,,6310,529,13
20260801T150607,A2,v3.3-search-gps,2026-08-02T09:00,2026-08-02T20:00,1757751,https://fr.getaround.com/location-voiture/paris/tesla-model-3-1757751,Tesla Model 3 (2022),2022,Sur rendez-vous,BERLINE,SEGMENT_RULES,ELECTRIQUE,False,154.0,,5.0,4,Asnières-sur-Seine,Paris,Asnières-sur-Seine,1,281,False,False,,10800,955,23
20260801T150607,A2,v3.3-search-gps,2026-08-02T09:00,2026-08-02T20:00,1580863,https://fr.getaround.com/location-voiture/nanterre/volkswagen-polo-r-line-1580863,Volkswagen Polo R-Line (2024),2024,Sur rendez-vous,CITADINE,SEGMENT_RULES,THERMIQUE,False,114.0,,,,Puteaux,Nanterre,Puteaux|Asnières-sur-Seine,2,282,False,False,,2590,529,13
20260801T150607,A2,v3.3-search-gps,2026-08-02T09:00,2026-08-02T20:00,1353326,https://fr.getaround.com/location-voiture/nanterre/renault-megane-1353326,Renault Mégane (2012),2012,Sur rendez-vous,COMPACTE,SEGMENT_RULES,THERMIQUE,False,93.0,,,,Puteaux,Nanterre,Puteaux|Asnières-sur-Seine,2,283,False,False,,2500,529,13
20260801T150607,A2,v3.3-search-gps,2026-08-02T09:00,2026-08-02T20:00,1028957,https://fr.getaround.com/location-voiture/bezons/volkswagen-golf-1028957,Volkswagen Golf (2015),2015,Sur rendez-vous,COMPACTE,SEGMENT_RULES,THERMIQUE,False,102.0,,,,Puteaux,Bezons,Puteaux|Asnières-sur-Seine,2,284,False,False,,4790,529,13
20260801T150607,A2,v3.3-search-gps,2026-08-02T09:00,2026-08-02T20:00,1711668,https://fr.getaround.com/location-voiture/rueil-malmaison/audi-q5-2-0t-quattro-premium-1711668,Audi Q5 2.0T Quattro Premium (2017),2017,Sur rendez-vous,SUV_FAMILIAL,SEGMENT_RULES,THERMIQUE,False,241.0,,,,Puteaux,Rueil Malmaison,Puteaux|Asnières-sur-Seine,2,285,False,False,,5020,529,13
20260801T150607,A2,v3.3-search-gps,2026-08-02T09:00,2026-08-02T20:00,1933549,https://fr.getaround.com/location-voiture/argenteuil/citroen-c3-1933549,Citroen C3 (2018),2018,Sur rendez-vous,CITADINE,SEGMENT_RULES,THERMIQUE,False,92.0,,,,Puteaux,Argenteuil,Puteaux|Asnières-sur-Seine,2,286,False,False,,6710,529,13
20260801T150607,A2,v3.3-search-gps,2026-08-02T09:00,2026-08-02T20:00,1851732,https://fr.getaround.com/location-voiture/la-celle-saint-cloud/fiat-600e-1851732,Fiat 600e (2024),2024,Sur rendez-vous,CITADINE,SEGMENT_RULES,THERMIQUE,False,96.0,,5.0,1,Puteaux,La Celle Saint Cloud,Puteaux,1,288,False,False,,7710,529,13
20260801T150607,A2,v3.3-search-gps,2026-08-02T09:00,2026-08-02T20:00,1841262,https://fr.getaround.com/location-voiture/nanterre/ford-puma-1841262,Ford Puma (2021),2021,Sur rendez-vous,SUV_COMPACT,SEGMENT_RULES,THERMIQUE,False,166.0,,,,Puteaux,Nanterre,Puteaux|Asnières-sur-Seine,2,289,False,False,,3030,529,13
20260801T150607,A2,v3.3-search-gps,2026-08-02T09:00,2026-08-02T20:00,1557024,https://fr.getaround.com/location-voiture/paris/citroen-c4-1557024,Citroen C4 (2016),2016,Sur rendez-vous,COMPACTE,SEGMENT_RULES,THERMIQUE,False,96.0,,5.0,5,Puteaux,Paris,Puteaux|Asnières-sur-Seine,2,290,False,False,,6250,529,13
20260801T150607,A2,v3.3-search-gps,2026-08-02T09:00,2026-08-02T20:00,1910566,https://fr.getaround.com/location-voiture/colombes/nissan-nv200-1910566,Nissan NV200 (2016),2016,Sur rendez-vous,UTILITAIRE,SEGMENT_RULES,THERMIQUE,False,146.0,,,,Puteaux,Colombes,Puteaux|Asnières-sur-Seine,2,290,False,False,,4600,529,13
20260801T150607,A2,v3.3-search-gps,2026-08-02T09:00,2026-08-02T20:00,1797688,https://fr.getaround.com/location-voiture/neuilly-sur-seine/mercedes-benz-classe-b-1797688,Mercedes-Benz Classe B (2019),2019,Sur rendez-vous,MONOSPACE,SEGMENT_RULES,THERMIQUE,False,117.0,,5.0,1,Puteaux,Neuilly Sur Seine,Puteaux|Asnières-sur-Seine,2,293,False,False,,2760,529,13
20260801T150607,A2,v3.3-search-gps,2026-08-02T09:00,2026-08-02T20:00,1689466,https://fr.getaround.com/location-voiture/argenteuil/peugeot-207-sw-1689466,Peugeot 207 SW (2011),2011,Sur rendez-vous,BREAK,SEGMENT_RULES,THERMIQUE,False,96.0,,5.0,5,Puteaux,Argenteuil,Puteaux|Asnières-sur-Seine,2,294,False,False,,6970,529,13
20260801T150607,A2,v3.3-search-gps,2026-08-02T09:00,2026-08-02T20:00,1524973,https://fr.getaround.com/location-voiture/neuilly-sur-seine/renault-zoe-1524973,Renault ZOE (2018),2018,Sur rendez-vous,CITADINE,SEGMENT_RULES,ELECTRIQUE,False,96.0,,4.0,1,Puteaux,Neuilly Sur Seine,Puteaux|Asnières-sur-Seine,2,296,False,False,,2450,529,13
20260801T150607,A2,v3.3-search-gps,2026-08-02T09:00,2026-08-02T20:00,1257197,https://fr.getaround.com/location-voiture/la-garenne-colombes/honda-cr-v-hybride-1257197,Honda CR-V Hybride (2021),2021,Sur rendez-vous,SUV_FAMILIAL,SEGMENT_RULES,HYBRIDE,False,209.0,,,,Puteaux,La Garenne Colombes,Puteaux|Asnières-sur-Seine,2,298,False,False,,3490,529,13
20260801T150607,A2,v3.3-search-gps,2026-08-02T09:00,2026-08-02T20:00,1779332,https://fr.getaround.com/location-voiture/clichy/toyota-c-hr-1779332,Toyota C-HR (2018),2018,Sur rendez-vous,SUV_COMPACT,SEGMENT_RULES,THERMIQUE,False,115.0,,,,Puteaux,Clichy,Puteaux|Asnières-sur-Seine,2,298,False,False,,6070,529,13
20260801T150607,A2,v3.3-search-gps,2026-08-02T09:00,2026-08-02T20:00,1549114,https://fr.getaround.com/location-voiture/colombes/toyota-auris-touring-sports-1549114,Toyota Auris Touring Sports (2014),2014,Sur rendez-vous,BREAK,SEGMENT_RULES,THERMIQUE,False,100.0,,,,Puteaux,Colombes,Puteaux|Asnières-sur-Seine,2,299,False,False,,3160,529,13
20260801T150607,A2,v3.3-search-gps,2026-08-02T09:00,2026-08-02T20:00,1932446,https://fr.getaround.com/location-voiture/chatou/ford-fiesta-1932446,Ford Fiesta (2014),2014,Sur rendez-vous,CITADINE,SEGMENT_RULES,THERMIQUE,False,86.0,,,,Puteaux,Chatou,Puteaux|Asnières-sur-Seine,2,300,False,False,,6450,529,13
20260801T150607,A2,v3.3-search-gps,2026-08-02T09:00,2026-08-02T20:00,1736314,https://fr.getaround.com/location-voiture/boulogne-billancourt/smart-fortwo-passion-1736314,Smart Fortwo Passion (2015),2015,Sur rendez-vous,MICRO_CITADINE,SEGMENT_RULES,THERMIQUE,False,84.0,,5.0,2,Puteaux,Boulogne Billancourt,Puteaux|Asnières-sur-Seine,2,301,False,False,,4920,529,13
20260801T150607,A2,v3.3-search-gps,2026-08-02T09:00,2026-08-02T20:00,1386467,https://fr.getaround.com/location-voiture/nanterre/cupra-formentor-1386467,Cupra Formentor (2022),2022,Sur rendez-vous,SUV_COMPACT,SEGMENT_RULES,THERMIQUE,False,138.0,,,,Puteaux,Nanterre,Puteaux|Asnières-sur-Seine,2,302,False,False,,3450,529,13
20260801T150607,A2,v3.3-search-gps,2026-08-02T09:00,2026-08-02T20:00,1049417,https://fr.getaround.com/location-voiture/gennevilliers/peugeot-508-sw-1049417,Peugeot 508 SW (2013),2013,Sur rendez-vous,BREAK,SEGMENT_RULES,THERMIQUE,False,115.0,,,,Puteaux,Gennevilliers,Puteaux|Asnières-sur-Seine,2,302,False,False,,6240,529,13
20260801T150607,A2,v3.3-search-gps,2026-08-02T09:00,2026-08-02T20:00,1875617,https://fr.getaround.com/location-voiture/sartrouville/ford-ka-1875617,Ford Ka (2016),2016,Sur rendez-vous,CITADINE,SEGMENT_RULES,THERMIQUE,False,74.0,,5.0,4,Puteaux,Sartrouville,Puteaux|Asnières-sur-Seine,2,303,False,False,,7170,529,13
20260801T150607,A2,v3.3-search-gps,2026-08-02T09:00,2026-08-02T20:00,1681623,https://fr.getaround.com/location-voiture/paris/peugeot-208-1681623,Peugeot 208 (2022),2022,Getaround Connect,CITADINE,SEGMENT_RULES,THERMIQUE,False,76.0,,3.79,29,Asnières-sur-Seine,Paris,Asnières-sur-Seine,1,303,False,False,,11750,955,23
20260801T150607,A2,v3.3-search-gps,2026-08-02T09:00,2026-08-02T20:00,1864308,https://fr.getaround.com/location-voiture/colombes/renault-clio-1864308,Renault Clio (2021),2021,Sur rendez-vous,CITADINE,SEGMENT_RULES,THERMIQUE,False,104.0,,5.0,1,Puteaux,Colombes,Puteaux|Asnières-sur-Seine,2,305,False,False,,5190,529,13
20260801T150607,A2,v3.3-search-gps,2026-08-02T09:00,2026-08-02T20:00,1614145,https://fr.getaround.com/location-voiture/courbevoie/peugeot-208-1614145,Peugeot 208 (2024),2024,Sur rendez-vous,CITADINE,SEGMENT_RULES,THERMIQUE,False,175.0,,,,Puteaux,Courbevoie,Puteaux|Asnières-sur-Seine,2,306,False,False,,1830,529,13
20260801T150607,A2,v3.3-search-gps,2026-08-02T09:00,2026-08-02T20:00,824592,https://fr.getaround.com/location-voiture/bagnolet/renault-clio-824592,Renault Clio (2017),2017,Getaround Connect,CITADINE,SEGMENT_RULES,THERMIQUE,False,76.0,,3.74,110,Asnières-sur-Seine,Bagnolet,Asnières-sur-Seine,1,306,False,False,,10810,955,23
20260801T150607,A2,v3.3-search-gps,2026-08-02T09:00,2026-08-02T20:00,1544484,https://fr.getaround.com/location-voiture/sannois/toyota-yaris-hybride-1544484,Toyota Yaris Hybride (2022),2022,Sur rendez-vous,CITADINE,SEGMENT_RULES,HYBRIDE,False,98.0,,5.0,1,Asnières-sur-Seine,Sannois,Asnières-sur-Seine,1,307,False,False,,6100,955,23
20260801T150607,A2,v3.3-search-gps,2026-08-02T09:00,2026-08-02T20:00,1883063,https://fr.getaround.com/location-voiture/rueil-malmaison/bmw-x1-sdrive18i-1883063,BMW X1 sDrive18i (2019),2019,Sur rendez-vous,SUV_FAMILIAL,SEGMENT_RULES,THERMIQUE,False,163.0,,,,Puteaux,Rueil Malmaison,Puteaux|Asnières-sur-Seine,2,308,False,False,,3450,529,13
20260801T150607,A2,v3.3-search-gps,2026-08-02T09:00,2026-08-02T20:00,1337674,https://fr.getaround.com/location-voiture/rueil-malmaison/renault-arkana-e-tech-1337674,Renault Arkana E-Tech (2022),2022,Sur rendez-vous,COMPACTE,SEGMENT_RULES,ELECTRIQUE,False,138.0,,,,Puteaux,Rueil Malmaison,Puteaux|Asnières-sur-Seine,2,309,False,False,,3840,529,13
20260801T150607,A2,v3.3-search-gps,2026-08-02T09:00,2026-08-02T20:00,1520248,https://fr.getaround.com/location-voiture/la-garenne-colombes/renault-grand-modus-1520248,Renault Grand Modus (2012),2012,Sur rendez-vous,MONOSPACE,SEGMENT_RULES,THERMIQUE,False,84.0,,2.0,1,Puteaux,La Garenne Colombes,Puteaux|Asnières-sur-Seine,2,310,False,False,,2150,529,13
20260801T150607,A2,v3.3-search-gps,2026-08-02T09:00,2026-08-02T20:00,1864476,https://fr.getaround.com/location-voiture/sartrouville/peugeot-2008-1864476,Peugeot 2008 (2018),2018,Sur rendez-vous,SUV_COMPACT,SEGMENT_RULES,THERMIQUE,False,112.0,,5.0,4,Puteaux,Sartrouville,Puteaux|Asnières-sur-Seine,2,311,False,False,,8390,529,13
20260801T150607,A2,v3.3-search-gps,2026-08-02T09:00,2026-08-02T20:00,1751139,https://fr.getaround.com/location-voiture/gennevilliers/toyota-c-hr-hybrid-1751139,Toyota C-HR Hybrid (2017),2017,Sur rendez-vous,SUV_COMPACT,SEGMENT_RULES,HYBRIDE,False,110.0,,,,Puteaux,Gennevilliers,Puteaux|Asnières-sur-Seine,2,311,False,False,,7360,529,13
20260801T150607,A2,v3.3-search-gps,2026-08-02T09:00,2026-08-02T20:00,1849526,https://fr.getaround.com/location-voiture/boulogne-billancourt/ds-3-1849526,DS 3 (2019),2019,Sur rendez-vous,CITADINE,SEGMENT_RULES,THERMIQUE,False,123.0,,5.0,1,Puteaux,Boulogne Billancourt,Puteaux|Asnières-sur-Seine,2,312,False,False,,5810,529,13
20260801T150607,A2,v3.3-search-gps,2026-08-02T09:00,2026-08-02T20:00,1569331,https://fr.getaround.com/location-voiture/boulogne-billancourt/honda-hr-v-1569331,Honda HR-V (2022),2022,Sur rendez-vous,SUV_COMPACT,SEGMENT_RULES,THERMIQUE,False,139.0,,,,Puteaux,Boulogne Billancourt,Puteaux|Asnières-sur-Seine,2,313,False,False,,4960,529,13
20260801T150607,A2,v3.3-search-gps,2026-08-02T09:00,2026-08-02T20:00,1561179,https://fr.getaround.com/location-voiture/la-celle-saint-cloud/renault-twingo-ii-1561179,Renault Twingo II (2011),2011,Sur rendez-vous,CITADINE,SEGMENT_RULES,THERMIQUE,False,70.0,,5.0,1,Puteaux,La Celle Saint Cloud,Puteaux|Asnières-sur-Seine,2,314,False,False,,7390,529,13
20260801T150607,A2,v3.3-search-gps,2026-08-02T09:00,2026-08-02T20:00,1370567,https://fr.getaround.com/location-voiture/vanves/volkswagen-tiguan-1370567,Volkswagen Tiguan (2021),2021,Sur rendez-vous,SUV_FAMILIAL,SEGMENT_RULES,THERMIQUE,False,187.0,,,,Puteaux,Vanves,Puteaux,1,315,False,False,,7750,529,13
20260801T150607,A2,v3.3-search-gps,2026-08-02T09:00,2026-08-02T20:00,1384237,https://fr.getaround.com/location-voiture/saint-cloud/volkswagen-golf-1384237,Volkswagen Golf (2016),2016,Sur rendez-vous,COMPACTE,SEGMENT_RULES,THERMIQUE,False,102.0,,,,Puteaux,Saint Cloud,Puteaux|Asnières-sur-Seine,2,317,False,False,,5120,529,13
20260801T150607,A2,v3.3-search-gps,2026-08-02T09:00,2026-08-02T20:00,1765714,https://fr.getaround.com/location-voiture/clichy/ford-puma-1765714,Ford Puma (2024),2024,Sur rendez-vous,SUV_COMPACT,SEGMENT_RULES,THERMIQUE,False,105.0,,,,Puteaux,Clichy,Puteaux|Asnières-sur-Seine,2,317,False,False,,6040,529,13
20260801T150607,A2,v3.3-search-gps,2026-08-02T09:00,2026-08-02T20:00,1749372,https://fr.getaround.com/location-voiture/bezons/dacia-spring-1749372,Dacia Spring (2025),2025,Sur rendez-vous,COMPACTE,SEGMENT_RULES,THERMIQUE,False,88.0,,5.0,6,Puteaux,Bezons,Puteaux|Asnières-sur-Seine,2,318,False,False,,5500,529,13
20260801T150607,A2,v3.3-search-gps,2026-08-02T09:00,2026-08-02T20:00,1932796,https://fr.getaround.com/location-voiture/enghien-les-bains/audi-a5-sportback-1932796,Audi A5 Sportback (2015),2015,Sur rendez-vous,BERLINE,SEGMENT_RULES,THERMIQUE,False,145.0,,5.0,1,Asnières-sur-Seine,Enghien Les Bains,Asnières-sur-Seine,1,319,False,False,,6300,955,23
20260801T150607,A2,v3.3-search-gps,2026-08-02T09:00,2026-08-02T20:00,1939019,https://fr.getaround.com/location-voiture/issy-les-moulineaux/chevrolet-aveo-1939019,Chevrolet Aveo (2012),2012,Sur rendez-vous,CITADINE,SEGMENT_RULES,THERMIQUE,False,84.0,,,,Puteaux,Issy Les Moulineaux,Puteaux,1,321,False,False,,7160,529,13
20260801T150607,A2,v3.3-search-gps,2026-08-02T09:00,2026-08-02T20:00,1929307,https://fr.getaround.com/location-voiture/pantin/volkswagen-polo-1929307,Volkswagen Polo (2012),2012,Sur rendez-vous,CITADINE,SEGMENT_RULES,THERMIQUE,False,93.0,,5.0,1,Asnières-sur-Seine,Pantin,Asnières-sur-Seine,1,321,False,False,,8640,955,23
20260801T150607,A2,v3.3-search-gps,2026-08-02T09:00,2026-08-02T20:00,1842274,https://fr.getaround.com/location-voiture/boulogne-billancourt/volkswagen-golf-1842274,Volkswagen Golf (2013),2013,Sur rendez-vous,COMPACTE,SEGMENT_RULES,THERMIQUE,False,100.0,,,,Puteaux,Boulogne Billancourt,Puteaux|Asnières-sur-Seine,2,322,False,False,,5760,529,13
20260801T150607,A2,v3.3-search-gps,2026-08-02T09:00,2026-08-02T20:00,1885026,https://fr.getaround.com/location-voiture/paris/renault-grand-scenic-1885026,Renault Grand Scenic (2019),2019,Getaround Connect,MONOSPACE,SEGMENT_RULES,THERMIQUE,False,156.0,,4.2,5,Puteaux,Paris,Puteaux|Asnières-sur-Seine,2,323,False,False,,7510,529,13
20260801T150607,A2,v3.3-search-gps,2026-08-02T09:00,2026-08-02T20:00,1524455,https://fr.getaround.com/location-voiture/villeneuve-la-garenne/skoda-kamiq-1524455,Skoda Kamiq (2024),2024,Sur rendez-vous,SUV_COMPACT,SEGMENT_RULES,THERMIQUE,False,121.0,,4.67,3,Puteaux,Villeneuve La Garenne,Puteaux|Asnières-sur-Seine,2,323,False,False,,8060,529,13
20260801T150607,A2,v3.3-search-gps,2026-08-02T09:00,2026-08-02T20:00,1199921,https://fr.getaround.com/location-voiture/argenteuil/mg-mg4-1199921,Mg MG4 (2022),2022,Sur rendez-vous,COMPACTE,SEGMENT_RULES,THERMIQUE,False,102.0,,,,Puteaux,Argenteuil,Puteaux|Asnières-sur-Seine,2,324,False,False,,6710,529,13
20260801T150607,A2,v3.3-search-gps,2026-08-02T09:00,2026-08-02T20:00,1678684,https://fr.getaround.com/location-voiture/chatou/renault-zoe-1678684,Renault ZOE (2016),2016,Sur rendez-vous,CITADINE,SEGMENT_RULES,ELECTRIQUE,False,62.0,,5.0,5,Puteaux,Chatou,Puteaux|Asnières-sur-Seine,2,326,False,False,,6400,529,13
20260801T150607,A2,v3.3-search-gps,2026-08-02T09:00,2026-08-02T20:00,1851137,https://fr.getaround.com/location-voiture/argenteuil/alfa-romeo-giulietta-1851137,Alfa-Romeo Giulietta (2013),2013,Sur rendez-vous,BERLINE,SEGMENT_RULES,THERMIQUE,False,99.0,,,,Puteaux,Argenteuil,Puteaux|Asnières-sur-Seine,2,327,False,False,,6400,529,13
20260801T150607,A2,v3.3-search-gps,2026-08-02T09:00,2026-08-02T20:00,1327281,https://fr.getaround.com/location-voiture/colombes/toyota-c-hr-1327281,Toyota C-HR (2017),2017,Sur rendez-vous,SUV_COMPACT,SEGMENT_RULES,THERMIQUE,False,115.0,,,,Puteaux,Colombes,Puteaux|Asnières-sur-Seine,2,327,False,False,,4340,529,13
20260801T150607,A2,v3.3-search-gps,2026-08-02T09:00,2026-08-02T20:00,1886523,https://fr.getaround.com/location-voiture/saint-denis/byd-tang-1886523,BYD Tang (2025),2025,Sur rendez-vous,NON_CLASSE,SEGMENT_RULES,THERMIQUE,False,330.0,,,,Asnières-sur-Seine,Saint Denis,Asnières-sur-Seine,1,328,False,False,,7360,955,23
20260801T150607,A2,v3.3-search-gps,2026-08-02T09:00,2026-08-02T20:00,1888564,https://fr.getaround.com/location-voiture/bezons/renault-scenic-1888564,Renault Scenic (2017),2017,Sur rendez-vous,MONOSPACE,SEGMENT_RULES,THERMIQUE,False,107.0,,5.0,1,Puteaux,Bezons,Puteaux|Asnières-sur-Seine,2,329,False,False,,6230,529,13
20260801T150607,A2,v3.3-search-gps,2026-08-02T09:00,2026-08-02T20:00,1586620,https://fr.getaround.com/location-voiture/paris/volkswagen-polo-1586620,Volkswagen Polo (2018),2018,Getaround Connect,CITADINE,SEGMENT_RULES,THERMIQUE,False,106.0,,4.5,24,Asnières-sur-Seine,Paris,Asnières-sur-Seine,1,330,False,False,,10480,955,23
20260801T150607,A2,v3.3-search-gps,2026-08-02T09:00,2026-08-02T20:00,1748778,https://fr.getaround.com/location-voiture/levallois-perret/kia-niro-hybride-1748778,Kia Niro Hybride (2018),2018,Sur rendez-vous,SUV_COMPACT,SEGMENT_RULES,HYBRIDE,False,103.0,,,,Puteaux,Levallois Perret,Puteaux|Asnières-sur-Seine,2,331,False,False,,2970,529,13
20260801T150607,A2,v3.3-search-gps,2026-08-02T09:00,2026-08-02T20:00,941568,https://fr.getaround.com/location-voiture/argenteuil/peugeot-208-941568,Peugeot 208 (2016),2016,Sur rendez-vous,CITADINE,SEGMENT_RULES,THERMIQUE,False,67.0,,5.0,5,Asnières-sur-Seine,Argenteuil,Asnières-sur-Seine,1,332,False,False,,5760,955,23
20260801T150607,A2,v3.3-search-gps,2026-08-02T09:00,2026-08-02T20:00,1246170,https://fr.getaround.com/location-voiture/boulogne-billancourt/ford-c-max-1246170,Ford C-Max (2011),2011,Sur rendez-vous,MONOSPACE,SEGMENT_RULES,THERMIQUE,False,78.0,,5.0,1,Puteaux,Boulogne Billancourt,Puteaux|Asnières-sur-Seine,2,333,False,False,,6290,529,13
20260801T150607,A2,v3.3-search-gps,2026-08-02T09:00,2026-08-02T20:00,1940728,https://fr.getaround.com/location-voiture/paris/audi-q4-sportback-35-e-tron-1940728,Audi Q4 Sportback 35 e-tron (2022),2022,Sur rendez-vous,SUV_FAMILIAL,SEGMENT_RULES,THERMIQUE,False,211.0,,,,Puteaux,Paris,Puteaux|Asnières-sur-Seine,2,335,False,False,,4430,529,13
20260801T150607,A2,v3.3-search-gps,2026-08-02T09:00,2026-08-02T20:00,1324910,https://fr.getaround.com/location-voiture/colombes/tesla-model-3-1324910,Tesla Model 3 (2023),2023,Sur rendez-vous,BERLINE,SEGMENT_RULES,ELECTRIQUE,False,140.0,,5.0,3,Puteaux,Colombes,Puteaux|Asnières-sur-Seine,2,336,False,False,,4600,529,13
20260801T150607,A2,v3.3-search-gps,2026-08-02T09:00,2026-08-02T20:00,1670801,https://fr.getaround.com/location-voiture/paris/peugeot-208-1670801,Peugeot 208 (2025),2025,Getaround Connect,CITADINE,SEGMENT_RULES,THERMIQUE,False,121.0,,4.17,18,Asnières-sur-Seine,Paris,Asnières-sur-Seine,1,337,False,False,,10440,955,23
20260801T150607,A2,v3.3-search-gps,2026-08-02T09:00,2026-08-02T20:00,1882814,https://fr.getaround.com/location-voiture/sartrouville/citroen-c3-1882814,Citroen C3 (2015),2015,Sur rendez-vous,CITADINE,SEGMENT_RULES,THERMIQUE,False,88.0,,,,Puteaux,Sartrouville,Puteaux|Asnières-sur-Seine,2,338,False,False,,7990,529,13
20260801T150607,A2,v3.3-search-gps,2026-08-02T09:00,2026-08-02T20:00,1289524,https://fr.getaround.com/location-voiture/asnieres-sur-seine/ds-3-1289524,DS 3 (2018),2018,Sur rendez-vous,CITADINE,SEGMENT_RULES,THERMIQUE,False,123.0,,,,Puteaux,Asnieres Sur Seine,Puteaux|Asnières-sur-Seine,2,338,False,False,,6080,529,13
20260801T150607,A2,v3.3-search-gps,2026-08-02T09:00,2026-08-02T20:00,1828643,https://fr.getaround.com/location-voiture/paris/smart-fortwo-cabriolet-1828643,Smart Fortwo Cabriolet (2012),2012,Sur rendez-vous,CABRIOLET,SEGMENT_RULES,THERMIQUE,False,109.0,,,,Puteaux,Paris,Puteaux|Asnières-sur-Seine,2,340,False,False,,3620,529,13
20260801T150607,A2,v3.3-search-gps,2026-08-02T09:00,2026-08-02T20:00,1502587,https://fr.getaround.com/location-voiture/clichy/mini-cooper-r56-1502587,Mini Cooper R56 (2012),2012,Sur rendez-vous,CITADINE,SEGMENT_RULES,THERMIQUE,False,112.0,,5.0,1,Puteaux,Clichy,Puteaux|Asnières-sur-Seine,2,341,False,False,,5390,529,13
20260801T150607,A2,v3.3-search-gps,2026-08-02T09:00,2026-08-02T20:00,1935040,https://fr.getaround.com/location-voiture/sartrouville/fiat-panda-1935040,Fiat Panda (2014),2014,Sur rendez-vous,MICRO_CITADINE,SEGMENT_RULES,THERMIQUE,False,83.0,,,,Puteaux,Sartrouville,Puteaux|Asnières-sur-Seine,2,342,False,False,,7560,529,13
20260801T150607,A2,v3.3-search-gps,2026-08-02T09:00,2026-08-02T20:00,1913858,https://fr.getaround.com/location-voiture/paris/renault-clio-1913858,Renault Clio (2020),2020,Getaround Connect,CITADINE,SEGMENT_RULES,THERMIQUE,False,101.0,,4.0,1,Asnières-sur-Seine,Paris,Asnières-sur-Seine,1,342,False,False,,9580,955,23
20260801T150607,A2,v3.3-search-gps,2026-08-02T09:00,2026-08-02T20:00,1338569,https://fr.getaround.com/location-voiture/sartrouville/citroen-c4-1338569,Citroen C4 (2012),2012,Sur rendez-vous,COMPACTE,SEGMENT_RULES,THERMIQUE,False,99.0,,5.0,3,Puteaux,Sartrouville,Puteaux|Asnières-sur-Seine,2,343,False,False,,8380,529,13
20260801T150607,A2,v3.3-search-gps,2026-08-02T09:00,2026-08-02T20:00,1705445,https://fr.getaround.com/location-voiture/sartrouville/peugeot-208-1705445,Peugeot 208 (2015),2015,Sur rendez-vous,CITADINE,SEGMENT_RULES,THERMIQUE,False,76.0,,5.0,4,Puteaux,Sartrouville,Puteaux|Asnières-sur-Seine,2,345,False,False,,8390,529,13
20260801T150607,A2,v3.3-search-gps,2026-08-02T09:00,2026-08-02T20:00,1276489,https://fr.getaround.com/location-voiture/levallois-perret/mini-countryman-1276489,Mini Countryman (2010),2010,Sur rendez-vous,SUV_FAMILIAL,SEGMENT_RULES,THERMIQUE,False,95.0,,,,Puteaux,Levallois Perret,Puteaux|Asnières-sur-Seine,2,347,False,False,,3920,529,13
20260801T150607,A2,v3.3-search-gps,2026-08-02T09:00,2026-08-02T20:00,1512841,https://fr.getaround.com/location-voiture/paris/ford-c-max-1512841,Ford C-Max (2014),2014,Sur rendez-vous,MONOSPACE,SEGMENT_RULES,THERMIQUE,False,96.0,,5.0,5,Puteaux,Paris,Puteaux|Asnières-sur-Seine,2,348,False,False,,6250,529,13
20260801T150607,A2,v3.3-search-gps,2026-08-02T09:00,2026-08-02T20:00,1906993,https://fr.getaround.com/location-voiture/villeneuve-la-garenne/ford-mondeo-hybride-1906993,Ford Mondeo Hybride (2018),2018,Sur rendez-vous,BERLINE,SEGMENT_RULES,HYBRIDE,False,120.0,,,,Puteaux,Villeneuve La Garenne,Puteaux|Asnières-sur-Seine,2,348,False,False,,9130,529,13
20260801T150607,A2,v3.3-search-gps,2026-08-02T09:00,2026-08-02T20:00,1386524,https://fr.getaround.com/location-voiture/boulogne-billancourt/cupra-formentor-1386524,Cupra Formentor (2023),2023,Sur rendez-vous,SUV_COMPACT,SEGMENT_RULES,THERMIQUE,False,154.0,,,,Puteaux,Boulogne Billancourt,Puteaux|Asnières-sur-Seine,2,349,False,False,,6100,529,13
20260801T150607,A2,v3.3-search-gps,2026-08-02T09:00,2026-08-02T20:00,1586588,https://fr.getaround.com/location-voiture/boulogne-billancourt/peugeot-308-1586588,Peugeot 308 (2022),2022,Sur rendez-vous,COMPACTE,SEGMENT_RULES,THERMIQUE,False,106.0,,,,Puteaux,Boulogne Billancourt,Puteaux|Asnières-sur-Seine,2,350,False,False,,5680,529,13
20260801T150607,A2,v3.3-search-gps,2026-08-02T09:00,2026-08-02T20:00,1226250,https://fr.getaround.com/location-voiture/saint-denis/peugeot-2008-1226250,Peugeot 2008 (2019),2019,Sur rendez-vous,SUV_COMPACT,SEGMENT_RULES,THERMIQUE,False,104.0,,5.0,12,Asnières-sur-Seine,Saint Denis,Asnières-sur-Seine,1,350,False,False,,5420,955,23
20260801T150607,A2,v3.3-search-gps,2026-08-02T09:00,2026-08-02T20:00,1731967,https://fr.getaround.com/location-voiture/houilles/bmw-ix1-1731967,BMW iX1 (2021),2021,Sur rendez-vous,SUV_FAMILIAL,SEGMENT_RULES,THERMIQUE,False,177.0,,,,Puteaux,Houilles,Puteaux|Asnières-sur-Seine,2,351,False,False,,6240,529,13
20260801T150607,A2,v3.3-search-gps,2026-08-02T09:00,2026-08-02T20:00,1644598,https://fr.getaround.com/location-voiture/argenteuil/audi-a1-sportback-1644598,Audi A1 Sportback (2024),2024,Sur rendez-vous,CITADINE,SEGMENT_RULES,THERMIQUE,False,123.0,,,,Puteaux,Argenteuil,Puteaux|Asnières-sur-Seine,2,353,False,False,,7040,529,13
20260801T150607,A2,v3.3-search-gps,2026-08-02T09:00,2026-08-02T20:00,1533284,https://fr.getaround.com/location-voiture/chatou/renault-clio-1533284,Renault Clio (2021),2021,Sur rendez-vous,CITADINE,SEGMENT_RULES,THERMIQUE,False,97.0,,,,Puteaux,Chatou,Puteaux|Asnières-sur-Seine,2,354,False,False,,5700,529,13
20260801T150607,A2,v3.3-search-gps,2026-08-02T09:00,2026-08-02T20:00,1545674,https://fr.getaround.com/location-voiture/paris/land-rover-range-rover-evoque-1545674,Land-Rover Range Rover Evoque (2013),2013,Sur rendez-vous,SUV_FAMILIAL,SEGMENT_RULES,THERMIQUE,False,174.0,,,,Puteaux,Paris,Puteaux|Asnières-sur-Seine,2,356,False,False,,6570,529,13
20260801T150607,A2,v3.3-search-gps,2026-08-02T09:00,2026-08-02T20:00,1530499,https://fr.getaround.com/location-voiture/nanterre/renault-clio-1530499,Renault Clio (2020),2020,Sur rendez-vous,CITADINE,SEGMENT_RULES,THERMIQUE,False,98.0,,,,Puteaux,Nanterre,Puteaux|Asnières-sur-Seine,2,361,False,False,,3160,529,13
20260801T150607,A2,v3.3-search-gps,2026-08-02T09:00,2026-08-02T20:00,1904984,https://fr.getaround.com/location-voiture/eaubonne/peugeot-2008-1904984,Peugeot 2008 (2017),2017,Sur rendez-vous,SUV_COMPACT,SEGMENT_RULES,THERMIQUE,False,107.0,,5.0,1,Asnières-sur-Seine,Eaubonne,Asnières-sur-Seine,1,361,False,False,,8220,955,23
20260801T150607,A2,v3.3-search-gps,2026-08-02T09:00,2026-08-02T20:00,1234614,https://fr.getaround.com/location-voiture/argenteuil/renault-clio-1234614,Renault Clio (2017),2017,Sur rendez-vous,CITADINE,SEGMENT_RULES,THERMIQUE,False,73.0,,5.0,1,Puteaux,Argenteuil,Puteaux|Asnières-sur-Seine,2,362,False,False,,6630,529,13
20260801T150607,A2,v3.3-search-gps,2026-08-02T09:00,2026-08-02T20:00,1730373,https://fr.getaround.com/location-voiture/argenteuil/renault-megane-1730373,Renault Mégane (2012),2012,Sur rendez-vous,COMPACTE,SEGMENT_RULES,THERMIQUE,False,93.0,,5.0,1,Puteaux,Argenteuil,Puteaux|Asnières-sur-Seine,2,367,False,False,,5550,529,13
20260801T150607,A2,v3.3-search-gps,2026-08-02T09:00,2026-08-02T20:00,1548134,https://fr.getaround.com/location-voiture/asnieres-sur-seine/audi-q5-premium-1548134,Audi Q5 Premium (2018),2018,Sur rendez-vous,SUV_FAMILIAL,SEGMENT_RULES,THERMIQUE,False,167.0,,,,Puteaux,Asnieres Sur Seine,Puteaux|Asnières-sur-Seine,2,367,False,False,,3970,529,13
20260801T150607,A2,v3.3-search-gps,2026-08-02T09:00,2026-08-02T20:00,1748735,https://fr.getaround.com/location-voiture/rueil-malmaison/renault-captur-1748735,Renault Captur (2014),2014,Sur rendez-vous,SUV_COMPACT,SEGMENT_RULES,THERMIQUE,False,96.0,,,,Puteaux,Rueil Malmaison,Puteaux|Asnières-sur-Seine,2,370,False,False,,4050,529,13
20260801T150607,A2,v3.3-search-gps,2026-08-02T09:00,2026-08-02T20:00,1455849,https://fr.getaround.com/location-voiture/chatou/peugeot-208-1455849,Peugeot 208 (2021),2021,Sur rendez-vous,CITADINE,SEGMENT_RULES,THERMIQUE,False,96.0,,,,Puteaux,Chatou,Puteaux|Asnières-sur-Seine,2,371,False,False,,6410,529,13
20260801T150607,A2,v3.3-search-gps,2026-08-02T09:00,2026-08-02T20:00,1517364,https://fr.getaround.com/location-voiture/boulogne-billancourt/toyota-c-hr-1517364,Toyota C-HR (2019),2019,Sur rendez-vous,SUV_COMPACT,SEGMENT_RULES,THERMIQUE,False,125.0,,,,Puteaux,Boulogne Billancourt,Puteaux|Asnières-sur-Seine,2,372,False,False,,5990,529,13
20260801T150607,A2,v3.3-search-gps,2026-08-02T09:00,2026-08-02T20:00,1668556,https://fr.getaround.com/location-voiture/paris/citroen-c1-ii-1668556,Citroen C1 II (2018),2018,Sur rendez-vous,MICRO_CITADINE,SEGMENT_RULES,THERMIQUE,False,83.0,,,,Puteaux,Paris,Puteaux|Asnières-sur-Seine,2,373,False,False,,6420,529,13
20260801T150607,A2,v3.3-search-gps,2026-08-02T09:00,2026-08-02T20:00,1693831,https://fr.getaround.com/location-voiture/franconville/peugeot-207-1693831,Peugeot 207 (2012),2012,Sur rendez-vous,COMPACTE,SEGMENT_RULES,THERMIQUE,False,89.0,,5.0,22,Asnières-sur-Seine,Franconville,Asnières-sur-Seine,1,373,False,False,,9430,955,23
20260801T150607,A2,v3.3-search-gps,2026-08-02T09:00,2026-08-02T20:00,1686368,https://fr.getaround.com/location-voiture/drancy/dacia-spring-1686368,Dacia Spring (2021),2021,Getaround Connect,COMPACTE,SEGMENT_RULES,THERMIQUE,False,94.0,,4.77,31,Asnières-sur-Seine,Drancy,Asnières-sur-Seine,1,374,False,False,,9760,955,23
20260801T150607,A2,v3.3-search-gps,2026-08-02T09:00,2026-08-02T20:00,1775217,https://fr.getaround.com/location-voiture/paris/peugeot-3008-1775217,Peugeot 3008 (2015),2015,Sur rendez-vous,SUV_FAMILIAL,SEGMENT_RULES,THERMIQUE,False,129.0,,,,Puteaux,Paris,Puteaux|Asnières-sur-Seine,2,375,False,False,,6180,529,13
20260801T150607,A2,v3.3-search-gps,2026-08-02T09:00,2026-08-02T20:00,1139897,https://fr.getaround.com/location-voiture/paris/renault-scenic-1139897,Renault Scenic (2016),2016,Getaround Connect,MONOSPACE,SEGMENT_RULES,THERMIQUE,False,117.0,,4.54,34,Asnières-sur-Seine,Paris,Asnières-sur-Seine,1,375,False,False,,7450,955,23
20260801T150607,A2,v3.3-search-gps,2026-08-02T09:00,2026-08-02T20:00,1531978,https://fr.getaround.com/location-voiture/boulogne-billancourt/jeep-renegade-limited-1531978,Jeep Renegade Limited (2019),2019,Sur rendez-vous,SUV_FAMILIAL,SEGMENT_RULES,THERMIQUE,False,326.0,,5.0,5,Puteaux,Boulogne Billancourt,Puteaux|Asnières-sur-Seine,2,376,False,False,,6090,529,13
20260801T150607,A2,v3.3-search-gps,2026-08-02T09:00,2026-08-02T20:00,1301867,https://fr.getaround.com/location-voiture/levallois-perret/tesla-model-3-1301867,Tesla Model 3 (2023),2023,Sur rendez-vous,BERLINE,SEGMENT_RULES,ELECTRIQUE,False,184.0,,5.0,1,Puteaux,Levallois Perret,Puteaux|Asnières-sur-Seine,2,378,False,False,,4340,529,13
20260801T150607,A2,v3.3-search-gps,2026-08-02T09:00,2026-08-02T20:00,612510,https://fr.getaround.com/location-voiture/neuilly-sur-seine/bmw-serie-1-612510,BMW Série 1 (2018),2018,Sur rendez-vous,COMPACTE,SEGMENT_RULES,THERMIQUE,False,150.0,,5.0,1,Puteaux,Neuilly Sur Seine,Puteaux|Asnières-sur-Seine,2,380,False,False,,2640,529,13
20260801T150607,A2,v3.3-search-gps,2026-08-02T09:00,2026-08-02T20:00,1630798,https://fr.getaround.com/location-voiture/houilles/renault-zoe-1630798,Renault ZOE (2015),2015,Sur rendez-vous,CITADINE,SEGMENT_RULES,ELECTRIQUE,False,65.0,,,,Puteaux,Houilles,Puteaux|Asnières-sur-Seine,2,381,False,False,,5480,529,13
20260801T150607,A2,v3.3-search-gps,2026-08-02T09:00,2026-08-02T20:00,1916635,https://fr.getaround.com/location-voiture/paris/tesla-model-y-1916635,Tesla Model Y (2022),2022,Sur rendez-vous,SUV_FAMILIAL,SEGMENT_RULES,ELECTRIQUE,False,167.0,,,,Puteaux,Paris,Puteaux|Asnières-sur-Seine,2,382,False,False,,6390,529,13
20260801T150607,A2,v3.3-search-gps,2026-08-02T09:00,2026-08-02T20:00,1711475,https://fr.getaround.com/location-voiture/ermont/volkswagen-golf-1711475,Volkswagen Golf (2013),2013,Sur rendez-vous,COMPACTE,SEGMENT_RULES,THERMIQUE,False,77.0,,5.0,5,Asnières-sur-Seine,Ermont,Asnières-sur-Seine,1,382,False,False,,9040,955,23
20260801T150607,A2,v3.3-search-gps,2026-08-02T09:00,2026-08-02T20:00,1098377,https://fr.getaround.com/location-voiture/paris/mercedes-classe-a-1098377,Mercedes Classe A (2016),2016,Sur rendez-vous,COMPACTE,SEGMENT_RULES,THERMIQUE,False,160.0,,5.0,1,Puteaux,Paris,Puteaux|Asnières-sur-Seine,2,383,False,False,,4030,529,13
20260801T150607,A2,v3.3-search-gps,2026-08-02T09:00,2026-08-02T20:00,1756633,https://fr.getaround.com/location-voiture/saint-denis/toyota-auris-touring-sports-1756633,Toyota Auris Touring Sports (2018),2018,Sur rendez-vous,BREAK,SEGMENT_RULES,THERMIQUE,False,106.0,,5.0,1,Asnières-sur-Seine,Saint Denis,Asnières-sur-Seine,1,383,False,False,,4080,955,23
20260801T150607,A2,v3.3-search-gps,2026-08-02T09:00,2026-08-02T20:00,1846930,https://fr.getaround.com/location-voiture/colombes/mercedes-benz-cla-180-1846930,Mercedes-Benz CLA 180 (2020),2020,Sur rendez-vous,BERLINE,SEGMENT_RULES,THERMIQUE,False,174.0,,,,Puteaux,Colombes,Puteaux|Asnières-sur-Seine,2,387,False,False,,3890,529,13
20260801T150607,A2,v3.3-search-gps,2026-08-02T09:00,2026-08-02T20:00,1780188,https://fr.getaround.com/location-voiture/paris/citroen-c3-1780188,Citroen C3 (2020),2020,Getaround Connect,CITADINE,SEGMENT_RULES,THERMIQUE,False,70.0,,3.93,14,Asnières-sur-Seine,Paris,Asnières-sur-Seine,1,387,False,False,,12430,955,23
20260801T150607,A2,v3.3-search-gps,2026-08-02T09:00,2026-08-02T20:00,1807411,https://fr.getaround.com/location-voiture/suresnes/renault-clio-1807411,Renault Clio (2025),2025,Sur rendez-vous,CITADINE,SEGMENT_RULES,THERMIQUE,False,115.0,,1.0,1,Puteaux,Suresnes,Puteaux|Asnières-sur-Seine,2,388,False,False,,1440,529,13
20260801T150607,A2,v3.3-search-gps,2026-08-02T09:00,2026-08-02T20:00,1200511,https://fr.getaround.com/location-voiture/soisy-sous-montmorency/hyundai-i10-1200511,Hyundai i10 (2014),2014,Sur rendez-vous,CITADINE,SEGMENT_RULES,THERMIQUE,False,77.0,,4.47,17,Asnières-sur-Seine,Soisy Sous Montmorency,Asnières-sur-Seine,1,388,False,False,,6930,955,23
20260801T150607,A2,v3.3-search-gps,2026-08-02T09:00,2026-08-02T20:00,1407174,https://fr.getaround.com/location-voiture/boulogne-billancourt/mercedes-benz-classe-b-1407174,Mercedes-Benz Classe B (2018),2018,Sur rendez-vous,MONOSPACE,SEGMENT_RULES,THERMIQUE,False,124.0,,,,Puteaux,Boulogne Billancourt,Puteaux|Asnières-sur-Seine,2,389,False,False,,5120,529,13
20260801T150607,A2,v3.3-search-gps,2026-08-02T09:00,2026-08-02T20:00,1705057,https://fr.getaround.com/location-voiture/carrieres-sur-seine/renault-megane-1705057,Renault Mégane (2018),2018,Sur rendez-vous,COMPACTE,SEGMENT_RULES,THERMIQUE,False,95.0,,,,Puteaux,Carrieres Sur Seine,Puteaux|Asnières-sur-Seine,2,390,False,False,,5850,529,13
20260801T150607,A2,v3.3-search-gps,2026-08-02T09:00,2026-08-02T20:00,1441601,https://fr.getaround.com/location-voiture/epinay-sur-seine/toyota-yaris-1441601,Toyota Yaris (2018),2018,Sur rendez-vous,CITADINE,SEGMENT_RULES,THERMIQUE,False,101.0,,4.93,7,Asnières-sur-Seine,Epinay Sur Seine,Asnières-sur-Seine,1,391,False,False,,5470,955,23
20260801T150607,A2,v3.3-search-gps,2026-08-02T09:00,2026-08-02T20:00,552262,https://fr.getaround.com/location-voiture/la-celle-saint-cloud/fiat-500-552262,Fiat 500 (2018),2018,Sur rendez-vous,CITADINE,SEGMENT_RULES,THERMIQUE,False,103.0,,4.67,20,Puteaux,La Celle Saint Cloud,Puteaux|Asnières-sur-Seine,2,393,False,False,,7090,529,13
20260801T150607,A2,v3.3-search-gps,2026-08-02T09:00,2026-08-02T20:00,1203230,https://fr.getaround.com/location-voiture/boulogne-billancourt/mini-one-5-portes-1203230,Mini One 5 Portes (2021),2021,Sur rendez-vous,CITADINE,SEGMENT_RULES,THERMIQUE,False,140.0,,,,Puteaux,Boulogne Billancourt,Puteaux|Asnières-sur-Seine,2,394,False,False,,5050,529,13
20260801T150607,A2,v3.3-search-gps,2026-08-02T09:00,2026-08-02T20:00,1570773,https://fr.getaround.com/location-voiture/bezons/audi-q3-1570773,Audi Q3 (2015),2015,Sur rendez-vous,SUV_COMPACT,SEGMENT_RULES,THERMIQUE,False,134.0,,5.0,3,Puteaux,Bezons,Puteaux|Asnières-sur-Seine,2,395,False,False,,5070,529,13
20260801T150607,A2,v3.3-search-gps,2026-08-02T09:00,2026-08-02T20:00,1531702,https://fr.getaround.com/location-voiture/argenteuil/seat-ibiza-1531702,Seat Ibiza (2017),2017,Sur rendez-vous,CITADINE,SEGMENT_RULES,THERMIQUE,False,88.0,,5.0,3,Asnières-sur-Seine,Argenteuil,Asnières-sur-Seine,1,395,False,False,,4600,955,23
20260801T150607,A2,v3.3-search-gps,2026-08-02T09:00,2026-08-02T20:00,767156,https://fr.getaround.com/location-voiture/maisons-laffitte/renault-clio-767156,Renault Clio (2019),2019,Sur rendez-vous,CITADINE,SEGMENT_RULES,THERMIQUE,False,89.0,,4.44,106,Puteaux,Maisons Laffitte,Puteaux,1,396,False,False,,9450,529,13
20260801T150607,A2,v3.3-search-gps,2026-08-02T09:00,2026-08-02T20:00,828546,https://fr.getaround.com/location-voiture/paris/renault-grand-scenic-828546,Renault Grand Scenic (2016),2016,Getaround Connect,MONOSPACE,SEGMENT_RULES,THERMIQUE,False,174.0,,4.7,77,Asnières-sur-Seine,Paris,Asnières-sur-Seine,1,396,False,False,,9630,955,23
20260801T150607,A2,v3.3-search-gps,2026-08-02T09:00,2026-08-02T20:00,1336350,https://fr.getaround.com/location-voiture/paris/tesla-model-3-1336350,Tesla Model 3 (2023),2023,Sur rendez-vous,BERLINE,SEGMENT_RULES,ELECTRIQUE,False,221.0,,5.0,6,Puteaux,Paris,Puteaux|Asnières-sur-Seine,2,397,False,False,,6120,529,13
20260801T150607,A2,v3.3-search-gps,2026-08-02T09:00,2026-08-02T20:00,736745,https://fr.getaround.com/location-voiture/paris/mini-paceman-736745,Mini Paceman (2015),2015,Sur rendez-vous,NON_CLASSE,SEGMENT_RULES,THERMIQUE,False,119.0,,,,Puteaux,Paris,Puteaux|Asnières-sur-Seine,2,399,False,False,,6980,529,13
20260801T150607,A2,v3.3-search-gps,2026-08-02T09:00,2026-08-02T20:00,1525816,https://fr.getaround.com/location-voiture/paris/mini-countryman-1525816,Mini Countryman (2014),2014,Sur rendez-vous,SUV_FAMILIAL,SEGMENT_RULES,THERMIQUE,False,100.0,,,,Puteaux,Paris,Puteaux|Asnières-sur-Seine,2,400,False,False,,5550,529,13
20260801T150607,A2,v3.3-search-gps,2026-08-02T09:00,2026-08-02T20:00,1780662,https://fr.getaround.com/location-voiture/bezons/peugeot-2008-1780662,Peugeot 2008 (2017),2017,Sur rendez-vous,SUV_COMPACT,SEGMENT_RULES,THERMIQUE,False,105.0,,,,Puteaux,Bezons,Puteaux|Asnières-sur-Seine,2,401,False,False,,5300,529,13
20260801T150607,A2,v3.3-search-gps,2026-08-02T09:00,2026-08-02T20:00,1800667,https://fr.getaround.com/location-voiture/colombes/kia-niro-hybride-1800667,Kia Niro Hybride (2017),2017,Sur rendez-vous,SUV_COMPACT,SEGMENT_RULES,HYBRIDE,False,117.0,,,,Puteaux,Colombes,Puteaux|Asnières-sur-Seine,2,402,False,False,,5530,529,13
20260801T150607,A2,v3.3-search-gps,2026-08-02T09:00,2026-08-02T20:00,1891478,https://fr.getaround.com/location-voiture/paris/toyota-corolla-break-hybride-1891478,Toyota Corolla Break Hybride (2020),2020,Sur rendez-vous,BREAK,SEGMENT_RULES,HYBRIDE,False,125.0,,,,Puteaux,Paris,Puteaux|Asnières-sur-Seine,2,403,False,False,,7060,529,13
20260801T150607,A2,v3.3-search-gps,2026-08-02T09:00,2026-08-02T20:00,1616323,https://fr.getaround.com/location-voiture/paris/tesla-model-3-long-range-1616323,Tesla Model 3 Long Range (2019),2019,Sur rendez-vous,BERLINE,SEGMENT_RULES,ELECTRIQUE,False,196.0,,5.0,2,Puteaux,Paris,Puteaux|Asnières-sur-Seine,2,404,False,False,,6980,529,13
20260801T150607,A2,v3.3-search-gps,2026-08-02T09:00,2026-08-02T20:00,1261374,https://fr.getaround.com/location-voiture/bezons/renault-zoe-1261374,Renault ZOE (2017),2017,Sur rendez-vous,CITADINE,SEGMENT_RULES,ELECTRIQUE,False,95.0,,,,Puteaux,Bezons,Puteaux|Asnières-sur-Seine,2,405,False,False,,5300,529,13
20260801T150607,A2,v3.3-search-gps,2026-08-02T09:00,2026-08-02T20:00,1153936,https://fr.getaround.com/location-voiture/paris/smart-fortwo-coupe-1153936,Smart Fortwo Coupé (2017),2017,Getaround Connect,MICRO_CITADINE,SEGMENT_RULES,THERMIQUE,False,90.0,,4.49,37,Asnières-sur-Seine,Paris,Asnières-sur-Seine,1,405,False,False,,7590,955,23
20260801T150607,A2,v3.3-search-gps,2026-08-02T09:00,2026-08-02T20:00,1443732,https://fr.getaround.com/location-voiture/rueil-malmaison/renault-megane-1443732,Renault Mégane (2011),2011,Sur rendez-vous,COMPACTE,SEGMENT_RULES,THERMIQUE,False,72.0,,,,Puteaux,Rueil Malmaison,Puteaux|Asnières-sur-Seine,2,406,False,False,,5010,529,13
20260801T150607,A2,v3.3-search-gps,2026-08-02T09:00,2026-08-02T20:00,1266687,https://fr.getaround.com/location-voiture/asnieres-sur-seine/mercedes-benz-classe-b-1266687,Mercedes-Benz Classe B (2012),2012,Sur rendez-vous,MONOSPACE,SEGMENT_RULES,THERMIQUE,False,141.0,,,,Puteaux,Asnieres Sur Seine,Puteaux|Asnières-sur-Seine,2,406,False,False,,4059,529,13
20260801T150607,A2,v3.3-search-gps,2026-08-02T09:00,2026-08-02T20:00,1463106,https://fr.getaround.com/location-voiture/clichy/bmw-x2-1463106,BMW X2 (2018),2018,Sur rendez-vous,SUV_FAMILIAL,SEGMENT_RULES,THERMIQUE,False,202.0,,,,Puteaux,Clichy,Puteaux|Asnières-sur-Seine,2,407,False,False,,6090,529,13
20260801T150607,A2,v3.3-search-gps,2026-08-02T09:00,2026-08-02T20:00,1461054,https://fr.getaround.com/location-voiture/boulogne-billancourt/toyota-aygo-1461054,Toyota Aygo (2011),2011,Sur rendez-vous,MICRO_CITADINE,SEGMENT_RULES,THERMIQUE,False,115.0,,4.93,14,Puteaux,Boulogne Billancourt,Puteaux|Asnières-sur-Seine,2,408,False,False,,6000,529,13
20260801T150607,A2,v3.3-search-gps,2026-08-02T09:00,2026-08-02T20:00,1625333,https://fr.getaround.com/location-voiture/houilles/peugeot-508-1625333,Peugeot 508 (2014),2014,Sur rendez-vous,BERLINE,SEGMENT_RULES,THERMIQUE,False,124.0,,,,Puteaux,Houilles,Puteaux|Asnières-sur-Seine,2,409,False,False,,5570,529,13
20260801T150607,A2,v3.3-search-gps,2026-08-02T09:00,2026-08-02T20:00,1649081,https://fr.getaround.com/location-voiture/paris/hyundai-i20-1649081,Hyundai i20 (2023),2023,Sur rendez-vous,CITADINE,SEGMENT_RULES,THERMIQUE,False,139.0,,,,Puteaux,Paris,Puteaux|Asnières-sur-Seine,2,410,False,False,,3330,529,13
20260801T150607,A2,v3.3-search-gps,2026-08-02T09:00,2026-08-02T20:00,1597078,https://fr.getaround.com/location-voiture/houilles/toyota-yaris-1597078,Toyota Yaris (2013),2013,Sur rendez-vous,CITADINE,SEGMENT_RULES,THERMIQUE,False,91.0,,,,Puteaux,Houilles,Puteaux|Asnières-sur-Seine,2,411,False,False,,5520,529,13
20260801T150607,A2,v3.3-search-gps,2026-08-02T09:00,2026-08-02T20:00,559425,https://fr.getaround.com/location-voiture/la-celle-saint-cloud/fiat-500-559425,Fiat 500 (2018),2018,Sur rendez-vous,CITADINE,SEGMENT_RULES,THERMIQUE,False,105.0,,4.94,18,Puteaux,La Celle Saint Cloud,Puteaux|Asnières-sur-Seine,2,412,False,False,,7090,529,13
20260801T150607,A2,v3.3-search-gps,2026-08-02T09:00,2026-08-02T20:00,1156569,https://fr.getaround.com/location-voiture/colombes/mercedes-classe-a-1156569,Mercedes Classe A (2013),2013,Sur rendez-vous,COMPACTE,SEGMENT_RULES,THERMIQUE,False,172.0,,,,Puteaux,Colombes,Puteaux|Asnières-sur-Seine,2,413,False,False,,2960,529,13
20260801T150607,A2,v3.3-search-gps,2026-08-02T09:00,2026-08-02T20:00,1916164,https://fr.getaround.com/location-voiture/bagnolet/citroen-c4-cactus-1916164,Citroen C4 Cactus (2019),2019,Sur rendez-vous,COMPACTE,SEGMENT_RULES,THERMIQUE,False,86.0,,5.0,3,Asnières-sur-Seine,Bagnolet,Asnières-sur-Seine,1,416,False,False,,11270,955,23
20260801T150607,A2,v3.3-search-gps,2026-08-02T09:00,2026-08-02T20:00,1771464,https://fr.getaround.com/location-voiture/la-celle-saint-cloud/mercedes-benz-classe-c-1771464,Mercedes-Benz Classe C (2019),2019,Sur rendez-vous,BERLINE,SEGMENT_RULES,THERMIQUE,False,176.0,,,,Puteaux,La Celle Saint Cloud,Puteaux|Asnières-sur-Seine,2,417,False,False,,7570,529,13
20260801T150607,A2,v3.3-search-gps,2026-08-02T09:00,2026-08-02T20:00,1151076,https://fr.getaround.com/location-voiture/maisons-laffitte/skoda-kamiq-1151076,Skoda Kamiq (2023),2023,Sur rendez-vous,SUV_COMPACT,SEGMENT_RULES,THERMIQUE,False,90.0,,5.0,1,Puteaux,Maisons Laffitte,Puteaux,1,418,False,False,,9580,529,13
20260801T150607,A2,v3.3-search-gps,2026-08-02T09:00,2026-08-02T20:00,1497502,https://fr.getaround.com/location-voiture/paris/audi-a4-avant-1497502,Audi A4 Avant (2013),2013,Sur rendez-vous,BREAK,SEGMENT_RULES,THERMIQUE,False,136.0,,4.5,2,Puteaux,Paris,Puteaux|Asnières-sur-Seine,2,419,False,False,,5250,529,13
20260801T150607,A2,v3.3-search-gps,2026-08-02T09:00,2026-08-02T20:00,1848146,https://fr.getaround.com/location-voiture/rueil-malmaison/mercedes-benz-gla-250-4matic-1848146,Mercedes-Benz GLA 250 4MATIC (2021),2021,Sur rendez-vous,SUV_COMPACT,SEGMENT_RULES,THERMIQUE,False,183.0,,,,Puteaux,Rueil Malmaison,Puteaux|Asnières-sur-Seine,2,421,False,False,,5040,529,13
20260801T150607,A2,v3.3-search-gps,2026-08-02T09:00,2026-08-02T20:00,1917449,https://fr.getaround.com/location-voiture/paris/toyota-c-hr-hybrid-1917449,Toyota C-HR Hybrid (2026),2026,Sur rendez-vous,SUV_COMPACT,SEGMENT_RULES,HYBRIDE,False,154.0,,,,Puteaux,Paris,Puteaux|Asnières-sur-Seine,2,422,False,False,,7900,529,13
20260801T150607,A2,v3.3-search-gps,2026-08-02T09:00,2026-08-02T20:00,1291666,https://fr.getaround.com/location-voiture/paris/toyota-yaris-hybride-1291666,Toyota Yaris Hybride (2022),2022,Getaround Connect,CITADINE,SEGMENT_RULES,HYBRIDE,False,116.0,,4.6,52,Asnières-sur-Seine,Paris,Asnières-sur-Seine,1,422,False,False,,12070,955,23
20260801T150607,A2,v3.3-search-gps,2026-08-02T09:00,2026-08-02T20:00,1353951,https://fr.getaround.com/location-voiture/paris/toyota-corolla-hybride-1353951,Toyota Corolla Hybride (2021),2021,Sur rendez-vous,COMPACTE,SEGMENT_RULES,HYBRIDE,False,136.0,,,,Puteaux,Paris,Puteaux,1,423,False,False,,9290,529,13
20260801T150607,A2,v3.3-search-gps,2026-08-02T09:00,2026-08-02T20:00,848890,https://fr.getaround.com/location-voiture/argenteuil/volkswagen-polo-848890,Volkswagen Polo (2018),2018,Sur rendez-vous,CITADINE,SEGMENT_RULES,THERMIQUE,False,92.0,,5.0,2,Puteaux,Argenteuil,Puteaux|Asnières-sur-Seine,2,424,False,False,,7030,529,13
20260801T150607,A2,v3.3-search-gps,2026-08-02T09:00,2026-08-02T20:00,1306893,https://fr.getaround.com/location-voiture/paris/peugeot-208-1306893,Peugeot 208 (2023),2023,Getaround Connect,CITADINE,SEGMENT_RULES,THERMIQUE,False,124.0,,4.47,46,Asnières-sur-Seine,Paris,Asnières-sur-Seine,1,425,False,False,,8810,955,23
20260801T150607,A2,v3.3-search-gps,2026-08-02T09:00,2026-08-02T20:00,1323651,https://fr.getaround.com/location-voiture/paris/renault-twingo-1323651,Renault Twingo (2020),2020,Getaround Connect,CITADINE,SEGMENT_RULES,THERMIQUE,False,95.0,,4.58,75,Asnières-sur-Seine,Paris,Asnières-sur-Seine,1,426,False,False,,11370,955,23
20260801T150607,A2,v3.3-search-gps,2026-08-02T09:00,2026-08-02T20:00,1294385,https://fr.getaround.com/location-voiture/chatou/ford-ecosport-1294385,Ford EcoSport (2022),2022,Sur rendez-vous,NON_CLASSE,SEGMENT_RULES,THERMIQUE,False,103.0,,,,Puteaux,Chatou,Puteaux,1,427,False,False,,7210,529,13
20260801T150607,A2,v3.3-search-gps,2026-08-02T09:00,2026-08-02T20:00,1206621,https://fr.getaround.com/location-voiture/argenteuil/hyundai-i40-1206621,Hyundai i40 (2012),2012,Sur rendez-vous,NON_CLASSE,SEGMENT_RULES,THERMIQUE,False,80.0,,,,Puteaux,Argenteuil,Puteaux|Asnières-sur-Seine,2,428,False,False,,6360,529,13
20260801T150607,A2,v3.3-search-gps,2026-08-02T09:00,2026-08-02T20:00,1679927,https://fr.getaround.com/location-voiture/bezons/nissan-micra-1679927,Nissan Micra (2017),2017,Sur rendez-vous,CITADINE,SEGMENT_RULES,THERMIQUE,False,85.0,,,,Puteaux,Bezons,Puteaux|Asnières-sur-Seine,2,429,False,False,,5750,529,13
20260801T150607,A2,v3.3-search-gps,2026-08-02T09:00,2026-08-02T20:00,1780703,https://fr.getaround.com/location-voiture/colombes/mercedes-benz-classe-a-1780703,Mercedes-Benz Classe A (2025),2025,Sur rendez-vous,COMPACTE,SEGMENT_RULES,THERMIQUE,False,184.0,,,,Puteaux,Colombes,Puteaux|Asnières-sur-Seine,2,430,False,False,,4520,529,13
20260801T150607,A2,v3.3-search-gps,2026-08-02T09:00,2026-08-02T20:00,1938120,https://fr.getaround.com/location-voiture/saint-denis/renault-clio-1938120,Renault Clio (2019),2019,Sur rendez-vous,CITADINE,SEGMENT_RULES,THERMIQUE,False,79.0,,,,Asnières-sur-Seine,Saint Denis,Asnières-sur-Seine,1,430,False,False,,5330,955,23
20260801T150607,A2,v3.3-search-gps,2026-08-02T09:00,2026-08-02T20:00,1437323,https://fr.getaround.com/location-voiture/houilles/peugeot-3008-1437323,Peugeot 3008 (2013),2013,Sur rendez-vous,SUV_FAMILIAL,SEGMENT_RULES,THERMIQUE,False,127.0,,,,Puteaux,Houilles,Puteaux|Asnières-sur-Seine,2,431,False,False,,5430,529,13
20260801T150607,A2,v3.3-search-gps,2026-08-02T09:00,2026-08-02T20:00,1342226,https://fr.getaround.com/location-voiture/paris/renault-clio-1342226,Renault Clio (2014),2014,Getaround Connect,CITADINE,SEGMENT_RULES,THERMIQUE,False,87.0,,3.62,29,Asnières-sur-Seine,Paris,Asnières-sur-Seine,1,431,False,False,,7050,955,23
20260801T150607,A2,v3.3-search-gps,2026-08-02T09:00,2026-08-02T20:00,1930984,https://fr.getaround.com/location-voiture/saint-brice-sous-foret/renault-twingo-iii-1930984,Renault Twingo III (2017),2017,Sur rendez-vous,CITADINE,SEGMENT_RULES,THERMIQUE,False,72.0,,5.0,3,Asnières-sur-Seine,Saint Brice Sous Foret,Asnières-sur-Seine,1,432,False,False,,10470,955,23
20260801T150607,A2,v3.3-search-gps,2026-08-02T09:00,2026-08-02T20:00,1541400,https://fr.getaround.com/location-voiture/paris/audi-a4-allroad-quattro-1541400,Audi A4 Allroad Quattro (2012),2012,Sur rendez-vous,BERLINE,SEGMENT_RULES,THERMIQUE,False,142.0,,,,Puteaux,Paris,Puteaux|Asnières-sur-Seine,2,433,False,False,,6750,529,13
20260801T150607,A2,v3.3-search-gps,2026-08-02T09:00,2026-08-02T20:00,1589887,https://fr.getaround.com/location-voiture/paris/peugeot-2008-1589887,Peugeot 2008 (2023),2023,Getaround Connect,SUV_COMPACT,SEGMENT_RULES,THERMIQUE,False,100.0,,4.46,39,Asnières-sur-Seine,Paris,Asnières-sur-Seine,1,433,False,False,,10520,955,23
20260801T150607,A2,v3.3-search-gps,2026-08-02T09:00,2026-08-02T20:00,1739099,https://fr.getaround.com/location-voiture/rueil-malmaison/renault-megane-1739099,Renault Mégane (2016),2016,Sur rendez-vous,COMPACTE,SEGMENT_RULES,THERMIQUE,False,120.0,,,,Puteaux,Rueil Malmaison,Puteaux|Asnières-sur-Seine,2,434,False,False,,4120,529,13
20260801T150607,A2,v3.3-search-gps,2026-08-02T09:00,2026-08-02T20:00,1847725,https://fr.getaround.com/location-voiture/paris/peugeot-308-1847725,Peugeot 308 (2014),2014,Sur rendez-vous,COMPACTE,SEGMENT_RULES,THERMIQUE,False,99.0,,,,Puteaux,Paris,Puteaux|Asnières-sur-Seine,2,436,False,False,,5510,529,13
20260801T150607,A2,v3.3-search-gps,2026-08-02T09:00,2026-08-02T20:00,1606675,https://fr.getaround.com/location-voiture/boulogne-billancourt/hyundai-kona-hybride-n-line-1606675,Hyundai Kona Hybride N Line (2024),2024,Sur rendez-vous,SUV_COMPACT,SEGMENT_RULES,HYBRIDE,False,177.0,,5.0,1,Puteaux,Boulogne Billancourt,Puteaux|Asnières-sur-Seine,2,437,False,False,,5650,529,13
20260801T150607,A2,v3.3-search-gps,2026-08-02T09:00,2026-08-02T20:00,742356,https://fr.getaround.com/location-voiture/paris/renault-modus-742356,Renault Modus (2012),2012,Getaround Connect,MONOSPACE,SEGMENT_RULES,THERMIQUE,False,87.0,,4.33,67,Asnières-sur-Seine,Paris,Asnières-sur-Seine,1,437,False,False,,7040,955,23
20260801T150607,A2,v3.3-search-gps,2026-08-02T09:00,2026-08-02T20:00,559151,https://fr.getaround.com/location-voiture/asnieres-sur-seine/renault-twingo-559151,Renault Twingo (2016),2016,Sur rendez-vous,CITADINE,SEGMENT_RULES,THERMIQUE,False,65.0,,3.0,2,Puteaux,Asnieres Sur Seine,Puteaux|Asnières-sur-Seine,2,438,False,False,,5450,529,13
20260801T150607,A2,v3.3-search-gps,2026-08-02T09:00,2026-08-02T20:00,323604,https://fr.getaround.com/location-voiture/sartrouville/toyota-prius-323604,Toyota Prius (2017),2017,Sur rendez-vous,COMPACTE,SEGMENT_RULES,HYBRIDE,False,120.0,,5.0,9,Puteaux,Sartrouville,Puteaux|Asnières-sur-Seine,2,440,False,False,,8290,529,13
20260801T150607,A2,v3.3-search-gps,2026-08-02T09:00,2026-08-02T20:00,1628494,https://fr.getaround.com/location-voiture/issy-les-moulineaux/toyota-c-hr-hybrid-1628494,Toyota C-HR Hybrid (2023),2023,Sur rendez-vous,SUV_COMPACT,SEGMENT_RULES,HYBRIDE,False,133.0,,,,Puteaux,Issy Les Moulineaux,Puteaux,1,441,False,False,,6910,529,13
20260801T150607,A2,v3.3-search-gps,2026-08-02T09:00,2026-08-02T20:00,1413393,https://fr.getaround.com/location-voiture/paris/peugeot-2008-1413393,Peugeot 2008 (2023),2023,Getaround Connect,SUV_COMPACT,SEGMENT_RULES,THERMIQUE,False,117.0,,4.08,66,Asnières-sur-Seine,Paris,Asnières-sur-Seine,1,441,False,False,,7560,955,23
20260801T150607,A2,v3.3-search-gps,2026-08-02T09:00,2026-08-02T20:00,1639801,https://fr.getaround.com/location-voiture/houilles/peugeot-308-1639801,Peugeot 308 (2012),2012,Sur rendez-vous,COMPACTE,SEGMENT_RULES,THERMIQUE,False,95.0,,,,Puteaux,Houilles,Puteaux|Asnières-sur-Seine,2,442,False,False,,5700,529,13
20260801T150607,A2,v3.3-search-gps,2026-08-02T09:00,2026-08-02T20:00,1933027,https://fr.getaround.com/location-voiture/paris/peugeot-5008-1933027,Peugeot 5008 (2014),2014,Sur rendez-vous,MONOSPACE,SEGMENT_RULES,THERMIQUE,False,162.0,,,,Asnières-sur-Seine,Paris,Asnières-sur-Seine,1,442,False,False,,9340,955,23
20260801T150607,A2,v3.3-search-gps,2026-08-02T09:00,2026-08-02T20:00,1640739,https://fr.getaround.com/location-voiture/boulogne-billancourt/lancia-voyager-1640739,Lancia Voyager (2014),2014,Sur rendez-vous,MONOSPACE,SEGMENT_RULES,THERMIQUE,False,271.0,,,,Puteaux,Boulogne Billancourt,Puteaux|Asnières-sur-Seine,2,443,False,False,,4420,529,13
20260801T150607,A2,v3.3-search-gps,2026-08-02T09:00,2026-08-02T20:00,1881950,https://fr.getaround.com/location-voiture/paris/peugeot-2008-1881950,Peugeot 2008 (2026),2026,Getaround Connect,SUV_COMPACT,SEGMENT_RULES,THERMIQUE,False,153.0,,5.0,3,Asnières-sur-Seine,Paris,Asnières-sur-Seine,1,443,False,False,,8800,955,23
20260801T150607,A2,v3.3-search-gps,2026-08-02T09:00,2026-08-02T20:00,852766,https://fr.getaround.com/location-voiture/paris/citroen-2cv-852766,Citroen 2CV (1982),1982,Sur rendez-vous,CABRIOLET,SEGMENT_RULES,THERMIQUE,False,184.0,,4.68,11,Puteaux,Paris,Puteaux|Asnières-sur-Seine,2,445,False,False,,7440,529,13
20260801T150607,A2,v3.3-search-gps,2026-08-02T09:00,2026-08-02T20:00,1590451,https://fr.getaround.com/location-voiture/paris/peugeot-2008-1590451,Peugeot 2008 (2023),2023,Getaround Connect,SUV_COMPACT,SEGMENT_RULES,THERMIQUE,False,119.0,,3.72,23,Asnières-sur-Seine,Paris,Asnières-sur-Seine,1,445,False,False,,9750,955,23
20260801T150607,A2,v3.3-search-gps,2026-08-02T09:00,2026-08-02T20:00,1904439,https://fr.getaround.com/location-voiture/paris/renault-zoe-1904439,Renault ZOE (2020),2020,Getaround Connect,CITADINE,SEGMENT_RULES,ELECTRIQUE,False,106.0,,5.0,2,Asnières-sur-Seine,Paris,Asnières-sur-Seine,1,447,False,False,,9400,955,23
20260801T150607,A2,v3.3-search-gps,2026-08-02T09:00,2026-08-02T20:00,1524393,https://fr.getaround.com/location-voiture/paris/toyota-c-hr-1524393,Toyota C-HR (2018),2018,Sur rendez-vous,SUV_COMPACT,SEGMENT_RULES,THERMIQUE,False,112.0,,,,Puteaux,Paris,Puteaux|Asnières-sur-Seine,2,448,False,False,,7650,529,13
20260801T150607,A2,v3.3-search-gps,2026-08-02T09:00,2026-08-02T20:00,1457837,https://fr.getaround.com/location-voiture/boulogne-billancourt/smart-fortwo-cabriolet-1457837,Smart Fortwo Cabriolet (2017),2017,Sur rendez-vous,CABRIOLET,SEGMENT_RULES,THERMIQUE,False,111.0,,5.0,2,Puteaux,Boulogne Billancourt,Puteaux|Asnières-sur-Seine,2,449,False,False,,5280,529,13
20260801T150607,A2,v3.3-search-gps,2026-08-02T09:00,2026-08-02T20:00,1163100,https://fr.getaround.com/location-voiture/paris/toyota-yaris-hybride-1163100,Toyota Yaris Hybride (2021),2021,Getaround Connect,CITADINE,SEGMENT_RULES,HYBRIDE,False,131.0,,4.47,76,Asnières-sur-Seine,Paris,Asnières-sur-Seine,1,449,False,False,,10220,955,23
20260801T150607,A2,v3.3-search-gps,2026-08-02T09:00,2026-08-02T20:00,1428328,https://fr.getaround.com/location-voiture/bezons/toyota-c-hr-1428328,Toyota C-HR (2018),2018,Sur rendez-vous,SUV_COMPACT,SEGMENT_RULES,THERMIQUE,False,105.0,,4.0,3,Puteaux,Bezons,Puteaux|Asnières-sur-Seine,2,452,False,False,,5540,529,13
20260801T150607,A2,v3.3-search-gps,2026-08-02T09:00,2026-08-02T20:00,1097657,https://fr.getaround.com/location-voiture/paris/smart-fortwo-coupe-1097657,Smart Fortwo Coupé (2013),2013,Getaround Connect,MICRO_CITADINE,SEGMENT_RULES,THERMIQUE,False,92.0,,5.0,2,Asnières-sur-Seine,Paris,Asnières-sur-Seine,1,453,False,False,,11070,955,23
20260801T150607,A2,v3.3-search-gps,2026-08-02T09:00,2026-08-02T20:00,1834784,https://fr.getaround.com/location-voiture/argenteuil/renault-clio-1834784,Renault Clio (2021),2021,Sur rendez-vous,CITADINE,SEGMENT_RULES,THERMIQUE,False,104.0,,,,Puteaux,Argenteuil,Puteaux|Asnières-sur-Seine,2,454,False,False,,6890,529,13
20260801T150607,A2,v3.3-search-gps,2026-08-02T09:00,2026-08-02T20:00,1788074,https://fr.getaround.com/location-voiture/saint-ouen-sur-seine/citroen-c5-aircross-1788074,Citroen C5 Aircross (2022),2022,Sur rendez-vous,SUV_COMPACT,SEGMENT_RULES,THERMIQUE,False,103.0,,,,Puteaux,Saint Ouen Sur Seine,Puteaux|Asnières-sur-Seine,2,455,False,False,,7590,529,13
20260801T150607,A2,v3.3-search-gps,2026-08-02T09:00,2026-08-02T20:00,1750182,https://fr.getaround.com/location-voiture/saint-denis/mercedes-benz-classe-gla-1750182,Mercedes-Benz Classe GLA (2018),2018,Sur rendez-vous,SUV_COMPACT,SEGMENT_RULES,THERMIQUE,False,143.0,,,,Asnières-sur-Seine,Saint Denis,Asnières-sur-Seine,1,455,False,False,,5410,955,23
20260801T150607,A2,v3.3-search-gps,2026-08-02T09:00,2026-08-02T20:00,1213599,https://fr.getaround.com/location-voiture/paris/renault-zoe-1213599,Renault ZOE (2017),2017,Sur rendez-vous,CITADINE,SEGMENT_RULES,ELECTRIQUE,False,98.0,,5.0,6,Puteaux,Paris,Puteaux|Asnières-sur-Seine,2,456,False,False,,7650,529,13
20260801T150607,A2,v3.3-search-gps,2026-08-02T09:00,2026-08-02T20:00,1894631,https://fr.getaround.com/location-voiture/paris/tesla-model-y-performance-1894631,Tesla Model Y Performance (2023),2023,Sur rendez-vous,SUV_FAMILIAL,SEGMENT_RULES,ELECTRIQUE,False,258.0,,,,Asnières-sur-Seine,Paris,Asnières-sur-Seine,1,457,False,False,,7200,955,23
20260801T150607,A2,v3.3-search-gps,2026-08-02T09:00,2026-08-02T20:00,1895708,https://fr.getaround.com/location-voiture/paris/renault-arkana-e-tech-1895708,Renault Arkana E-Tech (2021),2021,Sur rendez-vous,COMPACTE,SEGMENT_RULES,ELECTRIQUE,False,138.0,,,,Asnières-sur-Seine,Paris,Asnières-sur-Seine,1,458,False,False,,11280,955,23
20260801T150607,A2,v3.3-search-gps,2026-08-02T09:00,2026-08-02T20:00,1027987,https://fr.getaround.com/location-voiture/clichy/renault-megane-1027987,Renault Mégane (2018),2018,Sur rendez-vous,COMPACTE,SEGMENT_RULES,THERMIQUE,False,92.0,,5.0,1,Puteaux,Clichy,Puteaux|Asnières-sur-Seine,2,459,False,False,,5850,529,13
20260801T150607,A2,v3.3-search-gps,2026-08-02T09:00,2026-08-02T20:00,964978,https://fr.getaround.com/location-voiture/issy-les-moulineaux/bmw-x1-964978,BMW X1 (2011),2011,Sur rendez-vous,SUV_FAMILIAL,SEGMENT_RULES,THERMIQUE,False,134.0,,5.0,2,Puteaux,Issy Les Moulineaux,Puteaux,1,460,False,False,,6930,529,13
20260801T150607,A2,v3.3-search-gps,2026-08-02T09:00,2026-08-02T20:00,1782079,https://fr.getaround.com/location-voiture/paris/mini-countryman-1782079,Mini Countryman (2012),2012,Sur rendez-vous,SUV_FAMILIAL,SEGMENT_RULES,THERMIQUE,False,115.0,,5.0,4,Asnières-sur-Seine,Paris,Asnières-sur-Seine,1,460,False,False,,9190,955,23
20260801T150607,A2,v3.3-search-gps,2026-08-02T09:00,2026-08-02T20:00,1823997,https://fr.getaround.com/location-voiture/sartrouville/nissan-qashqai-2-1823997,Nissan Qashqai+2 (2013),2013,Sur rendez-vous,SUV_COMPACT,SEGMENT_RULES,THERMIQUE,False,104.0,,,,Puteaux,Sartrouville,Puteaux|Asnières-sur-Seine,2,461,False,False,,8520,529,13
20260801T150607,A2,v3.3-search-gps,2026-08-02T09:00,2026-08-02T20:00,1932888,https://fr.getaround.com/location-voiture/paris/renault-kangoo-1932888,Renault Kangoo (2012),2012,Sur rendez-vous,UTILITAIRE,SEGMENT_RULES,THERMIQUE,False,100.0,,,,Puteaux,Paris,Puteaux|Asnières-sur-Seine,2,462,False,False,,7430,529,13
20260801T150607,A2,v3.3-search-gps,2026-08-02T09:00,2026-08-02T20:00,1577366,https://fr.getaround.com/location-voiture/argenteuil/peugeot-308-gt-1577366,Peugeot 308 GT (2022),2022,Sur rendez-vous,COMPACTE,SEGMENT_RULES,THERMIQUE,False,146.0,,,,Puteaux,Argenteuil,Puteaux|Asnières-sur-Seine,2,463,False,False,,6300,529,13
20260801T150607,A2,v3.3-search-gps,2026-08-02T09:00,2026-08-02T20:00,1555703,https://fr.getaround.com/location-voiture/paris/toyota-corolla-hybride-1555703,Toyota Corolla Hybride (2021),2021,Getaround Connect,COMPACTE,SEGMENT_RULES,HYBRIDE,False,141.0,,4.6,35,Asnières-sur-Seine,Paris,Asnières-sur-Seine,1,463,False,False,,10390,955,23
20260801T150607,A2,v3.3-search-gps,2026-08-02T09:00,2026-08-02T20:00,1880046,https://fr.getaround.com/location-voiture/paris/peugeot-5008-1880046,Peugeot 5008 (2024),2024,Sur rendez-vous,MONOSPACE,SEGMENT_RULES,THERMIQUE,False,143.0,,,,Puteaux,Paris,Puteaux|Asnières-sur-Seine,2,464,False,False,,6960,529,13
20260801T150607,A2,v3.3-search-gps,2026-08-02T09:00,2026-08-02T20:00,1563979,https://fr.getaround.com/location-voiture/paris/peugeot-208-1563979,Peugeot 208 (2020),2020,Getaround Connect,CITADINE,SEGMENT_RULES,THERMIQUE,False,116.0,,4.76,46,Asnières-sur-Seine,Paris,Asnières-sur-Seine,1,464,False,False,,10520,955,23
20260801T150607,A2,v3.3-search-gps,2026-08-02T09:00,2026-08-02T20:00,1605426,https://fr.getaround.com/location-voiture/saint-ouen-sur-seine/peugeot-308-1605426,Peugeot 308 (2019),2019,Sur rendez-vous,COMPACTE,SEGMENT_RULES,THERMIQUE,False,104.0,,,,Puteaux,Saint Ouen Sur Seine,Puteaux|Asnières-sur-Seine,2,465,False,False,,6440,529,13
20260801T150607,A2,v3.3-search-gps,2026-08-02T09:00,2026-08-02T20:00,1937269,https://fr.getaround.com/location-voiture/paris/renault-talisman-1937269,Renault Talisman (2018),2018,Sur rendez-vous,BERLINE,SEGMENT_RULES,THERMIQUE,False,119.0,,,,Asnières-sur-Seine,Paris,Asnières-sur-Seine,1,467,False,False,,10450,955,23
20260801T150607,A2,v3.3-search-gps,2026-08-02T09:00,2026-08-02T20:00,1608394,https://fr.getaround.com/location-voiture/argenteuil/renault-megane-e-tech-electrique-1608394,Renault Mégane E-tech Électrique (2023),2023,Sur rendez-vous,COMPACTE,SEGMENT_RULES,ELECTRIQUE,False,141.0,,,,Puteaux,Argenteuil,Puteaux|Asnières-sur-Seine,2,468,False,False,,6350,529,13
20260801T150607,A2,v3.3-search-gps,2026-08-02T09:00,2026-08-02T20:00,1589881,https://fr.getaround.com/location-voiture/paris/peugeot-2008-1589881,Peugeot 2008 (2023),2023,Getaround Connect,SUV_COMPACT,SEGMENT_RULES,THERMIQUE,False,106.0,,4.14,32,Asnières-sur-Seine,Paris,Asnières-sur-Seine,1,468,False,False,,10650,955,23
20260801T150607,A2,v3.3-search-gps,2026-08-02T09:00,2026-08-02T20:00,1812459,https://fr.getaround.com/location-voiture/bezons/mercedes-benz-classe-a-180-1812459,Mercedes-Benz Classe A 180 (2014),2014,Sur rendez-vous,COMPACTE,SEGMENT_RULES,THERMIQUE,False,170.0,,,,Puteaux,Bezons,Puteaux|Asnières-sur-Seine,2,469,False,False,,4900,529,13
20260801T150607,A2,v3.3-search-gps,2026-08-02T09:00,2026-08-02T20:00,1869594,https://fr.getaround.com/location-voiture/paris/peugeot-208-1869594,Peugeot 208 (2024),2024,Sur rendez-vous,CITADINE,SEGMENT_RULES,THERMIQUE,False,108.0,,,,Puteaux,Paris,Puteaux,1,470,False,False,,8560,529,13
20260801T150607,A2,v3.3-search-gps,2026-08-02T09:00,2026-08-02T20:00,1756738,https://fr.getaround.com/location-voiture/paris/renault-clio-1756738,Renault Clio (2024),2024,Getaround Connect,CITADINE,SEGMENT_RULES,THERMIQUE,False,110.0,,3.86,14,Asnières-sur-Seine,Paris,Asnières-sur-Seine,1,470,False,False,,11430,955,23
20260801T150607,A2,v3.3-search-gps,2026-08-02T09:00,2026-08-02T20:00,1850943,https://fr.getaround.com/location-voiture/issy-les-moulineaux/peugeot-308-1850943,Peugeot 308 (2023),2023,Sur rendez-vous,COMPACTE,SEGMENT_RULES,THERMIQUE,False,102.0,,,,Puteaux,Issy Les Moulineaux,Puteaux,1,471,False,False,,6940,529,13
20260801T150607,A2,v3.3-search-gps,2026-08-02T09:00,2026-08-02T20:00,812347,https://fr.getaround.com/location-voiture/eaubonne/renault-twingo-812347,Renault Twingo (2014),2014,Sur rendez-vous,CITADINE,SEGMENT_RULES,THERMIQUE,False,56.0,,4.9,5,Asnières-sur-Seine,Eaubonne,Asnières-sur-Seine,1,471,False,False,,8880,955,23
20260801T150607,A2,v3.3-search-gps,2026-08-02T09:00,2026-08-02T20:00,1639416,https://fr.getaround.com/location-voiture/paris/smart-fortwo-electric-drive-1639416,Smart Fortwo Electric Drive (2021),2021,Sur rendez-vous,MICRO_CITADINE,SEGMENT_RULES,ELECTRIQUE,False,85.0,,,,Puteaux,Paris,Puteaux|Asnières-sur-Seine,2,472,False,False,,4230,529,13
20260801T150607,A2,v3.3-search-gps,2026-08-02T09:00,2026-08-02T20:00,1143282,https://fr.getaround.com/location-voiture/paris/smart-fortwo-coupe-1143282,Smart Fortwo Coupé (2017),2017,Getaround Connect,MICRO_CITADINE,SEGMENT_RULES,THERMIQUE,False,90.0,,4.31,36,Asnières-sur-Seine,Paris,Asnières-sur-Seine,1,472,False,False,,7590,955,23
20260801T150607,A2,v3.3-search-gps,2026-08-02T09:00,2026-08-02T20:00,1773988,https://fr.getaround.com/location-voiture/colombes/volkswagen-polo-r-line-1773988,Volkswagen Polo R-Line (2022),2022,Sur rendez-vous,CITADINE,SEGMENT_RULES,THERMIQUE,False,199.0,,,,Puteaux,Colombes,Puteaux|Asnières-sur-Seine,2,473,False,False,,3700,529,13
20260801T150607,A2,v3.3-search-gps,2026-08-02T09:00,2026-08-02T20:00,1218015,https://fr.getaround.com/location-voiture/paris/opel-corsa-1218015,Opel Corsa (2012),2012,Getaround Connect,CITADINE,SEGMENT_RULES,THERMIQUE,False,87.0,,3.53,15,Asnières-sur-Seine,Paris,Asnières-sur-Seine,1,473,False,False,,7040,955,23
20260801T150607,A2,v3.3-search-gps,2026-08-02T09:00,2026-08-02T20:00,1462432,https://fr.getaround.com/location-voiture/montesson/volkswagen-polo-r-line-1462432,Volkswagen Polo R-Line (2022),2022,Sur rendez-vous,CITADINE,SEGMENT_RULES,THERMIQUE,False,117.0,,,,Puteaux,Montesson,Puteaux,1,474,False,False,,7120,529,13
20260801T150607,A2,v3.3-search-gps,2026-08-02T09:00,2026-08-02T20:00,1277964,https://fr.getaround.com/location-voiture/pantin/citroen-c1-1277964,Citroen C1 (2014),2014,Getaround Connect,MICRO_CITADINE,SEGMENT_RULES,THERMIQUE,False,105.0,,4.78,74,Asnières-sur-Seine,Pantin,Asnières-sur-Seine,1,474,False,False,,9990,955,23
20260801T150607,A2,v3.3-search-gps,2026-08-02T09:00,2026-08-02T20:00,100528,https://fr.getaround.com/location-voiture/maisons-laffitte/mg-b-cabriolet-100528,Mg B Cabriolet (1978),1978,Sur rendez-vous,CABRIOLET,SEGMENT_RULES,THERMIQUE,False,296.0,,4.94,18,Puteaux,Maisons Laffitte,Puteaux,1,475,False,False,,9720,529,13
20260801T150607,A2,v3.3-search-gps,2026-08-02T09:00,2026-08-02T20:00,1203959,https://fr.getaround.com/location-voiture/paris/smart-fortwo-coupe-1203959,Smart Fortwo Coupé (2013),2013,Sur rendez-vous,MICRO_CITADINE,SEGMENT_RULES,THERMIQUE,False,88.0,,4.81,18,Asnières-sur-Seine,Paris,Asnières-sur-Seine,1,475,False,False,,11070,955,23
20260801T150607,A2,v3.3-search-gps,2026-08-02T09:00,2026-08-02T20:00,1380634,https://fr.getaround.com/location-voiture/villeneuve-la-garenne/citroen-c4-picasso-1380634,Citroen C4 Picasso (2015),2015,Sur rendez-vous,MONOSPACE,SEGMENT_RULES,THERMIQUE,False,138.0,,5.0,4,Puteaux,Villeneuve La Garenne,Puteaux|Asnières-sur-Seine,2,476,False,False,,8300,529,13
20260801T150607,A2,v3.3-search-gps,2026-08-02T09:00,2026-08-02T20:00,1881883,https://fr.getaround.com/location-voiture/paris/peugeot-2008-1881883,Peugeot 2008 (2026),2026,Getaround Connect,SUV_COMPACT,SEGMENT_RULES,THERMIQUE,False,155.0,,4.6,5,Asnières-sur-Seine,Paris,Asnières-sur-Seine,1,476,False,False,,8130,955,23
20260801T150607,A2,v3.3-search-gps,2026-08-02T09:00,2026-08-02T20:00,1571308,https://fr.getaround.com/location-voiture/paris/nissan-juke-1571308,Nissan Juke (2014),2014,Sur rendez-vous,SUV_COMPACT,SEGMENT_RULES,THERMIQUE,False,102.0,,4.29,7,Puteaux,Paris,Puteaux|Asnières-sur-Seine,2,477,False,False,,7780,529,13
20260801T150607,A2,v3.3-search-gps,2026-08-02T09:00,2026-08-02T20:00,1890120,https://fr.getaround.com/location-voiture/franconville/ford-kuga-1890120,Ford Kuga (2022),2022,Sur rendez-vous,SUV_FAMILIAL,SEGMENT_RULES,THERMIQUE,False,126.0,,5.0,1,Asnières-sur-Seine,Franconville,Asnières-sur-Seine,1,477,False,False,,9430,955,23
20260801T150607,A2,v3.3-search-gps,2026-08-02T09:00,2026-08-02T20:00,1755605,https://fr.getaround.com/location-voiture/paris/renault-captur-1755605,Renault Captur (2024),2024,Getaround Connect,SUV_COMPACT,SEGMENT_RULES,THERMIQUE,False,121.0,,4.13,15,Asnières-sur-Seine,Paris,Asnières-sur-Seine,1,478,False,False,,8850,955,23
20260801T150607,A2,v3.3-search-gps,2026-08-02T09:00,2026-08-02T20:00,1587360,https://fr.getaround.com/location-voiture/villeneuve-la-garenne/kia-niro-hybride-1587360,Kia Niro Hybride (2019),2019,Sur rendez-vous,SUV_COMPACT,SEGMENT_RULES,HYBRIDE,False,129.0,,,,Puteaux,Villeneuve La Garenne,Puteaux|Asnières-sur-Seine,2,479,False,False,,8710,529,13
20260801T150607,A2,v3.3-search-gps,2026-08-02T09:00,2026-08-02T20:00,1892430,https://fr.getaround.com/location-voiture/le-plessis-bouchard/renault-grand-scenic-1892430,Renault Grand Scenic (2014),2014,Sur rendez-vous,MONOSPACE,SEGMENT_RULES,THERMIQUE,False,137.0,,5.0,4,Asnières-sur-Seine,Le Plessis Bouchard,Asnières-sur-Seine,1,479,False,False,,10380,955,23
20260801T150607,A2,v3.3-search-gps,2026-08-02T09:00,2026-08-02T20:00,1378823,https://fr.getaround.com/location-voiture/houilles/fiat-500-x-1378823,Fiat 500 X (2018),2018,Sur rendez-vous,CITADINE,SEGMENT_RULES,THERMIQUE,False,104.0,,,,Puteaux,Houilles,Puteaux|Asnières-sur-Seine,2,480,False,False,,5550,529,13
20260801T150607,A2,v3.3-search-gps,2026-08-02T09:00,2026-08-02T20:00,1923372,https://fr.getaround.com/location-voiture/la-courneuve/audi-a1-sportback-tfsi-150-s-tronic-1923372,Audi A1 Sportback TFSI 150 S Tronic (2024),2024,Sur rendez-vous,CITADINE,SEGMENT_RULES,THERMIQUE,False,134.0,,5.0,2,Asnières-sur-Seine,La Courneuve,Asnières-sur-Seine,1,480,False,False,,8390,955,23
20260801T150607,A2,v3.3-search-gps,2026-08-02T09:00,2026-08-02T20:00,1779316,https://fr.getaround.com/location-voiture/paris/mercedes-benz-classe-a-1779316,Mercedes-Benz Classe A (2020),2020,Sur rendez-vous,COMPACTE,SEGMENT_RULES,THERMIQUE,False,187.0,,,,Puteaux,Paris,Puteaux|Asnières-sur-Seine,2,481,False,False,,5790,529,13
20260801T150607,A2,v3.3-search-gps,2026-08-02T09:00,2026-08-02T20:00,1475156,https://fr.getaround.com/location-voiture/paris/volkswagen-polo-1475156,Volkswagen Polo (2024),2024,Sur rendez-vous,CITADINE,SEGMENT_RULES,THERMIQUE,False,117.0,,,,Puteaux,Paris,Puteaux|Asnières-sur-Seine,2,482,False,False,,4510,529,13
20260801T150607,A2,v3.3-search-gps,2026-08-02T09:00,2026-08-02T20:00,1769340,https://fr.getaround.com/location-voiture/paris/smart-fortwo-passion-1769340,Smart Fortwo Passion (2019),2019,Getaround Connect,MICRO_CITADINE,SEGMENT_RULES,THERMIQUE,False,69.0,,4.72,18,Asnières-sur-Seine,Paris,Asnières-sur-Seine,1,482,False,False,,11430,955,23
20260801T150607,A2,v3.3-search-gps,2026-08-02T09:00,2026-08-02T20:00,1037915,https://fr.getaround.com/location-voiture/paris/bmw-serie-3-1037915,BMW Série 3 (1987),1987,Sur rendez-vous,BERLINE,SEGMENT_RULES,THERMIQUE,False,199.0,,5.0,10,Puteaux,Paris,Puteaux|Asnières-sur-Seine,2,483,False,False,,8870,529,13
20260801T150607,A2,v3.3-search-gps,2026-08-02T09:00,2026-08-02T20:00,1363193,https://fr.getaround.com/location-voiture/paris/renault-clio-e-tech-1363193,Renault Clio E-tech (2020),2020,Getaround Connect,CITADINE,SEGMENT_RULES,ELECTRIQUE,False,116.0,,4.22,32,Asnières-sur-Seine,Paris,Asnières-sur-Seine,1,483,False,False,,11080,955,23
20260801T150607,A2,v3.3-search-gps,2026-08-02T09:00,2026-08-02T20:00,1774551,https://fr.getaround.com/location-voiture/villeneuve-la-garenne/citroen-c4-1774551,Citroen C4 (2020),2020,Sur rendez-vous,COMPACTE,SEGMENT_RULES,THERMIQUE,False,91.0,,,,Puteaux,Villeneuve La Garenne,Puteaux|Asnières-sur-Seine,2,484,False,False,,9220,529,13
20260801T150607,A2,v3.3-search-gps,2026-08-02T09:00,2026-08-02T20:00,1572026,https://fr.getaround.com/location-voiture/issy-les-moulineaux/hyundai-ioniq-hybride-1572026,Hyundai Ioniq Hybride (2017),2017,Sur rendez-vous,COMPACTE,SEGMENT_RULES,ELECTRIQUE,False,98.0,,,,Puteaux,Issy Les Moulineaux,Puteaux,1,485,False,False,,6840,529,13
20260801T150607,A2,v3.3-search-gps,2026-08-02T09:00,2026-08-02T20:00,1885100,https://fr.getaround.com/location-voiture/garges-les-gonesse/toyota-auris-1885100,Toyota Auris (2013),2013,Sur rendez-vous,COMPACTE,SEGMENT_RULES,THERMIQUE,False,91.0,,,,Asnières-sur-Seine,Garges Les Gonesse,Asnières-sur-Seine,1,485,False,False,,10300,955,23
20260801T150607,A2,v3.3-search-gps,2026-08-02T09:00,2026-08-02T20:00,1643102,https://fr.getaround.com/location-voiture/saint-ouen-sur-seine/peugeot-5008-1643102,Peugeot 5008 (2015),2015,Sur rendez-vous,MONOSPACE,SEGMENT_RULES,THERMIQUE,False,120.0,,3.0,1,Puteaux,Saint Ouen Sur Seine,Puteaux|Asnières-sur-Seine,2,486,False,False,,7610,529,13
20260801T150607,A2,v3.3-search-gps,2026-08-02T09:00,2026-08-02T20:00,1663309,https://fr.getaround.com/location-voiture/paris/renault-zoe-1663309,Renault ZOE (2019),2019,Sur rendez-vous,CITADINE,SEGMENT_RULES,ELECTRIQUE,False,94.0,,,,Puteaux,Paris,Puteaux|Asnières-sur-Seine,2,487,False,False,,7500,529,13
20260801T150607,A2,v3.3-search-gps,2026-08-02T09:00,2026-08-02T20:00,1445169,https://fr.getaround.com/location-voiture/villeneuve-la-garenne/renault-kangoo-1445169,Renault Kangoo (2014),2014,Sur rendez-vous,UTILITAIRE,SEGMENT_RULES,THERMIQUE,False,102.0,,,,Puteaux,Villeneuve La Garenne,Puteaux|Asnières-sur-Seine,2,488,False,False,,8680,529,13
20260801T150607,A2,v3.3-search-gps,2026-08-02T09:00,2026-08-02T20:00,939058,https://fr.getaround.com/location-voiture/paris/renault-clio-939058,Renault Clio (2019),2019,Getaround Connect,CITADINE,SEGMENT_RULES,THERMIQUE,False,126.0,,4.79,126,Asnières-sur-Seine,Paris,Asnières-sur-Seine,1,488,False,False,,8860,955,23
20260801T150607,A2,v3.3-search-gps,2026-08-02T09:00,2026-08-02T20:00,1910019,https://fr.getaround.com/location-voiture/vanves/renault-megane-iv-1910019,Renault Mégane IV (2019),2019,Sur rendez-vous,COMPACTE,SEGMENT_RULES,THERMIQUE,False,117.0,,,,Puteaux,Vanves,Puteaux,1,489,False,False,,7750,529,13
20260801T150607,A2,v3.3-search-gps,2026-08-02T09:00,2026-08-02T20:00,1848820,https://fr.getaround.com/location-voiture/paris/citroen-c3-1848820,Citroen C3 (2018),2018,Sur rendez-vous,CITADINE,SEGMENT_RULES,THERMIQUE,False,77.0,,,,Asnières-sur-Seine,Paris,Asnières-sur-Seine,1,489,False,False,,6920,955,23
20260801T150607,A2,v3.3-search-gps,2026-08-02T09:00,2026-08-02T20:00,1700602,https://fr.getaround.com/location-voiture/paris/renault-zoe-1700602,Renault ZOE (2019),2019,Sur rendez-vous,CITADINE,SEGMENT_RULES,ELECTRIQUE,False,86.0,,,,Puteaux,Paris,Puteaux|Asnières-sur-Seine,2,490,False,False,,8930,529,13
20260801T150607,A2,v3.3-search-gps,2026-08-02T09:00,2026-08-02T20:00,1704961,https://fr.getaround.com/location-voiture/sartrouville/volkswagen-tayron-ehybrid-1704961,Volkswagen Tayron eHybrid (2025),2025,Sur rendez-vous,NON_CLASSE,SEGMENT_RULES,HYBRIDE,False,201.0,,,,Puteaux,Sartrouville,Puteaux|Asnières-sur-Seine,2,491,False,False,,7830,529,13
20260801T150607,A2,v3.3-search-gps,2026-08-02T09:00,2026-08-02T20:00,1546520,https://fr.getaround.com/location-voiture/paris/citroen-c4-grand-picasso-1546520,Citroen C4 Grand Picasso (2017),2017,Sur rendez-vous,COMPACTE,SEGMENT_RULES,THERMIQUE,False,148.0,,,,Puteaux,Paris,Puteaux|Asnières-sur-Seine,2,493,False,False,,7860,529,13
20260801T150607,A2,v3.3-search-gps,2026-08-02T09:00,2026-08-02T20:00,1412477,https://fr.getaround.com/location-voiture/pantin/nissan-qashqai-1412477,Nissan Qashqai (2014),2014,Getaround Connect,SUV_COMPACT,SEGMENT_RULES,THERMIQUE,False,128.0,,4.85,26,Asnières-sur-Seine,Pantin,Asnières-sur-Seine,1,493,False,False,,9990,955,23
20260801T150607,A2,v3.3-search-gps,2026-08-02T09:00,2026-08-02T20:00,1511616,https://fr.getaround.com/location-voiture/paris/fiat-500-x-1511616,Fiat 500 X (2015),2015,Sur rendez-vous,CITADINE,SEGMENT_RULES,THERMIQUE,False,100.0,,,,Puteaux,Paris,Puteaux|Asnières-sur-Seine,2,494,False,False,,6480,529,13
20260801T150607,A2,v3.3-search-gps,2026-08-02T09:00,2026-08-02T20:00,1879181,https://fr.getaround.com/location-voiture/paris/land-rover-range-rover-evoque-1879181,Land-Rover Range Rover Evoque (2020),2020,Sur rendez-vous,SUV_FAMILIAL,SEGMENT_RULES,THERMIQUE,False,300.0,,5.0,1,Puteaux,Paris,Puteaux|Asnières-sur-Seine,2,495,False,False,,3890,529,13
20260801T150607,A2,v3.3-search-gps,2026-08-02T09:00,2026-08-02T20:00,1864409,https://fr.getaround.com/location-voiture/argenteuil/renault-clio-1864409,Renault Clio (2021),2021,Sur rendez-vous,CITADINE,SEGMENT_RULES,THERMIQUE,False,96.0,,,,Asnières-sur-Seine,Argenteuil,Asnières-sur-Seine,1,495,False,False,,6020,955,23
20260801T150607,A2,v3.3-search-gps,2026-08-02T09:00,2026-08-02T20:00,763159,https://fr.getaround.com/location-voiture/maisons-laffitte/citroen-c3-763159,Citroen C3 (2019),2019,Sur rendez-vous,CITADINE,SEGMENT_RULES,THERMIQUE,False,134.0,,4.77,79,Puteaux,Maisons Laffitte,Puteaux,1,496,False,False,,9450,529,13
20260801T150607,A2,v3.3-search-gps,2026-08-02T09:00,2026-08-02T20:00,454116,https://fr.getaround.com/location-voiture/paris/volkswagen-coccinelle-454116,Volkswagen Coccinelle (1971),1971,Sur rendez-vous,COLLECTION,SEGMENT_RULES,THERMIQUE,False,208.0,,5.0,11,Puteaux,Paris,Puteaux|Asnières-sur-Seine,2,497,False,False,,8160,529,13
20260801T150607,A2,v3.3-search-gps,2026-08-02T09:00,2026-08-02T20:00,1551997,https://fr.getaround.com/location-voiture/paris/kia-e-niro-1551997,Kia e-Niro (2023),2023,Sur rendez-vous,SUV_COMPACT,SEGMENT_RULES,HYBRIDE,False,182.0,,,,Puteaux,Paris,Puteaux|Asnières-sur-Seine,2,498,False,False,,6850,529,13
20260801T150607,A2,v3.3-search-gps,2026-08-02T09:00,2026-08-02T20:00,1541854,https://fr.getaround.com/location-voiture/saint-ouen-sur-seine/nissan-qashqai-1541854,Nissan Qashqai (2022),2022,Sur rendez-vous,SUV_COMPACT,SEGMENT_RULES,THERMIQUE,False,109.0,,,,Puteaux,Saint Ouen Sur Seine,Puteaux|Asnières-sur-Seine,2,499,False,False,,7070,529,13
20260801T150607,A2,v3.3-search-gps,2026-08-02T09:00,2026-08-02T20:00,1432557,https://fr.getaround.com/location-voiture/paris/citroen-c3-1432557,Citroen C3 (2023),2023,Getaround Connect,CITADINE,SEGMENT_RULES,THERMIQUE,False,110.0,,4.41,33,Asnières-sur-Seine,Paris,Asnières-sur-Seine,1,499,False,False,,10440,955,23
20260801T150607,A2,v3.3-search-gps,2026-08-02T09:00,2026-08-02T20:00,1308958,https://fr.getaround.com/location-voiture/clichy/smart-fortwo-cabriolet-1308958,Smart Fortwo Cabriolet (2016),2016,Sur rendez-vous,CABRIOLET,SEGMENT_RULES,THERMIQUE,False,145.0,,,,Puteaux,Clichy,Puteaux|Asnières-sur-Seine,2,500,False,False,,5360,529,13
20260801T150607,A2,v3.3-search-gps,2026-08-02T09:00,2026-08-02T20:00,1745559,https://fr.getaround.com/location-voiture/argenteuil/peugeot-308-1745559,Peugeot 308 (2023),2023,Sur rendez-vous,COMPACTE,SEGMENT_RULES,THERMIQUE,False,139.0,,,,Puteaux,Argenteuil,Puteaux|Asnières-sur-Seine,2,501,False,False,,5730,529,13
20260801T150607,A2,v3.3-search-gps,2026-08-02T09:00,2026-08-02T20:00,1778495,https://fr.getaround.com/location-voiture/saint-ouen-sur-seine/audi-a1-1778495,Audi A1 (2019),2019,Sur rendez-vous,CITADINE,SEGMENT_RULES,THERMIQUE,False,150.0,,,,Puteaux,Saint Ouen Sur Seine,Puteaux|Asnières-sur-Seine,2,502,False,False,,6740,529,13
20260801T150607,A2,v3.3-search-gps,2026-08-02T09:00,2026-08-02T20:00,1670820,https://fr.getaround.com/location-voiture/paris/peugeot-208-1670820,Peugeot 208 (2025),2025,Getaround Connect,CITADINE,SEGMENT_RULES,THERMIQUE,False,116.0,,3.16,32,Puteaux,Paris,Puteaux|Asnières-sur-Seine,2,503,False,False,,8600,529,13
20260801T150607,A2,v3.3-search-gps,2026-08-02T09:00,2026-08-02T20:00,1206743,https://fr.getaround.com/location-voiture/paris/mercedes-benz-classe-a-1206743,Mercedes-Benz Classe A (2018),2018,Sur rendez-vous,COMPACTE,SEGMENT_RULES,THERMIQUE,False,272.0,,,,Puteaux,Paris,Puteaux|Asnières-sur-Seine,2,504,False,False,,7020,529,13
20260801T150607,A2,v3.3-search-gps,2026-08-02T09:00,2026-08-02T20:00,1139054,https://fr.getaround.com/location-voiture/paris/peugeot-2008-1139054,Peugeot 2008 (2021),2021,Getaround Connect,SUV_COMPACT,SEGMENT_RULES,THERMIQUE,False,101.0,,3.69,72,Asnières-sur-Seine,Paris,Asnières-sur-Seine,1,504,False,False,,10550,955,23
20260801T150607,A2,v3.3-search-gps,2026-08-02T09:00,2026-08-02T20:00,1172994,https://fr.getaround.com/location-voiture/courbevoie/dacia-lodgy-1172994,Dacia Lodgy (2014),2014,Sur rendez-vous,MONOSPACE,SEGMENT_RULES,THERMIQUE,False,109.0,,1.0,1,Puteaux,Courbevoie,Puteaux|Asnières-sur-Seine,2,505,False,False,,3390,529,13
20260801T150607,A2,v3.3-search-gps,2026-08-02T09:00,2026-08-02T20:00,1669350,https://fr.getaround.com/location-voiture/paris/toyota-c-hr-hybrid-1669350,Toyota C-HR Hybrid (2016),2016,Sur rendez-vous,SUV_COMPACT,SEGMENT_RULES,HYBRIDE,False,126.0,,,,Puteaux,Paris,Puteaux|Asnières-sur-Seine,2,506,False,False,,8090,529,13
20260801T150607,A2,v3.3-search-gps,2026-08-02T09:00,2026-08-02T20:00,1550955,https://fr.getaround.com/location-voiture/paris/toyota-yaris-1550955,Toyota Yaris (2016),2016,Getaround Connect,CITADINE,SEGMENT_RULES,THERMIQUE,False,128.0,,4.92,26,Asnières-sur-Seine,Paris,Asnières-sur-Seine,1,506,False,False,,10320,955,23
20260801T150607,A2,v3.3-search-gps,2026-08-02T09:00,2026-08-02T20:00,152547,https://fr.getaround.com/location-voiture/paris/citroen-ds20-152547,Citroen DS20 (1973),1973,Sur rendez-vous,COLLECTION,SEGMENT_RULES,THERMIQUE,False,415.0,,5.0,1,Puteaux,Paris,Puteaux|Asnières-sur-Seine,2,507,False,False,,7450,529,13
20260801T150607,A2,v3.3-search-gps,2026-08-02T09:00,2026-08-02T20:00,1540612,https://fr.getaround.com/location-voiture/paris/mercedes-benz-classe-c-coupe-1540612,Mercedes-Benz Classe C Coupé (2013),2013,Sur rendez-vous,BERLINE,SEGMENT_RULES,THERMIQUE,False,146.0,,5.0,2,Asnières-sur-Seine,Paris,Asnières-sur-Seine,1,507,False,False,,9000,955,23
20260801T150607,A2,v3.3-search-gps,2026-08-02T09:00,2026-08-02T20:00,948339,https://fr.getaround.com/location-voiture/paris/nissan-qashqai-948339,Nissan Qashqai (2016),2016,Sur rendez-vous,SUV_COMPACT,SEGMENT_RULES,THERMIQUE,False,135.0,,5.0,3,Puteaux,Paris,Puteaux|Asnières-sur-Seine,2,508,False,False,,8109,529,13
20260801T150607,A2,v3.3-search-gps,2026-08-02T09:00,2026-08-02T20:00,1170932,https://fr.getaround.com/location-voiture/boulogne-billancourt/renault-kadjar-1170932,Renault Kadjar (2017),2017,Sur rendez-vous,SUV_FAMILIAL,SEGMENT_RULES,THERMIQUE,False,143.0,,,,Puteaux,Boulogne Billancourt,Puteaux|Asnières-sur-Seine,2,509,False,False,,5930,529,13
20260801T150607,A2,v3.3-search-gps,2026-08-02T09:00,2026-08-02T20:00,1859405,https://fr.getaround.com/location-voiture/paris/renault-clio-e-tech-1859405,Renault Clio E-tech (2025),2025,Sur rendez-vous,CITADINE,SEGMENT_RULES,ELECTRIQUE,False,102.0,,5.0,1,Asnières-sur-Seine,Paris,Asnières-sur-Seine,1,509,False,False,,10390,955,23
20260801T150607,A2,v3.3-search-gps,2026-08-02T09:00,2026-08-02T20:00,1425352,https://fr.getaround.com/location-voiture/paris/renault-latitude-1425352,Renault Latitude (2011),2011,Sur rendez-vous,BERLINE,SEGMENT_RULES,THERMIQUE,False,99.0,,2.0,1,Puteaux,Paris,Puteaux|Asnières-sur-Seine,2,510,False,False,,6720,529,13
20260801T150607,A2,v3.3-search-gps,2026-08-02T09:00,2026-08-02T20:00,1496379,https://fr.getaround.com/location-voiture/vaucresson/renault-scenic-1496379,Renault Scenic (2020),2020,Sur rendez-vous,MONOSPACE,SEGMENT_RULES,THERMIQUE,False,93.0,,,,Puteaux,Vaucresson,Puteaux,1,511,False,False,,8450,529,13
20260801T150607,A2,v3.3-search-gps,2026-08-02T09:00,2026-08-02T20:00,1830627,https://fr.getaround.com/location-voiture/paris/bmw-serie-1-1830627,BMW Série 1 (2019),2019,Sur rendez-vous,COMPACTE,SEGMENT_RULES,THERMIQUE,False,89.0,,5.0,1,Asnières-sur-Seine,Paris,Asnières-sur-Seine,1,511,False,False,,4590,955,23
20260801T150607,A2,v3.3-search-gps,2026-08-02T09:00,2026-08-02T20:00,1461269,https://fr.getaround.com/location-voiture/paris/mercedes-benz-classe-a-1461269,Mercedes-Benz Classe A (2017),2017,Sur rendez-vous,COMPACTE,SEGMENT_RULES,THERMIQUE,False,150.0,,5.0,7,Asnières-sur-Seine,Paris,Asnières-sur-Seine,1,512,False,False,,10600,955,23
20260801T150607,A2,v3.3-search-gps,2026-08-02T09:00,2026-08-02T20:00,1698708,https://fr.getaround.com/location-voiture/paris/renault-zoe-1698708,Renault ZOE (2019),2019,Getaround Connect,CITADINE,SEGMENT_RULES,ELECTRIQUE,False,95.0,,4.0,5,Puteaux,Paris,Puteaux|Asnières-sur-Seine,2,513,False,False,,5870,529,13
20260801T150607,A2,v3.3-search-gps,2026-08-02T09:00,2026-08-02T20:00,1823081,https://fr.getaround.com/location-voiture/la-courneuve/audi-a1-sportback-1823081,Audi A1 Sportback (2012),2012,Sur rendez-vous,CITADINE,SEGMENT_RULES,THERMIQUE,False,114.0,,,,Asnières-sur-Seine,La Courneuve,Asnières-sur-Seine,1,513,False,False,,6840,955,23
20260801T150607,A2,v3.3-search-gps,2026-08-02T09:00,2026-08-02T20:00,1481047,https://fr.getaround.com/location-voiture/sartrouville/bmw-x1-1481047,BMW X1 (2017),2017,Sur rendez-vous,SUV_FAMILIAL,SEGMENT_RULES,THERMIQUE,False,211.0,,,,Puteaux,Sartrouville,Puteaux|Asnières-sur-Seine,2,514,False,False,,7220,529,13
20260801T150607,A2,v3.3-search-gps,2026-08-02T09:00,2026-08-02T20:00,1796631,https://fr.getaround.com/location-voiture/paris/mg-hs-phev-1796631,MG HS PHEV (2025),2025,Sur rendez-vous,SUV_FAMILIAL,SEGMENT_RULES,THERMIQUE,False,153.0,,,,Asnières-sur-Seine,Paris,Asnières-sur-Seine,1,514,False,False,,7170,955,23
20260801T150607,A2,v3.3-search-gps,2026-08-02T09:00,2026-08-02T20:00,1638372,https://fr.getaround.com/location-voiture/paris/peugeot-308-sw-1638372,Peugeot 308 SW (2019),2019,Sur rendez-vous,BREAK,SEGMENT_RULES,THERMIQUE,False,259.0,,,,Puteaux,Paris,Puteaux|Asnières-sur-Seine,2,515,False,False,,7530,529,13
20260801T150607,A2,v3.3-search-gps,2026-08-02T09:00,2026-08-02T20:00,1400060,https://fr.getaround.com/location-voiture/paris/ford-fiesta-1400060,Ford Fiesta (2024),2024,Getaround Connect,CITADINE,SEGMENT_RULES,THERMIQUE,False,105.0,,4.47,17,Asnières-sur-Seine,Paris,Asnières-sur-Seine,1,515,False,False,,12080,955,23
20260801T150607,A2,v3.3-search-gps,2026-08-02T09:00,2026-08-02T20:00,1439231,https://fr.getaround.com/location-voiture/paris/citroen-c3-1439231,Citroen C3 (2011),2011,Sur rendez-vous,CITADINE,SEGMENT_RULES,THERMIQUE,False,121.0,,,,Puteaux,Paris,Puteaux|Asnières-sur-Seine,2,516,False,False,,6930,529,13
20260801T150607,A2,v3.3-search-gps,2026-08-02T09:00,2026-08-02T20:00,1642474,https://fr.getaround.com/location-voiture/rueil-malmaison/peugeot-208-1642474,Peugeot 208 (2018),2018,Sur rendez-vous,CITADINE,SEGMENT_RULES,THERMIQUE,False,86.0,,1.0,1,Puteaux,Rueil Malmaison,Puteaux|Asnières-sur-Seine,2,517,False,False,,4190,529,13
20260801T150607,A2,v3.3-search-gps,2026-08-02T09:00,2026-08-02T20:00,1925598,https://fr.getaround.com/location-voiture/montigny-les-cormeilles/peugeot-208-societe-1925598,Peugeot 208 Société (2016),2016,Sur rendez-vous,CITADINE,SEGMENT_RULES,THERMIQUE,False,81.0,,,,Asnières-sur-Seine,Montigny Les Cormeilles,Asnières-sur-Seine,1,517,False,False,,10420,955,23
20260801T150607,A2,v3.3-search-gps,2026-08-02T09:00,2026-08-02T20:00,1613206,https://fr.getaround.com/location-voiture/paris/tesla-model-y-long-range-1613206,Tesla Model Y Long Range (2024),2024,Sur rendez-vous,SUV_FAMILIAL,SEGMENT_RULES,ELECTRIQUE,False,236.0,,4.0,1,Puteaux,Paris,Puteaux|Asnières-sur-Seine,2,518,False,False,,5400,529,13
20260801T150607,A2,v3.3-search-gps,2026-08-02T09:00,2026-08-02T20:00,1644084,https://fr.getaround.com/location-voiture/paris/citroen-c4-grand-spacetourer-1644084,Citroen C4 Grand Spacetourer (2020),2020,Getaround Connect,COMPACTE,SEGMENT_RULES,THERMIQUE,False,129.0,,3.56,41,Asnières-sur-Seine,Paris,Asnières-sur-Seine,1,518,False,False,,9990,955,23
20260801T150607,A2,v3.3-search-gps,2026-08-02T09:00,2026-08-02T20:00,1215008,https://fr.getaround.com/location-voiture/villeneuve-la-garenne/peugeot-308-1215008,Peugeot 308 (2017),2017,Sur rendez-vous,COMPACTE,SEGMENT_RULES,THERMIQUE,False,133.0,,5.0,1,Puteaux,Villeneuve La Garenne,Puteaux|Asnières-sur-Seine,2,519,False,False,,8950,529,13
20260801T150607,A2,v3.3-search-gps,2026-08-02T09:00,2026-08-02T20:00,1911916,https://fr.getaround.com/location-voiture/gennevilliers/peugeot-308-1911916,Peugeot 308 (2018),2018,Sur rendez-vous,COMPACTE,SEGMENT_RULES,THERMIQUE,False,86.0,,,,Puteaux,Gennevilliers,Puteaux|Asnières-sur-Seine,2,520,False,False,,6790,529,13
20260801T150607,A2,v3.3-search-gps,2026-08-02T09:00,2026-08-02T20:00,1365442,https://fr.getaround.com/location-voiture/deuil-la-barre/renault-twingo-iii-1365442,Renault Twingo III (2017),2017,Sur rendez-vous,CITADINE,SEGMENT_RULES,THERMIQUE,False,82.0,,5.0,1,Asnières-sur-Seine,Deuil La Barre,Asnières-sur-Seine,1,520,False,False,,5560,955,23
20260801T150607,A2,v3.3-search-gps,2026-08-02T09:00,2026-08-02T20:00,1682168,https://fr.getaround.com/location-voiture/paris/bmw-serie-1-1682168,BMW Série 1 (2025),2025,Sur rendez-vous,COMPACTE,SEGMENT_RULES,THERMIQUE,False,177.0,,1.0,1,Puteaux,Paris,Puteaux|Asnières-sur-Seine,2,521,False,False,,7550,529,13
20260801T150607,A2,v3.3-search-gps,2026-08-02T09:00,2026-08-02T20:00,1803883,https://fr.getaround.com/location-voiture/houilles/peugeot-2008-1803883,Peugeot 2008 (2024),2024,Sur rendez-vous,SUV_COMPACT,SEGMENT_RULES,THERMIQUE,False,118.0,,1.0,1,Puteaux,Houilles,Puteaux|Asnières-sur-Seine,2,522,False,False,,5860,529,13
20260801T150607,A2,v3.3-search-gps,2026-08-02T09:00,2026-08-02T20:00,1852566,https://fr.getaround.com/location-voiture/paris/renault-megane-1852566,Renault Mégane (2020),2020,Sur rendez-vous,COMPACTE,SEGMENT_RULES,THERMIQUE,False,162.0,,,,Puteaux,Paris,Puteaux|Asnières-sur-Seine,2,523,False,False,,6720,529,13
20260801T150607,A2,v3.3-search-gps,2026-08-02T09:00,2026-08-02T20:00,1873155,https://fr.getaround.com/location-voiture/paris/peugeot-208-1873155,Peugeot 208 (2022),2022,Getaround Connect,CITADINE,SEGMENT_RULES,THERMIQUE,False,145.0,,4.64,11,Asnières-sur-Seine,Paris,Asnières-sur-Seine,1,523,False,False,,9230,955,23
20260801T150607,A2,v3.3-search-gps,2026-08-02T09:00,2026-08-02T20:00,1376313,https://fr.getaround.com/location-voiture/paris/mini-cooper-f56-1376313,Mini Cooper F56 (2016),2016,Sur rendez-vous,CITADINE,SEGMENT_RULES,THERMIQUE,False,115.0,,1.0,1,Puteaux,Paris,Puteaux,1,524,False,False,,9390,529,13
20260801T150607,A2,v3.3-search-gps,2026-08-02T09:00,2026-08-02T20:00,1671367,https://fr.getaround.com/location-voiture/paris/peugeot-308-1671367,Peugeot 308 (2020),2020,Getaround Connect,COMPACTE,SEGMENT_RULES,THERMIQUE,False,89.0,,3.45,20,Asnières-sur-Seine,Paris,Asnières-sur-Seine,1,524,False,False,,9090,955,23
20260801T150607,A2,v3.3-search-gps,2026-08-02T09:00,2026-08-02T20:00,1258420,https://fr.getaround.com/location-voiture/rueil-malmaison/volkswagen-polo-1258420,Volkswagen Polo (2014),2014,Sur rendez-vous,CITADINE,SEGMENT_RULES,THERMIQUE,False,87.0,,1.0,1,Puteaux,Rueil Malmaison,Puteaux|Asnières-sur-Seine,2,525,False,False,,5350,529,13
20260801T150607,A2,v3.3-search-gps,2026-08-02T09:00,2026-08-02T20:00,982570,https://fr.getaround.com/location-voiture/paris/toyota-yaris-hybride-982570,Toyota Yaris Hybride (2022),2022,Sur rendez-vous,CITADINE,SEGMENT_RULES,HYBRIDE,False,96.0,,3.67,3,Puteaux,Paris,Puteaux|Asnières-sur-Seine,2,526,False,False,,6420,529,13
20260801T150607,A2,v3.3-search-gps,2026-08-02T09:00,2026-08-02T20:00,1671722,https://fr.getaround.com/location-voiture/paris/renault-zoe-1671722,Renault ZOE (2019),2019,Getaround Connect,CITADINE,SEGMENT_RULES,ELECTRIQUE,False,112.0,,2.25,4,Puteaux,Paris,Puteaux|Asnières-sur-Seine,2,527,False,False,,6020,529,13
20260801T150607,A2,v3.3-search-gps,2026-08-02T09:00,2026-08-02T20:00,1857107,https://fr.getaround.com/location-voiture/paris/renault-grand-scenic-1857107,Renault Grand Scenic (2015),2015,Getaround Connect,MONOSPACE,SEGMENT_RULES,THERMIQUE,False,174.0,,5.0,6,Asnières-sur-Seine,Paris,Asnières-sur-Seine,1,527,False,False,,10010,955,23
20260801T150607,A2,v3.3-search-gps,2026-08-02T09:00,2026-08-02T20:00,1501900,https://fr.getaround.com/location-voiture/paris/peugeot-5008-1501900,Peugeot 5008 (2020),2020,Sur rendez-vous,MONOSPACE,SEGMENT_RULES,THERMIQUE,False,323.0,,1.0,1,Puteaux,Paris,Puteaux|Asnières-sur-Seine,2,528,False,False,,5540,529,13
20260801T150607,A2,v3.3-search-gps,2026-08-02T09:00,2026-08-02T20:00,1533823,https://fr.getaround.com/location-voiture/paris/peugeot-308-1533823,Peugeot 308 (2019),2019,Sur rendez-vous,COMPACTE,SEGMENT_RULES,THERMIQUE,False,98.0,,3.29,7,Puteaux,Paris,Puteaux|Asnières-sur-Seine,2,529,False,False,,6920,529,13
20260801T150607,A2,v3.3-search-gps,2026-08-02T09:00,2026-08-02T20:00,1938147,https://fr.getaround.com/location-voiture/saint-denis/peugeot-308-gt-1938147,Peugeot 308 GT (2023),2023,Sur rendez-vous,COMPACTE,SEGMENT_RULES,THERMIQUE,False,129.0,,,,Asnières-sur-Seine,Saint Denis,Asnières-sur-Seine,1,531,False,False,,5330,955,23
20260801T150607,A2,v3.3-search-gps,2026-08-02T09:00,2026-08-02T20:00,1926987,https://fr.getaround.com/location-voiture/paris/kia-e-niro-1926987,Kia e-Niro (2020),2020,Sur rendez-vous,SUV_COMPACT,SEGMENT_RULES,HYBRIDE,False,139.0,,,,Asnières-sur-Seine,Paris,Asnières-sur-Seine,1,532,False,False,,10940,955,23
20260801T150607,A2,v3.3-search-gps,2026-08-02T09:00,2026-08-02T20:00,1221537,https://fr.getaround.com/location-voiture/paris/citroen-c4-spacetourer-1221537,Citroen C4 Spacetourer (2019),2019,Sur rendez-vous,COMPACTE,SEGMENT_RULES,THERMIQUE,False,109.0,,4.44,16,Asnières-sur-Seine,Paris,Asnières-sur-Seine,1,533,False,False,,6570,955,23
20260801T150607,A2,v3.3-search-gps,2026-08-02T09:00,2026-08-02T20:00,689358,https://fr.getaround.com/location-voiture/paris/renault-clio-estate-689358,Renault Clio Estate (2018),2018,Getaround Connect,BREAK,SEGMENT_RULES,THERMIQUE,False,89.0,,3.9,157,Asnières-sur-Seine,Paris,Asnières-sur-Seine,1,534,False,False,,10670,955,23
20260801T150607,A2,v3.3-search-gps,2026-08-02T09:00,2026-08-02T20:00,1946341,https://fr.getaround.com/location-voiture/sarcelles/nissan-qashqai-2-1946341,Nissan Qashqai+2 (2013),2013,Sur rendez-vous,SUV_COMPACT,SEGMENT_RULES,THERMIQUE,False,84.0,,,,Asnières-sur-Seine,Sarcelles,Asnières-sur-Seine,1,535,False,False,,9490,955,23
20260801T150607,A2,v3.3-search-gps,2026-08-02T09:00,2026-08-02T20:00,1768760,https://fr.getaround.com/location-voiture/paris/tesla-model-y-1768760,Tesla Model Y (2022),2022,Sur rendez-vous,SUV_FAMILIAL,SEGMENT_RULES,ELECTRIQUE,False,173.0,,,,Asnières-sur-Seine,Paris,Asnières-sur-Seine,1,536,False,False,,5550,955,23
20260801T150607,A2,v3.3-search-gps,2026-08-02T09:00,2026-08-02T20:00,1537618,https://fr.getaround.com/location-voiture/maisons-laffitte/citroen-c3-aircross-1537618,Citroen C3 Aircross (2019),2019,Sur rendez-vous,CITADINE,SEGMENT_RULES,THERMIQUE,False,100.0,,5.0,1,Asnières-sur-Seine,Maisons Laffitte,Asnières-sur-Seine,1,537,False,False,,10400,955,23
20260801T150607,A2,v3.3-search-gps,2026-08-02T09:00,2026-08-02T20:00,1709213,https://fr.getaround.com/location-voiture/paris/citroen-c4-grand-picasso-1709213,Citroen C4 Grand Picasso (2017),2017,Getaround Connect,COMPACTE,SEGMENT_RULES,THERMIQUE,False,126.0,,4.69,16,Asnières-sur-Seine,Paris,Asnières-sur-Seine,1,538,False,False,,11080,955,23
20260801T150607,A2,v3.3-search-gps,2026-08-02T09:00,2026-08-02T20:00,1308622,https://fr.getaround.com/location-voiture/paris/renault-twingo-iii-1308622,Renault Twingo III (2019),2019,Sur rendez-vous,CITADINE,SEGMENT_RULES,THERMIQUE,False,83.0,,5.0,4,Asnières-sur-Seine,Paris,Asnières-sur-Seine,1,539,False,False,,7320,955,23
20260801T150607,A2,v3.3-search-gps,2026-08-02T09:00,2026-08-02T20:00,1839966,https://fr.getaround.com/location-voiture/paris/lexus-ux-250h-1839966,Lexus UX 250h (2019),2019,Sur rendez-vous,SUV_COMPACT,SEGMENT_RULES,THERMIQUE,False,172.0,,,,Asnières-sur-Seine,Paris,Asnières-sur-Seine,1,540,False,False,,7000,955,23
20260801T150607,A2,v3.3-search-gps,2026-08-02T09:00,2026-08-02T20:00,1769264,https://fr.getaround.com/location-voiture/soisy-sous-montmorency/fiat-500-1769264,Fiat 500 (2020),2020,Sur rendez-vous,CITADINE,SEGMENT_RULES,THERMIQUE,False,67.0,,5.0,1,Asnières-sur-Seine,Soisy Sous Montmorency,Asnières-sur-Seine,1,542,False,False,,8290,955,23
20260801T150607,A2,v3.3-search-gps,2026-08-02T09:00,2026-08-02T20:00,1553665,https://fr.getaround.com/location-voiture/argenteuil/renault-clio-1553665,Renault Clio (2020),2020,Sur rendez-vous,CITADINE,SEGMENT_RULES,THERMIQUE,False,94.0,,,,Asnières-sur-Seine,Argenteuil,Asnières-sur-Seine,1,545,False,False,,4420,955,23
20260801T150607,A2,v3.3-search-gps,2026-08-02T09:00,2026-08-02T20:00,1682097,https://fr.getaround.com/location-voiture/paris/peugeot-308-1682097,Peugeot 308 (2020),2020,Getaround Connect,COMPACTE,SEGMENT_RULES,THERMIQUE,False,89.0,,3.87,31,Asnières-sur-Seine,Paris,Asnières-sur-Seine,1,546,False,False,,12430,955,23
20260801T150607,A2,v3.3-search-gps,2026-08-02T09:00,2026-08-02T20:00,1707041,https://fr.getaround.com/location-voiture/paris/renault-clio-1707041,Renault Clio (2013),2013,Sur rendez-vous,CITADINE,SEGMENT_RULES,THERMIQUE,False,84.0,,4.5,8,Asnières-sur-Seine,Paris,Asnières-sur-Seine,1,548,False,False,,6760,955,23
20260801T150607,A2,v3.3-search-gps,2026-08-02T09:00,2026-08-02T20:00,1259582,https://fr.getaround.com/location-voiture/paris/peugeot-2008-1259582,Peugeot 2008 (2023),2023,Getaround Connect,SUV_COMPACT,SEGMENT_RULES,THERMIQUE,False,138.0,,4.6,57,Asnières-sur-Seine,Paris,Asnières-sur-Seine,1,549,False,False,,10080,955,23
20260801T150607,A2,v3.3-search-gps,2026-08-02T09:00,2026-08-02T20:00,660000,https://fr.getaround.com/location-voiture/paris/opel-agila-660000,Opel Agila (2011),2011,Getaround Connect,CITADINE,SEGMENT_RULES,THERMIQUE,False,85.0,,3.77,65,Asnières-sur-Seine,Paris,Asnières-sur-Seine,1,550,False,False,,7040,955,23
20260801T150607,A2,v3.3-search-gps,2026-08-02T09:00,2026-08-02T20:00,1631658,https://fr.getaround.com/location-voiture/paris/opel-corsa-1631658,Opel Corsa (2024),2024,Getaround Connect,CITADINE,SEGMENT_RULES,THERMIQUE,False,121.0,,4.76,34,Asnières-sur-Seine,Paris,Asnières-sur-Seine,1,551,False,False,,10700,955,23
20260801T150607,A2,v3.3-search-gps,2026-08-02T09:00,2026-08-02T20:00,1816171,https://fr.getaround.com/location-voiture/paris/renault-zoe-1816171,Renault ZOE (2019),2019,Getaround Connect,CITADINE,SEGMENT_RULES,ELECTRIQUE,False,100.0,,5.0,6,Asnières-sur-Seine,Paris,Asnières-sur-Seine,1,554,False,False,,11160,955,23
20260801T150607,A2,v3.3-search-gps,2026-08-02T09:00,2026-08-02T20:00,1824907,https://fr.getaround.com/location-voiture/argenteuil/opel-adam-1824907,Opel Adam (2016),2016,Sur rendez-vous,CITADINE,SEGMENT_RULES,THERMIQUE,False,88.0,,,,Asnières-sur-Seine,Argenteuil,Asnières-sur-Seine,1,556,False,False,,4970,955,23
20260801T150607,A2,v3.3-search-gps,2026-08-02T09:00,2026-08-02T20:00,1817194,https://fr.getaround.com/location-voiture/villiers-le-bel/renault-captur-1817194,Renault Captur (2018),2018,Sur rendez-vous,SUV_COMPACT,SEGMENT_RULES,THERMIQUE,False,101.0,,5.0,3,Asnières-sur-Seine,Villiers Le Bel,Asnières-sur-Seine,1,558,False,False,,12270,955,23
20260801T150607,A2,v3.3-search-gps,2026-08-02T09:00,2026-08-02T20:00,1615156,https://fr.getaround.com/location-voiture/herblay-sur-seine/ford-focus-1615156,Ford Focus (2019),2019,Sur rendez-vous,COMPACTE,SEGMENT_RULES,THERMIQUE,False,96.0,,5.0,1,Asnières-sur-Seine,Herblay Sur Seine,Asnières-sur-Seine,1,559,False,False,,11700,955,23
20260801T150607,A2,v3.3-search-gps,2026-08-02T09:00,2026-08-02T20:00,1497830,https://fr.getaround.com/location-voiture/aubervilliers/peugeot-e-2008-1497830,Peugeot e-2008 (2024),2024,Sur rendez-vous,SUV_COMPACT,SEGMENT_RULES,THERMIQUE,False,117.0,,,,Asnières-sur-Seine,Aubervilliers,Asnières-sur-Seine,1,564,False,False,,7260,955,23
20260801T150607,A2,v3.3-search-gps,2026-08-02T09:00,2026-08-02T20:00,1922915,https://fr.getaround.com/location-voiture/saint-denis/tesla-model-3-standard-range-1922915,Tesla Model 3 Standard Range (2025),2025,Sur rendez-vous,BERLINE,SEGMENT_RULES,ELECTRIQUE,False,155.0,,,,Asnières-sur-Seine,Saint Denis,Asnières-sur-Seine,1,565,False,False,,5540,955,23
20260801T150607,A2,v3.3-search-gps,2026-08-02T09:00,2026-08-02T20:00,1375721,https://fr.getaround.com/location-voiture/enghien-les-bains/renault-twingo-iii-1375721,Renault Twingo III (2015),2015,Sur rendez-vous,CITADINE,SEGMENT_RULES,THERMIQUE,False,71.0,,,,Asnières-sur-Seine,Enghien Les Bains,Asnières-sur-Seine,1,566,False,False,,6070,955,23
20260801T150607,A2,v3.3-search-gps,2026-08-02T09:00,2026-08-02T20:00,1800198,https://fr.getaround.com/location-voiture/paris/renault-zoe-1800198,Renault ZOE (2018),2018,Getaround Connect,CITADINE,SEGMENT_RULES,ELECTRIQUE,False,112.0,,5.0,9,Asnières-sur-Seine,Paris,Asnières-sur-Seine,1,567,False,False,,8950,955,23
20260801T150607,A2,v3.3-search-gps,2026-08-02T09:00,2026-08-02T20:00,1255203,https://fr.getaround.com/location-voiture/pierrefitte-sur-seine/toyota-yaris-cross-1255203,Toyota Yaris Cross (2023),2023,Sur rendez-vous,SUV_COMPACT,SEGMENT_RULES,THERMIQUE,False,108.0,,5.0,11,Asnières-sur-Seine,Pierrefitte Sur Seine,Asnières-sur-Seine,1,571,False,False,,8039,955,23
20260801T150607,A2,v3.3-search-gps,2026-08-02T09:00,2026-08-02T20:00,344887,https://fr.getaround.com/location-voiture/sarcelles/renault-clio-societe-344887,Renault Clio Société (2011),2011,Sur rendez-vous,CITADINE,SEGMENT_RULES,THERMIQUE,False,52.0,,5.0,1,Asnières-sur-Seine,Sarcelles,Asnières-sur-Seine,1,572,False,False,,11370,955,23
20260801T150607,A2,v3.3-search-gps,2026-08-02T09:00,2026-08-02T20:00,1460694,https://fr.getaround.com/location-voiture/paris/audi-a3-sportback-1460694,Audi A3 Sportback (2020),2020,Sur rendez-vous,COMPACTE,SEGMENT_RULES,THERMIQUE,False,112.0,,4.68,19,Asnières-sur-Seine,Paris,Asnières-sur-Seine,1,573,False,False,,10710,955,23
20260801T150607,A2,v3.3-search-gps,2026-08-02T09:00,2026-08-02T20:00,1916099,https://fr.getaround.com/location-voiture/epinay-sur-seine/mini-cooper-5-portes-1916099,Mini Cooper 5 portes (2020),2020,Sur rendez-vous,CITADINE,SEGMENT_RULES,THERMIQUE,False,89.0,,,,Asnières-sur-Seine,Epinay Sur Seine,Asnières-sur-Seine,1,577,False,False,,5270,955,23
20260801T150607,A2,v3.3-search-gps,2026-08-02T09:00,2026-08-02T20:00,1790976,https://fr.getaround.com/location-voiture/sartrouville/toyota-yaris-1790976,Toyota Yaris (2012),2012,Sur rendez-vous,CITADINE,SEGMENT_RULES,THERMIQUE,False,59.0,,,,Asnières-sur-Seine,Sartrouville,Asnières-sur-Seine,1,579,False,False,,7160,955,23
20260801T150607,A2,v3.3-search-gps,2026-08-02T09:00,2026-08-02T20:00,1357745,https://fr.getaround.com/location-voiture/paris/peugeot-2008-1357745,Peugeot 2008 (2023),2023,Getaround Connect,SUV_COMPACT,SEGMENT_RULES,THERMIQUE,False,117.0,,4.31,54,Asnières-sur-Seine,Paris,Asnières-sur-Seine,1,582,False,False,,11270,955,23
20260801T150607,A2,v3.3-search-gps,2026-08-02T09:00,2026-08-02T20:00,1639631,https://fr.getaround.com/location-voiture/paris/renault-austral-e-tech-full-hybrid-1639631,Renault Austral E-Tech full hybrid (2024),2024,Sur rendez-vous,SUV_FAMILIAL,SEGMENT_RULES,ELECTRIQUE,False,177.0,,,,Asnières-sur-Seine,Paris,Asnières-sur-Seine,1,585,False,False,,6320,955,23
20260801T150607,A2,v3.3-search-gps,2026-08-02T09:00,2026-08-02T20:00,1940416,https://fr.getaround.com/location-voiture/saint-gratien/kia-stonic-1940416,Kia Stonic (2023),2023,Sur rendez-vous,NON_CLASSE,SEGMENT_RULES,THERMIQUE,False,114.0,,,,Asnières-sur-Seine,Saint Gratien,Asnières-sur-Seine,1,586,False,False,,5190,955,23
20260801T150607,A2,v3.3-search-gps,2026-08-02T09:00,2026-08-02T20:00,1645947,https://fr.getaround.com/location-voiture/franconville/cupra-formentor-1645947,Cupra Formentor (2025),2025,Sur rendez-vous,SUV_COMPACT,SEGMENT_RULES,THERMIQUE,False,155.0,,,,Asnières-sur-Seine,Franconville,Asnières-sur-Seine,1,590,False,False,,9290,955,23
20260801T150607,A2,v3.3-search-gps,2026-08-02T09:00,2026-08-02T20:00,1604293,https://fr.getaround.com/location-voiture/villiers-le-bel/toyota-c-hr-1604293,Toyota C-HR (2019),2019,Sur rendez-vous,SUV_COMPACT,SEGMENT_RULES,THERMIQUE,False,74.0,,5.0,1,Asnières-sur-Seine,Villiers Le Bel,Asnières-sur-Seine,1,592,False,False,,12740,955,23
20260801T150607,A2,v3.3-search-gps,2026-08-02T09:00,2026-08-02T20:00,1730784,https://fr.getaround.com/location-voiture/paris/peugeot-208-1730784,Peugeot 208 (2024),2024,Getaround Connect,CITADINE,SEGMENT_RULES,THERMIQUE,False,139.0,,4.98,42,Asnières-sur-Seine,Paris,Asnières-sur-Seine,1,593,False,False,,11220,955,23
20260801T150607,A2,v3.3-search-gps,2026-08-02T09:00,2026-08-02T20:00,1564860,https://fr.getaround.com/location-voiture/paris/volkswagen-golf-1564860,Volkswagen Golf (2012),2012,Sur rendez-vous,COMPACTE,SEGMENT_RULES,THERMIQUE,False,100.0,,,,Asnières-sur-Seine,Paris,Asnières-sur-Seine,1,595,False,False,,7710,955,23
20260801T150607,A2,v3.3-search-gps,2026-08-02T09:00,2026-08-02T20:00,1909179,https://fr.getaround.com/location-voiture/garges-les-gonesse/peugeot-5008-1909179,Peugeot 5008 (2019),2019,Sur rendez-vous,MONOSPACE,SEGMENT_RULES,THERMIQUE,False,158.0,,,,Asnières-sur-Seine,Garges Les Gonesse,Asnières-sur-Seine,1,596,False,False,,10180,955,23
20260801T150607,A2,v3.3-search-gps,2026-08-02T09:00,2026-08-02T20:00,1628212,https://fr.getaround.com/location-voiture/paris/renault-megane-estate-1628212,Renault Mégane Estate (2014),2014,Sur rendez-vous,BREAK,SEGMENT_RULES,THERMIQUE,False,96.0,,4.95,10,Asnières-sur-Seine,Paris,Asnières-sur-Seine,1,597,False,False,,6330,955,23
20260801T150607,A2,v3.3-search-gps,2026-08-02T09:00,2026-08-02T20:00,1919963,https://fr.getaround.com/location-voiture/herblay-sur-seine/peugeot-2008-1919963,Peugeot 2008 (2020),2020,Sur rendez-vous,SUV_COMPACT,SEGMENT_RULES,THERMIQUE,False,111.0,,5.0,2,Asnières-sur-Seine,Herblay Sur Seine,Asnières-sur-Seine,1,600,False,False,,12340,955,23
20260801T150607,A2,v3.3-search-gps,2026-08-02T09:00,2026-08-02T20:00,1437783,https://fr.getaround.com/location-voiture/paris/ds-3-1437783,DS 3 (2019),2019,Sur rendez-vous,CITADINE,SEGMENT_RULES,THERMIQUE,False,122.0,,,,Asnières-sur-Seine,Paris,Asnières-sur-Seine,1,601,False,False,,7410,955,23
20260801T150607,A2,v3.3-search-gps,2026-08-02T09:00,2026-08-02T20:00,1516588,https://fr.getaround.com/location-voiture/epinay-sur-seine/renault-arkana-business-1516588,Renault Arkana Business (2021),2021,Sur rendez-vous,COMPACTE,SEGMENT_RULES,THERMIQUE,False,135.0,,4.5,1,Asnières-sur-Seine,Epinay Sur Seine,Asnières-sur-Seine,1,602,False,False,,5460,955,23
20260801T150607,A2,v3.3-search-gps,2026-08-02T09:00,2026-08-02T20:00,1630749,https://fr.getaround.com/location-voiture/paris/renault-zoe-1630749,Renault ZOE (2018),2018,Getaround Connect,CITADINE,SEGMENT_RULES,ELECTRIQUE,False,120.0,,4.92,48,Asnières-sur-Seine,Paris,Asnières-sur-Seine,1,603,False,False,,10760,955,23
20260801T150607,A2,v3.3-search-gps,2026-08-02T09:00,2026-08-02T20:00,1324423,https://fr.getaround.com/location-voiture/paris/toyota-rav-4-hybride-1324423,Toyota RAV 4 Hybride (2022),2022,Sur rendez-vous,SUV_FAMILIAL,SEGMENT_RULES,HYBRIDE,False,115.0,,5.0,1,Asnières-sur-Seine,Paris,Asnières-sur-Seine,1,605,False,False,,6050,955,23
20260801T150607,A2,v3.3-search-gps,2026-08-02T09:00,2026-08-02T20:00,1934964,https://fr.getaround.com/location-voiture/garges-les-gonesse/nissan-juke-1934964,Nissan Juke (2012),2012,Sur rendez-vous,SUV_COMPACT,SEGMENT_RULES,THERMIQUE,False,70.0,,,,Asnières-sur-Seine,Garges Les Gonesse,Asnières-sur-Seine,1,606,False,False,,10300,955,23
20260801T150607,A2,v3.3-search-gps,2026-08-02T09:00,2026-08-02T20:00,1686343,https://fr.getaround.com/location-voiture/saint-denis/toyota-c-hr-hybrid-1686343,Toyota C-HR Hybrid (2018),2018,Sur rendez-vous,SUV_COMPACT,SEGMENT_RULES,HYBRIDE,False,94.0,,5.0,4,Asnières-sur-Seine,Saint Denis,Asnières-sur-Seine,1,609,False,False,,6550,955,23
20260801T150607,A2,v3.3-search-gps,2026-08-02T09:00,2026-08-02T20:00,1936536,https://fr.getaround.com/location-voiture/eaubonne/renault-clio-1936536,Renault Clio (2024),2024,Sur rendez-vous,CITADINE,SEGMENT_RULES,THERMIQUE,False,88.0,,,,Asnières-sur-Seine,Eaubonne,Asnières-sur-Seine,1,612,False,False,,8480,955,23
20260801T150607,A2,v3.3-search-gps,2026-08-02T09:00,2026-08-02T20:00,1686094,https://fr.getaround.com/location-voiture/epinay-sur-seine/renault-megane-e-tech-electrique-1686094,Renault Mégane E-tech Électrique (2024),2024,Sur rendez-vous,COMPACTE,SEGMENT_RULES,ELECTRIQUE,False,118.0,,,,Asnières-sur-Seine,Epinay Sur Seine,Asnières-sur-Seine,1,614,False,False,,5100,955,23
20260801T150607,A2,v3.3-search-gps,2026-08-02T09:00,2026-08-02T20:00,1689742,https://fr.getaround.com/location-voiture/saint-ouen-sur-seine/dacia-sandero-stepway-1689742,Dacia Sandero Stepway (2015),2015,Sur rendez-vous,CITADINE,SEGMENT_RULES,THERMIQUE,False,90.0,,,,Asnières-sur-Seine,Saint Ouen Sur Seine,Asnières-sur-Seine,1,616,False,False,,4030,955,23
20260801T150607,A2,v3.3-search-gps,2026-08-02T09:00,2026-08-02T20:00,1691765,https://fr.getaround.com/location-voiture/argenteuil/citroen-c3-aircross-1691765,Citroen C3 Aircross (2019),2019,Sur rendez-vous,CITADINE,SEGMENT_RULES,THERMIQUE,False,113.0,,5.0,2,Asnières-sur-Seine,Argenteuil,Asnières-sur-Seine,1,618,False,False,,5420,955,23
20260801T150607,A2,v3.3-search-gps,2026-08-02T09:00,2026-08-02T20:00,1651589,https://fr.getaround.com/location-voiture/paris/volkswagen-t-roc-1651589,Volkswagen T-Roc (2024),2024,Sur rendez-vous,SUV_COMPACT,SEGMENT_RULES,THERMIQUE,False,130.0,,5.0,1,Asnières-sur-Seine,Paris,Asnières-sur-Seine,1,619,False,False,,6700,955,23
20260801T150607,A2,v3.3-search-gps,2026-08-02T09:00,2026-08-02T20:00,1714275,https://fr.getaround.com/location-voiture/herblay-sur-seine/mercedes-benz-classe-a-1714275,Mercedes-Benz Classe A (2021),2021,Sur rendez-vous,COMPACTE,SEGMENT_RULES,THERMIQUE,False,136.0,,5.0,5,Asnières-sur-Seine,Herblay Sur Seine,Asnières-sur-Seine,1,621,False,False,,12160,955,23
20260801T150607,A2,v3.3-search-gps,2026-08-02T09:00,2026-08-02T20:00,1712160,https://fr.getaround.com/location-voiture/paris/jeep-cherokee-2-0-crd-1712160,Jeep Cherokee 2.0 CRD (2014),2014,Sur rendez-vous,NON_CLASSE,SEGMENT_RULES,THERMIQUE,False,133.0,,,,Asnières-sur-Seine,Paris,Asnières-sur-Seine,1,622,False,False,,7780,955,23
20260801T150607,A2,v3.3-search-gps,2026-08-02T09:00,2026-08-02T20:00,1487613,https://fr.getaround.com/location-voiture/saint-gratien/peugeot-e-2008-1487613,Peugeot e-2008 (2024),2024,Sur rendez-vous,SUV_COMPACT,SEGMENT_RULES,THERMIQUE,False,103.0,,,,Asnières-sur-Seine,Saint Gratien,Asnières-sur-Seine,1,623,False,False,,4960,955,23
20260801T150607,A2,v3.3-search-gps,2026-08-02T09:00,2026-08-02T20:00,1769851,https://fr.getaround.com/location-voiture/pantin/peugeot-308-gt-1769851,Peugeot 308 GT (2014),2014,Sur rendez-vous,COMPACTE,SEGMENT_RULES,THERMIQUE,False,108.0,,,,Asnières-sur-Seine,Pantin,Asnières-sur-Seine,1,624,False,False,,8029,955,23
20260801T150607,A2,v3.3-search-gps,2026-08-02T09:00,2026-08-02T20:00,1820887,https://fr.getaround.com/location-voiture/cormeilles-en-parisis/toyota-c-hr-hybrid-1820887,Toyota C-HR Hybrid (2018),2018,Sur rendez-vous,SUV_COMPACT,SEGMENT_RULES,HYBRIDE,False,111.0,,,,Asnières-sur-Seine,Cormeilles En Parisis,Asnières-sur-Seine,1,625,False,False,,7930,955,23
20260801T150607,A2,v3.3-search-gps,2026-08-02T09:00,2026-08-02T20:00,1487209,https://fr.getaround.com/location-voiture/ermont/mitsubishi-asx-1487209,Mitsubishi ASX (2012),2012,Sur rendez-vous,SUV_COMPACT,SEGMENT_RULES,THERMIQUE,False,78.0,,,,Asnières-sur-Seine,Ermont,Asnières-sur-Seine,1,626,False,False,,8150,955,23
20260801T150607,A2,v3.3-search-gps,2026-08-02T09:00,2026-08-02T20:00,1928704,https://fr.getaround.com/location-voiture/garges-les-gonesse/opel-corsa-1928704,Opel Corsa (2012),2012,Sur rendez-vous,CITADINE,SEGMENT_RULES,THERMIQUE,False,84.0,,,,Asnières-sur-Seine,Garges Les Gonesse,Asnières-sur-Seine,1,627,False,False,,10840,955,23
20260801T150607,A2,v3.3-search-gps,2026-08-02T09:00,2026-08-02T20:00,1508681,https://fr.getaround.com/location-voiture/montmorency/bmw-x1-xdrive18d-1508681,BMW X1 xDrive18d (2011),2011,Sur rendez-vous,SUV_FAMILIAL,SEGMENT_RULES,THERMIQUE,False,148.0,,,,Asnières-sur-Seine,Montmorency,Asnières-sur-Seine,1,628,False,False,,6560,955,23
20260801T150607,A2,v3.3-search-gps,2026-08-02T09:00,2026-08-02T20:00,1852967,https://fr.getaround.com/location-voiture/franconville/peugeot-3008-1852967,Peugeot 3008 (2019),2019,Sur rendez-vous,SUV_FAMILIAL,SEGMENT_RULES,THERMIQUE,False,124.0,,,,Asnières-sur-Seine,Franconville,Asnières-sur-Seine,1,631,False,False,,9200,955,23
20260801T150607,A2,v3.3-search-gps,2026-08-02T09:00,2026-08-02T20:00,1822801,https://fr.getaround.com/location-voiture/garges-les-gonesse/citroen-c3-1822801,Citroen C3 (2016),2016,Sur rendez-vous,CITADINE,SEGMENT_RULES,THERMIQUE,False,89.0,,5.0,3,Asnières-sur-Seine,Garges Les Gonesse,Asnières-sur-Seine,1,632,False,False,,9900,955,23
20260801T150607,A2,v3.3-search-gps,2026-08-02T09:00,2026-08-02T20:00,1856419,https://fr.getaround.com/location-voiture/montmagny/volkswagen-polo-1856419,Volkswagen Polo (2016),2016,Sur rendez-vous,CITADINE,SEGMENT_RULES,THERMIQUE,False,82.0,,,,Asnières-sur-Seine,Montmagny,Asnières-sur-Seine,1,634,False,False,,7970,955,23
20260801T150607,A2,v3.3-search-gps,2026-08-02T09:00,2026-08-02T20:00,1721164,https://fr.getaround.com/location-voiture/paris/lexus-ux-250h-1721164,Lexus UX 250h (2022),2022,Sur rendez-vous,SUV_COMPACT,SEGMENT_RULES,THERMIQUE,False,169.0,,,,Asnières-sur-Seine,Paris,Asnières-sur-Seine,1,635,False,False,,10790,955,23
20260801T150607,A2,v3.3-search-gps,2026-08-02T09:00,2026-08-02T20:00,1618877,https://fr.getaround.com/location-voiture/pantin/toyota-yaris-1618877,Toyota Yaris (2011),2011,Sur rendez-vous,CITADINE,SEGMENT_RULES,THERMIQUE,False,93.0,,,,Asnières-sur-Seine,Pantin,Asnières-sur-Seine,1,636,False,False,,9280,955,23
20260801T150607,A2,v3.3-search-gps,2026-08-02T09:00,2026-08-02T20:00,1751924,https://fr.getaround.com/location-voiture/villetaneuse/renault-clio-1751924,Renault Clio (2020),2020,Sur rendez-vous,CITADINE,SEGMENT_RULES,THERMIQUE,False,79.0,,,,Asnières-sur-Seine,Villetaneuse,Asnières-sur-Seine,1,637,False,False,,5680,955,23
20260801T150607,A2,v3.3-search-gps,2026-08-02T09:00,2026-08-02T20:00,1799039,https://fr.getaround.com/location-voiture/paris/mercedes-benz-glc-220-d-4matic-1799039,Mercedes-Benz GLC 220 d 4MATIC (2019),2019,Sur rendez-vous,SUV_COMPACT,SEGMENT_RULES,THERMIQUE,False,314.0,,,,Asnières-sur-Seine,Paris,Asnières-sur-Seine,1,638,False,False,,12110,955,23
20260801T150607,A2,v3.3-search-gps,2026-08-02T09:00,2026-08-02T20:00,1547458,https://fr.getaround.com/location-voiture/sannois/volkswagen-tiguan-1547458,Volkswagen Tiguan (2012),2012,Sur rendez-vous,SUV_FAMILIAL,SEGMENT_RULES,THERMIQUE,False,122.0,,,,Asnières-sur-Seine,Sannois,Asnières-sur-Seine,1,639,False,False,,6400,955,23
20260801T150607,A2,v3.3-search-gps,2026-08-02T09:00,2026-08-02T20:00,1857571,https://fr.getaround.com/location-voiture/paris/mini-cooper-5-portes-1857571,Mini Cooper 5 portes (2018),2018,Sur rendez-vous,CITADINE,SEGMENT_RULES,THERMIQUE,False,106.0,,,,Asnières-sur-Seine,Paris,Asnières-sur-Seine,1,640,False,False,,11080,955,23
20260801T150607,A2,v3.3-search-gps,2026-08-02T09:00,2026-08-02T20:00,1432798,https://fr.getaround.com/location-voiture/paris/citroen-berlingo-multispace-1432798,Citroen Berlingo Multispace (2017),2017,Sur rendez-vous,MONOSPACE,SEGMENT_RULES,THERMIQUE,False,83.0,,5.0,29,Asnières-sur-Seine,Paris,Asnières-sur-Seine,1,641,False,False,,11080,955,23
20260801T150607,A2,v3.3-search-gps,2026-08-02T09:00,2026-08-02T20:00,940738,https://fr.getaround.com/location-voiture/paris/dacia-spring-940738,Dacia Spring (2020),2020,Getaround Connect,COMPACTE,SEGMENT_RULES,THERMIQUE,False,70.0,,3.61,129,Asnières-sur-Seine,Paris,Asnières-sur-Seine,1,642,False,False,,8830,955,23
20260801T150607,A2,v3.3-search-gps,2026-08-02T09:00,2026-08-02T20:00,1850926,https://fr.getaround.com/location-voiture/montigny-les-cormeilles/renault-clio-societe-1850926,Renault Clio Société (2014),2014,Sur rendez-vous,CITADINE,SEGMENT_RULES,THERMIQUE,False,58.0,,,,Asnières-sur-Seine,Montigny Les Cormeilles,Asnières-sur-Seine,1,643,False,False,,11090,955,23
20260801T150607,A2,v3.3-search-gps,2026-08-02T09:00,2026-08-02T20:00,968481,https://fr.getaround.com/location-voiture/paris/bmw-serie-5-968481,BMW Série 5 (2016),2016,Sur rendez-vous,BERLINE,SEGMENT_RULES,THERMIQUE,False,208.0,,5.0,2,Asnières-sur-Seine,Paris,Asnières-sur-Seine,1,645,False,False,,8780,955,23
20260801T150607,A2,v3.3-search-gps,2026-08-02T09:00,2026-08-02T20:00,1929623,https://fr.getaround.com/location-voiture/montmorency/renault-clio-1929623,Renault Clio (2021),2021,Sur rendez-vous,CITADINE,SEGMENT_RULES,THERMIQUE,False,110.0,,,,Asnières-sur-Seine,Montmorency,Asnières-sur-Seine,1,646,False,False,,9040,955,23
20260801T150607,A2,v3.3-search-gps,2026-08-02T09:00,2026-08-02T20:00,1631351,https://fr.getaround.com/location-voiture/paris/volkswagen-golf-1631351,Volkswagen Golf (2017),2017,Sur rendez-vous,COMPACTE,SEGMENT_RULES,THERMIQUE,False,104.0,,,,Asnières-sur-Seine,Paris,Asnières-sur-Seine,1,647,False,False,,9220,955,23
20260801T150607,A2,v3.3-search-gps,2026-08-02T09:00,2026-08-02T20:00,1856808,https://fr.getaround.com/location-voiture/deuil-la-barre/byd-seal-excellence-awd-1856808,BYD SEAL Excellence-AWD (2025),2025,Sur rendez-vous,BERLINE,SEGMENT_RULES,THERMIQUE,False,181.0,,,,Asnières-sur-Seine,Deuil La Barre,Asnières-sur-Seine,1,648,False,False,,5600,955,23
20260801T150607,A2,v3.3-search-gps,2026-08-02T09:00,2026-08-02T20:00,1840511,https://fr.getaround.com/location-voiture/saint-denis/renault-captur-1840511,Renault Captur (2020),2020,Sur rendez-vous,SUV_COMPACT,SEGMENT_RULES,THERMIQUE,False,105.0,,,,Asnières-sur-Seine,Saint Denis,Asnières-sur-Seine,1,651,False,False,,5570,955,23
20260801T150607,A2,v3.3-search-gps,2026-08-02T09:00,2026-08-02T20:00,1760761,https://fr.getaround.com/location-voiture/paris/toyota-corolla-1760761,Toyota Corolla (2019),2019,Sur rendez-vous,COMPACTE,SEGMENT_RULES,THERMIQUE,False,106.0,,5.0,1,Asnières-sur-Seine,Paris,Asnières-sur-Seine,1,656,False,False,,11860,955,23
20260801T150607,A2,v3.3-search-gps,2026-08-02T09:00,2026-08-02T20:00,1321599,https://fr.getaround.com/location-voiture/saint-denis/renault-arkana-rs-line-1321599,Renault Arkana RS Line (2023),2023,Sur rendez-vous,COMPACTE,SEGMENT_RULES,THERMIQUE,False,145.0,,,,Asnières-sur-Seine,Saint Denis,Asnières-sur-Seine,1,658,False,False,,5540,955,23
20260801T150607,A2,v3.3-search-gps,2026-08-02T09:00,2026-08-02T20:00,1775313,https://fr.getaround.com/location-voiture/ermont/peugeot-508-1775313,Peugeot 508 (2018),2018,Sur rendez-vous,BERLINE,SEGMENT_RULES,THERMIQUE,False,128.0,,,,Asnières-sur-Seine,Ermont,Asnières-sur-Seine,1,659,False,False,,9240,955,23
20260801T150607,A2,v3.3-search-gps,2026-08-02T09:00,2026-08-02T20:00,1780169,https://fr.getaround.com/location-voiture/argenteuil/volkswagen-polo-r-line-1780169,Volkswagen Polo R-Line (2022),2022,Sur rendez-vous,CITADINE,SEGMENT_RULES,THERMIQUE,False,124.0,,,,Asnières-sur-Seine,Argenteuil,Asnières-sur-Seine,1,662,False,False,,4940,955,23
20260801T150607,A2,v3.3-search-gps,2026-08-02T09:00,2026-08-02T20:00,1317765,https://fr.getaround.com/location-voiture/montmorency/fiat-500-x-1317765,Fiat 500 X (2017),2017,Sur rendez-vous,CITADINE,SEGMENT_RULES,THERMIQUE,False,109.0,,5.0,6,Asnières-sur-Seine,Montmorency,Asnières-sur-Seine,1,663,False,False,,8070,955,23
20260801T150607,A2,v3.3-search-gps,2026-08-02T09:00,2026-08-02T20:00,1915555,https://fr.getaround.com/location-voiture/cormeilles-en-parisis/jeep-renegade-1915555,Jeep Renegade (2015),2015,Sur rendez-vous,SUV_FAMILIAL,SEGMENT_RULES,THERMIQUE,False,108.0,,,,Asnières-sur-Seine,Cormeilles En Parisis,Asnières-sur-Seine,1,664,False,False,,8830,955,23
20260801T150607,A2,v3.3-search-gps,2026-08-02T09:00,2026-08-02T20:00,1723250,https://fr.getaround.com/location-voiture/cormeilles-en-parisis/mini-countryman-cooper-s-1723250,Mini Countryman Cooper S (2020),2020,Sur rendez-vous,SUV_FAMILIAL,SEGMENT_RULES,THERMIQUE,False,172.0,,,,Asnières-sur-Seine,Cormeilles En Parisis,Asnières-sur-Seine,1,674,False,False,,8990,955,23
20260801T150607,A2,v3.3-search-gps,2026-08-02T09:00,2026-08-02T20:00,1647971,https://fr.getaround.com/location-voiture/paris/renault-laguna-1647971,Renault Laguna (2014),2014,Sur rendez-vous,BERLINE,SEGMENT_RULES,THERMIQUE,False,105.0,,,,Asnières-sur-Seine,Paris,Asnières-sur-Seine,1,675,False,False,,6830,955,23
20260801T150607,A2,v3.3-search-gps,2026-08-02T09:00,2026-08-02T20:00,1902680,https://fr.getaround.com/location-voiture/franconville/renault-clio-1902680,Renault Clio (2018),2018,Sur rendez-vous,CITADINE,SEGMENT_RULES,THERMIQUE,False,91.0,,,,Asnières-sur-Seine,Franconville,Asnières-sur-Seine,1,678,False,False,,10140,955,23
20260801T150607,A2,v3.3-search-gps,2026-08-02T09:00,2026-08-02T20:00,1508005,https://fr.getaround.com/location-voiture/soisy-sous-montmorency/fiat-500-1508005,Fiat 500 (2019),2019,Sur rendez-vous,CITADINE,SEGMENT_RULES,THERMIQUE,False,86.0,,,,Asnières-sur-Seine,Soisy Sous Montmorency,Asnières-sur-Seine,1,679,False,False,,6890,955,23
20260801T150607,A2,v3.3-search-gps,2026-08-02T09:00,2026-08-02T20:00,1188348,https://fr.getaround.com/location-voiture/saint-denis/volkswagen-golf-1188348,Volkswagen Golf (2018),2018,Sur rendez-vous,COMPACTE,SEGMENT_RULES,THERMIQUE,False,112.0,,,,Asnières-sur-Seine,Saint Denis,Asnières-sur-Seine,1,680,False,False,,6320,955,23
20260801T150607,A2,v3.3-search-gps,2026-08-02T09:00,2026-08-02T20:00,1018869,https://fr.getaround.com/location-voiture/epinay-sur-seine/renault-scenic-1018869,Renault Scenic (2011),2011,Sur rendez-vous,MONOSPACE,SEGMENT_RULES,THERMIQUE,False,93.0,,,,Asnières-sur-Seine,Epinay Sur Seine,Asnières-sur-Seine,1,685,False,False,,4700,955,23
20260801T150607,A2,v3.3-search-gps,2026-08-02T09:00,2026-08-02T20:00,1757363,https://fr.getaround.com/location-voiture/epinay-sur-seine/peugeot-2008-1757363,Peugeot 2008 (2021),2021,Sur rendez-vous,SUV_COMPACT,SEGMENT_RULES,THERMIQUE,False,102.0,,,,Asnières-sur-Seine,Epinay Sur Seine,Asnières-sur-Seine,1,687,False,False,,5060,955,23
20260801T150607,A2,v3.3-search-gps,2026-08-02T09:00,2026-08-02T20:00,1290106,https://fr.getaround.com/location-voiture/argenteuil/mini-cooper-f56-1290106,Mini Cooper F56 (2018),2018,Sur rendez-vous,CITADINE,SEGMENT_RULES,THERMIQUE,False,103.0,,,,Asnières-sur-Seine,Argenteuil,Asnières-sur-Seine,1,688,False,False,,6090,955,23
20260801T150607,A2,v3.3-search-gps,2026-08-02T09:00,2026-08-02T20:00,1928072,https://fr.getaround.com/location-voiture/eaubonne/smart-fortwo-passion-1928072,Smart Fortwo Passion (2015),2015,Sur rendez-vous,MICRO_CITADINE,SEGMENT_RULES,THERMIQUE,False,97.0,,,,Asnières-sur-Seine,Eaubonne,Asnières-sur-Seine,1,689,False,False,,8690,955,23
20260801T150607,A2,v3.3-search-gps,2026-08-02T09:00,2026-08-02T20:00,1423810,https://fr.getaround.com/location-voiture/montigny-les-cormeilles/citroen-c3-1423810,Citroen C3 (2020),2020,Sur rendez-vous,CITADINE,SEGMENT_RULES,THERMIQUE,False,84.0,,,,Asnières-sur-Seine,Montigny Les Cormeilles,Asnières-sur-Seine,1,690,False,False,,10280,955,23
20260801T150607,A2,v3.3-search-gps,2026-08-02T09:00,2026-08-02T20:00,1457419,https://fr.getaround.com/location-voiture/aubervilliers/fiat-500l-1457419,Fiat 500L (2018),2018,Sur rendez-vous,COMPACTE,SEGMENT_RULES,THERMIQUE,False,107.0,,,,Asnières-sur-Seine,Aubervilliers,Asnières-sur-Seine,1,691,False,False,,8650,955,23
20260801T150607,A2,v3.3-search-gps,2026-08-02T09:00,2026-08-02T20:00,1896580,https://fr.getaround.com/location-voiture/la-courneuve/mercedes-benz-gla-250-4matic-1896580,Mercedes-Benz GLA 250 4MATIC (2016),2016,Sur rendez-vous,SUV_COMPACT,SEGMENT_RULES,THERMIQUE,False,161.0,,,,Asnières-sur-Seine,La Courneuve,Asnières-sur-Seine,1,693,False,False,,7150,955,23
20260801T150607,A2,v3.3-search-gps,2026-08-02T09:00,2026-08-02T20:00,1703213,https://fr.getaround.com/location-voiture/paris/citroen-c3-picasso-1703213,Citroen C3 Picasso (2011),2011,Sur rendez-vous,MONOSPACE,SEGMENT_RULES,THERMIQUE,False,96.0,,,,Asnières-sur-Seine,Paris,Asnières-sur-Seine,1,694,False,False,,7420,955,23
20260801T150607,A2,v3.3-search-gps,2026-08-02T09:00,2026-08-02T20:00,1680670,https://fr.getaround.com/location-voiture/cormeilles-en-parisis/renault-arkana-e-tech-1680670,Renault Arkana E-Tech (2021),2021,Sur rendez-vous,COMPACTE,SEGMENT_RULES,ELECTRIQUE,False,125.0,,,,Asnières-sur-Seine,Cormeilles En Parisis,Asnières-sur-Seine,1,695,False,False,,8830,955,23
20260801T150607,A2,v3.3-search-gps,2026-08-02T09:00,2026-08-02T20:00,1507884,https://fr.getaround.com/location-voiture/paris/volkswagen-golf-1507884,Volkswagen Golf (2019),2019,Sur rendez-vous,COMPACTE,SEGMENT_RULES,THERMIQUE,False,104.0,,,,Asnières-sur-Seine,Paris,Asnières-sur-Seine,1,696,False,False,,10450,955,23
20260801T150607,A2,v3.3-search-gps,2026-08-02T09:00,2026-08-02T20:00,1946595,https://fr.getaround.com/location-voiture/arnouville/renault-clio-1946595,Renault Clio (2017),2017,Sur rendez-vous,CITADINE,SEGMENT_RULES,THERMIQUE,False,71.0,,,,Asnières-sur-Seine,Arnouville,Asnières-sur-Seine,1,699,False,False,,12770,955,23
20260801T150607,A2,v3.3-search-gps,2026-08-02T09:00,2026-08-02T20:00,1824514,https://fr.getaround.com/location-voiture/aubervilliers/mercedes-benz-classe-b-1824514,Mercedes-Benz Classe B (2013),2013,Sur rendez-vous,MONOSPACE,SEGMENT_RULES,THERMIQUE,False,119.0,,,,Asnières-sur-Seine,Aubervilliers,Asnières-sur-Seine,1,702,False,False,,7420,955,23
20260801T150607,A2,v3.3-search-gps,2026-08-02T09:00,2026-08-02T20:00,1453853,https://fr.getaround.com/location-voiture/paris/peugeot-208-1453853,Peugeot 208 (2013),2013,Sur rendez-vous,CITADINE,SEGMENT_RULES,THERMIQUE,False,85.0,,,,Asnières-sur-Seine,Paris,Asnières-sur-Seine,1,705,False,False,,6190,955,23
20260801T150607,A2,v3.3-search-gps,2026-08-02T09:00,2026-08-02T20:00,1590110,https://fr.getaround.com/location-voiture/paris/renault-twingo-iii-1590110,Renault Twingo III (2016),2016,Getaround Connect,CITADINE,SEGMENT_RULES,THERMIQUE,False,92.0,,3.2,5,Asnières-sur-Seine,Paris,Asnières-sur-Seine,1,706,False,False,,6880,955,23
20260801T150607,A2,v3.3-search-gps,2026-08-02T09:00,2026-08-02T20:00,1934127,https://fr.getaround.com/location-voiture/bagnolet/toyota-c-hr-1934127,Toyota C-HR (2018),2018,Sur rendez-vous,SUV_COMPACT,SEGMENT_RULES,THERMIQUE,False,94.0,,,,Asnières-sur-Seine,Bagnolet,Asnières-sur-Seine,1,707,False,False,,11280,955,23
20260801T150607,A2,v3.3-search-gps,2026-08-02T09:00,2026-08-02T20:00,1265846,https://fr.getaround.com/location-voiture/sannois/toyota-corolla-hybride-1265846,Toyota Corolla Hybride (2022),2022,Sur rendez-vous,COMPACTE,SEGMENT_RULES,HYBRIDE,False,124.0,,,,Asnières-sur-Seine,Sannois,Asnières-sur-Seine,1,708,False,False,,5650,955,23
20260801T150607,A2,v3.3-search-gps,2026-08-02T09:00,2026-08-02T20:00,1910635,https://fr.getaround.com/location-voiture/paris/suzuki-ignis-1910635,Suzuki Ignis (2017),2017,Sur rendez-vous,MICRO_CITADINE,SEGMENT_RULES,THERMIQUE,False,117.0,,5.0,1,Asnières-sur-Seine,Paris,Asnières-sur-Seine,1,709,False,False,,11840,955,23
20260801T150607,A2,v3.3-search-gps,2026-08-02T09:00,2026-08-02T20:00,1708072,https://fr.getaround.com/location-voiture/epinay-sur-seine/peugeot-308-1708072,Peugeot 308 (2014),2014,Sur rendez-vous,COMPACTE,SEGMENT_RULES,THERMIQUE,False,98.0,,,,Asnières-sur-Seine,Epinay Sur Seine,Asnières-sur-Seine,1,710,False,False,,4710,955,23
20260801T150607,A2,v3.3-search-gps,2026-08-02T09:00,2026-08-02T20:00,1903503,https://fr.getaround.com/location-voiture/paris/ford-kuga-1903503,Ford Kuga (2024),2024,Sur rendez-vous,SUV_FAMILIAL,SEGMENT_RULES,THERMIQUE,False,221.0,,,,Asnières-sur-Seine,Paris,Asnières-sur-Seine,1,711,False,False,,4970,955,23
20260801T150607,A2,v3.3-search-gps,2026-08-02T09:00,2026-08-02T20:00,1821625,https://fr.getaround.com/location-voiture/groslay/peugeot-2008-1821625,Peugeot 2008 (2014),2014,Sur rendez-vous,SUV_COMPACT,SEGMENT_RULES,THERMIQUE,False,103.0,,,,Asnières-sur-Seine,Groslay,Asnières-sur-Seine,1,713,False,False,,8920,955,23
20260801T150607,A2,v3.3-search-gps,2026-08-02T09:00,2026-08-02T20:00,1664243,https://fr.getaround.com/location-voiture/saint-denis/citroen-c3-1664243,Citroen C3 (2016),2016,Sur rendez-vous,CITADINE,SEGMENT_RULES,THERMIQUE,False,84.0,,,,Asnières-sur-Seine,Saint Denis,Asnières-sur-Seine,1,714,False,False,,5820,955,23
20260801T150607,A2,v3.3-search-gps,2026-08-02T09:00,2026-08-02T20:00,1298940,https://fr.getaround.com/location-voiture/saint-denis/renault-clio-societe-1298940,Renault Clio Société (2014),2014,Sur rendez-vous,CITADINE,SEGMENT_RULES,THERMIQUE,False,75.0,,,,Asnières-sur-Seine,Saint Denis,Asnières-sur-Seine,1,716,False,False,,5580,955,23
20260801T150607,A2,v3.3-search-gps,2026-08-02T09:00,2026-08-02T20:00,1689602,https://fr.getaround.com/location-voiture/saint-denis/volkswagen-polo-1689602,Volkswagen Polo (2012),2012,Sur rendez-vous,CITADINE,SEGMENT_RULES,THERMIQUE,False,71.0,,,,Asnières-sur-Seine,Saint Denis,Asnières-sur-Seine,1,717,False,False,,6550,955,23
20260801T150607,A2,v3.3-search-gps,2026-08-02T09:00,2026-08-02T20:00,1945806,https://fr.getaround.com/location-voiture/sarcelles/toyota-c-hr-hybrid-1945806,Toyota C-HR Hybrid (2024),2024,Sur rendez-vous,SUV_COMPACT,SEGMENT_RULES,HYBRIDE,False,119.0,,,,Asnières-sur-Seine,Sarcelles,Asnières-sur-Seine,1,720,False,False,,11790,955,23
20260801T150607,A2,v3.3-search-gps,2026-08-02T09:00,2026-08-02T20:00,1740890,https://fr.getaround.com/location-voiture/garges-les-gonesse/volkswagen-polo-1740890,Volkswagen Polo (2012),2012,Sur rendez-vous,CITADINE,SEGMENT_RULES,THERMIQUE,False,83.0,,5.0,1,Asnières-sur-Seine,Garges Les Gonesse,Asnières-sur-Seine,1,721,False,False,,9420,955,23
20260801T150607,A2,v3.3-search-gps,2026-08-02T09:00,2026-08-02T20:00,1322450,https://fr.getaround.com/location-voiture/saint-denis/volkswagen-polo-1322450,Volkswagen Polo (2018),2018,Sur rendez-vous,CITADINE,SEGMENT_RULES,THERMIQUE,False,93.0,,,,Asnières-sur-Seine,Saint Denis,Asnières-sur-Seine,1,722,False,False,,5190,955,23
20260801T150607,A2,v3.3-search-gps,2026-08-02T09:00,2026-08-02T20:00,1846773,https://fr.getaround.com/location-voiture/sarcelles/kia-niro-hybride-1846773,Kia Niro Hybride (2024),2024,Sur rendez-vous,SUV_COMPACT,SEGMENT_RULES,HYBRIDE,False,139.0,,,,Asnières-sur-Seine,Sarcelles,Asnières-sur-Seine,1,723,False,False,,10300,955,23
20260801T150607,A2,v3.3-search-gps,2026-08-02T09:00,2026-08-02T20:00,1723737,https://fr.getaround.com/location-voiture/ermont/bmw-serie-3-1723737,BMW Série 3 (2017),2017,Sur rendez-vous,BERLINE,SEGMENT_RULES,THERMIQUE,False,138.0,,,,Asnières-sur-Seine,Ermont,Asnières-sur-Seine,1,725,False,False,,8380,955,23
20260801T150607,A2,v3.3-search-gps,2026-08-02T09:00,2026-08-02T20:00,1930567,https://fr.getaround.com/location-voiture/sannois/bmw-serie-1-1930567,BMW Série 1 (2024),2024,Sur rendez-vous,COMPACTE,SEGMENT_RULES,THERMIQUE,False,159.0,,,,Asnières-sur-Seine,Sannois,Asnières-sur-Seine,1,726,False,False,,5230,955,23
20260801T150607,A2,v3.3-search-gps,2026-08-02T09:00,2026-08-02T20:00,1915646,https://fr.getaround.com/location-voiture/paris/fiat-500-c-1915646,Fiat 500 C (2017),2017,Sur rendez-vous,CABRIOLET,SEGMENT_RULES,THERMIQUE,False,104.0,,,,Asnières-sur-Seine,Paris,Asnières-sur-Seine,1,727,False,False,,10590,955,23
20260801T150607,A2,v3.3-search-gps,2026-08-02T09:00,2026-08-02T20:00,1917332,https://fr.getaround.com/location-voiture/drancy/renault-clio-1917332,Renault Clio (2018),2018,Sur rendez-vous,CITADINE,SEGMENT_RULES,THERMIQUE,False,93.0,,,,Asnières-sur-Seine,Drancy,Asnières-sur-Seine,1,728,False,False,,9900,955,23
20260801T150607,A2,v3.3-search-gps,2026-08-02T09:00,2026-08-02T20:00,1264822,https://fr.getaround.com/location-voiture/paris/audi-a1-1264822,Audi A1 (2022),2022,Sur rendez-vous,CITADINE,SEGMENT_RULES,THERMIQUE,False,112.0,,,,Asnières-sur-Seine,Paris,Asnières-sur-Seine,1,729,False,False,,10710,955,23
20260801T150607,A2,v3.3-search-gps,2026-08-02T09:00,2026-08-02T20:00,1701934,https://fr.getaround.com/location-voiture/paris/citroen-c3-1701934,Citroen C3 (2011),2011,Sur rendez-vous,CITADINE,SEGMENT_RULES,THERMIQUE,False,85.0,,,,Asnières-sur-Seine,Paris,Asnières-sur-Seine,1,730,False,False,,8070,955,23
20260801T150607,A2,v3.3-search-gps,2026-08-02T09:00,2026-08-02T20:00,899805,https://fr.getaround.com/location-voiture/paris/citroen-c3-899805,Citroen C3 (2012),2012,Sur rendez-vous,CITADINE,SEGMENT_RULES,THERMIQUE,False,93.0,,,,Asnières-sur-Seine,Paris,Asnières-sur-Seine,1,733,False,False,,6260,955,23
20260801T150607,A2,v3.3-search-gps,2026-08-02T09:00,2026-08-02T20:00,1841477,https://fr.getaround.com/location-voiture/pantin/renault-megane-1841477,Renault Mégane (2017),2017,Sur rendez-vous,COMPACTE,SEGMENT_RULES,THERMIQUE,False,98.0,,,,Asnières-sur-Seine,Pantin,Asnières-sur-Seine,1,735,False,False,,8990,955,23
20260801T150607,A2,v3.3-search-gps,2026-08-02T09:00,2026-08-02T20:00,616404,https://fr.getaround.com/location-voiture/bagnolet/renault-megane-estate-616404,Renault Mégane Estate (2017),2017,Sur rendez-vous,BREAK,SEGMENT_RULES,THERMIQUE,False,89.0,,4.91,22,Asnières-sur-Seine,Bagnolet,Asnières-sur-Seine,1,737,False,False,,11070,955,23
20260801T150607,A2,v3.3-search-gps,2026-08-02T09:00,2026-08-02T20:00,1712339,https://fr.getaround.com/location-voiture/saint-denis/peugeot-308-1712339,Peugeot 308 (2024),2024,Sur rendez-vous,COMPACTE,SEGMENT_RULES,THERMIQUE,False,128.0,,,,Asnières-sur-Seine,Saint Denis,Asnières-sur-Seine,1,738,False,False,,7350,955,23
20260801T150607,A2,v3.3-search-gps,2026-08-02T09:00,2026-08-02T20:00,1112017,https://fr.getaround.com/location-voiture/pantin/nissan-juke-1112017,Nissan Juke (2011),2011,Sur rendez-vous,SUV_COMPACT,SEGMENT_RULES,THERMIQUE,False,102.0,,5.0,6,Asnières-sur-Seine,Pantin,Asnières-sur-Seine,1,739,False,False,,8720,955,23
20260801T150607,A2,v3.3-search-gps,2026-08-02T09:00,2026-08-02T20:00,1938725,https://fr.getaround.com/location-voiture/paris/renault-megane-1938725,Renault Mégane (2018),2018,Sur rendez-vous,COMPACTE,SEGMENT_RULES,THERMIQUE,False,80.0,,,,Asnières-sur-Seine,Paris,Asnières-sur-Seine,1,740,False,False,,10390,955,23
20260801T150607,A2,v3.3-search-gps,2026-08-02T09:00,2026-08-02T20:00,1558259,https://fr.getaround.com/location-voiture/saint-denis/renault-captur-1558259,Renault Captur (2017),2017,Sur rendez-vous,SUV_COMPACT,SEGMENT_RULES,THERMIQUE,False,102.0,,,,Asnières-sur-Seine,Saint Denis,Asnières-sur-Seine,1,747,False,False,,8500,955,23
20260801T150607,A2,v3.3-search-gps,2026-08-02T09:00,2026-08-02T20:00,1201408,https://fr.getaround.com/location-voiture/paris/renault-clio-1201408,Renault Clio (2023),2023,Sur rendez-vous,CITADINE,SEGMENT_RULES,THERMIQUE,False,120.0,,,,Asnières-sur-Seine,Paris,Asnières-sur-Seine,1,748,False,False,,4570,955,23
20260801T150607,A2,v3.3-search-gps,2026-08-02T09:00,2026-08-02T20:00,1513315,https://fr.getaround.com/location-voiture/saint-brice-sous-foret/citroen-c4-cactus-1513315,Citroen C4 Cactus (2017),2017,Sur rendez-vous,COMPACTE,SEGMENT_RULES,THERMIQUE,False,101.0,,,,Asnières-sur-Seine,Saint Brice Sous Foret,Asnières-sur-Seine,1,754,False,False,,10550,955,23
20260801T150607,A2,v3.3-search-gps,2026-08-02T09:00,2026-08-02T20:00,1727202,https://fr.getaround.com/location-voiture/les-lilas/citroen-c5-1727202,Citroen C5 (2012),2012,Sur rendez-vous,NON_CLASSE,SEGMENT_RULES,THERMIQUE,False,130.0,,,,Asnières-sur-Seine,Les Lilas,Asnières-sur-Seine,1,755,False,False,,10420,955,23
20260801T150607,A2,v3.3-search-gps,2026-08-02T09:00,2026-08-02T20:00,1369255,https://fr.getaround.com/location-voiture/cormeilles-en-parisis/toyota-c-hr-1369255,Toyota C-HR (2017),2017,Sur rendez-vous,SUV_COMPACT,SEGMENT_RULES,THERMIQUE,False,124.0,,,,Asnières-sur-Seine,Cormeilles En Parisis,Asnières-sur-Seine,1,757,False,False,,8830,955,23
20260801T150607,A2,v3.3-search-gps,2026-08-02T09:00,2026-08-02T20:00,861231,https://fr.getaround.com/location-voiture/paris/renault-grand-scenic-861231,Renault Grand Scenic (2010),2010,Sur rendez-vous,MONOSPACE,SEGMENT_RULES,THERMIQUE,False,133.0,,4.79,12,Asnières-sur-Seine,Paris,Asnières-sur-Seine,1,759,False,False,,8250,955,23
20260801T150607,A2,v3.3-search-gps,2026-08-02T09:00,2026-08-02T20:00,1652011,https://fr.getaround.com/location-voiture/aubervilliers/kia-xceed-1652011,Kia XCeed (2021),2021,Sur rendez-vous,COMPACTE,SEGMENT_RULES,THERMIQUE,False,127.0,,,,Asnières-sur-Seine,Aubervilliers,Asnières-sur-Seine,1,760,False,False,,7160,955,23
20260801T150607,A2,v3.3-search-gps,2026-08-02T09:00,2026-08-02T20:00,1793212,https://fr.getaround.com/location-voiture/la-frette-sur-seine/peugeot-208-1793212,Peugeot 208 (2012),2012,Sur rendez-vous,CITADINE,SEGMENT_RULES,THERMIQUE,False,61.0,,,,Asnières-sur-Seine,La Frette Sur Seine,Asnières-sur-Seine,1,761,False,False,,10870,955,23
20260801T150607,A2,v3.3-search-gps,2026-08-02T09:00,2026-08-02T20:00,836791,https://fr.getaround.com/location-voiture/paris/kia-soul-836791,Kia Soul (2012),2012,Sur rendez-vous,SUV_COMPACT,SEGMENT_RULES,THERMIQUE,False,102.0,,5.0,2,Asnières-sur-Seine,Paris,Asnières-sur-Seine,1,762,False,False,,9600,955,23
20260801T150607,A2,v3.3-search-gps,2026-08-02T09:00,2026-08-02T20:00,1371778,https://fr.getaround.com/location-voiture/la-courneuve/citroen-c1-ii-1371778,Citroen C1 II (2015),2015,Sur rendez-vous,MICRO_CITADINE,SEGMENT_RULES,THERMIQUE,False,83.0,,,,Asnières-sur-Seine,La Courneuve,Asnières-sur-Seine,1,763,False,False,,9160,955,23
20260801T150607,A2,v3.3-search-gps,2026-08-02T09:00,2026-08-02T20:00,1201409,https://fr.getaround.com/location-voiture/paris/renault-captur-1201409,Renault Captur (2023),2023,Sur rendez-vous,SUV_COMPACT,SEGMENT_RULES,THERMIQUE,False,136.0,,,,Asnières-sur-Seine,Paris,Asnières-sur-Seine,1,765,False,False,,4570,955,23
20260801T150607,A2,v3.3-search-gps,2026-08-02T09:00,2026-08-02T20:00,1598667,https://fr.getaround.com/location-voiture/la-frette-sur-seine/renault-captur-1598667,Renault Captur (2018),2018,Sur rendez-vous,SUV_COMPACT,SEGMENT_RULES,THERMIQUE,False,101.0,,4.67,6,Asnières-sur-Seine,La Frette Sur Seine,Asnières-sur-Seine,1,767,False,False,,10170,955,23
20260801T150607,A2,v3.3-search-gps,2026-08-02T09:00,2026-08-02T20:00,1890634,https://fr.getaround.com/location-voiture/groslay/mercedes-benz-classe-a-1890634,Mercedes-Benz Classe A (2019),2019,Sur rendez-vous,COMPACTE,SEGMENT_RULES,THERMIQUE,False,198.0,,,,Asnières-sur-Seine,Groslay,Asnières-sur-Seine,1,772,False,False,,9120,955,23
20260801T150607,A2,v3.3-search-gps,2026-08-02T09:00,2026-08-02T20:00,1542673,https://fr.getaround.com/location-voiture/sarcelles/peugeot-3008-1542673,Peugeot 3008 (2012),2012,Sur rendez-vous,SUV_FAMILIAL,SEGMENT_RULES,THERMIQUE,False,118.0,,,,Asnières-sur-Seine,Sarcelles,Asnières-sur-Seine,1,774,False,False,,9990,955,23
20260801T150607,A2,v3.3-search-gps,2026-08-02T09:00,2026-08-02T20:00,1463172,https://fr.getaround.com/location-voiture/eaubonne/peugeot-208-1463172,Peugeot 208 (2016),2016,Sur rendez-vous,CITADINE,SEGMENT_RULES,THERMIQUE,False,89.0,,,,Asnières-sur-Seine,Eaubonne,Asnières-sur-Seine,1,776,False,False,,8890,955,23
20260801T150607,A2,v3.3-search-gps,2026-08-02T09:00,2026-08-02T20:00,1448613,https://fr.getaround.com/location-voiture/paris/jeep-renegade-1448613,Jeep Renegade (2018),2018,Sur rendez-vous,SUV_FAMILIAL,SEGMENT_RULES,THERMIQUE,False,127.0,,,,Asnières-sur-Seine,Paris,Asnières-sur-Seine,1,778,False,False,,8810,955,23
20260801T150607,A2,v3.3-search-gps,2026-08-02T09:00,2026-08-02T20:00,1558908,https://fr.getaround.com/location-voiture/cormeilles-en-parisis/bmw-x1-1558908,BMW X1 (2012),2012,Sur rendez-vous,SUV_FAMILIAL,SEGMENT_RULES,THERMIQUE,False,145.0,,,,Asnières-sur-Seine,Cormeilles En Parisis,Asnières-sur-Seine,1,780,False,False,,8029,955,23
20260801T150607,A2,v3.3-search-gps,2026-08-02T09:00,2026-08-02T20:00,1887161,https://fr.getaround.com/location-voiture/aubervilliers/renault-clio-1887161,Renault Clio (2017),2017,Sur rendez-vous,CITADINE,SEGMENT_RULES,THERMIQUE,False,89.0,,3.0,1,Asnières-sur-Seine,Aubervilliers,Asnières-sur-Seine,1,783,False,False,,6940,955,23
20260801T150607,A2,v3.3-search-gps,2026-08-02T09:00,2026-08-02T20:00,1266818,https://fr.getaround.com/location-voiture/paris/renault-espace-1266818,Renault Espace (2019),2019,Sur rendez-vous,MONOSPACE,SEGMENT_RULES,THERMIQUE,False,224.0,,4.17,3,Asnières-sur-Seine,Paris,Asnières-sur-Seine,1,786,False,False,,8300,955,23
20260801T150607,A2,v3.3-search-gps,2026-08-02T09:00,2026-08-02T20:00,1626810,https://fr.getaround.com/location-voiture/paris/volkswagen-polo-1626810,Volkswagen Polo (2019),2019,Sur rendez-vous,CITADINE,SEGMENT_RULES,THERMIQUE,False,86.0,,,,Asnières-sur-Seine,Paris,Asnières-sur-Seine,1,789,False,False,,8900,955,23
20260801T150607,A2,v3.3-search-gps,2026-08-02T09:00,2026-08-02T20:00,1912835,https://fr.getaround.com/location-voiture/argenteuil/peugeot-e-3008-gt-1912835,Peugeot E-3008 GT (2025),2025,Sur rendez-vous,SUV_FAMILIAL,SEGMENT_RULES,THERMIQUE,False,218.0,,,,Asnières-sur-Seine,Argenteuil,Asnières-sur-Seine,1,790,False,False,,5490,955,23
20260801T150607,A2,v3.3-search-gps,2026-08-02T09:00,2026-08-02T20:00,1552298,https://fr.getaround.com/location-voiture/paris/renault-clio-rs-line-1552298,Renault Clio RS Line (2019),2019,Sur rendez-vous,CITADINE,SEGMENT_RULES,THERMIQUE,False,104.0,,,,Asnières-sur-Seine,Paris,Asnières-sur-Seine,1,792,False,False,,8440,955,23
20260801T150607,A2,v3.3-search-gps,2026-08-02T09:00,2026-08-02T20:00,1096727,https://fr.getaround.com/location-voiture/ermont/mazda-2-1096727,Mazda 2 (2013),2013,Sur rendez-vous,COMPACTE,SEGMENT_RULES,THERMIQUE,False,86.0,,,,Asnières-sur-Seine,Ermont,Asnières-sur-Seine,1,794,False,False,,7470,955,23
20260801T150607,A2,v3.3-search-gps,2026-08-02T09:00,2026-08-02T20:00,1607431,https://fr.getaround.com/location-voiture/le-plessis-bouchard/bmw-x1-1607431,BMW X1 (2012),2012,Sur rendez-vous,SUV_FAMILIAL,SEGMENT_RULES,THERMIQUE,False,135.0,,,,Asnières-sur-Seine,Le Plessis Bouchard,Asnières-sur-Seine,1,795,False,False,,9810,955,23
20260801T150607,A2,v3.3-search-gps,2026-08-02T09:00,2026-08-02T20:00,1365608,https://fr.getaround.com/location-voiture/paris/renault-austral-e-tech-full-hybrid-1365608,Renault Austral E-Tech full hybrid (2023),2023,Sur rendez-vous,SUV_FAMILIAL,SEGMENT_RULES,ELECTRIQUE,False,233.0,,,,Asnières-sur-Seine,Paris,Asnières-sur-Seine,1,796,False,False,,7010,955,23
20260801T150607,A2,v3.3-search-gps,2026-08-02T09:00,2026-08-02T20:00,1654131,https://fr.getaround.com/location-voiture/saint-denis/toyota-c-hr-hybrid-1654131,Toyota C-HR Hybrid (2019),2019,Sur rendez-vous,SUV_COMPACT,SEGMENT_RULES,HYBRIDE,False,112.0,,,,Asnières-sur-Seine,Saint Denis,Asnières-sur-Seine,1,798,False,False,,6500,955,23
20260801T150607,A2,v3.3-search-gps,2026-08-02T09:00,2026-08-02T20:00,1835621,https://fr.getaround.com/location-voiture/paris/mg-mg4-1835621,MG MG4 (2023),2023,Sur rendez-vous,COMPACTE,SEGMENT_RULES,THERMIQUE,False,101.0,,1.0,1,Asnières-sur-Seine,Paris,Asnières-sur-Seine,1,799,False,False,,11520,955,23
20260801T150607,A2,v3.3-search-gps,2026-08-02T09:00,2026-08-02T20:00,1769921,https://fr.getaround.com/location-voiture/paris/peugeot-3008-1769921,Peugeot 3008 (2025),2025,Sur rendez-vous,SUV_FAMILIAL,SEGMENT_RULES,THERMIQUE,False,132.0,,4.0,5,Asnières-sur-Seine,Paris,Asnières-sur-Seine,1,803,False,False,,9590,955,23
20260801T150607,A2,v3.3-search-gps,2026-08-02T09:00,2026-08-02T20:00,1527434,https://fr.getaround.com/location-voiture/saint-denis/nissan-note-1527434,Nissan Note (2015),2015,Sur rendez-vous,COMPACTE,SEGMENT_RULES,THERMIQUE,False,94.0,,,,Asnières-sur-Seine,Saint Denis,Asnières-sur-Seine,1,804,False,False,,6000,955,23
20260801T150607,A2,v3.3-search-gps,2026-08-02T09:00,2026-08-02T20:00,1421489,https://fr.getaround.com/location-voiture/deuil-la-barre/seat-leon-1421489,Seat Leon (2017),2017,Sur rendez-vous,COMPACTE,SEGMENT_RULES,THERMIQUE,False,100.0,,,,Asnières-sur-Seine,Deuil La Barre,Asnières-sur-Seine,1,805,False,False,,7500,955,23
20260801T150607,A2,v3.3-search-gps,2026-08-02T09:00,2026-08-02T20:00,1885241,https://fr.getaround.com/location-voiture/saint-denis/citroen-c1-1885241,Citroen C1 (2018),2018,Sur rendez-vous,MICRO_CITADINE,SEGMENT_RULES,THERMIQUE,False,80.0,,4.0,1,Asnières-sur-Seine,Saint Denis,Asnières-sur-Seine,1,806,False,False,,7700,955,23
20260801T150607,A2,v3.3-search-gps,2026-08-02T09:00,2026-08-02T20:00,1646040,https://fr.getaround.com/location-voiture/ermont/tesla-model-3-1646040,Tesla Model 3 (2021),2021,Sur rendez-vous,BERLINE,SEGMENT_RULES,ELECTRIQUE,False,163.0,,,,Asnières-sur-Seine,Ermont,Asnières-sur-Seine,1,808,False,False,,7080,955,23
20260801T150607,A2,v3.3-search-gps,2026-08-02T09:00,2026-08-02T20:00,1487305,https://fr.getaround.com/location-voiture/garges-les-gonesse/renault-megane-1487305,Renault Mégane (2024),2024,Sur rendez-vous,COMPACTE,SEGMENT_RULES,THERMIQUE,False,88.0,,,,Asnières-sur-Seine,Garges Les Gonesse,Asnières-sur-Seine,1,810,False,False,,9340,955,23
20260801T150607,A2,v3.3-search-gps,2026-08-02T09:00,2026-08-02T20:00,1618629,https://fr.getaround.com/location-voiture/arnouville/toyota-corolla-1618629,Toyota Corolla (2024),2024,Sur rendez-vous,COMPACTE,SEGMENT_RULES,THERMIQUE,False,115.0,,,,Asnières-sur-Seine,Arnouville,Asnières-sur-Seine,1,811,False,False,,12770,955,23
20260801T150607,A2,v3.3-search-gps,2026-08-02T09:00,2026-08-02T20:00,1564844,https://fr.getaround.com/location-voiture/paris/opel-astra-1564844,Opel Astra (2016),2016,Sur rendez-vous,COMPACTE,SEGMENT_RULES,THERMIQUE,False,96.0,,5.0,1,Asnières-sur-Seine,Paris,Asnières-sur-Seine,1,813,False,False,,12200,955,23
20260801T150607,A2,v3.3-search-gps,2026-08-02T09:00,2026-08-02T20:00,1760005,https://fr.getaround.com/location-voiture/paris/lexus-ct-200h-1760005,Lexus CT 200h (2018),2018,Sur rendez-vous,SUV_COMPACT,SEGMENT_RULES,THERMIQUE,False,150.0,,,,Asnières-sur-Seine,Paris,Asnières-sur-Seine,1,814,False,False,,9520,955,23
20260801T150607,A2,v3.3-search-gps,2026-08-02T09:00,2026-08-02T20:00,1600717,https://fr.getaround.com/location-voiture/paris/peugeot-2008-1600717,Peugeot 2008 (2022),2022,Getaround Connect,SUV_COMPACT,SEGMENT_RULES,THERMIQUE,False,101.0,,2.93,27,Asnières-sur-Seine,Paris,Asnières-sur-Seine,1,816,False,False,,8010,955,23
20260801T150607,A2,v3.3-search-gps,2026-08-02T09:00,2026-08-02T20:00,1789730,https://fr.getaround.com/location-voiture/franconville/ford-b-max-1789730,Ford B-Max (2013),2013,Sur rendez-vous,BREAK,SEGMENT_RULES,THERMIQUE,False,114.0,,,,Asnières-sur-Seine,Franconville,Asnières-sur-Seine,1,819,False,False,,9630,955,23
20260801T150607,A2,v3.3-search-gps,2026-08-02T09:00,2026-08-02T20:00,1513176,https://fr.getaround.com/location-voiture/saint-denis/bmw-serie-1-1513176,BMW Série 1 (2019),2019,Sur rendez-vous,COMPACTE,SEGMENT_RULES,THERMIQUE,False,131.0,,,,Asnières-sur-Seine,Saint Denis,Asnières-sur-Seine,1,820,False,False,,6020,955,23
20260801T150607,A2,v3.3-search-gps,2026-08-02T09:00,2026-08-02T20:00,1738235,https://fr.getaround.com/location-voiture/franconville/renault-symbol-1738235,Renault Symbol (2025),2025,Sur rendez-vous,NON_CLASSE,SEGMENT_RULES,THERMIQUE,False,94.0,,,,Asnières-sur-Seine,Franconville,Asnières-sur-Seine,1,821,False,False,,10190,955,23
20260801T150607,A2,v3.3-search-gps,2026-08-02T09:00,2026-08-02T20:00,1678638,https://fr.getaround.com/location-voiture/sarcelles/nissan-qashqai-1678638,Nissan Qashqai (2025),2025,Sur rendez-vous,SUV_COMPACT,SEGMENT_RULES,THERMIQUE,False,129.0,,,,Asnières-sur-Seine,Sarcelles,Asnières-sur-Seine,1,824,False,False,,10610,955,23
20260801T150607,A2,v3.3-search-gps,2026-08-02T09:00,2026-08-02T20:00,1454924,https://fr.getaround.com/location-voiture/paris/peugeot-2008-1454924,Peugeot 2008 (2018),2018,Sur rendez-vous,SUV_COMPACT,SEGMENT_RULES,THERMIQUE,False,91.0,,,,Asnières-sur-Seine,Paris,Asnières-sur-Seine,1,825,False,False,,7050,955,23
20260801T150607,A2,v3.3-search-gps,2026-08-02T09:00,2026-08-02T20:00,1699336,https://fr.getaround.com/location-voiture/paris/opel-crossland-1699336,Opel Crossland (2023),2023,Getaround Connect,SUV_COMPACT,SEGMENT_RULES,THERMIQUE,False,88.0,,1.8,10,Asnières-sur-Seine,Paris,Asnières-sur-Seine,1,827,False,False,,5320,955,23
20260801T150607,A2,v3.3-search-gps,2026-08-02T09:00,2026-08-02T20:00,1766052,https://fr.getaround.com/location-voiture/paris/opel-crossland-1766052,Opel Crossland (2019),2019,Sur rendez-vous,SUV_COMPACT,SEGMENT_RULES,THERMIQUE,False,88.0,,,,Asnières-sur-Seine,Paris,Asnières-sur-Seine,1,828,False,False,,7130,955,23
20260801T150607,A2,v3.3-search-gps,2026-08-02T09:00,2026-08-02T20:00,1309330,https://fr.getaround.com/location-voiture/saint-denis/smart-fortwo-coupe-1309330,Smart Fortwo Coupé (2015),2015,Sur rendez-vous,MICRO_CITADINE,SEGMENT_RULES,THERMIQUE,False,62.0,,,,Asnières-sur-Seine,Saint Denis,Asnières-sur-Seine,1,829,False,False,,6560,955,23
20260801T150607,A2,v3.3-search-gps,2026-08-02T09:00,2026-08-02T20:00,1657939,https://fr.getaround.com/location-voiture/ermont/toyota-yaris-1657939,Toyota Yaris (2015),2015,Sur rendez-vous,CITADINE,SEGMENT_RULES,THERMIQUE,False,94.0,,,,Asnières-sur-Seine,Ermont,Asnières-sur-Seine,1,830,False,False,,7440,955,23
20260801T150607,A2,v3.3-search-gps,2026-08-02T09:00,2026-08-02T20:00,1916925,https://fr.getaround.com/location-voiture/paris/smart-fortwo-cabriolet-1916925,Smart Fortwo Cabriolet (2016),2016,Sur rendez-vous,CABRIOLET,SEGMENT_RULES,THERMIQUE,False,78.0,,,,Asnières-sur-Seine,Paris,Asnières-sur-Seine,1,831,False,False,,9820,955,23
20260801T150607,A2,v3.3-search-gps,2026-08-02T09:00,2026-08-02T20:00,1587533,https://fr.getaround.com/location-voiture/cormeilles-en-parisis/toyota-c-hr-1587533,Toyota C-HR (2018),2018,Sur rendez-vous,SUV_COMPACT,SEGMENT_RULES,THERMIQUE,False,115.0,,,,Asnières-sur-Seine,Cormeilles En Parisis,Asnières-sur-Seine,1,832,False,False,,7340,955,23
20260801T150607,A2,v3.3-search-gps,2026-08-02T09:00,2026-08-02T20:00,1833786,https://fr.getaround.com/location-voiture/paris/mercedes-benz-cla-200-1833786,Mercedes-Benz CLA 200 (2021),2021,Sur rendez-vous,BERLINE,SEGMENT_RULES,THERMIQUE,False,175.0,,,,Asnières-sur-Seine,Paris,Asnières-sur-Seine,1,834,False,False,,7480,955,23
20260801T150607,A2,v3.3-search-gps,2026-08-02T09:00,2026-08-02T20:00,1804861,https://fr.getaround.com/location-voiture/villetaneuse/mercedes-benz-gla-200-1804861,Mercedes-Benz GLA 200 (2016),2016,Sur rendez-vous,SUV_COMPACT,SEGMENT_RULES,THERMIQUE,False,184.0,,,,Asnières-sur-Seine,Villetaneuse,Asnières-sur-Seine,1,835,False,False,,5720,955,23
20260801T150607,A2,v3.3-search-gps,2026-08-02T09:00,2026-08-02T20:00,1660695,https://fr.getaround.com/location-voiture/paris/opel-corsa-1660695,Opel Corsa (2020),2020,Sur rendez-vous,CITADINE,SEGMENT_RULES,THERMIQUE,False,94.0,,,,Asnières-sur-Seine,Paris,Asnières-sur-Seine,1,836,False,False,,9300,955,23
20260801T150607,A2,v3.3-search-gps,2026-08-02T09:00,2026-08-02T20:00,1619156,https://fr.getaround.com/location-voiture/paris/triumph-spitfire-1619156,Triumph Spitfire (1972),1972,Sur rendez-vous,COLLECTION,SEGMENT_RULES,THERMIQUE,False,348.0,,,,Asnières-sur-Seine,Paris,Asnières-sur-Seine,1,838,False,False,,4950,955,23
20260801T150607,A2,v3.3-search-gps,2026-08-02T09:00,2026-08-02T20:00,1785203,https://fr.getaround.com/location-voiture/bagnolet/toyota-c-hr-hybrid-1785203,Toyota C-HR Hybrid (2019),2019,Sur rendez-vous,SUV_COMPACT,SEGMENT_RULES,HYBRIDE,False,117.0,,,,Asnières-sur-Seine,Bagnolet,Asnières-sur-Seine,1,840,False,False,,11070,955,23
20260801T150607,A2,v3.3-search-gps,2026-08-02T09:00,2026-08-02T20:00,1765683,https://fr.getaround.com/location-voiture/stains/peugeot-308-cc-1765683,Peugeot 308 CC (2012),2012,Sur rendez-vous,COMPACTE,SEGMENT_RULES,THERMIQUE,False,120.0,,,,Asnières-sur-Seine,Stains,Asnières-sur-Seine,1,841,False,False,,8830,955,23
20260801T150607,A2,v3.3-search-gps,2026-08-02T09:00,2026-08-02T20:00,1541625,https://fr.getaround.com/location-voiture/paris/ford-fiesta-1541625,Ford Fiesta (2012),2012,Sur rendez-vous,CITADINE,SEGMENT_RULES,THERMIQUE,False,95.0,,5.0,3,Asnières-sur-Seine,Paris,Asnières-sur-Seine,1,842,False,False,,10520,955,23
20260801T150607,A2,v3.3-search-gps,2026-08-02T09:00,2026-08-02T20:00,1781009,https://fr.getaround.com/location-voiture/arnouville/mitsubishi-outlander-1781009,Mitsubishi Outlander (2016),2016,Sur rendez-vous,SUV_FAMILIAL,SEGMENT_RULES,THERMIQUE,False,109.0,,5.0,2,Asnières-sur-Seine,Arnouville,Asnières-sur-Seine,1,844,False,False,,12550,955,23
20260801T150607,A2,v3.3-search-gps,2026-08-02T09:00,2026-08-02T20:00,1138616,https://fr.getaround.com/location-voiture/aubervilliers/citroen-c1-1138616,Citroen C1 (2011),2011,Sur rendez-vous,MICRO_CITADINE,SEGMENT_RULES,THERMIQUE,False,69.0,,,,Asnières-sur-Seine,Aubervilliers,Asnières-sur-Seine,1,845,False,False,,8870,955,23
20260801T150607,A2,v3.3-search-gps,2026-08-02T09:00,2026-08-02T20:00,1882472,https://fr.getaround.com/location-voiture/paris/audi-a3-sportback-tfsi-e-1882472,Audi A3 Sportback TFSI e (2026),2026,Sur rendez-vous,COMPACTE,SEGMENT_RULES,THERMIQUE,False,211.0,,,,Asnières-sur-Seine,Paris,Asnières-sur-Seine,1,847,False,False,,7980,955,23
20260801T150607,A2,v3.3-search-gps,2026-08-02T09:00,2026-08-02T20:00,1260366,https://fr.getaround.com/location-voiture/sannois/opel-mokka-1260366,Opel Mokka (2023),2023,Sur rendez-vous,SUV_COMPACT,SEGMENT_RULES,THERMIQUE,False,119.0,,,,Asnières-sur-Seine,Sannois,Asnières-sur-Seine,1,848,False,False,,5680,955,23
20260801T150607,A2,v3.3-search-gps,2026-08-02T09:00,2026-08-02T20:00,1719779,https://fr.getaround.com/location-voiture/pantin/tesla-model-3-1719779,Tesla Model 3 (2022),2022,Sur rendez-vous,BERLINE,SEGMENT_RULES,ELECTRIQUE,False,177.0,,,,Asnières-sur-Seine,Pantin,Asnières-sur-Seine,1,849,False,False,,9040,955,23
20260801T150607,A2,v3.3-search-gps,2026-08-02T09:00,2026-08-02T20:00,1360997,https://fr.getaround.com/location-voiture/paris/tesla-model-3-1360997,Tesla Model 3 (2023),2023,Sur rendez-vous,BERLINE,SEGMENT_RULES,ELECTRIQUE,False,177.0,,,,Asnières-sur-Seine,Paris,Asnières-sur-Seine,1,850,False,False,,10390,955,23
20260801T150607,A2,v3.3-search-gps,2026-08-02T09:00,2026-08-02T20:00,1529101,https://fr.getaround.com/location-voiture/deuil-la-barre/peugeot-308-1529101,Peugeot 308 (2017),2017,Sur rendez-vous,COMPACTE,SEGMENT_RULES,THERMIQUE,False,98.0,,,,Asnières-sur-Seine,Deuil La Barre,Asnières-sur-Seine,1,851,False,False,,7460,955,23
20260801T150607,A2,v3.3-search-gps,2026-08-02T09:00,2026-08-02T20:00,1432441,https://fr.getaround.com/location-voiture/aubervilliers/peugeot-208-1432441,Peugeot 208 (2022),2022,Sur rendez-vous,CITADINE,SEGMENT_RULES,THERMIQUE,False,111.0,,,,Asnières-sur-Seine,Aubervilliers,Asnières-sur-Seine,1,852,False,False,,7140,955,23
20260801T150607,A2,v3.3-search-gps,2026-08-02T09:00,2026-08-02T20:00,940731,https://fr.getaround.com/location-voiture/paris/dacia-spring-940731,Dacia Spring (2020),2020,Getaround Connect,COMPACTE,SEGMENT_RULES,THERMIQUE,False,70.0,,3.33,100,Asnières-sur-Seine,Paris,Asnières-sur-Seine,1,853,False,False,,10180,955,23
20260801T150607,A2,v3.3-search-gps,2026-08-02T09:00,2026-08-02T20:00,1662161,https://fr.getaround.com/location-voiture/paris/volkswagen-polo-r-line-1662161,Volkswagen Polo R-Line (2021),2021,Sur rendez-vous,CITADINE,SEGMENT_RULES,THERMIQUE,False,105.0,,,,Asnières-sur-Seine,Paris,Asnières-sur-Seine,1,854,False,False,,10700,955,23
20260801T150607,A2,v3.3-search-gps,2026-08-02T09:00,2026-08-02T20:00,1755244,https://fr.getaround.com/location-voiture/cormeilles-en-parisis/mercedes-benz-classe-a-180-1755244,Mercedes-Benz Classe A 180 (2025),2025,Sur rendez-vous,COMPACTE,SEGMENT_RULES,THERMIQUE,False,171.0,,,,Asnières-sur-Seine,Cormeilles En Parisis,Asnières-sur-Seine,1,855,False,False,,9590,955,23
20260801T150607,A2,v3.3-search-gps,2026-08-02T09:00,2026-08-02T20:00,1418711,https://fr.getaround.com/location-voiture/paris/ds-3-e-tense-1418711,DS 3 E-TENSE (2020),2020,Sur rendez-vous,CITADINE,SEGMENT_RULES,THERMIQUE,False,133.0,,,,Asnières-sur-Seine,Paris,Asnières-sur-Seine,1,857,False,False,,11940,955,23
20260801T150607,A2,v3.3-search-gps,2026-08-02T09:00,2026-08-02T20:00,1746410,https://fr.getaround.com/location-voiture/herblay-sur-seine/renault-clio-1746410,Renault Clio (2012),2012,Sur rendez-vous,CITADINE,SEGMENT_RULES,THERMIQUE,False,87.0,,,,Asnières-sur-Seine,Herblay Sur Seine,Asnières-sur-Seine,1,858,False,False,,11320,955,23
20260801T150607,A2,v3.3-search-gps,2026-08-02T09:00,2026-08-02T20:00,934124,https://fr.getaround.com/location-voiture/paris/renault-talisman-934124,Renault Talisman (2018),2018,Sur rendez-vous,BERLINE,SEGMENT_RULES,THERMIQUE,False,137.0,,,,Asnières-sur-Seine,Paris,Asnières-sur-Seine,1,859,False,False,,12450,955,23
20260801T150607,A2,v3.3-search-gps,2026-08-02T09:00,2026-08-02T20:00,1714311,https://fr.getaround.com/location-voiture/paris/opel-crossland-1714311,Opel Crossland (2020),2020,Sur rendez-vous,SUV_COMPACT,SEGMENT_RULES,THERMIQUE,False,69.0,,5.0,5,Asnières-sur-Seine,Paris,Asnières-sur-Seine,1,861,False,False,,11050,955,23
20260801T150607,A2,v3.3-search-gps,2026-08-02T09:00,2026-08-02T20:00,1760046,https://fr.getaround.com/location-voiture/sarcelles/mini-cooper-3-portes-1760046,Mini Cooper 3 portes (2015),2015,Sur rendez-vous,CITADINE,SEGMENT_RULES,THERMIQUE,False,120.0,,,,Asnières-sur-Seine,Sarcelles,Asnières-sur-Seine,1,863,False,False,,9170,955,23
20260801T150607,A2,v3.3-search-gps,2026-08-02T09:00,2026-08-02T20:00,740423,https://fr.getaround.com/location-voiture/paris/peugeot-308-740423,Peugeot 308 (2012),2012,Sur rendez-vous,COMPACTE,SEGMENT_RULES,THERMIQUE,False,96.0,,,,Asnières-sur-Seine,Paris,Asnières-sur-Seine,1,864,False,False,,10060,955,23
20260801T150607,A2,v3.3-search-gps,2026-08-02T09:00,2026-08-02T20:00,1627705,https://fr.getaround.com/location-voiture/montmorency/volkswagen-t-roc-1627705,Volkswagen T-Roc (2024),2024,Sur rendez-vous,SUV_COMPACT,SEGMENT_RULES,THERMIQUE,False,144.0,,,,Asnières-sur-Seine,Montmorency,Asnières-sur-Seine,1,867,False,False,,8260,955,23
20260801T150607,A2,v3.3-search-gps,2026-08-02T09:00,2026-08-02T20:00,1685415,https://fr.getaround.com/location-voiture/saint-mande/peugeot-208-1685415,Peugeot 208 (2018),2018,Sur rendez-vous,CITADINE,SEGMENT_RULES,THERMIQUE,False,85.0,,,,Asnières-sur-Seine,Saint Mande,Asnières-sur-Seine,1,869,False,False,,12910,955,23
20260801T150607,A2,v3.3-search-gps,2026-08-02T09:00,2026-08-02T20:00,1711550,https://fr.getaround.com/location-voiture/paris/peugeot-208-1711550,Peugeot 208 (2015),2015,Sur rendez-vous,CITADINE,SEGMENT_RULES,THERMIQUE,False,71.0,,,,Asnières-sur-Seine,Paris,Asnières-sur-Seine,1,871,False,False,,11290,955,23
20260801T150607,A2,v3.3-search-gps,2026-08-02T09:00,2026-08-02T20:00,1606684,https://fr.getaround.com/location-voiture/paris/toyota-corolla-break-hybride-1606684,Toyota Corolla Break Hybride (2022),2022,Sur rendez-vous,BREAK,SEGMENT_RULES,HYBRIDE,False,107.0,,,,Asnières-sur-Seine,Paris,Asnières-sur-Seine,1,872,False,False,,11090,955,23
20260801T150607,A2,v3.3-search-gps,2026-08-02T09:00,2026-08-02T20:00,1818600,https://fr.getaround.com/location-voiture/paris/tesla-model-3-1818600,Tesla Model 3 (2022),2022,Sur rendez-vous,BERLINE,SEGMENT_RULES,ELECTRIQUE,False,190.0,,,,Asnières-sur-Seine,Paris,Asnières-sur-Seine,1,874,False,False,,10720,955,23
20260801T150607,A2,v3.3-search-gps,2026-08-02T09:00,2026-08-02T20:00,1655484,https://fr.getaround.com/location-voiture/paris/hyundai-kona-1655484,Hyundai Kona (2023),2023,Sur rendez-vous,SUV_COMPACT,SEGMENT_RULES,THERMIQUE,False,171.0,,,,Asnières-sur-Seine,Paris,Asnières-sur-Seine,1,876,False,False,,6140,955,23
20260801T150607,A2,v3.3-search-gps,2026-08-02T09:00,2026-08-02T20:00,1673942,https://fr.getaround.com/location-voiture/paris/renault-twingo-iii-1673942,Renault Twingo III (2020),2020,Sur rendez-vous,CITADINE,SEGMENT_RULES,THERMIQUE,False,86.0,,4.2,5,Asnières-sur-Seine,Paris,Asnières-sur-Seine,1,877,False,False,,8990,955,23
20260801T150607,A2,v3.3-search-gps,2026-08-02T09:00,2026-08-02T20:00,895503,https://fr.getaround.com/location-voiture/paris/bmw-serie-2-cabriolet-895503,BMW Série 2 Cabriolet (2018),2018,Sur rendez-vous,CABRIOLET,SEGMENT_RULES,THERMIQUE,False,323.0,,5.0,10,Asnières-sur-Seine,Paris,Asnières-sur-Seine,1,878,False,False,,7730,955,23
20260801T150607,A2,v3.3-search-gps,2026-08-02T09:00,2026-08-02T20:00,1786642,https://fr.getaround.com/location-voiture/paris/ford-kuga-1786642,Ford Kuga (2022),2022,Sur rendez-vous,SUV_FAMILIAL,SEGMENT_RULES,THERMIQUE,False,128.0,,,,Asnières-sur-Seine,Paris,Asnières-sur-Seine,1,881,False,False,,10760,955,23
20260801T150607,A2,v3.3-search-gps,2026-08-02T09:00,2026-08-02T20:00,1281552,https://fr.getaround.com/location-voiture/paris/smart-fortwo-electric-drive-1281552,Smart Fortwo Electric Drive (2012),2012,Sur rendez-vous,MICRO_CITADINE,SEGMENT_RULES,ELECTRIQUE,False,84.0,,4.8,5,Asnières-sur-Seine,Paris,Asnières-sur-Seine,1,882,False,False,,9010,955,23
20260801T150607,A2,v3.3-search-gps,2026-08-02T09:00,2026-08-02T20:00,1784635,https://fr.getaround.com/location-voiture/sarcelles/citroen-ds5-1784635,Citroen DS5 (2014),2014,Sur rendez-vous,BERLINE,SEGMENT_RULES,THERMIQUE,False,158.0,,,,Asnières-sur-Seine,Sarcelles,Asnières-sur-Seine,1,884,False,False,,11430,955,23
20260801T150607,A2,v3.3-search-gps,2026-08-02T09:00,2026-08-02T20:00,1551870,https://fr.getaround.com/location-voiture/paris/peugeot-206-1551870,Peugeot 206+ (2011),2011,Sur rendez-vous,COMPACTE,SEGMENT_RULES,THERMIQUE,False,69.0,,,,Asnières-sur-Seine,Paris,Asnières-sur-Seine,1,885,False,False,,10610,955,23
20260801T150607,A2,v3.3-search-gps,2026-08-02T09:00,2026-08-02T20:00,1758319,https://fr.getaround.com/location-voiture/bagnolet/tesla-model-y-1758319,Tesla Model Y (2024),2024,Sur rendez-vous,SUV_FAMILIAL,SEGMENT_RULES,ELECTRIQUE,False,205.0,,,,Asnières-sur-Seine,Bagnolet,Asnières-sur-Seine,1,888,False,False,,11870,955,23
20260801T150607,A2,v3.3-search-gps,2026-08-02T09:00,2026-08-02T20:00,1479890,https://fr.getaround.com/location-voiture/paris/mercedes-benz-classe-a-1479890,Mercedes-Benz Classe A (2013),2013,Sur rendez-vous,COMPACTE,SEGMENT_RULES,THERMIQUE,False,182.0,,,,Asnières-sur-Seine,Paris,Asnières-sur-Seine,1,890,False,False,,8260,955,23
20260801T150607,A2,v3.3-search-gps,2026-08-02T09:00,2026-08-02T20:00,1872661,https://fr.getaround.com/location-voiture/le-plessis-bouchard/bmw-x1-1872661,BMW X1 (2017),2017,Sur rendez-vous,SUV_FAMILIAL,SEGMENT_RULES,THERMIQUE,False,176.0,,,,Asnières-sur-Seine,Le Plessis Bouchard,Asnières-sur-Seine,1,893,False,False,,10470,955,23
20260801T150607,A2,v3.3-search-gps,2026-08-02T09:00,2026-08-02T20:00,1745243,https://fr.getaround.com/location-voiture/montmorency/volkswagen-golf-1745243,Volkswagen Golf (2024),2024,Sur rendez-vous,COMPACTE,SEGMENT_RULES,THERMIQUE,False,152.0,,,,Asnières-sur-Seine,Montmorency,Asnières-sur-Seine,1,894,False,False,,9140,955,23
20260801T150607,A2,v3.3-search-gps,2026-08-02T09:00,2026-08-02T20:00,863663,https://fr.getaround.com/location-voiture/aubervilliers/mitsubishi-space-star-863663,Mitsubishi Space Star (2021),2021,Sur rendez-vous,CITADINE,SEGMENT_RULES,THERMIQUE,False,138.0,,,,Asnières-sur-Seine,Aubervilliers,Asnières-sur-Seine,1,896,False,False,,7410,955,23
20260801T150607,A2,v3.3-search-gps,2026-08-02T09:00,2026-08-02T20:00,1495728,https://fr.getaround.com/location-voiture/pantin/renault-megane-e-tech-electrique-1495728,Renault Mégane E-tech Électrique (2024),2024,Sur rendez-vous,COMPACTE,SEGMENT_RULES,ELECTRIQUE,False,142.0,,,,Asnières-sur-Seine,Pantin,Asnières-sur-Seine,1,897,False,False,,8740,955,23
20260801T150607,A2,v3.3-search-gps,2026-08-02T09:00,2026-08-02T20:00,1477197,https://fr.getaround.com/location-voiture/villiers-le-bel/hyundai-ioniq-hybride-1477197,Hyundai Ioniq Hybride (2019),2019,Sur rendez-vous,COMPACTE,SEGMENT_RULES,ELECTRIQUE,False,104.0,,,,Asnières-sur-Seine,Villiers Le Bel,Asnières-sur-Seine,1,900,False,False,,13230,955,23
20260801T150607,A2,v3.3-search-gps,2026-08-02T09:00,2026-08-02T20:00,1812253,https://fr.getaround.com/location-voiture/paris/toyota-auris-1812253,Toyota Auris (2019),2019,Sur rendez-vous,COMPACTE,SEGMENT_RULES,THERMIQUE,False,98.0,,,,Asnières-sur-Seine,Paris,Asnières-sur-Seine,1,902,False,False,,9190,955,23
20260801T150607,A2,v3.3-search-gps,2026-08-02T09:00,2026-08-02T20:00,1476521,https://fr.getaround.com/location-voiture/paris/toyota-c-hr-1476521,Toyota C-HR (2017),2017,Sur rendez-vous,SUV_COMPACT,SEGMENT_RULES,THERMIQUE,False,148.0,,,,Asnières-sur-Seine,Paris,Asnières-sur-Seine,1,903,False,False,,10360,955,23
20260801T150607,A2,v3.3-search-gps,2026-08-02T09:00,2026-08-02T20:00,1802379,https://fr.getaround.com/location-voiture/paris/audi-a1-1802379,Audi A1 (2012),2012,Sur rendez-vous,CITADINE,SEGMENT_RULES,THERMIQUE,False,171.0,,,,Asnières-sur-Seine,Paris,Asnières-sur-Seine,1,906,False,False,,9720,955,23
20260801T150607,A2,v3.3-search-gps,2026-08-02T09:00,2026-08-02T20:00,1786471,https://fr.getaround.com/location-voiture/garges-les-gonesse/renault-captur-1786471,Renault Captur (2022),2022,Sur rendez-vous,SUV_COMPACT,SEGMENT_RULES,THERMIQUE,False,136.0,,,,Asnières-sur-Seine,Garges Les Gonesse,Asnières-sur-Seine,1,908,False,False,,10440,955,23
20260801T150607,A2,v3.3-search-gps,2026-08-02T09:00,2026-08-02T20:00,1607242,https://fr.getaround.com/location-voiture/paris/fiat-500-x-1607242,Fiat 500 X (2020),2020,Sur rendez-vous,CITADINE,SEGMENT_RULES,THERMIQUE,False,125.0,,,,Asnières-sur-Seine,Paris,Asnières-sur-Seine,1,909,False,False,,7270,955,23
20260801T150607,A2,v3.3-search-gps,2026-08-02T09:00,2026-08-02T20:00,1945688,https://fr.getaround.com/location-voiture/paris/renault-clio-1945688,Renault Clio (2014),2014,Sur rendez-vous,CITADINE,SEGMENT_RULES,THERMIQUE,False,81.0,,,,Asnières-sur-Seine,Paris,Asnières-sur-Seine,1,910,False,False,,11380,955,23
20260801T150607,A2,v3.3-search-gps,2026-08-02T09:00,2026-08-02T20:00,1201677,https://fr.getaround.com/location-voiture/la-frette-sur-seine/citroen-c3-1201677,Citroen C3 (2021),2021,Sur rendez-vous,CITADINE,SEGMENT_RULES,THERMIQUE,False,97.0,,,,Asnières-sur-Seine,La Frette Sur Seine,Asnières-sur-Seine,1,911,False,False,,10420,955,23
20260801T150607,A2,v3.3-search-gps,2026-08-02T09:00,2026-08-02T20:00,1701306,https://fr.getaround.com/location-voiture/paris/audi-a3-sportback-1701306,Audi A3 Sportback (2025),2025,Sur rendez-vous,COMPACTE,SEGMENT_RULES,THERMIQUE,False,332.0,,,,Asnières-sur-Seine,Paris,Asnières-sur-Seine,1,912,False,False,,11790,955,23
20260801T150607,A2,v3.3-search-gps,2026-08-02T09:00,2026-08-02T20:00,1696678,https://fr.getaround.com/location-voiture/garges-les-gonesse/renault-megane-iv-1696678,Renault Mégane IV (2016),2016,Sur rendez-vous,COMPACTE,SEGMENT_RULES,THERMIQUE,False,120.0,,,,Asnières-sur-Seine,Garges Les Gonesse,Asnières-sur-Seine,1,915,False,False,,10440,955,23
20260801T150607,A2,v3.3-search-gps,2026-08-02T09:00,2026-08-02T20:00,1616680,https://fr.getaround.com/location-voiture/garges-les-gonesse/volkswagen-passat-sw-1616680,Volkswagen Passat SW (2013),2013,Sur rendez-vous,BREAK,SEGMENT_RULES,THERMIQUE,False,109.0,,,,Asnières-sur-Seine,Garges Les Gonesse,Asnières-sur-Seine,1,916,False,False,,10310,955,23
20260801T150607,A2,v3.3-search-gps,2026-08-02T09:00,2026-08-02T20:00,1794421,https://fr.getaround.com/location-voiture/paris/volkswagen-golf-1794421,Volkswagen Golf (2025),2025,Sur rendez-vous,COMPACTE,SEGMENT_RULES,THERMIQUE,False,260.0,,,,Asnières-sur-Seine,Paris,Asnières-sur-Seine,1,917,False,False,,8420,955,23
20260801T150607,A2,v3.3-search-gps,2026-08-02T09:00,2026-08-02T20:00,1844740,https://fr.getaround.com/location-voiture/paris/volkswagen-polo-1844740,Volkswagen Polo (2026),2026,Sur rendez-vous,CITADINE,SEGMENT_RULES,THERMIQUE,False,129.0,,,,Asnières-sur-Seine,Paris,Asnières-sur-Seine,1,918,False,False,,9320,955,23
20260801T150607,A2,v3.3-search-gps,2026-08-02T09:00,2026-08-02T20:00,1416857,https://fr.getaround.com/location-voiture/paris/renault-captur-1416857,Renault Captur (2023),2023,Sur rendez-vous,SUV_COMPACT,SEGMENT_RULES,THERMIQUE,False,92.0,,,,Asnières-sur-Seine,Paris,Asnières-sur-Seine,1,920,False,False,,11120,955,23
20260801T150607,A2,v3.3-search-gps,2026-08-02T09:00,2026-08-02T20:00,1236368,https://fr.getaround.com/location-voiture/paris/peugeot-208-1236368,Peugeot 208 (2016),2016,Sur rendez-vous,CITADINE,SEGMENT_RULES,THERMIQUE,False,96.0,,4.42,19,Asnières-sur-Seine,Paris,Asnières-sur-Seine,1,921,False,False,,10390,955,23
20260801T150607,A2,v3.3-search-gps,2026-08-02T09:00,2026-08-02T20:00,1845036,https://fr.getaround.com/location-voiture/garges-les-gonesse/peugeot-308-1845036,Peugeot 308 (2022),2022,Sur rendez-vous,COMPACTE,SEGMENT_RULES,THERMIQUE,False,128.0,,,,Asnières-sur-Seine,Garges Les Gonesse,Asnières-sur-Seine,1,922,False,False,,9420,955,23
20260801T150607,A2,v3.3-search-gps,2026-08-02T09:00,2026-08-02T20:00,1367171,https://fr.getaround.com/location-voiture/paris/hyundai-ix20-1367171,Hyundai iX20 (2011),2011,Sur rendez-vous,MONOSPACE,SEGMENT_RULES,THERMIQUE,False,119.0,,,,Asnières-sur-Seine,Paris,Asnières-sur-Seine,1,923,False,False,,9190,955,23
20260801T150607,A2,v3.3-search-gps,2026-08-02T09:00,2026-08-02T20:00,1635243,https://fr.getaround.com/location-voiture/bagnolet/volkswagen-t-roc-1635243,Volkswagen T-Roc (2025),2025,Sur rendez-vous,SUV_COMPACT,SEGMENT_RULES,THERMIQUE,False,196.0,,,,Asnières-sur-Seine,Bagnolet,Asnières-sur-Seine,1,926,False,False,,11320,955,23
20260801T150607,A2,v3.3-search-gps,2026-08-02T09:00,2026-08-02T20:00,1468512,https://fr.getaround.com/location-voiture/paris/peugeot-108-1468512,Peugeot 108 (2017),2017,Sur rendez-vous,MICRO_CITADINE,SEGMENT_RULES,THERMIQUE,False,80.0,,,,Asnières-sur-Seine,Paris,Asnières-sur-Seine,1,927,False,False,,10340,955,23
20260801T150607,A2,v3.3-search-gps,2026-08-02T09:00,2026-08-02T20:00,1249070,https://fr.getaround.com/location-voiture/franconville/ford-tourneo-connect-1249070,Ford Tourneo Connect (2016),2016,Sur rendez-vous,NON_CLASSE,SEGMENT_RULES,THERMIQUE,False,170.0,,,,Asnières-sur-Seine,Franconville,Asnières-sur-Seine,1,929,False,False,,9330,955,23
20260801T150607,A2,v3.3-search-gps,2026-08-02T09:00,2026-08-02T20:00,1328441,https://fr.getaround.com/location-voiture/paris/toyota-auris-1328441,Toyota Auris (2019),2019,Sur rendez-vous,COMPACTE,SEGMENT_RULES,THERMIQUE,False,321.0,,,,Asnières-sur-Seine,Paris,Asnières-sur-Seine,1,930,False,False,,4970,955,23
20260801T150607,A2,v3.3-search-gps,2026-08-02T09:00,2026-08-02T20:00,1770100,https://fr.getaround.com/location-voiture/paris/smart-fortwo-passion-1770100,Smart Fortwo Passion (2015),2015,Sur rendez-vous,MICRO_CITADINE,SEGMENT_RULES,THERMIQUE,False,121.0,,,,Asnières-sur-Seine,Paris,Asnières-sur-Seine,1,931,False,False,,10470,955,23
20260801T150607,A2,v3.3-search-gps,2026-08-02T09:00,2026-08-02T20:00,1401285,https://fr.getaround.com/location-voiture/paris/renault-scenic-1401285,Renault Scenic (2013),2013,Sur rendez-vous,MONOSPACE,SEGMENT_RULES,THERMIQUE,False,158.0,,5.0,1,Asnières-sur-Seine,Paris,Asnières-sur-Seine,1,933,False,False,,10730,955,23
20260801T150607,A2,v3.3-search-gps,2026-08-02T09:00,2026-08-02T20:00,1008581,https://fr.getaround.com/location-voiture/paris/audi-a3-1008581,Audi A3 (2021),2021,Sur rendez-vous,COMPACTE,SEGMENT_RULES,THERMIQUE,False,233.0,,,,Asnières-sur-Seine,Paris,Asnières-sur-Seine,1,935,False,False,,11140,955,23
20260801T150607,A2,v3.3-search-gps,2026-08-02T09:00,2026-08-02T20:00,1747915,https://fr.getaround.com/location-voiture/paris/dacia-jogger-1747915,Dacia Jogger (2025),2025,Sur rendez-vous,MONOSPACE,SEGMENT_RULES,THERMIQUE,False,126.0,,1.0,1,Asnières-sur-Seine,Paris,Asnières-sur-Seine,1,936,False,False,,7190,955,23
20260801T150607,A2,v3.3-search-gps,2026-08-02T09:00,2026-08-02T20:00,1760189,https://fr.getaround.com/location-voiture/enghien-les-bains/citroen-c4-grand-picasso-1760189,Citroen C4 Grand Picasso (2011),2011,Sur rendez-vous,COMPACTE,SEGMENT_RULES,THERMIQUE,False,133.0,,1.0,1,Asnières-sur-Seine,Enghien Les Bains,Asnières-sur-Seine,1,937,False,False,,5340,955,23
20260801T150607,A2,v3.3-search-gps,2026-08-02T09:00,2026-08-02T20:00,1457467,https://fr.getaround.com/location-voiture/drancy/renault-megane-1457467,Renault Mégane (2019),2019,Sur rendez-vous,COMPACTE,SEGMENT_RULES,THERMIQUE,False,134.0,,,,Asnières-sur-Seine,Drancy,Asnières-sur-Seine,1,939,False,False,,9880,955,23
20260801T150607,A2,v3.3-search-gps,2026-08-02T09:00,2026-08-02T20:00,1308266,https://fr.getaround.com/location-voiture/pierrefitte-sur-seine/audi-a1-1308266,Audi A1 (2020),2020,Sur rendez-vous,CITADINE,SEGMENT_RULES,THERMIQUE,False,322.0,,,,Asnières-sur-Seine,Pierrefitte Sur Seine,Asnières-sur-Seine,1,941,False,False,,8510,955,23
20260801T150607,A2,v3.3-search-gps,2026-08-02T09:00,2026-08-02T20:00,1936273,https://fr.getaround.com/location-voiture/paris/toyota-aygo-1936273,Toyota Aygo (2018),2018,Sur rendez-vous,MICRO_CITADINE,SEGMENT_RULES,THERMIQUE,False,67.0,,,,Asnières-sur-Seine,Paris,Asnières-sur-Seine,1,943,False,False,,8390,955,23
20260801T150607,A2,v3.3-search-gps,2026-08-02T09:00,2026-08-02T20:00,1656776,https://fr.getaround.com/location-voiture/aubervilliers/dacia-dokker-van-1656776,Dacia Dokker Van (2019),2019,Sur rendez-vous,UTILITAIRE,SEGMENT_RULES,THERMIQUE,False,89.0,,1.0,1,Asnières-sur-Seine,Aubervilliers,Asnières-sur-Seine,1,945,False,False,,7490,955,23
20260801T150607,A2,v3.3-search-gps,2026-08-02T09:00,2026-08-02T20:00,1439791,https://fr.getaround.com/location-voiture/villiers-le-bel/volkswagen-polo-1439791,Volkswagen Polo (2022),2022,Sur rendez-vous,CITADINE,SEGMENT_RULES,THERMIQUE,False,212.0,,,,Asnières-sur-Seine,Villiers Le Bel,Asnières-sur-Seine,1,946,False,False,,12310,955,23
20260801T150607,A2,v3.3-search-gps,2026-08-02T09:00,2026-08-02T20:00,1223554,https://fr.getaround.com/location-voiture/stains/peugeot-5008-1223554,Peugeot 5008 (2018),2018,Sur rendez-vous,MONOSPACE,SEGMENT_RULES,THERMIQUE,False,117.0,,1.0,2,Asnières-sur-Seine,Stains,Asnières-sur-Seine,1,949,False,False,,7640,955,23
20260801T150607,A2,v3.3-search-gps,2026-08-02T09:00,2026-08-02T20:00,1572881,https://fr.getaround.com/location-voiture/le-plessis-bouchard/peugeot-308-1572881,Peugeot 308 (2016),2016,Sur rendez-vous,COMPACTE,SEGMENT_RULES,THERMIQUE,False,75.0,,1.0,1,Asnières-sur-Seine,Le Plessis Bouchard,Asnières-sur-Seine,1,953,False,False,,10040,955,23
20260801T150607,A2,v3.3-search-gps,2026-08-02T09:00,2026-08-02T20:00,1805648,https://fr.getaround.com/location-voiture/paris/peugeot-208-1805648,Peugeot 208 (2024),2024,Sur rendez-vous,CITADINE,SEGMENT_RULES,THERMIQUE,False,98.0,,1.0,2,Asnières-sur-Seine,Paris,Asnières-sur-Seine,1,955,False,False,,11170,955,23
